[0.244s] DEBUG:colcon:Command line arguments: ['/usr/bin/colcon', 'build']
[0.244s] DEBUG:colcon:Parsed command line arguments: Namespace(log_base=None, log_level=None, verb_name='build', build_base='build', install_base='install', merge_install=False, symlink_install=False, test_result_base=None, continue_on_error=False, executor='parallel', parallel_workers=8, event_handlers=None, ignore_user_meta=False, metas=['./colcon.meta'], base_paths=['.'], packages_ignore=None, packages_ignore_regex=None, paths=None, packages_up_to=None, packages_up_to_regex=None, packages_above=None, packages_above_and_dependencies=None, packages_above_depth=None, packages_select_by_dep=None, packages_skip_by_dep=None, packages_skip_up_to=None, packages_select_build_failed=False, packages_skip_build_finished=False, packages_select_test_failures=False, packages_skip_test_passed=False, packages_select=None, packages_skip=None, packages_select_regex=None, packages_skip_regex=None, packages_start=None, packages_end=None, cmake_args=None, cmake_target=None, cmake_target_skip_unavailable=False, cmake_clean_cache=False, cmake_clean_first=False, cmake_force_configure=False, ament_cmake_args=None, catkin_cmake_args=None, catkin_skip_building_tests=False, mixin_files=None, mixin=None, verb_parser=<colcon_mixin.mixin.mixin_argument.MixinArgumentDecorator object at 0x7df4c0732ef0>, verb_extension=<colcon_core.verb.build.BuildVerb object at 0x7df4c08644c0>, main=<bound method BuildVerb.main of <colcon_core.verb.build.BuildVerb object at 0x7df4c08644c0>>, mixin_verb=('build',))
[0.510s] Level 1:colcon.colcon_core.package_discovery:discover_packages(colcon_meta) check parameters
[0.510s] Level 1:colcon.colcon_core.package_discovery:discover_packages(recursive) check parameters
[0.510s] Level 1:colcon.colcon_core.package_discovery:discover_packages(ignore) check parameters
[0.510s] Level 1:colcon.colcon_core.package_discovery:discover_packages(path) check parameters
[0.510s] Level 1:colcon.colcon_core.package_discovery:discover_packages(colcon_meta) discover
[0.510s] Level 1:colcon.colcon_core.package_discovery:discover_packages(recursive) discover
[0.510s] INFO:colcon.colcon_core.package_discovery:Crawling recursively for packages in '/home/aimane/humble_ws/src/VNAV_23/vnav_ws'
[0.511s] Level 1:colcon.colcon_core.package_identification:_identify(.) by extensions ['ignore', 'ignore_ament_install']
[0.511s] Level 1:colcon.colcon_core.package_identification:_identify(.) by extension 'ignore'
[0.511s] Level 1:colcon.colcon_core.package_identification:_identify(.) by extension 'ignore_ament_install'
[0.511s] Level 1:colcon.colcon_core.package_identification:_identify(.) by extensions ['colcon_pkg']
[0.511s] Level 1:colcon.colcon_core.package_identification:_identify(.) by extension 'colcon_pkg'
[0.511s] Level 1:colcon.colcon_core.package_identification:_identify(.) by extensions ['colcon_meta']
[0.511s] Level 1:colcon.colcon_core.package_identification:_identify(.) by extension 'colcon_meta'
[0.511s] Level 1:colcon.colcon_core.package_identification:_identify(.) by extensions ['ros']
[0.511s] Level 1:colcon.colcon_core.package_identification:_identify(.) by extension 'ros'
[0.538s] Level 1:colcon.colcon_core.package_identification:_identify(.) by extensions ['cmake', 'python']
[0.538s] Level 1:colcon.colcon_core.package_identification:_identify(.) by extension 'cmake'
[0.538s] Level 1:colcon.colcon_core.package_identification:_identify(.) by extension 'python'
[0.538s] Level 1:colcon.colcon_core.package_identification:_identify(.) by extensions ['python_setup_py']
[0.539s] Level 1:colcon.colcon_core.package_identification:_identify(.) by extension 'python_setup_py'
[0.539s] Level 1:colcon.colcon_core.package_identification:_identify(build) by extensions ['ignore', 'ignore_ament_install']
[0.539s] Level 1:colcon.colcon_core.package_identification:_identify(build) by extension 'ignore'
[0.539s] Level 1:colcon.colcon_core.package_identification:_identify(build) ignored
[0.539s] Level 1:colcon.colcon_core.package_identification:_identify(install) by extensions ['ignore', 'ignore_ament_install']
[0.540s] Level 1:colcon.colcon_core.package_identification:_identify(install) by extension 'ignore'
[0.540s] Level 1:colcon.colcon_core.package_identification:_identify(install) ignored
[0.540s] Level 1:colcon.colcon_core.package_identification:_identify(log) by extensions ['ignore', 'ignore_ament_install']
[0.540s] Level 1:colcon.colcon_core.package_identification:_identify(log) by extension 'ignore'
[0.540s] Level 1:colcon.colcon_core.package_identification:_identify(log) ignored
[0.540s] Level 1:colcon.colcon_core.package_identification:_identify(src) by extensions ['ignore', 'ignore_ament_install']
[0.541s] Level 1:colcon.colcon_core.package_identification:_identify(src) by extension 'ignore'
[0.541s] Level 1:colcon.colcon_core.package_identification:_identify(src) by extension 'ignore_ament_install'
[0.541s] Level 1:colcon.colcon_core.package_identification:_identify(src) by extensions ['colcon_pkg']
[0.541s] Level 1:colcon.colcon_core.package_identification:_identify(src) by extension 'colcon_pkg'
[0.541s] Level 1:colcon.colcon_core.package_identification:_identify(src) by extensions ['colcon_meta']
[0.541s] Level 1:colcon.colcon_core.package_identification:_identify(src) by extension 'colcon_meta'
[0.541s] Level 1:colcon.colcon_core.package_identification:_identify(src) by extensions ['ros']
[0.541s] Level 1:colcon.colcon_core.package_identification:_identify(src) by extension 'ros'
[0.542s] Level 1:colcon.colcon_core.package_identification:_identify(src) by extensions ['cmake', 'python']
[0.542s] Level 1:colcon.colcon_core.package_identification:_identify(src) by extension 'cmake'
[0.542s] Level 1:colcon.colcon_core.package_identification:_identify(src) by extension 'python'
[0.542s] Level 1:colcon.colcon_core.package_identification:_identify(src) by extensions ['python_setup_py']
[0.542s] Level 1:colcon.colcon_core.package_identification:_identify(src) by extension 'python_setup_py'
[0.542s] Level 1:colcon.colcon_core.package_identification:_identify(src/Lab3) by extensions ['ignore', 'ignore_ament_install']
[0.542s] Level 1:colcon.colcon_core.package_identification:_identify(src/Lab3) by extension 'ignore'
[0.542s] Level 1:colcon.colcon_core.package_identification:_identify(src/Lab3) by extension 'ignore_ament_install'
[0.543s] Level 1:colcon.colcon_core.package_identification:_identify(src/Lab3) by extensions ['colcon_pkg']
[0.543s] Level 1:colcon.colcon_core.package_identification:_identify(src/Lab3) by extension 'colcon_pkg'
[0.543s] Level 1:colcon.colcon_core.package_identification:_identify(src/Lab3) by extensions ['colcon_meta']
[0.543s] Level 1:colcon.colcon_core.package_identification:_identify(src/Lab3) by extension 'colcon_meta'
[0.543s] Level 1:colcon.colcon_core.package_identification:_identify(src/Lab3) by extensions ['ros']
[0.543s] Level 1:colcon.colcon_core.package_identification:_identify(src/Lab3) by extension 'ros'
[0.543s] Level 1:colcon.colcon_core.package_identification:_identify(src/Lab3) by extensions ['cmake', 'python']
[0.543s] Level 1:colcon.colcon_core.package_identification:_identify(src/Lab3) by extension 'cmake'
[0.543s] Level 1:colcon.colcon_core.package_identification:_identify(src/Lab3) by extension 'python'
[0.543s] Level 1:colcon.colcon_core.package_identification:_identify(src/Lab3) by extensions ['python_setup_py']
[0.543s] Level 1:colcon.colcon_core.package_identification:_identify(src/Lab3) by extension 'python_setup_py'
[0.544s] Level 1:colcon.colcon_core.package_identification:_identify(src/Lab3/build) by extensions ['ignore', 'ignore_ament_install']
[0.544s] Level 1:colcon.colcon_core.package_identification:_identify(src/Lab3/build) by extension 'ignore'
[0.544s] Level 1:colcon.colcon_core.package_identification:_identify(src/Lab3/build) ignored
[0.544s] Level 1:colcon.colcon_core.package_identification:_identify(src/Lab3/controller_pkg) by extensions ['ignore', 'ignore_ament_install']
[0.544s] Level 1:colcon.colcon_core.package_identification:_identify(src/Lab3/controller_pkg) by extension 'ignore'
[0.545s] Level 1:colcon.colcon_core.package_identification:_identify(src/Lab3/controller_pkg) by extension 'ignore_ament_install'
[0.545s] Level 1:colcon.colcon_core.package_identification:_identify(src/Lab3/controller_pkg) by extensions ['colcon_pkg']
[0.545s] Level 1:colcon.colcon_core.package_identification:_identify(src/Lab3/controller_pkg) by extension 'colcon_pkg'
[0.545s] Level 1:colcon.colcon_core.package_identification:_identify(src/Lab3/controller_pkg) by extensions ['colcon_meta']
[0.545s] Level 1:colcon.colcon_core.package_identification:_identify(src/Lab3/controller_pkg) by extension 'colcon_meta'
[0.545s] Level 1:colcon.colcon_core.package_identification:_identify(src/Lab3/controller_pkg) by extensions ['ros']
[0.545s] Level 1:colcon.colcon_core.package_identification:_identify(src/Lab3/controller_pkg) by extension 'ros'
[0.553s] DEBUG:colcon.colcon_core.package_identification:Package 'src/Lab3/controller_pkg' with type 'ros.ament_cmake' and name 'controller_pkg'
[0.553s] Level 1:colcon.colcon_core.package_identification:_identify(src/Lab3/install) by extensions ['ignore', 'ignore_ament_install']
[0.554s] Level 1:colcon.colcon_core.package_identification:_identify(src/Lab3/install) by extension 'ignore'
[0.554s] Level 1:colcon.colcon_core.package_identification:_identify(src/Lab3/install) ignored
[0.554s] Level 1:colcon.colcon_core.package_identification:_identify(src/Lab3/log) by extensions ['ignore', 'ignore_ament_install']
[0.554s] Level 1:colcon.colcon_core.package_identification:_identify(src/Lab3/log) by extension 'ignore'
[0.554s] Level 1:colcon.colcon_core.package_identification:_identify(src/Lab3/log) ignored
[0.555s] Level 1:colcon.colcon_core.package_identification:_identify(src/Lab3/tesse-interface) by extensions ['ignore', 'ignore_ament_install']
[0.555s] Level 1:colcon.colcon_core.package_identification:_identify(src/Lab3/tesse-interface) by extension 'ignore'
[0.555s] Level 1:colcon.colcon_core.package_identification:_identify(src/Lab3/tesse-interface) by extension 'ignore_ament_install'
[0.555s] Level 1:colcon.colcon_core.package_identification:_identify(src/Lab3/tesse-interface) by extensions ['colcon_pkg']
[0.555s] Level 1:colcon.colcon_core.package_identification:_identify(src/Lab3/tesse-interface) by extension 'colcon_pkg'
[0.555s] Level 1:colcon.colcon_core.package_identification:_identify(src/Lab3/tesse-interface) by extensions ['colcon_meta']
[0.555s] Level 1:colcon.colcon_core.package_identification:_identify(src/Lab3/tesse-interface) by extension 'colcon_meta'
[0.555s] Level 1:colcon.colcon_core.package_identification:_identify(src/Lab3/tesse-interface) by extensions ['ros']
[0.555s] Level 1:colcon.colcon_core.package_identification:_identify(src/Lab3/tesse-interface) by extension 'ros'
[0.556s] Level 1:colcon.colcon_core.package_identification:_identify(src/Lab3/tesse-interface) by extensions ['cmake', 'python']
[0.556s] Level 1:colcon.colcon_core.package_identification:_identify(src/Lab3/tesse-interface) by extension 'cmake'
[0.556s] Level 1:colcon.colcon_core.package_identification:_identify(src/Lab3/tesse-interface) by extension 'python'
[0.556s] DEBUG:colcon.colcon_core.package_identification:Python package in 'src/Lab3/tesse-interface' passes arguments to the setup() function which requires a different identification extension than 'python'
[0.556s] Level 1:colcon.colcon_core.package_identification:_identify(src/Lab3/tesse-interface) by extensions ['python_setup_py']
[0.556s] Level 1:colcon.colcon_core.package_identification:_identify(src/Lab3/tesse-interface) by extension 'python_setup_py'
[1.047s] DEBUG:colcon.colcon_core.package_identification:Package 'src/Lab3/tesse-interface' with type 'python' and name 'tesse'
[1.047s] Level 1:colcon.colcon_core.package_identification:_identify(src/Lab3/tesse_msgs) by extensions ['ignore', 'ignore_ament_install']
[1.047s] Level 1:colcon.colcon_core.package_identification:_identify(src/Lab3/tesse_msgs) by extension 'ignore'
[1.048s] Level 1:colcon.colcon_core.package_identification:_identify(src/Lab3/tesse_msgs) by extension 'ignore_ament_install'
[1.048s] Level 1:colcon.colcon_core.package_identification:_identify(src/Lab3/tesse_msgs) by extensions ['colcon_pkg']
[1.048s] Level 1:colcon.colcon_core.package_identification:_identify(src/Lab3/tesse_msgs) by extension 'colcon_pkg'
[1.048s] Level 1:colcon.colcon_core.package_identification:_identify(src/Lab3/tesse_msgs) by extensions ['colcon_meta']
[1.048s] Level 1:colcon.colcon_core.package_identification:_identify(src/Lab3/tesse_msgs) by extension 'colcon_meta'
[1.048s] Level 1:colcon.colcon_core.package_identification:_identify(src/Lab3/tesse_msgs) by extensions ['ros']
[1.048s] Level 1:colcon.colcon_core.package_identification:_identify(src/Lab3/tesse_msgs) by extension 'ros'
[1.050s] DEBUG:colcon.colcon_core.package_identification:Package 'src/Lab3/tesse_msgs' with type 'ros.ament_cmake' and name 'tesse_msgs'
[1.050s] Level 1:colcon.colcon_core.package_identification:_identify(src/Lab3/tesse_ros_bridge) by extensions ['ignore', 'ignore_ament_install']
[1.050s] Level 1:colcon.colcon_core.package_identification:_identify(src/Lab3/tesse_ros_bridge) by extension 'ignore'
[1.051s] Level 1:colcon.colcon_core.package_identification:_identify(src/Lab3/tesse_ros_bridge) by extension 'ignore_ament_install'
[1.051s] Level 1:colcon.colcon_core.package_identification:_identify(src/Lab3/tesse_ros_bridge) by extensions ['colcon_pkg']
[1.051s] Level 1:colcon.colcon_core.package_identification:_identify(src/Lab3/tesse_ros_bridge) by extension 'colcon_pkg'
[1.051s] Level 1:colcon.colcon_core.package_identification:_identify(src/Lab3/tesse_ros_bridge) by extensions ['colcon_meta']
[1.051s] Level 1:colcon.colcon_core.package_identification:_identify(src/Lab3/tesse_ros_bridge) by extension 'colcon_meta'
[1.051s] Level 1:colcon.colcon_core.package_identification:_identify(src/Lab3/tesse_ros_bridge) by extensions ['ros']
[1.051s] Level 1:colcon.colcon_core.package_identification:_identify(src/Lab3/tesse_ros_bridge) by extension 'ros'
[1.052s] DEBUG:colcon.colcon_core.package_identification:Package 'src/Lab3/tesse_ros_bridge' with type 'ros.ament_python' and name 'tesse_ros_bridge'
[1.053s] Level 1:colcon.colcon_core.package_identification:_identify(src/build) by extensions ['ignore', 'ignore_ament_install']
[1.053s] Level 1:colcon.colcon_core.package_identification:_identify(src/build) by extension 'ignore'
[1.053s] Level 1:colcon.colcon_core.package_identification:_identify(src/build) ignored
[1.053s] Level 1:colcon.colcon_core.package_identification:_identify(src/install) by extensions ['ignore', 'ignore_ament_install']
[1.053s] Level 1:colcon.colcon_core.package_identification:_identify(src/install) by extension 'ignore'
[1.053s] Level 1:colcon.colcon_core.package_identification:_identify(src/install) ignored
[1.054s] Level 1:colcon.colcon_core.package_identification:_identify(src/log) by extensions ['ignore', 'ignore_ament_install']
[1.054s] Level 1:colcon.colcon_core.package_identification:_identify(src/log) by extension 'ignore'
[1.054s] Level 1:colcon.colcon_core.package_identification:_identify(src/log) ignored
[1.054s] Level 1:colcon.colcon_core.package_identification:_identify(src/mav_comm) by extensions ['ignore', 'ignore_ament_install']
[1.054s] Level 1:colcon.colcon_core.package_identification:_identify(src/mav_comm) by extension 'ignore'
[1.055s] Level 1:colcon.colcon_core.package_identification:_identify(src/mav_comm) by extension 'ignore_ament_install'
[1.055s] Level 1:colcon.colcon_core.package_identification:_identify(src/mav_comm) by extensions ['colcon_pkg']
[1.055s] Level 1:colcon.colcon_core.package_identification:_identify(src/mav_comm) by extension 'colcon_pkg'
[1.055s] Level 1:colcon.colcon_core.package_identification:_identify(src/mav_comm) by extensions ['colcon_meta']
[1.055s] Level 1:colcon.colcon_core.package_identification:_identify(src/mav_comm) by extension 'colcon_meta'
[1.055s] Level 1:colcon.colcon_core.package_identification:_identify(src/mav_comm) by extensions ['ros']
[1.055s] Level 1:colcon.colcon_core.package_identification:_identify(src/mav_comm) by extension 'ros'
[1.055s] Level 1:colcon.colcon_core.package_identification:_identify(src/mav_comm) by extensions ['cmake', 'python']
[1.056s] Level 1:colcon.colcon_core.package_identification:_identify(src/mav_comm) by extension 'cmake'
[1.056s] Level 1:colcon.colcon_core.package_identification:_identify(src/mav_comm) by extension 'python'
[1.056s] Level 1:colcon.colcon_core.package_identification:_identify(src/mav_comm) by extensions ['python_setup_py']
[1.056s] Level 1:colcon.colcon_core.package_identification:_identify(src/mav_comm) by extension 'python_setup_py'
[1.056s] Level 1:colcon.colcon_core.package_identification:_identify(src/mav_comm/mav_comm) by extensions ['ignore', 'ignore_ament_install']
[1.056s] Level 1:colcon.colcon_core.package_identification:_identify(src/mav_comm/mav_comm) by extension 'ignore'
[1.056s] Level 1:colcon.colcon_core.package_identification:_identify(src/mav_comm/mav_comm) by extension 'ignore_ament_install'
[1.057s] Level 1:colcon.colcon_core.package_identification:_identify(src/mav_comm/mav_comm) by extensions ['colcon_pkg']
[1.057s] Level 1:colcon.colcon_core.package_identification:_identify(src/mav_comm/mav_comm) by extension 'colcon_pkg'
[1.057s] Level 1:colcon.colcon_core.package_identification:_identify(src/mav_comm/mav_comm) by extensions ['colcon_meta']
[1.057s] Level 1:colcon.colcon_core.package_identification:_identify(src/mav_comm/mav_comm) by extension 'colcon_meta'
[1.057s] Level 1:colcon.colcon_core.package_identification:_identify(src/mav_comm/mav_comm) by extensions ['ros']
[1.057s] Level 1:colcon.colcon_core.package_identification:_identify(src/mav_comm/mav_comm) by extension 'ros'
[1.059s] DEBUG:colcon.colcon_core.package_identification:Package 'src/mav_comm/mav_comm' with type 'ros.ament_cmake' and name 'mav_comm'
[1.059s] Level 1:colcon.colcon_core.package_identification:_identify(src/mav_comm/mav_msgs) by extensions ['ignore', 'ignore_ament_install']
[1.059s] Level 1:colcon.colcon_core.package_identification:_identify(src/mav_comm/mav_msgs) by extension 'ignore'
[1.059s] Level 1:colcon.colcon_core.package_identification:_identify(src/mav_comm/mav_msgs) by extension 'ignore_ament_install'
[1.059s] Level 1:colcon.colcon_core.package_identification:_identify(src/mav_comm/mav_msgs) by extensions ['colcon_pkg']
[1.060s] Level 1:colcon.colcon_core.package_identification:_identify(src/mav_comm/mav_msgs) by extension 'colcon_pkg'
[1.060s] Level 1:colcon.colcon_core.package_identification:_identify(src/mav_comm/mav_msgs) by extensions ['colcon_meta']
[1.060s] Level 1:colcon.colcon_core.package_identification:_identify(src/mav_comm/mav_msgs) by extension 'colcon_meta'
[1.060s] Level 1:colcon.colcon_core.package_identification:_identify(src/mav_comm/mav_msgs) by extensions ['ros']
[1.060s] Level 1:colcon.colcon_core.package_identification:_identify(src/mav_comm/mav_msgs) by extension 'ros'
[1.063s] DEBUG:colcon.colcon_core.package_identification:Package 'src/mav_comm/mav_msgs' with type 'ros.ament_cmake' and name 'mav_msgs'
[1.063s] Level 1:colcon.colcon_core.package_identification:_identify(src/mav_comm/mav_planning_msgs) by extensions ['ignore', 'ignore_ament_install']
[1.063s] Level 1:colcon.colcon_core.package_identification:_identify(src/mav_comm/mav_planning_msgs) by extension 'ignore'
[1.063s] Level 1:colcon.colcon_core.package_identification:_identify(src/mav_comm/mav_planning_msgs) by extension 'ignore_ament_install'
[1.063s] Level 1:colcon.colcon_core.package_identification:_identify(src/mav_comm/mav_planning_msgs) by extensions ['colcon_pkg']
[1.064s] Level 1:colcon.colcon_core.package_identification:_identify(src/mav_comm/mav_planning_msgs) by extension 'colcon_pkg'
[1.064s] Level 1:colcon.colcon_core.package_identification:_identify(src/mav_comm/mav_planning_msgs) by extensions ['colcon_meta']
[1.064s] Level 1:colcon.colcon_core.package_identification:_identify(src/mav_comm/mav_planning_msgs) by extension 'colcon_meta'
[1.064s] Level 1:colcon.colcon_core.package_identification:_identify(src/mav_comm/mav_planning_msgs) by extensions ['ros']
[1.064s] Level 1:colcon.colcon_core.package_identification:_identify(src/mav_comm/mav_planning_msgs) by extension 'ros'
[1.067s] DEBUG:colcon.colcon_core.package_identification:Package 'src/mav_comm/mav_planning_msgs' with type 'ros.ament_cmake' and name 'mav_planning_msgs'
[1.068s] Level 1:colcon.colcon_core.package_identification:_identify(src/mav_comm/mav_state_machine_msgs) by extensions ['ignore', 'ignore_ament_install']
[1.068s] Level 1:colcon.colcon_core.package_identification:_identify(src/mav_comm/mav_state_machine_msgs) by extension 'ignore'
[1.068s] Level 1:colcon.colcon_core.package_identification:_identify(src/mav_comm/mav_state_machine_msgs) by extension 'ignore_ament_install'
[1.068s] Level 1:colcon.colcon_core.package_identification:_identify(src/mav_comm/mav_state_machine_msgs) by extensions ['colcon_pkg']
[1.068s] Level 1:colcon.colcon_core.package_identification:_identify(src/mav_comm/mav_state_machine_msgs) by extension 'colcon_pkg'
[1.068s] Level 1:colcon.colcon_core.package_identification:_identify(src/mav_comm/mav_state_machine_msgs) by extensions ['colcon_meta']
[1.068s] Level 1:colcon.colcon_core.package_identification:_identify(src/mav_comm/mav_state_machine_msgs) by extension 'colcon_meta'
[1.069s] Level 1:colcon.colcon_core.package_identification:_identify(src/mav_comm/mav_state_machine_msgs) by extensions ['ros']
[1.069s] Level 1:colcon.colcon_core.package_identification:_identify(src/mav_comm/mav_state_machine_msgs) by extension 'ros'
[1.072s] DEBUG:colcon.colcon_core.package_identification:Package 'src/mav_comm/mav_state_machine_msgs' with type 'ros.ament_cmake' and name 'mav_state_machine_msgs'
[1.072s] Level 1:colcon.colcon_core.package_identification:_identify(src/mav_comm/mav_system_msgs) by extensions ['ignore', 'ignore_ament_install']
[1.072s] Level 1:colcon.colcon_core.package_identification:_identify(src/mav_comm/mav_system_msgs) by extension 'ignore'
[1.073s] Level 1:colcon.colcon_core.package_identification:_identify(src/mav_comm/mav_system_msgs) by extension 'ignore_ament_install'
[1.073s] Level 1:colcon.colcon_core.package_identification:_identify(src/mav_comm/mav_system_msgs) by extensions ['colcon_pkg']
[1.073s] Level 1:colcon.colcon_core.package_identification:_identify(src/mav_comm/mav_system_msgs) by extension 'colcon_pkg'
[1.073s] Level 1:colcon.colcon_core.package_identification:_identify(src/mav_comm/mav_system_msgs) by extensions ['colcon_meta']
[1.073s] Level 1:colcon.colcon_core.package_identification:_identify(src/mav_comm/mav_system_msgs) by extension 'colcon_meta'
[1.073s] Level 1:colcon.colcon_core.package_identification:_identify(src/mav_comm/mav_system_msgs) by extensions ['ros']
[1.073s] Level 1:colcon.colcon_core.package_identification:_identify(src/mav_comm/mav_system_msgs) by extension 'ros'
[1.078s] DEBUG:colcon.colcon_core.package_identification:Package 'src/mav_comm/mav_system_msgs' with type 'ros.ament_cmake' and name 'mav_system_msgs'
[1.078s] Level 1:colcon.colcon_core.package_discovery:discover_packages(recursive) using defaults
[1.078s] Level 1:colcon.colcon_core.package_discovery:discover_packages(ignore) discover
[1.078s] Level 1:colcon.colcon_core.package_discovery:discover_packages(ignore) using defaults
[1.078s] Level 1:colcon.colcon_core.package_discovery:discover_packages(path) discover
[1.078s] Level 1:colcon.colcon_core.package_discovery:discover_packages(path) using defaults
[1.145s] Level 5:colcon.colcon_core.verb:set package 'mav_msgs' build argument 'cmake_args' from command line to 'None'
[1.146s] Level 5:colcon.colcon_core.verb:set package 'mav_msgs' build argument 'cmake_target' from command line to 'None'
[1.146s] Level 5:colcon.colcon_core.verb:set package 'mav_msgs' build argument 'cmake_target_skip_unavailable' from command line to 'False'
[1.146s] Level 5:colcon.colcon_core.verb:set package 'mav_msgs' build argument 'cmake_clean_cache' from command line to 'False'
[1.146s] Level 5:colcon.colcon_core.verb:set package 'mav_msgs' build argument 'cmake_clean_first' from command line to 'False'
[1.146s] Level 5:colcon.colcon_core.verb:set package 'mav_msgs' build argument 'cmake_force_configure' from command line to 'False'
[1.146s] Level 5:colcon.colcon_core.verb:set package 'mav_msgs' build argument 'ament_cmake_args' from command line to 'None'
[1.146s] Level 5:colcon.colcon_core.verb:set package 'mav_msgs' build argument 'catkin_cmake_args' from command line to 'None'
[1.146s] Level 5:colcon.colcon_core.verb:set package 'mav_msgs' build argument 'catkin_skip_building_tests' from command line to 'False'
[1.146s] DEBUG:colcon.colcon_core.verb:Building package 'mav_msgs' with the following arguments: {'ament_cmake_args': None, 'build_base': '/home/aimane/humble_ws/src/VNAV_23/vnav_ws/build/mav_msgs', 'catkin_cmake_args': None, 'catkin_skip_building_tests': False, 'cmake_args': None, 'cmake_clean_cache': False, 'cmake_clean_first': False, 'cmake_force_configure': False, 'cmake_target': None, 'cmake_target_skip_unavailable': False, 'install_base': '/home/aimane/humble_ws/src/VNAV_23/vnav_ws/install/mav_msgs', 'merge_install': False, 'path': '/home/aimane/humble_ws/src/VNAV_23/vnav_ws/src/mav_comm/mav_msgs', 'symlink_install': False, 'test_result_base': None}
[1.147s] Level 5:colcon.colcon_core.verb:set package 'mav_state_machine_msgs' build argument 'cmake_args' from command line to 'None'
[1.147s] Level 5:colcon.colcon_core.verb:set package 'mav_state_machine_msgs' build argument 'cmake_target' from command line to 'None'
[1.147s] Level 5:colcon.colcon_core.verb:set package 'mav_state_machine_msgs' build argument 'cmake_target_skip_unavailable' from command line to 'False'
[1.147s] Level 5:colcon.colcon_core.verb:set package 'mav_state_machine_msgs' build argument 'cmake_clean_cache' from command line to 'False'
[1.147s] Level 5:colcon.colcon_core.verb:set package 'mav_state_machine_msgs' build argument 'cmake_clean_first' from command line to 'False'
[1.148s] Level 5:colcon.colcon_core.verb:set package 'mav_state_machine_msgs' build argument 'cmake_force_configure' from command line to 'False'
[1.148s] Level 5:colcon.colcon_core.verb:set package 'mav_state_machine_msgs' build argument 'ament_cmake_args' from command line to 'None'
[1.148s] Level 5:colcon.colcon_core.verb:set package 'mav_state_machine_msgs' build argument 'catkin_cmake_args' from command line to 'None'
[1.148s] Level 5:colcon.colcon_core.verb:set package 'mav_state_machine_msgs' build argument 'catkin_skip_building_tests' from command line to 'False'
[1.148s] DEBUG:colcon.colcon_core.verb:Building package 'mav_state_machine_msgs' with the following arguments: {'ament_cmake_args': None, 'build_base': '/home/aimane/humble_ws/src/VNAV_23/vnav_ws/build/mav_state_machine_msgs', 'catkin_cmake_args': None, 'catkin_skip_building_tests': False, 'cmake_args': None, 'cmake_clean_cache': False, 'cmake_clean_first': False, 'cmake_force_configure': False, 'cmake_target': None, 'cmake_target_skip_unavailable': False, 'install_base': '/home/aimane/humble_ws/src/VNAV_23/vnav_ws/install/mav_state_machine_msgs', 'merge_install': False, 'path': '/home/aimane/humble_ws/src/VNAV_23/vnav_ws/src/mav_comm/mav_state_machine_msgs', 'symlink_install': False, 'test_result_base': None}
[1.149s] Level 5:colcon.colcon_core.verb:set package 'mav_system_msgs' build argument 'cmake_args' from command line to 'None'
[1.149s] Level 5:colcon.colcon_core.verb:set package 'mav_system_msgs' build argument 'cmake_target' from command line to 'None'
[1.149s] Level 5:colcon.colcon_core.verb:set package 'mav_system_msgs' build argument 'cmake_target_skip_unavailable' from command line to 'False'
[1.149s] Level 5:colcon.colcon_core.verb:set package 'mav_system_msgs' build argument 'cmake_clean_cache' from command line to 'False'
[1.149s] Level 5:colcon.colcon_core.verb:set package 'mav_system_msgs' build argument 'cmake_clean_first' from command line to 'False'
[1.149s] Level 5:colcon.colcon_core.verb:set package 'mav_system_msgs' build argument 'cmake_force_configure' from command line to 'False'
[1.149s] Level 5:colcon.colcon_core.verb:set package 'mav_system_msgs' build argument 'ament_cmake_args' from command line to 'None'
[1.149s] Level 5:colcon.colcon_core.verb:set package 'mav_system_msgs' build argument 'catkin_cmake_args' from command line to 'None'
[1.149s] Level 5:colcon.colcon_core.verb:set package 'mav_system_msgs' build argument 'catkin_skip_building_tests' from command line to 'False'
[1.149s] DEBUG:colcon.colcon_core.verb:Building package 'mav_system_msgs' with the following arguments: {'ament_cmake_args': None, 'build_base': '/home/aimane/humble_ws/src/VNAV_23/vnav_ws/build/mav_system_msgs', 'catkin_cmake_args': None, 'catkin_skip_building_tests': False, 'cmake_args': None, 'cmake_clean_cache': False, 'cmake_clean_first': False, 'cmake_force_configure': False, 'cmake_target': None, 'cmake_target_skip_unavailable': False, 'install_base': '/home/aimane/humble_ws/src/VNAV_23/vnav_ws/install/mav_system_msgs', 'merge_install': False, 'path': '/home/aimane/humble_ws/src/VNAV_23/vnav_ws/src/mav_comm/mav_system_msgs', 'symlink_install': False, 'test_result_base': None}
[1.150s] Level 5:colcon.colcon_core.verb:set package 'tesse' build argument 'cmake_args' from command line to 'None'
[1.150s] Level 5:colcon.colcon_core.verb:set package 'tesse' build argument 'cmake_target' from command line to 'None'
[1.150s] Level 5:colcon.colcon_core.verb:set package 'tesse' build argument 'cmake_target_skip_unavailable' from command line to 'False'
[1.150s] Level 5:colcon.colcon_core.verb:set package 'tesse' build argument 'cmake_clean_cache' from command line to 'False'
[1.150s] Level 5:colcon.colcon_core.verb:set package 'tesse' build argument 'cmake_clean_first' from command line to 'False'
[1.151s] Level 5:colcon.colcon_core.verb:set package 'tesse' build argument 'cmake_force_configure' from command line to 'False'
[1.151s] Level 5:colcon.colcon_core.verb:set package 'tesse' build argument 'ament_cmake_args' from command line to 'None'
[1.151s] Level 5:colcon.colcon_core.verb:set package 'tesse' build argument 'catkin_cmake_args' from command line to 'None'
[1.151s] Level 5:colcon.colcon_core.verb:set package 'tesse' build argument 'catkin_skip_building_tests' from command line to 'False'
[1.151s] DEBUG:colcon.colcon_core.verb:Building package 'tesse' with the following arguments: {'ament_cmake_args': None, 'build_base': '/home/aimane/humble_ws/src/VNAV_23/vnav_ws/build/tesse', 'catkin_cmake_args': None, 'catkin_skip_building_tests': False, 'cmake_args': None, 'cmake_clean_cache': False, 'cmake_clean_first': False, 'cmake_force_configure': False, 'cmake_target': None, 'cmake_target_skip_unavailable': False, 'install_base': '/home/aimane/humble_ws/src/VNAV_23/vnav_ws/install/tesse', 'merge_install': False, 'path': '/home/aimane/humble_ws/src/VNAV_23/vnav_ws/src/Lab3/tesse-interface', 'symlink_install': False, 'test_result_base': None}
[1.152s] Level 5:colcon.colcon_core.verb:set package 'tesse_msgs' build argument 'cmake_args' from command line to 'None'
[1.152s] Level 5:colcon.colcon_core.verb:set package 'tesse_msgs' build argument 'cmake_target' from command line to 'None'
[1.152s] Level 5:colcon.colcon_core.verb:set package 'tesse_msgs' build argument 'cmake_target_skip_unavailable' from command line to 'False'
[1.152s] Level 5:colcon.colcon_core.verb:set package 'tesse_msgs' build argument 'cmake_clean_cache' from command line to 'False'
[1.152s] Level 5:colcon.colcon_core.verb:set package 'tesse_msgs' build argument 'cmake_clean_first' from command line to 'False'
[1.152s] Level 5:colcon.colcon_core.verb:set package 'tesse_msgs' build argument 'cmake_force_configure' from command line to 'False'
[1.152s] Level 5:colcon.colcon_core.verb:set package 'tesse_msgs' build argument 'ament_cmake_args' from command line to 'None'
[1.152s] Level 5:colcon.colcon_core.verb:set package 'tesse_msgs' build argument 'catkin_cmake_args' from command line to 'None'
[1.152s] Level 5:colcon.colcon_core.verb:set package 'tesse_msgs' build argument 'catkin_skip_building_tests' from command line to 'False'
[1.152s] DEBUG:colcon.colcon_core.verb:Building package 'tesse_msgs' with the following arguments: {'ament_cmake_args': None, 'build_base': '/home/aimane/humble_ws/src/VNAV_23/vnav_ws/build/tesse_msgs', 'catkin_cmake_args': None, 'catkin_skip_building_tests': False, 'cmake_args': None, 'cmake_clean_cache': False, 'cmake_clean_first': False, 'cmake_force_configure': False, 'cmake_target': None, 'cmake_target_skip_unavailable': False, 'install_base': '/home/aimane/humble_ws/src/VNAV_23/vnav_ws/install/tesse_msgs', 'merge_install': False, 'path': '/home/aimane/humble_ws/src/VNAV_23/vnav_ws/src/Lab3/tesse_msgs', 'symlink_install': False, 'test_result_base': None}
[1.153s] Level 5:colcon.colcon_core.verb:set package 'tesse_ros_bridge' build argument 'cmake_args' from command line to 'None'
[1.153s] Level 5:colcon.colcon_core.verb:set package 'tesse_ros_bridge' build argument 'cmake_target' from command line to 'None'
[1.153s] Level 5:colcon.colcon_core.verb:set package 'tesse_ros_bridge' build argument 'cmake_target_skip_unavailable' from command line to 'False'
[1.153s] Level 5:colcon.colcon_core.verb:set package 'tesse_ros_bridge' build argument 'cmake_clean_cache' from command line to 'False'
[1.153s] Level 5:colcon.colcon_core.verb:set package 'tesse_ros_bridge' build argument 'cmake_clean_first' from command line to 'False'
[1.154s] Level 5:colcon.colcon_core.verb:set package 'tesse_ros_bridge' build argument 'cmake_force_configure' from command line to 'False'
[1.154s] Level 5:colcon.colcon_core.verb:set package 'tesse_ros_bridge' build argument 'ament_cmake_args' from command line to 'None'
[1.154s] Level 5:colcon.colcon_core.verb:set package 'tesse_ros_bridge' build argument 'catkin_cmake_args' from command line to 'None'
[1.154s] Level 5:colcon.colcon_core.verb:set package 'tesse_ros_bridge' build argument 'catkin_skip_building_tests' from command line to 'False'
[1.154s] DEBUG:colcon.colcon_core.verb:Building package 'tesse_ros_bridge' with the following arguments: {'ament_cmake_args': None, 'build_base': '/home/aimane/humble_ws/src/VNAV_23/vnav_ws/build/tesse_ros_bridge', 'catkin_cmake_args': None, 'catkin_skip_building_tests': False, 'cmake_args': None, 'cmake_clean_cache': False, 'cmake_clean_first': False, 'cmake_force_configure': False, 'cmake_target': None, 'cmake_target_skip_unavailable': False, 'install_base': '/home/aimane/humble_ws/src/VNAV_23/vnav_ws/install/tesse_ros_bridge', 'merge_install': False, 'path': '/home/aimane/humble_ws/src/VNAV_23/vnav_ws/src/Lab3/tesse_ros_bridge', 'symlink_install': False, 'test_result_base': None}
[1.155s] Level 5:colcon.colcon_core.verb:set package 'controller_pkg' build argument 'cmake_args' from command line to 'None'
[1.155s] Level 5:colcon.colcon_core.verb:set package 'controller_pkg' build argument 'cmake_target' from command line to 'None'
[1.155s] Level 5:colcon.colcon_core.verb:set package 'controller_pkg' build argument 'cmake_target_skip_unavailable' from command line to 'False'
[1.155s] Level 5:colcon.colcon_core.verb:set package 'controller_pkg' build argument 'cmake_clean_cache' from command line to 'False'
[1.155s] Level 5:colcon.colcon_core.verb:set package 'controller_pkg' build argument 'cmake_clean_first' from command line to 'False'
[1.155s] Level 5:colcon.colcon_core.verb:set package 'controller_pkg' build argument 'cmake_force_configure' from command line to 'False'
[1.155s] Level 5:colcon.colcon_core.verb:set package 'controller_pkg' build argument 'ament_cmake_args' from command line to 'None'
[1.155s] Level 5:colcon.colcon_core.verb:set package 'controller_pkg' build argument 'catkin_cmake_args' from command line to 'None'
[1.155s] Level 5:colcon.colcon_core.verb:set package 'controller_pkg' build argument 'catkin_skip_building_tests' from command line to 'False'
[1.155s] DEBUG:colcon.colcon_core.verb:Building package 'controller_pkg' with the following arguments: {'ament_cmake_args': None, 'build_base': '/home/aimane/humble_ws/src/VNAV_23/vnav_ws/build/controller_pkg', 'catkin_cmake_args': None, 'catkin_skip_building_tests': False, 'cmake_args': None, 'cmake_clean_cache': False, 'cmake_clean_first': False, 'cmake_force_configure': False, 'cmake_target': None, 'cmake_target_skip_unavailable': False, 'install_base': '/home/aimane/humble_ws/src/VNAV_23/vnav_ws/install/controller_pkg', 'merge_install': False, 'path': '/home/aimane/humble_ws/src/VNAV_23/vnav_ws/src/Lab3/controller_pkg', 'symlink_install': False, 'test_result_base': None}
[1.156s] Level 5:colcon.colcon_core.verb:set package 'mav_planning_msgs' build argument 'cmake_args' from command line to 'None'
[1.156s] Level 5:colcon.colcon_core.verb:set package 'mav_planning_msgs' build argument 'cmake_target' from command line to 'None'
[1.156s] Level 5:colcon.colcon_core.verb:set package 'mav_planning_msgs' build argument 'cmake_target_skip_unavailable' from command line to 'False'
[1.156s] Level 5:colcon.colcon_core.verb:set package 'mav_planning_msgs' build argument 'cmake_clean_cache' from command line to 'False'
[1.156s] Level 5:colcon.colcon_core.verb:set package 'mav_planning_msgs' build argument 'cmake_clean_first' from command line to 'False'
[1.157s] Level 5:colcon.colcon_core.verb:set package 'mav_planning_msgs' build argument 'cmake_force_configure' from command line to 'False'
[1.157s] Level 5:colcon.colcon_core.verb:set package 'mav_planning_msgs' build argument 'ament_cmake_args' from command line to 'None'
[1.157s] Level 5:colcon.colcon_core.verb:set package 'mav_planning_msgs' build argument 'catkin_cmake_args' from command line to 'None'
[1.157s] Level 5:colcon.colcon_core.verb:set package 'mav_planning_msgs' build argument 'catkin_skip_building_tests' from command line to 'False'
[1.157s] DEBUG:colcon.colcon_core.verb:Building package 'mav_planning_msgs' with the following arguments: {'ament_cmake_args': None, 'build_base': '/home/aimane/humble_ws/src/VNAV_23/vnav_ws/build/mav_planning_msgs', 'catkin_cmake_args': None, 'catkin_skip_building_tests': False, 'cmake_args': None, 'cmake_clean_cache': False, 'cmake_clean_first': False, 'cmake_force_configure': False, 'cmake_target': None, 'cmake_target_skip_unavailable': False, 'install_base': '/home/aimane/humble_ws/src/VNAV_23/vnav_ws/install/mav_planning_msgs', 'merge_install': False, 'path': '/home/aimane/humble_ws/src/VNAV_23/vnav_ws/src/mav_comm/mav_planning_msgs', 'symlink_install': False, 'test_result_base': None}
[1.158s] Level 5:colcon.colcon_core.verb:set package 'mav_comm' build argument 'cmake_args' from command line to 'None'
[1.158s] Level 5:colcon.colcon_core.verb:set package 'mav_comm' build argument 'cmake_target' from command line to 'None'
[1.158s] Level 5:colcon.colcon_core.verb:set package 'mav_comm' build argument 'cmake_target_skip_unavailable' from command line to 'False'
[1.158s] Level 5:colcon.colcon_core.verb:set package 'mav_comm' build argument 'cmake_clean_cache' from command line to 'False'
[1.158s] Level 5:colcon.colcon_core.verb:set package 'mav_comm' build argument 'cmake_clean_first' from command line to 'False'
[1.158s] Level 5:colcon.colcon_core.verb:set package 'mav_comm' build argument 'cmake_force_configure' from command line to 'False'
[1.158s] Level 5:colcon.colcon_core.verb:set package 'mav_comm' build argument 'ament_cmake_args' from command line to 'None'
[1.158s] Level 5:colcon.colcon_core.verb:set package 'mav_comm' build argument 'catkin_cmake_args' from command line to 'None'
[1.158s] Level 5:colcon.colcon_core.verb:set package 'mav_comm' build argument 'catkin_skip_building_tests' from command line to 'False'
[1.158s] DEBUG:colcon.colcon_core.verb:Building package 'mav_comm' with the following arguments: {'ament_cmake_args': None, 'build_base': '/home/aimane/humble_ws/src/VNAV_23/vnav_ws/build/mav_comm', 'catkin_cmake_args': None, 'catkin_skip_building_tests': False, 'cmake_args': None, 'cmake_clean_cache': False, 'cmake_clean_first': False, 'cmake_force_configure': False, 'cmake_target': None, 'cmake_target_skip_unavailable': False, 'install_base': '/home/aimane/humble_ws/src/VNAV_23/vnav_ws/install/mav_comm', 'merge_install': False, 'path': '/home/aimane/humble_ws/src/VNAV_23/vnav_ws/src/mav_comm/mav_comm', 'symlink_install': False, 'test_result_base': None}
[1.159s] INFO:colcon.colcon_core.executor:Executing jobs using 'parallel' executor
[1.161s] DEBUG:colcon.colcon_parallel_executor.executor.parallel:run_until_complete
[1.167s] INFO:colcon.colcon_ros.task.ament_cmake.build:Building ROS package in '/home/aimane/humble_ws/src/VNAV_23/vnav_ws/src/mav_comm/mav_msgs' with build type 'ament_cmake'
[1.168s] INFO:colcon.colcon_cmake.task.cmake.build:Building CMake package in '/home/aimane/humble_ws/src/VNAV_23/vnav_ws/src/mav_comm/mav_msgs'
[1.174s] INFO:colcon.colcon_core.plugin_system:Skipping extension 'colcon_core.shell.bat': Not used on non-Windows systems
[1.174s] INFO:colcon.colcon_core.shell:Skip shell extension 'powershell' for command environment: Not usable outside of PowerShell
[1.175s] DEBUG:colcon.colcon_core.shell:Skip shell extension 'dsv' for command environment
[1.185s] INFO:colcon.colcon_ros.task.ament_cmake.build:Building ROS package in '/home/aimane/humble_ws/src/VNAV_23/vnav_ws/src/mav_comm/mav_state_machine_msgs' with build type 'ament_cmake'
[1.185s] INFO:colcon.colcon_cmake.task.cmake.build:Building CMake package in '/home/aimane/humble_ws/src/VNAV_23/vnav_ws/src/mav_comm/mav_state_machine_msgs'
[1.185s] INFO:colcon.colcon_core.shell:Skip shell extension 'powershell' for command environment: Not usable outside of PowerShell
[1.186s] DEBUG:colcon.colcon_core.shell:Skip shell extension 'dsv' for command environment
[1.193s] INFO:colcon.colcon_ros.task.ament_cmake.build:Building ROS package in '/home/aimane/humble_ws/src/VNAV_23/vnav_ws/src/mav_comm/mav_system_msgs' with build type 'ament_cmake'
[1.193s] INFO:colcon.colcon_cmake.task.cmake.build:Building CMake package in '/home/aimane/humble_ws/src/VNAV_23/vnav_ws/src/mav_comm/mav_system_msgs'
[1.194s] INFO:colcon.colcon_core.shell:Skip shell extension 'powershell' for command environment: Not usable outside of PowerShell
[1.194s] DEBUG:colcon.colcon_core.shell:Skip shell extension 'dsv' for command environment
[1.202s] INFO:colcon.colcon_core.task.python.build:Building Python package in '/home/aimane/humble_ws/src/VNAV_23/vnav_ws/src/Lab3/tesse-interface'
[1.203s] INFO:colcon.colcon_core.shell:Skip shell extension 'powershell' for command environment: Not usable outside of PowerShell
[1.208s] DEBUG:colcon.colcon_core.shell:Skip shell extension 'dsv' for command environment
[1.215s] INFO:colcon.colcon_ros.task.ament_cmake.build:Building ROS package in '/home/aimane/humble_ws/src/VNAV_23/vnav_ws/src/Lab3/tesse_msgs' with build type 'ament_cmake'
[1.215s] INFO:colcon.colcon_cmake.task.cmake.build:Building CMake package in '/home/aimane/humble_ws/src/VNAV_23/vnav_ws/src/Lab3/tesse_msgs'
[1.216s] INFO:colcon.colcon_core.shell:Skip shell extension 'powershell' for command environment: Not usable outside of PowerShell
[1.216s] DEBUG:colcon.colcon_core.shell:Skip shell extension 'dsv' for command environment
[1.222s] INFO:colcon.colcon_ros.task.ament_python.build:Building ROS package in '/home/aimane/humble_ws/src/VNAV_23/vnav_ws/src/Lab3/tesse_ros_bridge' with build type 'ament_python'
[1.222s] Level 1:colcon.colcon_core.shell:create_environment_hook('tesse_ros_bridge', 'ament_prefix_path')
[1.223s] INFO:colcon.colcon_core.shell:Creating environment hook '/home/aimane/humble_ws/src/VNAV_23/vnav_ws/install/tesse_ros_bridge/share/tesse_ros_bridge/hook/ament_prefix_path.ps1'
[1.225s] INFO:colcon.colcon_core.shell:Creating environment descriptor '/home/aimane/humble_ws/src/VNAV_23/vnav_ws/install/tesse_ros_bridge/share/tesse_ros_bridge/hook/ament_prefix_path.dsv'
[1.226s] INFO:colcon.colcon_core.shell:Creating environment hook '/home/aimane/humble_ws/src/VNAV_23/vnav_ws/install/tesse_ros_bridge/share/tesse_ros_bridge/hook/ament_prefix_path.sh'
[1.228s] INFO:colcon.colcon_core.shell:Skip shell extension 'powershell' for command environment: Not usable outside of PowerShell
[1.229s] DEBUG:colcon.colcon_core.shell:Skip shell extension 'dsv' for command environment
[1.248s] DEBUG:colcon.colcon_core.event_handler.log_command:Invoking command in '/home/aimane/humble_ws/src/VNAV_23/vnav_ws/build/mav_msgs': /usr/bin/cmake --build /home/aimane/humble_ws/src/VNAV_23/vnav_ws/build/mav_msgs -- -j8 -l8
[1.257s] DEBUG:colcon.colcon_core.event_handler.log_command:Invoking command in '/home/aimane/humble_ws/src/VNAV_23/vnav_ws/build/mav_state_machine_msgs': /usr/bin/cmake --build /home/aimane/humble_ws/src/VNAV_23/vnav_ws/build/mav_state_machine_msgs -- -j8 -l8
[1.268s] DEBUG:colcon.colcon_core.event_handler.log_command:Invoking command in '/home/aimane/humble_ws/src/VNAV_23/vnav_ws/build/mav_system_msgs': /usr/bin/cmake --build /home/aimane/humble_ws/src/VNAV_23/vnav_ws/build/mav_system_msgs -- -j8 -l8
[2.153s] DEBUG:colcon.colcon_core.event_handler.log_command:Invoking command in '/home/aimane/humble_ws/src/VNAV_23/vnav_ws/build/tesse_msgs': /usr/bin/cmake --build /home/aimane/humble_ws/src/VNAV_23/vnav_ws/build/tesse_msgs -- -j8 -l8
[2.741s] INFO:colcon.colcon_core.task.python.build:Building Python package in '/home/aimane/humble_ws/src/VNAV_23/vnav_ws/src/Lab3/tesse_ros_bridge'
[2.742s] INFO:colcon.colcon_core.shell:Skip shell extension 'powershell' for command environment: Not usable outside of PowerShell
[2.742s] DEBUG:colcon.colcon_core.shell:Skip shell extension 'dsv' for command environment
[2.790s] DEBUG:colcon.colcon_core.event_handler.log_command:Invoked command in '/home/aimane/humble_ws/src/VNAV_23/vnav_ws/build/mav_state_machine_msgs' returned '0': /usr/bin/cmake --build /home/aimane/humble_ws/src/VNAV_23/vnav_ws/build/mav_state_machine_msgs -- -j8 -l8
[2.834s] DEBUG:colcon.colcon_core.event_handler.log_command:Invoking command in '/home/aimane/humble_ws/src/VNAV_23/vnav_ws/build/mav_state_machine_msgs': /usr/bin/cmake --install /home/aimane/humble_ws/src/VNAV_23/vnav_ws/build/mav_state_machine_msgs
[2.846s] DEBUG:colcon.colcon_core.event_handler.log_command:Invoked command in '/home/aimane/humble_ws/src/VNAV_23/vnav_ws/build/mav_msgs' returned '0': /usr/bin/cmake --build /home/aimane/humble_ws/src/VNAV_23/vnav_ws/build/mav_msgs -- -j8 -l8
[2.847s] DEBUG:colcon.colcon_core.event_handler.log_command:Invoking command in '/home/aimane/humble_ws/src/VNAV_23/vnav_ws/build/mav_msgs': /usr/bin/cmake --install /home/aimane/humble_ws/src/VNAV_23/vnav_ws/build/mav_msgs
[2.853s] DEBUG:colcon.colcon_core.event_handler.log_command:Invoked command in '/home/aimane/humble_ws/src/VNAV_23/vnav_ws/build/mav_system_msgs' returned '0': /usr/bin/cmake --build /home/aimane/humble_ws/src/VNAV_23/vnav_ws/build/mav_system_msgs -- -j8 -l8
[2.857s] DEBUG:colcon.colcon_core.event_handler.log_command:Invoking command in '/home/aimane/humble_ws/src/VNAV_23/vnav_ws/build/mav_system_msgs': /usr/bin/cmake --install /home/aimane/humble_ws/src/VNAV_23/vnav_ws/build/mav_system_msgs
[2.942s] Level 1:colcon.colcon_core.environment:create_environment_scripts_only(mav_state_machine_msgs)
[2.960s] Level 1:colcon.colcon_core.environment:checking '/home/aimane/humble_ws/src/VNAV_23/vnav_ws/install/mav_state_machine_msgs' for CMake module files
[2.967s] Level 1:colcon.colcon_core.environment:checking '/home/aimane/humble_ws/src/VNAV_23/vnav_ws/install/mav_state_machine_msgs' for CMake config files
[2.968s] Level 1:colcon.colcon_core.shell:create_environment_hook('mav_state_machine_msgs', 'cmake_prefix_path')
[2.968s] INFO:colcon.colcon_core.shell:Creating environment hook '/home/aimane/humble_ws/src/VNAV_23/vnav_ws/install/mav_state_machine_msgs/share/mav_state_machine_msgs/hook/cmake_prefix_path.ps1'
[2.979s] INFO:colcon.colcon_core.shell:Creating environment descriptor '/home/aimane/humble_ws/src/VNAV_23/vnav_ws/install/mav_state_machine_msgs/share/mav_state_machine_msgs/hook/cmake_prefix_path.dsv'
[2.980s] INFO:colcon.colcon_core.shell:Creating environment hook '/home/aimane/humble_ws/src/VNAV_23/vnav_ws/install/mav_state_machine_msgs/share/mav_state_machine_msgs/hook/cmake_prefix_path.sh'
[2.982s] Level 1:colcon.colcon_core.environment:checking '/home/aimane/humble_ws/src/VNAV_23/vnav_ws/install/mav_state_machine_msgs/lib'
[2.983s] Level 1:colcon.colcon_core.shell:create_environment_hook('mav_state_machine_msgs', 'ld_library_path_lib')
[2.984s] INFO:colcon.colcon_core.shell:Creating environment hook '/home/aimane/humble_ws/src/VNAV_23/vnav_ws/install/mav_state_machine_msgs/share/mav_state_machine_msgs/hook/ld_library_path_lib.ps1'
[2.989s] INFO:colcon.colcon_core.shell:Creating environment descriptor '/home/aimane/humble_ws/src/VNAV_23/vnav_ws/install/mav_state_machine_msgs/share/mav_state_machine_msgs/hook/ld_library_path_lib.dsv'
[2.990s] INFO:colcon.colcon_core.shell:Creating environment hook '/home/aimane/humble_ws/src/VNAV_23/vnav_ws/install/mav_state_machine_msgs/share/mav_state_machine_msgs/hook/ld_library_path_lib.sh'
[2.992s] Level 1:colcon.colcon_core.environment:checking '/home/aimane/humble_ws/src/VNAV_23/vnav_ws/install/mav_state_machine_msgs/bin'
[2.996s] Level 1:colcon.colcon_core.environment:checking '/home/aimane/humble_ws/src/VNAV_23/vnav_ws/install/mav_state_machine_msgs/lib/pkgconfig/mav_state_machine_msgs.pc'
[2.997s] Level 1:colcon.colcon_core.environment:checking '/home/aimane/humble_ws/src/VNAV_23/vnav_ws/install/mav_state_machine_msgs/lib/python3.10/site-packages'
[2.999s] Level 1:colcon.colcon_core.environment:checking '/home/aimane/humble_ws/src/VNAV_23/vnav_ws/install/mav_state_machine_msgs/bin'
[3.000s] INFO:colcon.colcon_core.shell:Creating package script '/home/aimane/humble_ws/src/VNAV_23/vnav_ws/install/mav_state_machine_msgs/share/mav_state_machine_msgs/package.ps1'
[3.007s] INFO:colcon.colcon_core.shell:Creating package descriptor '/home/aimane/humble_ws/src/VNAV_23/vnav_ws/install/mav_state_machine_msgs/share/mav_state_machine_msgs/package.dsv'
[3.013s] INFO:colcon.colcon_core.shell:Creating package script '/home/aimane/humble_ws/src/VNAV_23/vnav_ws/install/mav_state_machine_msgs/share/mav_state_machine_msgs/package.sh'
[3.016s] INFO:colcon.colcon_core.shell:Creating package script '/home/aimane/humble_ws/src/VNAV_23/vnav_ws/install/mav_state_machine_msgs/share/mav_state_machine_msgs/package.bash'
[3.022s] INFO:colcon.colcon_core.shell:Creating package script '/home/aimane/humble_ws/src/VNAV_23/vnav_ws/install/mav_state_machine_msgs/share/mav_state_machine_msgs/package.zsh'
[3.028s] Level 1:colcon.colcon_core.environment:create_file_with_runtime_dependencies(/home/aimane/humble_ws/src/VNAV_23/vnav_ws/install/mav_state_machine_msgs/share/colcon-core/packages/mav_state_machine_msgs)
[3.030s] Level 1:colcon.colcon_core.environment:create_environment_scripts_only(mav_state_machine_msgs)
[3.031s] Level 1:colcon.colcon_core.environment:checking '/home/aimane/humble_ws/src/VNAV_23/vnav_ws/install/mav_state_machine_msgs' for CMake module files
[3.037s] Level 1:colcon.colcon_core.environment:checking '/home/aimane/humble_ws/src/VNAV_23/vnav_ws/install/mav_state_machine_msgs' for CMake config files
[3.041s] Level 1:colcon.colcon_core.shell:create_environment_hook('mav_state_machine_msgs', 'cmake_prefix_path')
[3.042s] INFO:colcon.colcon_core.shell:Creating environment hook '/home/aimane/humble_ws/src/VNAV_23/vnav_ws/install/mav_state_machine_msgs/share/mav_state_machine_msgs/hook/cmake_prefix_path.ps1'
[3.043s] INFO:colcon.colcon_core.shell:Creating environment descriptor '/home/aimane/humble_ws/src/VNAV_23/vnav_ws/install/mav_state_machine_msgs/share/mav_state_machine_msgs/hook/cmake_prefix_path.dsv'
[3.044s] INFO:colcon.colcon_core.shell:Creating environment hook '/home/aimane/humble_ws/src/VNAV_23/vnav_ws/install/mav_state_machine_msgs/share/mav_state_machine_msgs/hook/cmake_prefix_path.sh'
[3.052s] DEBUG:colcon.colcon_core.event_handler.log_command:Invoked command in '/home/aimane/humble_ws/src/VNAV_23/vnav_ws/build/mav_state_machine_msgs' returned '0': /usr/bin/cmake --install /home/aimane/humble_ws/src/VNAV_23/vnav_ws/build/mav_state_machine_msgs
[3.053s] Level 1:colcon.colcon_core.environment:checking '/home/aimane/humble_ws/src/VNAV_23/vnav_ws/install/mav_state_machine_msgs/lib'
[3.053s] Level 1:colcon.colcon_core.shell:create_environment_hook('mav_state_machine_msgs', 'ld_library_path_lib')
[3.054s] INFO:colcon.colcon_core.shell:Creating environment hook '/home/aimane/humble_ws/src/VNAV_23/vnav_ws/install/mav_state_machine_msgs/share/mav_state_machine_msgs/hook/ld_library_path_lib.ps1'
[3.055s] INFO:colcon.colcon_core.shell:Creating environment descriptor '/home/aimane/humble_ws/src/VNAV_23/vnav_ws/install/mav_state_machine_msgs/share/mav_state_machine_msgs/hook/ld_library_path_lib.dsv'
[3.056s] INFO:colcon.colcon_core.shell:Creating environment hook '/home/aimane/humble_ws/src/VNAV_23/vnav_ws/install/mav_state_machine_msgs/share/mav_state_machine_msgs/hook/ld_library_path_lib.sh'
[3.059s] Level 1:colcon.colcon_core.environment:checking '/home/aimane/humble_ws/src/VNAV_23/vnav_ws/install/mav_state_machine_msgs/bin'
[3.063s] Level 1:colcon.colcon_core.environment:checking '/home/aimane/humble_ws/src/VNAV_23/vnav_ws/install/mav_state_machine_msgs/lib/pkgconfig/mav_state_machine_msgs.pc'
[3.064s] Level 1:colcon.colcon_core.environment:checking '/home/aimane/humble_ws/src/VNAV_23/vnav_ws/install/mav_state_machine_msgs/lib/python3.10/site-packages'
[3.066s] Level 1:colcon.colcon_core.environment:checking '/home/aimane/humble_ws/src/VNAV_23/vnav_ws/install/mav_state_machine_msgs/bin'
[3.068s] INFO:colcon.colcon_core.shell:Creating package script '/home/aimane/humble_ws/src/VNAV_23/vnav_ws/install/mav_state_machine_msgs/share/mav_state_machine_msgs/package.ps1'
[3.079s] INFO:colcon.colcon_core.shell:Creating package descriptor '/home/aimane/humble_ws/src/VNAV_23/vnav_ws/install/mav_state_machine_msgs/share/mav_state_machine_msgs/package.dsv'
[3.081s] INFO:colcon.colcon_core.shell:Creating package script '/home/aimane/humble_ws/src/VNAV_23/vnav_ws/install/mav_state_machine_msgs/share/mav_state_machine_msgs/package.sh'
[3.092s] INFO:colcon.colcon_core.shell:Creating package script '/home/aimane/humble_ws/src/VNAV_23/vnav_ws/install/mav_state_machine_msgs/share/mav_state_machine_msgs/package.bash'
[3.105s] INFO:colcon.colcon_core.shell:Creating package script '/home/aimane/humble_ws/src/VNAV_23/vnav_ws/install/mav_state_machine_msgs/share/mav_state_machine_msgs/package.zsh'
[3.106s] Level 1:colcon.colcon_core.environment:create_file_with_runtime_dependencies(/home/aimane/humble_ws/src/VNAV_23/vnav_ws/install/mav_state_machine_msgs/share/colcon-core/packages/mav_state_machine_msgs)
[3.112s] Level 1:colcon.colcon_core.environment:create_environment_scripts_only(mav_msgs)
[3.113s] Level 1:colcon.colcon_core.environment:checking '/home/aimane/humble_ws/src/VNAV_23/vnav_ws/install/mav_msgs' for CMake module files
[3.117s] Level 1:colcon.colcon_core.environment:checking '/home/aimane/humble_ws/src/VNAV_23/vnav_ws/install/mav_msgs' for CMake config files
[3.119s] Level 1:colcon.colcon_core.shell:create_environment_hook('mav_msgs', 'cmake_prefix_path')
[3.124s] INFO:colcon.colcon_core.shell:Creating environment hook '/home/aimane/humble_ws/src/VNAV_23/vnav_ws/install/mav_msgs/share/mav_msgs/hook/cmake_prefix_path.ps1'
[3.129s] INFO:colcon.colcon_core.shell:Creating environment descriptor '/home/aimane/humble_ws/src/VNAV_23/vnav_ws/install/mav_msgs/share/mav_msgs/hook/cmake_prefix_path.dsv'
[3.129s] INFO:colcon.colcon_core.shell:Creating environment hook '/home/aimane/humble_ws/src/VNAV_23/vnav_ws/install/mav_msgs/share/mav_msgs/hook/cmake_prefix_path.sh'
[3.134s] Level 1:colcon.colcon_core.environment:checking '/home/aimane/humble_ws/src/VNAV_23/vnav_ws/install/mav_msgs/lib'
[3.134s] Level 1:colcon.colcon_core.shell:create_environment_hook('mav_msgs', 'ld_library_path_lib')
[3.135s] INFO:colcon.colcon_core.shell:Creating environment hook '/home/aimane/humble_ws/src/VNAV_23/vnav_ws/install/mav_msgs/share/mav_msgs/hook/ld_library_path_lib.ps1'
[3.136s] INFO:colcon.colcon_core.shell:Creating environment descriptor '/home/aimane/humble_ws/src/VNAV_23/vnav_ws/install/mav_msgs/share/mav_msgs/hook/ld_library_path_lib.dsv'
[3.140s] INFO:colcon.colcon_core.shell:Creating environment hook '/home/aimane/humble_ws/src/VNAV_23/vnav_ws/install/mav_msgs/share/mav_msgs/hook/ld_library_path_lib.sh'
[3.153s] Level 1:colcon.colcon_core.environment:checking '/home/aimane/humble_ws/src/VNAV_23/vnav_ws/install/mav_msgs/bin'
[3.153s] Level 1:colcon.colcon_core.environment:checking '/home/aimane/humble_ws/src/VNAV_23/vnav_ws/install/mav_msgs/lib/pkgconfig/mav_msgs.pc'
[3.154s] Level 1:colcon.colcon_core.environment:checking '/home/aimane/humble_ws/src/VNAV_23/vnav_ws/install/mav_msgs/lib/python3.10/site-packages'
[3.158s] Level 1:colcon.colcon_core.environment:checking '/home/aimane/humble_ws/src/VNAV_23/vnav_ws/install/mav_msgs/bin'
[3.159s] INFO:colcon.colcon_core.shell:Creating package script '/home/aimane/humble_ws/src/VNAV_23/vnav_ws/install/mav_msgs/share/mav_msgs/package.ps1'
[3.161s] INFO:colcon.colcon_core.shell:Creating package descriptor '/home/aimane/humble_ws/src/VNAV_23/vnav_ws/install/mav_msgs/share/mav_msgs/package.dsv'
[3.160s] DEBUG:colcon.colcon_core.event_handler.log_command:Invoked command in '/home/aimane/humble_ws/src/VNAV_23/vnav_ws/build/mav_msgs' returned '0': /usr/bin/cmake --install /home/aimane/humble_ws/src/VNAV_23/vnav_ws/build/mav_msgs
[3.163s] INFO:colcon.colcon_core.shell:Creating package script '/home/aimane/humble_ws/src/VNAV_23/vnav_ws/install/mav_msgs/share/mav_msgs/package.sh'
[3.164s] INFO:colcon.colcon_core.shell:Creating package script '/home/aimane/humble_ws/src/VNAV_23/vnav_ws/install/mav_msgs/share/mav_msgs/package.bash'
[3.165s] INFO:colcon.colcon_core.shell:Creating package script '/home/aimane/humble_ws/src/VNAV_23/vnav_ws/install/mav_msgs/share/mav_msgs/package.zsh'
[3.165s] Level 1:colcon.colcon_core.environment:create_file_with_runtime_dependencies(/home/aimane/humble_ws/src/VNAV_23/vnav_ws/install/mav_msgs/share/colcon-core/packages/mav_msgs)
[3.167s] Level 1:colcon.colcon_core.environment:create_environment_scripts_only(mav_msgs)
[3.167s] Level 1:colcon.colcon_core.environment:checking '/home/aimane/humble_ws/src/VNAV_23/vnav_ws/install/mav_msgs' for CMake module files
[3.170s] Level 1:colcon.colcon_core.environment:checking '/home/aimane/humble_ws/src/VNAV_23/vnav_ws/install/mav_msgs' for CMake config files
[3.172s] Level 1:colcon.colcon_core.shell:create_environment_hook('mav_msgs', 'cmake_prefix_path')
[3.172s] INFO:colcon.colcon_core.shell:Creating environment hook '/home/aimane/humble_ws/src/VNAV_23/vnav_ws/install/mav_msgs/share/mav_msgs/hook/cmake_prefix_path.ps1'
[3.173s] INFO:colcon.colcon_core.shell:Creating environment descriptor '/home/aimane/humble_ws/src/VNAV_23/vnav_ws/install/mav_msgs/share/mav_msgs/hook/cmake_prefix_path.dsv'
[3.174s] INFO:colcon.colcon_core.shell:Creating environment hook '/home/aimane/humble_ws/src/VNAV_23/vnav_ws/install/mav_msgs/share/mav_msgs/hook/cmake_prefix_path.sh'
[3.176s] Level 1:colcon.colcon_core.environment:checking '/home/aimane/humble_ws/src/VNAV_23/vnav_ws/install/mav_msgs/lib'
[3.176s] Level 1:colcon.colcon_core.shell:create_environment_hook('mav_msgs', 'ld_library_path_lib')
[3.177s] INFO:colcon.colcon_core.shell:Creating environment hook '/home/aimane/humble_ws/src/VNAV_23/vnav_ws/install/mav_msgs/share/mav_msgs/hook/ld_library_path_lib.ps1'
[3.177s] INFO:colcon.colcon_core.shell:Creating environment descriptor '/home/aimane/humble_ws/src/VNAV_23/vnav_ws/install/mav_msgs/share/mav_msgs/hook/ld_library_path_lib.dsv'
[3.178s] INFO:colcon.colcon_core.shell:Creating environment hook '/home/aimane/humble_ws/src/VNAV_23/vnav_ws/install/mav_msgs/share/mav_msgs/hook/ld_library_path_lib.sh'
[3.180s] Level 1:colcon.colcon_core.environment:checking '/home/aimane/humble_ws/src/VNAV_23/vnav_ws/install/mav_msgs/bin'
[3.180s] Level 1:colcon.colcon_core.environment:checking '/home/aimane/humble_ws/src/VNAV_23/vnav_ws/install/mav_msgs/lib/pkgconfig/mav_msgs.pc'
[3.181s] Level 1:colcon.colcon_core.environment:checking '/home/aimane/humble_ws/src/VNAV_23/vnav_ws/install/mav_msgs/lib/python3.10/site-packages'
[3.182s] Level 1:colcon.colcon_core.environment:checking '/home/aimane/humble_ws/src/VNAV_23/vnav_ws/install/mav_msgs/bin'
[3.183s] INFO:colcon.colcon_core.shell:Creating package script '/home/aimane/humble_ws/src/VNAV_23/vnav_ws/install/mav_msgs/share/mav_msgs/package.ps1'
[3.184s] INFO:colcon.colcon_core.shell:Creating package descriptor '/home/aimane/humble_ws/src/VNAV_23/vnav_ws/install/mav_msgs/share/mav_msgs/package.dsv'
[3.186s] INFO:colcon.colcon_core.shell:Creating package script '/home/aimane/humble_ws/src/VNAV_23/vnav_ws/install/mav_msgs/share/mav_msgs/package.sh'
[3.187s] INFO:colcon.colcon_core.shell:Creating package script '/home/aimane/humble_ws/src/VNAV_23/vnav_ws/install/mav_msgs/share/mav_msgs/package.bash'
[3.188s] INFO:colcon.colcon_core.shell:Creating package script '/home/aimane/humble_ws/src/VNAV_23/vnav_ws/install/mav_msgs/share/mav_msgs/package.zsh'
[3.189s] Level 1:colcon.colcon_core.environment:create_file_with_runtime_dependencies(/home/aimane/humble_ws/src/VNAV_23/vnav_ws/install/mav_msgs/share/colcon-core/packages/mav_msgs)
[3.190s] INFO:colcon.colcon_ros.task.ament_cmake.build:Building ROS package in '/home/aimane/humble_ws/src/VNAV_23/vnav_ws/src/mav_comm/mav_planning_msgs' with build type 'ament_cmake'
[3.190s] INFO:colcon.colcon_cmake.task.cmake.build:Building CMake package in '/home/aimane/humble_ws/src/VNAV_23/vnav_ws/src/mav_comm/mav_planning_msgs'
[3.191s] INFO:colcon.colcon_core.shell:Skip shell extension 'powershell' for command environment: Not usable outside of PowerShell
[3.192s] DEBUG:colcon.colcon_core.shell:Skip shell extension 'dsv' for command environment
[3.199s] INFO:colcon.colcon_ros.task.ament_cmake.build:Building ROS package in '/home/aimane/humble_ws/src/VNAV_23/vnav_ws/src/Lab3/controller_pkg' with build type 'ament_cmake'
[3.200s] INFO:colcon.colcon_cmake.task.cmake.build:Building CMake package in '/home/aimane/humble_ws/src/VNAV_23/vnav_ws/src/Lab3/controller_pkg'
[3.200s] INFO:colcon.colcon_core.shell:Skip shell extension 'powershell' for command environment: Not usable outside of PowerShell
[3.201s] DEBUG:colcon.colcon_core.shell:Skip shell extension 'dsv' for command environment
[3.214s] Level 1:colcon.colcon_core.environment:create_environment_scripts_only(mav_system_msgs)
[3.216s] Level 1:colcon.colcon_core.environment:checking '/home/aimane/humble_ws/src/VNAV_23/vnav_ws/install/mav_system_msgs' for CMake module files
[3.217s] DEBUG:colcon.colcon_core.event_handler.log_command:Invoked command in '/home/aimane/humble_ws/src/VNAV_23/vnav_ws/build/mav_system_msgs' returned '0': /usr/bin/cmake --install /home/aimane/humble_ws/src/VNAV_23/vnav_ws/build/mav_system_msgs
[3.220s] Level 1:colcon.colcon_core.environment:checking '/home/aimane/humble_ws/src/VNAV_23/vnav_ws/install/mav_system_msgs' for CMake config files
[3.223s] Level 1:colcon.colcon_core.shell:create_environment_hook('mav_system_msgs', 'cmake_prefix_path')
[3.224s] INFO:colcon.colcon_core.shell:Creating environment hook '/home/aimane/humble_ws/src/VNAV_23/vnav_ws/install/mav_system_msgs/share/mav_system_msgs/hook/cmake_prefix_path.ps1'
[3.226s] INFO:colcon.colcon_core.shell:Creating environment descriptor '/home/aimane/humble_ws/src/VNAV_23/vnav_ws/install/mav_system_msgs/share/mav_system_msgs/hook/cmake_prefix_path.dsv'
[3.228s] INFO:colcon.colcon_core.shell:Creating environment hook '/home/aimane/humble_ws/src/VNAV_23/vnav_ws/install/mav_system_msgs/share/mav_system_msgs/hook/cmake_prefix_path.sh'
[3.232s] Level 1:colcon.colcon_core.environment:checking '/home/aimane/humble_ws/src/VNAV_23/vnav_ws/install/mav_system_msgs/lib'
[3.232s] Level 1:colcon.colcon_core.shell:create_environment_hook('mav_system_msgs', 'ld_library_path_lib')
[3.233s] INFO:colcon.colcon_core.shell:Creating environment hook '/home/aimane/humble_ws/src/VNAV_23/vnav_ws/install/mav_system_msgs/share/mav_system_msgs/hook/ld_library_path_lib.ps1'
[3.235s] INFO:colcon.colcon_core.shell:Creating environment descriptor '/home/aimane/humble_ws/src/VNAV_23/vnav_ws/install/mav_system_msgs/share/mav_system_msgs/hook/ld_library_path_lib.dsv'
[3.238s] INFO:colcon.colcon_core.shell:Creating environment hook '/home/aimane/humble_ws/src/VNAV_23/vnav_ws/install/mav_system_msgs/share/mav_system_msgs/hook/ld_library_path_lib.sh'
[3.240s] Level 1:colcon.colcon_core.environment:checking '/home/aimane/humble_ws/src/VNAV_23/vnav_ws/install/mav_system_msgs/bin'
[3.240s] Level 1:colcon.colcon_core.environment:checking '/home/aimane/humble_ws/src/VNAV_23/vnav_ws/install/mav_system_msgs/lib/pkgconfig/mav_system_msgs.pc'
[3.241s] Level 1:colcon.colcon_core.environment:checking '/home/aimane/humble_ws/src/VNAV_23/vnav_ws/install/mav_system_msgs/lib/python3.10/site-packages'
[3.243s] Level 1:colcon.colcon_core.environment:checking '/home/aimane/humble_ws/src/VNAV_23/vnav_ws/install/mav_system_msgs/bin'
[3.245s] INFO:colcon.colcon_core.shell:Creating package script '/home/aimane/humble_ws/src/VNAV_23/vnav_ws/install/mav_system_msgs/share/mav_system_msgs/package.ps1'
[3.248s] INFO:colcon.colcon_core.shell:Creating package descriptor '/home/aimane/humble_ws/src/VNAV_23/vnav_ws/install/mav_system_msgs/share/mav_system_msgs/package.dsv'
[3.251s] INFO:colcon.colcon_core.shell:Creating package script '/home/aimane/humble_ws/src/VNAV_23/vnav_ws/install/mav_system_msgs/share/mav_system_msgs/package.sh'
[3.253s] INFO:colcon.colcon_core.shell:Creating package script '/home/aimane/humble_ws/src/VNAV_23/vnav_ws/install/mav_system_msgs/share/mav_system_msgs/package.bash'
[3.255s] INFO:colcon.colcon_core.shell:Creating package script '/home/aimane/humble_ws/src/VNAV_23/vnav_ws/install/mav_system_msgs/share/mav_system_msgs/package.zsh'
[3.257s] Level 1:colcon.colcon_core.environment:create_file_with_runtime_dependencies(/home/aimane/humble_ws/src/VNAV_23/vnav_ws/install/mav_system_msgs/share/colcon-core/packages/mav_system_msgs)
[3.265s] Level 1:colcon.colcon_core.environment:create_environment_scripts_only(mav_system_msgs)
[3.266s] Level 1:colcon.colcon_core.environment:checking '/home/aimane/humble_ws/src/VNAV_23/vnav_ws/install/mav_system_msgs' for CMake module files
[3.274s] Level 1:colcon.colcon_core.environment:checking '/home/aimane/humble_ws/src/VNAV_23/vnav_ws/install/mav_system_msgs' for CMake config files
[3.275s] Level 1:colcon.colcon_core.shell:create_environment_hook('mav_system_msgs', 'cmake_prefix_path')
[3.276s] INFO:colcon.colcon_core.shell:Creating environment hook '/home/aimane/humble_ws/src/VNAV_23/vnav_ws/install/mav_system_msgs/share/mav_system_msgs/hook/cmake_prefix_path.ps1'
[3.284s] INFO:colcon.colcon_core.shell:Creating environment descriptor '/home/aimane/humble_ws/src/VNAV_23/vnav_ws/install/mav_system_msgs/share/mav_system_msgs/hook/cmake_prefix_path.dsv'
[3.285s] INFO:colcon.colcon_core.shell:Creating environment hook '/home/aimane/humble_ws/src/VNAV_23/vnav_ws/install/mav_system_msgs/share/mav_system_msgs/hook/cmake_prefix_path.sh'
[3.292s] Level 1:colcon.colcon_core.environment:checking '/home/aimane/humble_ws/src/VNAV_23/vnav_ws/install/mav_system_msgs/lib'
[3.292s] Level 1:colcon.colcon_core.shell:create_environment_hook('mav_system_msgs', 'ld_library_path_lib')
[3.293s] INFO:colcon.colcon_core.shell:Creating environment hook '/home/aimane/humble_ws/src/VNAV_23/vnav_ws/install/mav_system_msgs/share/mav_system_msgs/hook/ld_library_path_lib.ps1'
[3.294s] INFO:colcon.colcon_core.shell:Creating environment descriptor '/home/aimane/humble_ws/src/VNAV_23/vnav_ws/install/mav_system_msgs/share/mav_system_msgs/hook/ld_library_path_lib.dsv'
[3.295s] INFO:colcon.colcon_core.shell:Creating environment hook '/home/aimane/humble_ws/src/VNAV_23/vnav_ws/install/mav_system_msgs/share/mav_system_msgs/hook/ld_library_path_lib.sh'
[3.297s] Level 1:colcon.colcon_core.environment:checking '/home/aimane/humble_ws/src/VNAV_23/vnav_ws/install/mav_system_msgs/bin'
[3.297s] Level 1:colcon.colcon_core.environment:checking '/home/aimane/humble_ws/src/VNAV_23/vnav_ws/install/mav_system_msgs/lib/pkgconfig/mav_system_msgs.pc'
[3.298s] Level 1:colcon.colcon_core.environment:checking '/home/aimane/humble_ws/src/VNAV_23/vnav_ws/install/mav_system_msgs/lib/python3.10/site-packages'
[3.300s] Level 1:colcon.colcon_core.environment:checking '/home/aimane/humble_ws/src/VNAV_23/vnav_ws/install/mav_system_msgs/bin'
[3.301s] INFO:colcon.colcon_core.shell:Creating package script '/home/aimane/humble_ws/src/VNAV_23/vnav_ws/install/mav_system_msgs/share/mav_system_msgs/package.ps1'
[3.303s] INFO:colcon.colcon_core.shell:Creating package descriptor '/home/aimane/humble_ws/src/VNAV_23/vnav_ws/install/mav_system_msgs/share/mav_system_msgs/package.dsv'
[3.305s] INFO:colcon.colcon_core.shell:Creating package script '/home/aimane/humble_ws/src/VNAV_23/vnav_ws/install/mav_system_msgs/share/mav_system_msgs/package.sh'
[3.307s] INFO:colcon.colcon_core.shell:Creating package script '/home/aimane/humble_ws/src/VNAV_23/vnav_ws/install/mav_system_msgs/share/mav_system_msgs/package.bash'
[3.309s] INFO:colcon.colcon_core.shell:Creating package script '/home/aimane/humble_ws/src/VNAV_23/vnav_ws/install/mav_system_msgs/share/mav_system_msgs/package.zsh'
[3.311s] Level 1:colcon.colcon_core.environment:create_file_with_runtime_dependencies(/home/aimane/humble_ws/src/VNAV_23/vnav_ws/install/mav_system_msgs/share/colcon-core/packages/mav_system_msgs)
[3.324s] DEBUG:colcon.colcon_core.event_handler.log_command:Invoking command in '/home/aimane/humble_ws/src/VNAV_23/vnav_ws/src/Lab3/tesse-interface': PYTHONPATH=/home/aimane/humble_ws/src/VNAV_23/vnav_ws/build/tesse/prefix_override:/usr/lib/python3/dist-packages/colcon_core/task/python/colcon_distutils_commands:/home/aimane/humble_ws/src/VNAV_23/vnav_ws/install/tesse/lib/python3.10/site-packages: /usr/bin/python3 -W ignore:setup.py install is deprecated -W ignore:easy_install command is deprecated setup.py egg_info --egg-base ../../../build/tesse build --build-base /home/aimane/humble_ws/src/VNAV_23/vnav_ws/build/tesse/build install --record /home/aimane/humble_ws/src/VNAV_23/vnav_ws/build/tesse/install.log --single-version-externally-managed
[3.333s] DEBUG:colcon.colcon_core.event_handler.log_command:Invoked command in '/home/aimane/humble_ws/src/VNAV_23/vnav_ws/build/tesse_msgs' returned '0': /usr/bin/cmake --build /home/aimane/humble_ws/src/VNAV_23/vnav_ws/build/tesse_msgs -- -j8 -l8
[3.334s] DEBUG:colcon.colcon_core.event_handler.log_command:Invoking command in '/home/aimane/humble_ws/src/VNAV_23/vnav_ws/build/tesse_msgs': /usr/bin/cmake --install /home/aimane/humble_ws/src/VNAV_23/vnav_ws/build/tesse_msgs
[3.348s] DEBUG:colcon.colcon_core.event_handler.log_command:Invoking command in '/home/aimane/humble_ws/src/VNAV_23/vnav_ws/build/mav_planning_msgs': AMENT_PREFIX_PATH=/home/aimane/humble_ws/src/VNAV_23/vnav_ws/install/mav_msgs CMAKE_PREFIX_PATH=/home/aimane/humble_ws/src/VNAV_23/vnav_ws/install/mav_msgs LD_LIBRARY_PATH=/home/aimane/humble_ws/src/VNAV_23/vnav_ws/install/mav_msgs/lib PYTHONPATH=/home/aimane/humble_ws/src/VNAV_23/vnav_ws/install/mav_msgs/local/lib/python3.10/dist-packages /usr/bin/cmake --build /home/aimane/humble_ws/src/VNAV_23/vnav_ws/build/mav_planning_msgs -- -j8 -l8
[3.356s] DEBUG:colcon.colcon_core.event_handler.log_command:Invoking command in '/home/aimane/humble_ws/src/VNAV_23/vnav_ws/build/controller_pkg': AMENT_PREFIX_PATH=/home/aimane/humble_ws/src/VNAV_23/vnav_ws/install/mav_msgs CMAKE_PREFIX_PATH=/home/aimane/humble_ws/src/VNAV_23/vnav_ws/install/mav_msgs LD_LIBRARY_PATH=/home/aimane/humble_ws/src/VNAV_23/vnav_ws/install/mav_msgs/lib PYTHONPATH=/home/aimane/humble_ws/src/VNAV_23/vnav_ws/install/mav_msgs/local/lib/python3.10/dist-packages /usr/bin/cmake --build /home/aimane/humble_ws/src/VNAV_23/vnav_ws/build/controller_pkg -- -j8 -l8
[3.586s] Level 1:colcon.colcon_core.environment:create_environment_scripts_only(tesse_msgs)
[3.586s] Level 1:colcon.colcon_core.environment:checking '/home/aimane/humble_ws/src/VNAV_23/vnav_ws/install/tesse_msgs' for CMake module files
[3.590s] Level 1:colcon.colcon_core.environment:checking '/home/aimane/humble_ws/src/VNAV_23/vnav_ws/install/tesse_msgs' for CMake config files
[3.593s] DEBUG:colcon.colcon_core.event_handler.log_command:Invoked command in '/home/aimane/humble_ws/src/VNAV_23/vnav_ws/build/tesse_msgs' returned '0': /usr/bin/cmake --install /home/aimane/humble_ws/src/VNAV_23/vnav_ws/build/tesse_msgs
[3.599s] Level 1:colcon.colcon_core.shell:create_environment_hook('tesse_msgs', 'cmake_prefix_path')
[3.599s] INFO:colcon.colcon_core.shell:Creating environment hook '/home/aimane/humble_ws/src/VNAV_23/vnav_ws/install/tesse_msgs/share/tesse_msgs/hook/cmake_prefix_path.ps1'
[3.601s] INFO:colcon.colcon_core.shell:Creating environment descriptor '/home/aimane/humble_ws/src/VNAV_23/vnav_ws/install/tesse_msgs/share/tesse_msgs/hook/cmake_prefix_path.dsv'
[3.606s] INFO:colcon.colcon_core.shell:Creating environment hook '/home/aimane/humble_ws/src/VNAV_23/vnav_ws/install/tesse_msgs/share/tesse_msgs/hook/cmake_prefix_path.sh'
[3.607s] Level 1:colcon.colcon_core.environment:checking '/home/aimane/humble_ws/src/VNAV_23/vnav_ws/install/tesse_msgs/lib'
[3.608s] Level 1:colcon.colcon_core.shell:create_environment_hook('tesse_msgs', 'ld_library_path_lib')
[3.612s] INFO:colcon.colcon_core.shell:Creating environment hook '/home/aimane/humble_ws/src/VNAV_23/vnav_ws/install/tesse_msgs/share/tesse_msgs/hook/ld_library_path_lib.ps1'
[3.613s] INFO:colcon.colcon_core.shell:Creating environment descriptor '/home/aimane/humble_ws/src/VNAV_23/vnav_ws/install/tesse_msgs/share/tesse_msgs/hook/ld_library_path_lib.dsv'
[3.615s] INFO:colcon.colcon_core.shell:Creating environment hook '/home/aimane/humble_ws/src/VNAV_23/vnav_ws/install/tesse_msgs/share/tesse_msgs/hook/ld_library_path_lib.sh'
[3.620s] Level 1:colcon.colcon_core.environment:checking '/home/aimane/humble_ws/src/VNAV_23/vnav_ws/install/tesse_msgs/bin'
[3.620s] Level 1:colcon.colcon_core.environment:checking '/home/aimane/humble_ws/src/VNAV_23/vnav_ws/install/tesse_msgs/lib/pkgconfig/tesse_msgs.pc'
[3.621s] Level 1:colcon.colcon_core.environment:checking '/home/aimane/humble_ws/src/VNAV_23/vnav_ws/install/tesse_msgs/lib/python3.10/site-packages'
[3.622s] Level 1:colcon.colcon_core.environment:checking '/home/aimane/humble_ws/src/VNAV_23/vnav_ws/install/tesse_msgs/bin'
[3.626s] INFO:colcon.colcon_core.shell:Creating package script '/home/aimane/humble_ws/src/VNAV_23/vnav_ws/install/tesse_msgs/share/tesse_msgs/package.ps1'
[3.628s] INFO:colcon.colcon_core.shell:Creating package descriptor '/home/aimane/humble_ws/src/VNAV_23/vnav_ws/install/tesse_msgs/share/tesse_msgs/package.dsv'
[3.633s] INFO:colcon.colcon_core.shell:Creating package script '/home/aimane/humble_ws/src/VNAV_23/vnav_ws/install/tesse_msgs/share/tesse_msgs/package.sh'
[3.634s] INFO:colcon.colcon_core.shell:Creating package script '/home/aimane/humble_ws/src/VNAV_23/vnav_ws/install/tesse_msgs/share/tesse_msgs/package.bash'
[3.635s] INFO:colcon.colcon_core.shell:Creating package script '/home/aimane/humble_ws/src/VNAV_23/vnav_ws/install/tesse_msgs/share/tesse_msgs/package.zsh'
[3.640s] Level 1:colcon.colcon_core.environment:create_file_with_runtime_dependencies(/home/aimane/humble_ws/src/VNAV_23/vnav_ws/install/tesse_msgs/share/colcon-core/packages/tesse_msgs)
[3.641s] Level 1:colcon.colcon_core.environment:create_environment_scripts_only(tesse_msgs)
[3.645s] Level 1:colcon.colcon_core.environment:checking '/home/aimane/humble_ws/src/VNAV_23/vnav_ws/install/tesse_msgs' for CMake module files
[3.651s] Level 1:colcon.colcon_core.environment:checking '/home/aimane/humble_ws/src/VNAV_23/vnav_ws/install/tesse_msgs' for CMake config files
[3.652s] Level 1:colcon.colcon_core.shell:create_environment_hook('tesse_msgs', 'cmake_prefix_path')
[3.653s] INFO:colcon.colcon_core.shell:Creating environment hook '/home/aimane/humble_ws/src/VNAV_23/vnav_ws/install/tesse_msgs/share/tesse_msgs/hook/cmake_prefix_path.ps1'
[3.657s] INFO:colcon.colcon_core.shell:Creating environment descriptor '/home/aimane/humble_ws/src/VNAV_23/vnav_ws/install/tesse_msgs/share/tesse_msgs/hook/cmake_prefix_path.dsv'
[3.660s] INFO:colcon.colcon_core.shell:Creating environment hook '/home/aimane/humble_ws/src/VNAV_23/vnav_ws/install/tesse_msgs/share/tesse_msgs/hook/cmake_prefix_path.sh'
[3.662s] Level 1:colcon.colcon_core.environment:checking '/home/aimane/humble_ws/src/VNAV_23/vnav_ws/install/tesse_msgs/lib'
[3.662s] Level 1:colcon.colcon_core.shell:create_environment_hook('tesse_msgs', 'ld_library_path_lib')
[3.663s] INFO:colcon.colcon_core.shell:Creating environment hook '/home/aimane/humble_ws/src/VNAV_23/vnav_ws/install/tesse_msgs/share/tesse_msgs/hook/ld_library_path_lib.ps1'
[3.665s] INFO:colcon.colcon_core.shell:Creating environment descriptor '/home/aimane/humble_ws/src/VNAV_23/vnav_ws/install/tesse_msgs/share/tesse_msgs/hook/ld_library_path_lib.dsv'
[3.666s] INFO:colcon.colcon_core.shell:Creating environment hook '/home/aimane/humble_ws/src/VNAV_23/vnav_ws/install/tesse_msgs/share/tesse_msgs/hook/ld_library_path_lib.sh'
[3.670s] Level 1:colcon.colcon_core.environment:checking '/home/aimane/humble_ws/src/VNAV_23/vnav_ws/install/tesse_msgs/bin'
[3.670s] Level 1:colcon.colcon_core.environment:checking '/home/aimane/humble_ws/src/VNAV_23/vnav_ws/install/tesse_msgs/lib/pkgconfig/tesse_msgs.pc'
[3.672s] Level 1:colcon.colcon_core.environment:checking '/home/aimane/humble_ws/src/VNAV_23/vnav_ws/install/tesse_msgs/lib/python3.10/site-packages'
[3.674s] Level 1:colcon.colcon_core.environment:checking '/home/aimane/humble_ws/src/VNAV_23/vnav_ws/install/tesse_msgs/bin'
[3.675s] INFO:colcon.colcon_core.shell:Creating package script '/home/aimane/humble_ws/src/VNAV_23/vnav_ws/install/tesse_msgs/share/tesse_msgs/package.ps1'
[3.678s] INFO:colcon.colcon_core.shell:Creating package descriptor '/home/aimane/humble_ws/src/VNAV_23/vnav_ws/install/tesse_msgs/share/tesse_msgs/package.dsv'
[3.680s] INFO:colcon.colcon_core.shell:Creating package script '/home/aimane/humble_ws/src/VNAV_23/vnav_ws/install/tesse_msgs/share/tesse_msgs/package.sh'
[3.682s] INFO:colcon.colcon_core.shell:Creating package script '/home/aimane/humble_ws/src/VNAV_23/vnav_ws/install/tesse_msgs/share/tesse_msgs/package.bash'
[3.683s] INFO:colcon.colcon_core.shell:Creating package script '/home/aimane/humble_ws/src/VNAV_23/vnav_ws/install/tesse_msgs/share/tesse_msgs/package.zsh'
[3.685s] Level 1:colcon.colcon_core.environment:create_file_with_runtime_dependencies(/home/aimane/humble_ws/src/VNAV_23/vnav_ws/install/tesse_msgs/share/colcon-core/packages/tesse_msgs)
[3.723s] DEBUG:colcon.colcon_core.event_handler.log_command:Invoked command in '/home/aimane/humble_ws/src/VNAV_23/vnav_ws/build/controller_pkg' returned '0': AMENT_PREFIX_PATH=/home/aimane/humble_ws/src/VNAV_23/vnav_ws/install/mav_msgs CMAKE_PREFIX_PATH=/home/aimane/humble_ws/src/VNAV_23/vnav_ws/install/mav_msgs LD_LIBRARY_PATH=/home/aimane/humble_ws/src/VNAV_23/vnav_ws/install/mav_msgs/lib PYTHONPATH=/home/aimane/humble_ws/src/VNAV_23/vnav_ws/install/mav_msgs/local/lib/python3.10/dist-packages /usr/bin/cmake --build /home/aimane/humble_ws/src/VNAV_23/vnav_ws/build/controller_pkg -- -j8 -l8
[3.743s] DEBUG:colcon.colcon_core.event_handler.log_command:Invoking command in '/home/aimane/humble_ws/src/VNAV_23/vnav_ws/build/controller_pkg': AMENT_PREFIX_PATH=/home/aimane/humble_ws/src/VNAV_23/vnav_ws/install/mav_msgs CMAKE_PREFIX_PATH=/home/aimane/humble_ws/src/VNAV_23/vnav_ws/install/mav_msgs LD_LIBRARY_PATH=/home/aimane/humble_ws/src/VNAV_23/vnav_ws/install/mav_msgs/lib PYTHONPATH=/home/aimane/humble_ws/src/VNAV_23/vnav_ws/install/mav_msgs/local/lib/python3.10/dist-packages /usr/bin/cmake --install /home/aimane/humble_ws/src/VNAV_23/vnav_ws/build/controller_pkg
[3.782s] Level 1:colcon.colcon_core.environment:create_environment_scripts_only(controller_pkg)
[3.783s] Level 1:colcon.colcon_core.environment:checking '/home/aimane/humble_ws/src/VNAV_23/vnav_ws/install/controller_pkg' for CMake module files
[3.785s] DEBUG:colcon.colcon_core.event_handler.log_command:Invoked command in '/home/aimane/humble_ws/src/VNAV_23/vnav_ws/build/controller_pkg' returned '0': AMENT_PREFIX_PATH=/home/aimane/humble_ws/src/VNAV_23/vnav_ws/install/mav_msgs CMAKE_PREFIX_PATH=/home/aimane/humble_ws/src/VNAV_23/vnav_ws/install/mav_msgs LD_LIBRARY_PATH=/home/aimane/humble_ws/src/VNAV_23/vnav_ws/install/mav_msgs/lib PYTHONPATH=/home/aimane/humble_ws/src/VNAV_23/vnav_ws/install/mav_msgs/local/lib/python3.10/dist-packages /usr/bin/cmake --install /home/aimane/humble_ws/src/VNAV_23/vnav_ws/build/controller_pkg
[3.786s] Level 1:colcon.colcon_core.environment:checking '/home/aimane/humble_ws/src/VNAV_23/vnav_ws/install/controller_pkg' for CMake config files
[3.790s] Level 1:colcon.colcon_core.shell:create_environment_hook('controller_pkg', 'cmake_prefix_path')
[3.791s] INFO:colcon.colcon_core.shell:Creating environment hook '/home/aimane/humble_ws/src/VNAV_23/vnav_ws/install/controller_pkg/share/controller_pkg/hook/cmake_prefix_path.ps1'
[3.792s] INFO:colcon.colcon_core.shell:Creating environment descriptor '/home/aimane/humble_ws/src/VNAV_23/vnav_ws/install/controller_pkg/share/controller_pkg/hook/cmake_prefix_path.dsv'
[3.796s] INFO:colcon.colcon_core.shell:Creating environment hook '/home/aimane/humble_ws/src/VNAV_23/vnav_ws/install/controller_pkg/share/controller_pkg/hook/cmake_prefix_path.sh'
[3.802s] Level 1:colcon.colcon_core.environment:checking '/home/aimane/humble_ws/src/VNAV_23/vnav_ws/install/controller_pkg/lib'
[3.802s] Level 1:colcon.colcon_core.environment:checking '/home/aimane/humble_ws/src/VNAV_23/vnav_ws/install/controller_pkg/bin'
[3.802s] Level 1:colcon.colcon_core.environment:checking '/home/aimane/humble_ws/src/VNAV_23/vnav_ws/install/controller_pkg/lib/pkgconfig/controller_pkg.pc'
[3.803s] Level 1:colcon.colcon_core.environment:checking '/home/aimane/humble_ws/src/VNAV_23/vnav_ws/install/controller_pkg/lib/python3.10/site-packages'
[3.806s] Level 1:colcon.colcon_core.environment:checking '/home/aimane/humble_ws/src/VNAV_23/vnav_ws/install/controller_pkg/bin'
[3.806s] INFO:colcon.colcon_core.shell:Creating package script '/home/aimane/humble_ws/src/VNAV_23/vnav_ws/install/controller_pkg/share/controller_pkg/package.ps1'
[3.811s] INFO:colcon.colcon_core.shell:Creating package descriptor '/home/aimane/humble_ws/src/VNAV_23/vnav_ws/install/controller_pkg/share/controller_pkg/package.dsv'
[3.815s] INFO:colcon.colcon_core.shell:Creating package script '/home/aimane/humble_ws/src/VNAV_23/vnav_ws/install/controller_pkg/share/controller_pkg/package.sh'
[3.816s] INFO:colcon.colcon_core.shell:Creating package script '/home/aimane/humble_ws/src/VNAV_23/vnav_ws/install/controller_pkg/share/controller_pkg/package.bash'
[3.817s] INFO:colcon.colcon_core.shell:Creating package script '/home/aimane/humble_ws/src/VNAV_23/vnav_ws/install/controller_pkg/share/controller_pkg/package.zsh'
[3.818s] Level 1:colcon.colcon_core.environment:create_file_with_runtime_dependencies(/home/aimane/humble_ws/src/VNAV_23/vnav_ws/install/controller_pkg/share/colcon-core/packages/controller_pkg)
[3.823s] Level 1:colcon.colcon_core.environment:create_environment_scripts_only(controller_pkg)
[3.823s] Level 1:colcon.colcon_core.environment:checking '/home/aimane/humble_ws/src/VNAV_23/vnav_ws/install/controller_pkg' for CMake module files
[3.825s] Level 1:colcon.colcon_core.environment:checking '/home/aimane/humble_ws/src/VNAV_23/vnav_ws/install/controller_pkg' for CMake config files
[3.826s] Level 1:colcon.colcon_core.shell:create_environment_hook('controller_pkg', 'cmake_prefix_path')
[3.827s] INFO:colcon.colcon_core.shell:Creating environment hook '/home/aimane/humble_ws/src/VNAV_23/vnav_ws/install/controller_pkg/share/controller_pkg/hook/cmake_prefix_path.ps1'
[3.828s] INFO:colcon.colcon_core.shell:Creating environment descriptor '/home/aimane/humble_ws/src/VNAV_23/vnav_ws/install/controller_pkg/share/controller_pkg/hook/cmake_prefix_path.dsv'
[3.833s] INFO:colcon.colcon_core.shell:Creating environment hook '/home/aimane/humble_ws/src/VNAV_23/vnav_ws/install/controller_pkg/share/controller_pkg/hook/cmake_prefix_path.sh'
[3.834s] Level 1:colcon.colcon_core.environment:checking '/home/aimane/humble_ws/src/VNAV_23/vnav_ws/install/controller_pkg/lib'
[3.835s] Level 1:colcon.colcon_core.environment:checking '/home/aimane/humble_ws/src/VNAV_23/vnav_ws/install/controller_pkg/bin'
[3.835s] Level 1:colcon.colcon_core.environment:checking '/home/aimane/humble_ws/src/VNAV_23/vnav_ws/install/controller_pkg/lib/pkgconfig/controller_pkg.pc'
[3.836s] Level 1:colcon.colcon_core.environment:checking '/home/aimane/humble_ws/src/VNAV_23/vnav_ws/install/controller_pkg/lib/python3.10/site-packages'
[3.837s] Level 1:colcon.colcon_core.environment:checking '/home/aimane/humble_ws/src/VNAV_23/vnav_ws/install/controller_pkg/bin'
[3.838s] INFO:colcon.colcon_core.shell:Creating package script '/home/aimane/humble_ws/src/VNAV_23/vnav_ws/install/controller_pkg/share/controller_pkg/package.ps1'
[3.842s] INFO:colcon.colcon_core.shell:Creating package descriptor '/home/aimane/humble_ws/src/VNAV_23/vnav_ws/install/controller_pkg/share/controller_pkg/package.dsv'
[3.847s] INFO:colcon.colcon_core.shell:Creating package script '/home/aimane/humble_ws/src/VNAV_23/vnav_ws/install/controller_pkg/share/controller_pkg/package.sh'
[3.848s] INFO:colcon.colcon_core.shell:Creating package script '/home/aimane/humble_ws/src/VNAV_23/vnav_ws/install/controller_pkg/share/controller_pkg/package.bash'
[3.852s] INFO:colcon.colcon_core.shell:Creating package script '/home/aimane/humble_ws/src/VNAV_23/vnav_ws/install/controller_pkg/share/controller_pkg/package.zsh'
[3.853s] Level 1:colcon.colcon_core.environment:create_file_with_runtime_dependencies(/home/aimane/humble_ws/src/VNAV_23/vnav_ws/install/controller_pkg/share/colcon-core/packages/controller_pkg)
[3.987s] DEBUG:colcon.colcon_core.event_handler.log_command:Invoking command in '/home/aimane/humble_ws/src/VNAV_23/vnav_ws/src/Lab3/tesse_ros_bridge': PYTHONPATH=/home/aimane/humble_ws/src/VNAV_23/vnav_ws/build/tesse_ros_bridge/prefix_override:/usr/lib/python3/dist-packages/colcon_core/task/python/colcon_distutils_commands:/home/aimane/humble_ws/src/VNAV_23/vnav_ws/install/tesse_ros_bridge/lib/python3.10/site-packages: /usr/bin/python3 -W ignore:setup.py install is deprecated -W ignore:easy_install command is deprecated setup.py egg_info --egg-base ../../../build/tesse_ros_bridge build --build-base /home/aimane/humble_ws/src/VNAV_23/vnav_ws/build/tesse_ros_bridge/build install --record /home/aimane/humble_ws/src/VNAV_23/vnav_ws/build/tesse_ros_bridge/install.log --single-version-externally-managed install_data
[4.260s] Level 1:colcon.colcon_core.environment:checking '/home/aimane/humble_ws/src/VNAV_23/vnav_ws/install/tesse' for CMake module files
[4.261s] DEBUG:colcon.colcon_core.event_handler.log_command:Invoked command in '/home/aimane/humble_ws/src/VNAV_23/vnav_ws/src/Lab3/tesse-interface' returned '0': PYTHONPATH=/home/aimane/humble_ws/src/VNAV_23/vnav_ws/build/tesse/prefix_override:/usr/lib/python3/dist-packages/colcon_core/task/python/colcon_distutils_commands:/home/aimane/humble_ws/src/VNAV_23/vnav_ws/install/tesse/lib/python3.10/site-packages: /usr/bin/python3 -W ignore:setup.py install is deprecated -W ignore:easy_install command is deprecated setup.py egg_info --egg-base ../../../build/tesse build --build-base /home/aimane/humble_ws/src/VNAV_23/vnav_ws/build/tesse/build install --record /home/aimane/humble_ws/src/VNAV_23/vnav_ws/build/tesse/install.log --single-version-externally-managed
[4.261s] Level 1:colcon.colcon_core.environment:checking '/home/aimane/humble_ws/src/VNAV_23/vnav_ws/install/tesse' for CMake config files
[4.262s] Level 1:colcon.colcon_core.environment:checking '/home/aimane/humble_ws/src/VNAV_23/vnav_ws/install/tesse/lib'
[4.263s] Level 1:colcon.colcon_core.environment:checking '/home/aimane/humble_ws/src/VNAV_23/vnav_ws/install/tesse/bin'
[4.263s] Level 1:colcon.colcon_core.environment:checking '/home/aimane/humble_ws/src/VNAV_23/vnav_ws/install/tesse/lib/pkgconfig/tesse.pc'
[4.263s] Level 1:colcon.colcon_core.environment:checking '/home/aimane/humble_ws/src/VNAV_23/vnav_ws/install/tesse/lib/python3.10/site-packages'
[4.263s] Level 1:colcon.colcon_core.shell:create_environment_hook('tesse', 'pythonpath')
[4.264s] INFO:colcon.colcon_core.shell:Creating environment hook '/home/aimane/humble_ws/src/VNAV_23/vnav_ws/install/tesse/share/tesse/hook/pythonpath.ps1'
[4.269s] INFO:colcon.colcon_core.shell:Creating environment descriptor '/home/aimane/humble_ws/src/VNAV_23/vnav_ws/install/tesse/share/tesse/hook/pythonpath.dsv'
[4.270s] INFO:colcon.colcon_core.shell:Creating environment hook '/home/aimane/humble_ws/src/VNAV_23/vnav_ws/install/tesse/share/tesse/hook/pythonpath.sh'
[4.271s] Level 1:colcon.colcon_core.environment:checking '/home/aimane/humble_ws/src/VNAV_23/vnav_ws/install/tesse/bin'
[4.271s] Level 1:colcon.colcon_core.environment:create_environment_scripts_only(tesse)
[4.275s] INFO:colcon.colcon_core.shell:Creating package script '/home/aimane/humble_ws/src/VNAV_23/vnav_ws/install/tesse/share/tesse/package.ps1'
[4.276s] INFO:colcon.colcon_core.shell:Creating package descriptor '/home/aimane/humble_ws/src/VNAV_23/vnav_ws/install/tesse/share/tesse/package.dsv'
[4.277s] INFO:colcon.colcon_core.shell:Creating package script '/home/aimane/humble_ws/src/VNAV_23/vnav_ws/install/tesse/share/tesse/package.sh'
[4.281s] INFO:colcon.colcon_core.shell:Creating package script '/home/aimane/humble_ws/src/VNAV_23/vnav_ws/install/tesse/share/tesse/package.bash'
[4.282s] INFO:colcon.colcon_core.shell:Creating package script '/home/aimane/humble_ws/src/VNAV_23/vnav_ws/install/tesse/share/tesse/package.zsh'
[4.282s] Level 1:colcon.colcon_core.environment:create_file_with_runtime_dependencies(/home/aimane/humble_ws/src/VNAV_23/vnav_ws/install/tesse/share/colcon-core/packages/tesse)
[4.578s] DEBUG:colcon.colcon_core.event_handler.log_command:Invoked command in '/home/aimane/humble_ws/src/VNAV_23/vnav_ws/build/mav_planning_msgs' returned '0': AMENT_PREFIX_PATH=/home/aimane/humble_ws/src/VNAV_23/vnav_ws/install/mav_msgs CMAKE_PREFIX_PATH=/home/aimane/humble_ws/src/VNAV_23/vnav_ws/install/mav_msgs LD_LIBRARY_PATH=/home/aimane/humble_ws/src/VNAV_23/vnav_ws/install/mav_msgs/lib PYTHONPATH=/home/aimane/humble_ws/src/VNAV_23/vnav_ws/install/mav_msgs/local/lib/python3.10/dist-packages /usr/bin/cmake --build /home/aimane/humble_ws/src/VNAV_23/vnav_ws/build/mav_planning_msgs -- -j8 -l8
[4.580s] DEBUG:colcon.colcon_core.event_handler.log_command:Invoking command in '/home/aimane/humble_ws/src/VNAV_23/vnav_ws/build/mav_planning_msgs': AMENT_PREFIX_PATH=/home/aimane/humble_ws/src/VNAV_23/vnav_ws/install/mav_msgs CMAKE_PREFIX_PATH=/home/aimane/humble_ws/src/VNAV_23/vnav_ws/install/mav_msgs LD_LIBRARY_PATH=/home/aimane/humble_ws/src/VNAV_23/vnav_ws/install/mav_msgs/lib PYTHONPATH=/home/aimane/humble_ws/src/VNAV_23/vnav_ws/install/mav_msgs/local/lib/python3.10/dist-packages /usr/bin/cmake --install /home/aimane/humble_ws/src/VNAV_23/vnav_ws/build/mav_planning_msgs
[4.662s] Level 1:colcon.colcon_core.environment:checking '/home/aimane/humble_ws/src/VNAV_23/vnav_ws/install/tesse_ros_bridge' for CMake module files
[4.675s] Level 1:colcon.colcon_core.environment:checking '/home/aimane/humble_ws/src/VNAV_23/vnav_ws/install/tesse_ros_bridge' for CMake config files
[4.679s] Level 1:colcon.colcon_core.environment:checking '/home/aimane/humble_ws/src/VNAV_23/vnav_ws/install/tesse_ros_bridge/lib'
[4.679s] Level 1:colcon.colcon_core.environment:checking '/home/aimane/humble_ws/src/VNAV_23/vnav_ws/install/tesse_ros_bridge/bin'
[4.680s] Level 1:colcon.colcon_core.environment:checking '/home/aimane/humble_ws/src/VNAV_23/vnav_ws/install/tesse_ros_bridge/lib/pkgconfig/tesse_ros_bridge.pc'
[4.680s] Level 1:colcon.colcon_core.environment:checking '/home/aimane/humble_ws/src/VNAV_23/vnav_ws/install/tesse_ros_bridge/lib/python3.10/site-packages'
[4.687s] Level 1:colcon.colcon_core.shell:create_environment_hook('tesse_ros_bridge', 'pythonpath')
[4.687s] INFO:colcon.colcon_core.shell:Creating environment hook '/home/aimane/humble_ws/src/VNAV_23/vnav_ws/install/tesse_ros_bridge/share/tesse_ros_bridge/hook/pythonpath.ps1'
[4.690s] INFO:colcon.colcon_core.shell:Creating environment descriptor '/home/aimane/humble_ws/src/VNAV_23/vnav_ws/install/tesse_ros_bridge/share/tesse_ros_bridge/hook/pythonpath.dsv'
[4.691s] INFO:colcon.colcon_core.shell:Creating environment hook '/home/aimane/humble_ws/src/VNAV_23/vnav_ws/install/tesse_ros_bridge/share/tesse_ros_bridge/hook/pythonpath.sh'
[4.692s] Level 1:colcon.colcon_core.environment:checking '/home/aimane/humble_ws/src/VNAV_23/vnav_ws/install/tesse_ros_bridge/bin'
[4.692s] Level 1:colcon.colcon_core.environment:create_environment_scripts_only(tesse_ros_bridge)
[4.693s] INFO:colcon.colcon_core.shell:Creating package script '/home/aimane/humble_ws/src/VNAV_23/vnav_ws/install/tesse_ros_bridge/share/tesse_ros_bridge/package.ps1'
[4.707s] INFO:colcon.colcon_core.shell:Creating package descriptor '/home/aimane/humble_ws/src/VNAV_23/vnav_ws/install/tesse_ros_bridge/share/tesse_ros_bridge/package.dsv'
[4.708s] INFO:colcon.colcon_core.shell:Creating package script '/home/aimane/humble_ws/src/VNAV_23/vnav_ws/install/tesse_ros_bridge/share/tesse_ros_bridge/package.sh'
[4.709s] INFO:colcon.colcon_core.shell:Creating package script '/home/aimane/humble_ws/src/VNAV_23/vnav_ws/install/tesse_ros_bridge/share/tesse_ros_bridge/package.bash'
[4.717s] DEBUG:colcon.colcon_core.event_handler.log_command:Invoked command in '/home/aimane/humble_ws/src/VNAV_23/vnav_ws/src/Lab3/tesse_ros_bridge' returned '0': PYTHONPATH=/home/aimane/humble_ws/src/VNAV_23/vnav_ws/build/tesse_ros_bridge/prefix_override:/usr/lib/python3/dist-packages/colcon_core/task/python/colcon_distutils_commands:/home/aimane/humble_ws/src/VNAV_23/vnav_ws/install/tesse_ros_bridge/lib/python3.10/site-packages: /usr/bin/python3 -W ignore:setup.py install is deprecated -W ignore:easy_install command is deprecated setup.py egg_info --egg-base ../../../build/tesse_ros_bridge build --build-base /home/aimane/humble_ws/src/VNAV_23/vnav_ws/build/tesse_ros_bridge/build install --record /home/aimane/humble_ws/src/VNAV_23/vnav_ws/build/tesse_ros_bridge/install.log --single-version-externally-managed install_data
[4.728s] INFO:colcon.colcon_core.shell:Creating package script '/home/aimane/humble_ws/src/VNAV_23/vnav_ws/install/tesse_ros_bridge/share/tesse_ros_bridge/package.zsh'
[4.729s] Level 1:colcon.colcon_core.environment:create_file_with_runtime_dependencies(/home/aimane/humble_ws/src/VNAV_23/vnav_ws/install/tesse_ros_bridge/share/colcon-core/packages/tesse_ros_bridge)
[4.825s] Level 1:colcon.colcon_core.environment:create_environment_scripts_only(mav_planning_msgs)
[4.826s] Level 1:colcon.colcon_core.environment:checking '/home/aimane/humble_ws/src/VNAV_23/vnav_ws/install/mav_planning_msgs' for CMake module files
[4.828s] DEBUG:colcon.colcon_core.event_handler.log_command:Invoked command in '/home/aimane/humble_ws/src/VNAV_23/vnav_ws/build/mav_planning_msgs' returned '0': AMENT_PREFIX_PATH=/home/aimane/humble_ws/src/VNAV_23/vnav_ws/install/mav_msgs CMAKE_PREFIX_PATH=/home/aimane/humble_ws/src/VNAV_23/vnav_ws/install/mav_msgs LD_LIBRARY_PATH=/home/aimane/humble_ws/src/VNAV_23/vnav_ws/install/mav_msgs/lib PYTHONPATH=/home/aimane/humble_ws/src/VNAV_23/vnav_ws/install/mav_msgs/local/lib/python3.10/dist-packages /usr/bin/cmake --install /home/aimane/humble_ws/src/VNAV_23/vnav_ws/build/mav_planning_msgs
[4.829s] Level 1:colcon.colcon_core.environment:checking '/home/aimane/humble_ws/src/VNAV_23/vnav_ws/install/mav_planning_msgs' for CMake config files
[4.831s] Level 1:colcon.colcon_core.shell:create_environment_hook('mav_planning_msgs', 'cmake_prefix_path')
[4.832s] INFO:colcon.colcon_core.shell:Creating environment hook '/home/aimane/humble_ws/src/VNAV_23/vnav_ws/install/mav_planning_msgs/share/mav_planning_msgs/hook/cmake_prefix_path.ps1'
[4.834s] INFO:colcon.colcon_core.shell:Creating environment descriptor '/home/aimane/humble_ws/src/VNAV_23/vnav_ws/install/mav_planning_msgs/share/mav_planning_msgs/hook/cmake_prefix_path.dsv'
[4.835s] INFO:colcon.colcon_core.shell:Creating environment hook '/home/aimane/humble_ws/src/VNAV_23/vnav_ws/install/mav_planning_msgs/share/mav_planning_msgs/hook/cmake_prefix_path.sh'
[4.839s] Level 1:colcon.colcon_core.environment:checking '/home/aimane/humble_ws/src/VNAV_23/vnav_ws/install/mav_planning_msgs/lib'
[4.839s] Level 1:colcon.colcon_core.shell:create_environment_hook('mav_planning_msgs', 'ld_library_path_lib')
[4.840s] INFO:colcon.colcon_core.shell:Creating environment hook '/home/aimane/humble_ws/src/VNAV_23/vnav_ws/install/mav_planning_msgs/share/mav_planning_msgs/hook/ld_library_path_lib.ps1'
[4.841s] INFO:colcon.colcon_core.shell:Creating environment descriptor '/home/aimane/humble_ws/src/VNAV_23/vnav_ws/install/mav_planning_msgs/share/mav_planning_msgs/hook/ld_library_path_lib.dsv'
[4.842s] INFO:colcon.colcon_core.shell:Creating environment hook '/home/aimane/humble_ws/src/VNAV_23/vnav_ws/install/mav_planning_msgs/share/mav_planning_msgs/hook/ld_library_path_lib.sh'
[4.842s] Level 1:colcon.colcon_core.environment:checking '/home/aimane/humble_ws/src/VNAV_23/vnav_ws/install/mav_planning_msgs/bin'
[4.843s] Level 1:colcon.colcon_core.environment:checking '/home/aimane/humble_ws/src/VNAV_23/vnav_ws/install/mav_planning_msgs/lib/pkgconfig/mav_planning_msgs.pc'
[4.843s] Level 1:colcon.colcon_core.environment:checking '/home/aimane/humble_ws/src/VNAV_23/vnav_ws/install/mav_planning_msgs/lib/python3.10/site-packages'
[4.844s] Level 1:colcon.colcon_core.environment:checking '/home/aimane/humble_ws/src/VNAV_23/vnav_ws/install/mav_planning_msgs/bin'
[4.845s] INFO:colcon.colcon_core.shell:Creating package script '/home/aimane/humble_ws/src/VNAV_23/vnav_ws/install/mav_planning_msgs/share/mav_planning_msgs/package.ps1'
[4.846s] INFO:colcon.colcon_core.shell:Creating package descriptor '/home/aimane/humble_ws/src/VNAV_23/vnav_ws/install/mav_planning_msgs/share/mav_planning_msgs/package.dsv'
[4.847s] INFO:colcon.colcon_core.shell:Creating package script '/home/aimane/humble_ws/src/VNAV_23/vnav_ws/install/mav_planning_msgs/share/mav_planning_msgs/package.sh'
[4.848s] INFO:colcon.colcon_core.shell:Creating package script '/home/aimane/humble_ws/src/VNAV_23/vnav_ws/install/mav_planning_msgs/share/mav_planning_msgs/package.bash'
[4.849s] INFO:colcon.colcon_core.shell:Creating package script '/home/aimane/humble_ws/src/VNAV_23/vnav_ws/install/mav_planning_msgs/share/mav_planning_msgs/package.zsh'
[4.850s] Level 1:colcon.colcon_core.environment:create_file_with_runtime_dependencies(/home/aimane/humble_ws/src/VNAV_23/vnav_ws/install/mav_planning_msgs/share/colcon-core/packages/mav_planning_msgs)
[4.851s] Level 1:colcon.colcon_core.environment:create_environment_scripts_only(mav_planning_msgs)
[4.852s] Level 1:colcon.colcon_core.environment:checking '/home/aimane/humble_ws/src/VNAV_23/vnav_ws/install/mav_planning_msgs' for CMake module files
[4.854s] Level 1:colcon.colcon_core.environment:checking '/home/aimane/humble_ws/src/VNAV_23/vnav_ws/install/mav_planning_msgs' for CMake config files
[4.855s] Level 1:colcon.colcon_core.shell:create_environment_hook('mav_planning_msgs', 'cmake_prefix_path')
[4.856s] INFO:colcon.colcon_core.shell:Creating environment hook '/home/aimane/humble_ws/src/VNAV_23/vnav_ws/install/mav_planning_msgs/share/mav_planning_msgs/hook/cmake_prefix_path.ps1'
[4.857s] INFO:colcon.colcon_core.shell:Creating environment descriptor '/home/aimane/humble_ws/src/VNAV_23/vnav_ws/install/mav_planning_msgs/share/mav_planning_msgs/hook/cmake_prefix_path.dsv'
[4.857s] INFO:colcon.colcon_core.shell:Creating environment hook '/home/aimane/humble_ws/src/VNAV_23/vnav_ws/install/mav_planning_msgs/share/mav_planning_msgs/hook/cmake_prefix_path.sh'
[4.859s] Level 1:colcon.colcon_core.environment:checking '/home/aimane/humble_ws/src/VNAV_23/vnav_ws/install/mav_planning_msgs/lib'
[4.859s] Level 1:colcon.colcon_core.shell:create_environment_hook('mav_planning_msgs', 'ld_library_path_lib')
[4.859s] INFO:colcon.colcon_core.shell:Creating environment hook '/home/aimane/humble_ws/src/VNAV_23/vnav_ws/install/mav_planning_msgs/share/mav_planning_msgs/hook/ld_library_path_lib.ps1'
[4.860s] INFO:colcon.colcon_core.shell:Creating environment descriptor '/home/aimane/humble_ws/src/VNAV_23/vnav_ws/install/mav_planning_msgs/share/mav_planning_msgs/hook/ld_library_path_lib.dsv'
[4.870s] INFO:colcon.colcon_core.shell:Creating environment hook '/home/aimane/humble_ws/src/VNAV_23/vnav_ws/install/mav_planning_msgs/share/mav_planning_msgs/hook/ld_library_path_lib.sh'
[4.871s] Level 1:colcon.colcon_core.environment:checking '/home/aimane/humble_ws/src/VNAV_23/vnav_ws/install/mav_planning_msgs/bin'
[4.871s] Level 1:colcon.colcon_core.environment:checking '/home/aimane/humble_ws/src/VNAV_23/vnav_ws/install/mav_planning_msgs/lib/pkgconfig/mav_planning_msgs.pc'
[4.871s] Level 1:colcon.colcon_core.environment:checking '/home/aimane/humble_ws/src/VNAV_23/vnav_ws/install/mav_planning_msgs/lib/python3.10/site-packages'
[4.872s] Level 1:colcon.colcon_core.environment:checking '/home/aimane/humble_ws/src/VNAV_23/vnav_ws/install/mav_planning_msgs/bin'
[4.876s] INFO:colcon.colcon_core.shell:Creating package script '/home/aimane/humble_ws/src/VNAV_23/vnav_ws/install/mav_planning_msgs/share/mav_planning_msgs/package.ps1'
[4.877s] INFO:colcon.colcon_core.shell:Creating package descriptor '/home/aimane/humble_ws/src/VNAV_23/vnav_ws/install/mav_planning_msgs/share/mav_planning_msgs/package.dsv'
[4.882s] INFO:colcon.colcon_core.shell:Creating package script '/home/aimane/humble_ws/src/VNAV_23/vnav_ws/install/mav_planning_msgs/share/mav_planning_msgs/package.sh'
[4.883s] INFO:colcon.colcon_core.shell:Creating package script '/home/aimane/humble_ws/src/VNAV_23/vnav_ws/install/mav_planning_msgs/share/mav_planning_msgs/package.bash'
[4.887s] INFO:colcon.colcon_core.shell:Creating package script '/home/aimane/humble_ws/src/VNAV_23/vnav_ws/install/mav_planning_msgs/share/mav_planning_msgs/package.zsh'
[4.888s] Level 1:colcon.colcon_core.environment:create_file_with_runtime_dependencies(/home/aimane/humble_ws/src/VNAV_23/vnav_ws/install/mav_planning_msgs/share/colcon-core/packages/mav_planning_msgs)
[4.892s] INFO:colcon.colcon_ros.task.ament_cmake.build:Building ROS package in '/home/aimane/humble_ws/src/VNAV_23/vnav_ws/src/mav_comm/mav_comm' with build type 'ament_cmake'
[4.893s] INFO:colcon.colcon_cmake.task.cmake.build:Building CMake package in '/home/aimane/humble_ws/src/VNAV_23/vnav_ws/src/mav_comm/mav_comm'
[4.893s] INFO:colcon.colcon_core.shell:Skip shell extension 'powershell' for command environment: Not usable outside of PowerShell
[4.893s] DEBUG:colcon.colcon_core.shell:Skip shell extension 'dsv' for command environment
[4.956s] DEBUG:colcon.colcon_core.event_handler.log_command:Invoking command in '/home/aimane/humble_ws/src/VNAV_23/vnav_ws/build/mav_comm': AMENT_PREFIX_PATH=/home/aimane/humble_ws/src/VNAV_23/vnav_ws/install/mav_planning_msgs:/home/aimane/humble_ws/src/VNAV_23/vnav_ws/install/mav_system_msgs:/home/aimane/humble_ws/src/VNAV_23/vnav_ws/install/mav_state_machine_msgs:/home/aimane/humble_ws/src/VNAV_23/vnav_ws/install/mav_msgs CMAKE_PREFIX_PATH=/home/aimane/humble_ws/src/VNAV_23/vnav_ws/install/mav_planning_msgs:/home/aimane/humble_ws/src/VNAV_23/vnav_ws/install/mav_system_msgs:/home/aimane/humble_ws/src/VNAV_23/vnav_ws/install/mav_state_machine_msgs:/home/aimane/humble_ws/src/VNAV_23/vnav_ws/install/mav_msgs LD_LIBRARY_PATH=/home/aimane/humble_ws/src/VNAV_23/vnav_ws/install/mav_planning_msgs/lib:/home/aimane/humble_ws/src/VNAV_23/vnav_ws/install/mav_system_msgs/lib:/home/aimane/humble_ws/src/VNAV_23/vnav_ws/install/mav_state_machine_msgs/lib:/home/aimane/humble_ws/src/VNAV_23/vnav_ws/install/mav_msgs/lib PYTHONPATH=/home/aimane/humble_ws/src/VNAV_23/vnav_ws/install/mav_planning_msgs/local/lib/python3.10/dist-packages:/home/aimane/humble_ws/src/VNAV_23/vnav_ws/install/mav_msgs/local/lib/python3.10/dist-packages /usr/bin/cmake --build /home/aimane/humble_ws/src/VNAV_23/vnav_ws/build/mav_comm -- -j8 -l8
[5.106s] DEBUG:colcon.colcon_core.event_handler.log_command:Invoked command in '/home/aimane/humble_ws/src/VNAV_23/vnav_ws/build/mav_comm' returned '0': AMENT_PREFIX_PATH=/home/aimane/humble_ws/src/VNAV_23/vnav_ws/install/mav_planning_msgs:/home/aimane/humble_ws/src/VNAV_23/vnav_ws/install/mav_system_msgs:/home/aimane/humble_ws/src/VNAV_23/vnav_ws/install/mav_state_machine_msgs:/home/aimane/humble_ws/src/VNAV_23/vnav_ws/install/mav_msgs CMAKE_PREFIX_PATH=/home/aimane/humble_ws/src/VNAV_23/vnav_ws/install/mav_planning_msgs:/home/aimane/humble_ws/src/VNAV_23/vnav_ws/install/mav_system_msgs:/home/aimane/humble_ws/src/VNAV_23/vnav_ws/install/mav_state_machine_msgs:/home/aimane/humble_ws/src/VNAV_23/vnav_ws/install/mav_msgs LD_LIBRARY_PATH=/home/aimane/humble_ws/src/VNAV_23/vnav_ws/install/mav_planning_msgs/lib:/home/aimane/humble_ws/src/VNAV_23/vnav_ws/install/mav_system_msgs/lib:/home/aimane/humble_ws/src/VNAV_23/vnav_ws/install/mav_state_machine_msgs/lib:/home/aimane/humble_ws/src/VNAV_23/vnav_ws/install/mav_msgs/lib PYTHONPATH=/home/aimane/humble_ws/src/VNAV_23/vnav_ws/install/mav_planning_msgs/local/lib/python3.10/dist-packages:/home/aimane/humble_ws/src/VNAV_23/vnav_ws/install/mav_msgs/local/lib/python3.10/dist-packages /usr/bin/cmake --build /home/aimane/humble_ws/src/VNAV_23/vnav_ws/build/mav_comm -- -j8 -l8
[5.111s] DEBUG:colcon.colcon_core.event_handler.log_command:Invoking command in '/home/aimane/humble_ws/src/VNAV_23/vnav_ws/build/mav_comm': AMENT_PREFIX_PATH=/home/aimane/humble_ws/src/VNAV_23/vnav_ws/install/mav_planning_msgs:/home/aimane/humble_ws/src/VNAV_23/vnav_ws/install/mav_system_msgs:/home/aimane/humble_ws/src/VNAV_23/vnav_ws/install/mav_state_machine_msgs:/home/aimane/humble_ws/src/VNAV_23/vnav_ws/install/mav_msgs CMAKE_PREFIX_PATH=/home/aimane/humble_ws/src/VNAV_23/vnav_ws/install/mav_planning_msgs:/home/aimane/humble_ws/src/VNAV_23/vnav_ws/install/mav_system_msgs:/home/aimane/humble_ws/src/VNAV_23/vnav_ws/install/mav_state_machine_msgs:/home/aimane/humble_ws/src/VNAV_23/vnav_ws/install/mav_msgs LD_LIBRARY_PATH=/home/aimane/humble_ws/src/VNAV_23/vnav_ws/install/mav_planning_msgs/lib:/home/aimane/humble_ws/src/VNAV_23/vnav_ws/install/mav_system_msgs/lib:/home/aimane/humble_ws/src/VNAV_23/vnav_ws/install/mav_state_machine_msgs/lib:/home/aimane/humble_ws/src/VNAV_23/vnav_ws/install/mav_msgs/lib PYTHONPATH=/home/aimane/humble_ws/src/VNAV_23/vnav_ws/install/mav_planning_msgs/local/lib/python3.10/dist-packages:/home/aimane/humble_ws/src/VNAV_23/vnav_ws/install/mav_msgs/local/lib/python3.10/dist-packages /usr/bin/cmake --install /home/aimane/humble_ws/src/VNAV_23/vnav_ws/build/mav_comm
[5.153s] Level 1:colcon.colcon_core.environment:create_environment_scripts_only(mav_comm)
[5.153s] Level 1:colcon.colcon_core.environment:checking '/home/aimane/humble_ws/src/VNAV_23/vnav_ws/install/mav_comm' for CMake module files
[5.157s] Level 1:colcon.colcon_core.environment:checking '/home/aimane/humble_ws/src/VNAV_23/vnav_ws/install/mav_comm' for CMake config files
[5.158s] Level 1:colcon.colcon_core.shell:create_environment_hook('mav_comm', 'cmake_prefix_path')
[5.158s] INFO:colcon.colcon_core.shell:Creating environment hook '/home/aimane/humble_ws/src/VNAV_23/vnav_ws/install/mav_comm/share/mav_comm/hook/cmake_prefix_path.ps1'
[5.162s] INFO:colcon.colcon_core.shell:Creating environment descriptor '/home/aimane/humble_ws/src/VNAV_23/vnav_ws/install/mav_comm/share/mav_comm/hook/cmake_prefix_path.dsv'
[5.163s] DEBUG:colcon.colcon_core.event_handler.log_command:Invoked command in '/home/aimane/humble_ws/src/VNAV_23/vnav_ws/build/mav_comm' returned '0': AMENT_PREFIX_PATH=/home/aimane/humble_ws/src/VNAV_23/vnav_ws/install/mav_planning_msgs:/home/aimane/humble_ws/src/VNAV_23/vnav_ws/install/mav_system_msgs:/home/aimane/humble_ws/src/VNAV_23/vnav_ws/install/mav_state_machine_msgs:/home/aimane/humble_ws/src/VNAV_23/vnav_ws/install/mav_msgs CMAKE_PREFIX_PATH=/home/aimane/humble_ws/src/VNAV_23/vnav_ws/install/mav_planning_msgs:/home/aimane/humble_ws/src/VNAV_23/vnav_ws/install/mav_system_msgs:/home/aimane/humble_ws/src/VNAV_23/vnav_ws/install/mav_state_machine_msgs:/home/aimane/humble_ws/src/VNAV_23/vnav_ws/install/mav_msgs LD_LIBRARY_PATH=/home/aimane/humble_ws/src/VNAV_23/vnav_ws/install/mav_planning_msgs/lib:/home/aimane/humble_ws/src/VNAV_23/vnav_ws/install/mav_system_msgs/lib:/home/aimane/humble_ws/src/VNAV_23/vnav_ws/install/mav_state_machine_msgs/lib:/home/aimane/humble_ws/src/VNAV_23/vnav_ws/install/mav_msgs/lib PYTHONPATH=/home/aimane/humble_ws/src/VNAV_23/vnav_ws/install/mav_planning_msgs/local/lib/python3.10/dist-packages:/home/aimane/humble_ws/src/VNAV_23/vnav_ws/install/mav_msgs/local/lib/python3.10/dist-packages /usr/bin/cmake --install /home/aimane/humble_ws/src/VNAV_23/vnav_ws/build/mav_comm
[5.164s] INFO:colcon.colcon_core.shell:Creating environment hook '/home/aimane/humble_ws/src/VNAV_23/vnav_ws/install/mav_comm/share/mav_comm/hook/cmake_prefix_path.sh'
[5.165s] Level 1:colcon.colcon_core.environment:checking '/home/aimane/humble_ws/src/VNAV_23/vnav_ws/install/mav_comm/bin'
[5.165s] Level 1:colcon.colcon_core.environment:checking '/home/aimane/humble_ws/src/VNAV_23/vnav_ws/install/mav_comm/lib/pkgconfig/mav_comm.pc'
[5.165s] Level 1:colcon.colcon_core.environment:checking '/home/aimane/humble_ws/src/VNAV_23/vnav_ws/install/mav_comm/lib/python3.10/site-packages'
[5.166s] Level 1:colcon.colcon_core.environment:checking '/home/aimane/humble_ws/src/VNAV_23/vnav_ws/install/mav_comm/bin'
[5.170s] INFO:colcon.colcon_core.shell:Creating package script '/home/aimane/humble_ws/src/VNAV_23/vnav_ws/install/mav_comm/share/mav_comm/package.ps1'
[5.171s] INFO:colcon.colcon_core.shell:Creating package descriptor '/home/aimane/humble_ws/src/VNAV_23/vnav_ws/install/mav_comm/share/mav_comm/package.dsv'
[5.171s] INFO:colcon.colcon_core.shell:Creating package script '/home/aimane/humble_ws/src/VNAV_23/vnav_ws/install/mav_comm/share/mav_comm/package.sh'
[5.172s] INFO:colcon.colcon_core.shell:Creating package script '/home/aimane/humble_ws/src/VNAV_23/vnav_ws/install/mav_comm/share/mav_comm/package.bash'
[5.176s] INFO:colcon.colcon_core.shell:Creating package script '/home/aimane/humble_ws/src/VNAV_23/vnav_ws/install/mav_comm/share/mav_comm/package.zsh'
[5.177s] Level 1:colcon.colcon_core.environment:create_file_with_runtime_dependencies(/home/aimane/humble_ws/src/VNAV_23/vnav_ws/install/mav_comm/share/colcon-core/packages/mav_comm)
[5.178s] Level 1:colcon.colcon_core.environment:create_environment_scripts_only(mav_comm)
[5.178s] Level 1:colcon.colcon_core.environment:checking '/home/aimane/humble_ws/src/VNAV_23/vnav_ws/install/mav_comm' for CMake module files
[5.182s] Level 1:colcon.colcon_core.environment:checking '/home/aimane/humble_ws/src/VNAV_23/vnav_ws/install/mav_comm' for CMake config files
[5.183s] Level 1:colcon.colcon_core.shell:create_environment_hook('mav_comm', 'cmake_prefix_path')
[5.183s] INFO:colcon.colcon_core.shell:Creating environment hook '/home/aimane/humble_ws/src/VNAV_23/vnav_ws/install/mav_comm/share/mav_comm/hook/cmake_prefix_path.ps1'
[5.184s] INFO:colcon.colcon_core.shell:Creating environment descriptor '/home/aimane/humble_ws/src/VNAV_23/vnav_ws/install/mav_comm/share/mav_comm/hook/cmake_prefix_path.dsv'
[5.188s] INFO:colcon.colcon_core.shell:Creating environment hook '/home/aimane/humble_ws/src/VNAV_23/vnav_ws/install/mav_comm/share/mav_comm/hook/cmake_prefix_path.sh'
[5.225s] Level 1:colcon.colcon_core.environment:checking '/home/aimane/humble_ws/src/VNAV_23/vnav_ws/install/mav_comm/bin'
[5.225s] Level 1:colcon.colcon_core.environment:checking '/home/aimane/humble_ws/src/VNAV_23/vnav_ws/install/mav_comm/lib/pkgconfig/mav_comm.pc'
[5.226s] Level 1:colcon.colcon_core.environment:checking '/home/aimane/humble_ws/src/VNAV_23/vnav_ws/install/mav_comm/lib/python3.10/site-packages'
[5.227s] Level 1:colcon.colcon_core.environment:checking '/home/aimane/humble_ws/src/VNAV_23/vnav_ws/install/mav_comm/bin'
[5.227s] INFO:colcon.colcon_core.shell:Creating package script '/home/aimane/humble_ws/src/VNAV_23/vnav_ws/install/mav_comm/share/mav_comm/package.ps1'
[5.232s] INFO:colcon.colcon_core.shell:Creating package descriptor '/home/aimane/humble_ws/src/VNAV_23/vnav_ws/install/mav_comm/share/mav_comm/package.dsv'
[5.233s] INFO:colcon.colcon_core.shell:Creating package script '/home/aimane/humble_ws/src/VNAV_23/vnav_ws/install/mav_comm/share/mav_comm/package.sh'
[5.237s] INFO:colcon.colcon_core.shell:Creating package script '/home/aimane/humble_ws/src/VNAV_23/vnav_ws/install/mav_comm/share/mav_comm/package.bash'
[5.237s] INFO:colcon.colcon_core.shell:Creating package script '/home/aimane/humble_ws/src/VNAV_23/vnav_ws/install/mav_comm/share/mav_comm/package.zsh'
[5.238s] Level 1:colcon.colcon_core.environment:create_file_with_runtime_dependencies(/home/aimane/humble_ws/src/VNAV_23/vnav_ws/install/mav_comm/share/colcon-core/packages/mav_comm)
[5.240s] DEBUG:colcon.colcon_parallel_executor.executor.parallel:closing loop
[5.240s] DEBUG:colcon.colcon_parallel_executor.executor.parallel:loop closed
[5.241s] DEBUG:colcon.colcon_parallel_executor.executor.parallel:run_until_complete finished with '0'
[5.241s] DEBUG:colcon.colcon_core.event_reactor:joining thread
[5.254s] INFO:colcon.colcon_core.plugin_system:Skipping extension 'colcon_notification.desktop_notification.notify_send': Could not find 'notify-send'
[5.254s] INFO:colcon.colcon_core.plugin_system:Skipping extension 'colcon_notification.desktop_notification.terminal_notifier': Not used on non-Darwin systems
[5.255s] INFO:colcon.colcon_core.plugin_system:Skipping extension 'colcon_notification.desktop_notification.win32': Not used on non-Windows systems
[5.255s] INFO:colcon.colcon_notification.desktop_notification:Sending desktop notification using 'notify2'
[5.260s] DEBUG:colcon.colcon_notification.desktop_notification.notify2:Failed to initialize notify2: org.freedesktop.DBus.Error.Spawn.ExecFailed: /usr/bin/dbus-launch terminated abnormally without any error message
[5.261s] DEBUG:colcon.colcon_core.event_reactor:joined thread
[5.262s] INFO:colcon.colcon_core.shell:Creating prefix script '/home/aimane/humble_ws/src/VNAV_23/vnav_ws/install/local_setup.ps1'
[5.266s] INFO:colcon.colcon_core.shell:Creating prefix util module '/home/aimane/humble_ws/src/VNAV_23/vnav_ws/install/_local_setup_util_ps1.py'
[5.269s] INFO:colcon.colcon_core.shell:Creating prefix chain script '/home/aimane/humble_ws/src/VNAV_23/vnav_ws/install/setup.ps1'
[5.271s] INFO:colcon.colcon_core.shell:Creating prefix script '/home/aimane/humble_ws/src/VNAV_23/vnav_ws/install/local_setup.sh'
[5.273s] INFO:colcon.colcon_core.shell:Creating prefix util module '/home/aimane/humble_ws/src/VNAV_23/vnav_ws/install/_local_setup_util_sh.py'
[5.274s] INFO:colcon.colcon_core.shell:Creating prefix chain script '/home/aimane/humble_ws/src/VNAV_23/vnav_ws/install/setup.sh'
[5.276s] INFO:colcon.colcon_core.shell:Creating prefix script '/home/aimane/humble_ws/src/VNAV_23/vnav_ws/install/local_setup.bash'
[5.278s] INFO:colcon.colcon_core.shell:Creating prefix chain script '/home/aimane/humble_ws/src/VNAV_23/vnav_ws/install/setup.bash'
[5.279s] INFO:colcon.colcon_core.shell:Creating prefix script '/home/aimane/humble_ws/src/VNAV_23/vnav_ws/install/local_setup.zsh'
[5.281s] INFO:colcon.colcon_core.shell:Creating prefix chain script '/home/aimane/humble_ws/src/VNAV_23/vnav_ws/install/setup.zsh'
