[0.000000] (-) TimerEvent: {}
[0.000824] (mav_msgs) JobQueued: {'identifier': 'mav_msgs', 'dependencies': OrderedDict()}
[0.000882] (mav_state_machine_msgs) JobQueued: {'identifier': 'mav_state_machine_msgs', 'dependencies': OrderedDict()}
[0.000922] (mav_system_msgs) JobQueued: {'identifier': 'mav_system_msgs', 'dependencies': OrderedDict()}
[0.000961] (tesse) JobQueued: {'identifier': 'tesse', 'dependencies': OrderedDict()}
[0.000999] (tesse_msgs) JobQueued: {'identifier': 'tesse_msgs', 'dependencies': OrderedDict()}
[0.001020] (tesse_ros_bridge) JobQueued: {'identifier': 'tesse_ros_bridge', 'dependencies': OrderedDict()}
[0.001038] (controller_pkg) JobQueued: {'identifier': 'controller_pkg', 'dependencies': OrderedDict([('mav_msgs', '/home/aimane/humble_ws/src/VNAV_23/vnav_ws/install/mav_msgs')])}
[0.001058] (mav_planning_msgs) JobQueued: {'identifier': 'mav_planning_msgs', 'dependencies': OrderedDict([('mav_msgs', '/home/aimane/humble_ws/src/VNAV_23/vnav_ws/install/mav_msgs')])}
[0.001076] (mav_comm) JobQueued: {'identifier': 'mav_comm', 'dependencies': OrderedDict([('mav_msgs', '/home/aimane/humble_ws/src/VNAV_23/vnav_ws/install/mav_msgs'), ('mav_state_machine_msgs', '/home/aimane/humble_ws/src/VNAV_23/vnav_ws/install/mav_state_machine_msgs'), ('mav_system_msgs', '/home/aimane/humble_ws/src/VNAV_23/vnav_ws/install/mav_system_msgs'), ('mav_planning_msgs', '/home/aimane/humble_ws/src/VNAV_23/vnav_ws/install/mav_planning_msgs')])}
[0.001105] (mav_msgs) JobStarted: {'identifier': 'mav_msgs'}
[0.010682] (mav_state_machine_msgs) JobStarted: {'identifier': 'mav_state_machine_msgs'}
[0.014278] (mav_system_msgs) JobStarted: {'identifier': 'mav_system_msgs'}
[0.017917] (tesse) JobStarted: {'identifier': 'tesse'}
[0.020819] (tesse_msgs) JobStarted: {'identifier': 'tesse_msgs'}
[0.026278] (tesse_ros_bridge) JobStarted: {'identifier': 'tesse_ros_bridge'}
[0.036882] (mav_msgs) JobProgress: {'identifier': 'mav_msgs', 'progress': 'cmake'}
[0.037459] (mav_msgs) JobProgress: {'identifier': 'mav_msgs', 'progress': 'build'}
[0.038300] (mav_msgs) Command: {'cmd': ['/usr/bin/cmake', '--build', '/home/aimane/humble_ws/src/VNAV_23/vnav_ws/build/mav_msgs', '--', '-j8', '-l8'], 'cwd': '/home/aimane/humble_ws/src/VNAV_23/vnav_ws/build/mav_msgs', 'env': OrderedDict([('HOSTNAME', 'aimane'), ('SHLVL', '1'), ('LD_LIBRARY_PATH', '/opt/ros/humble/opt/rviz_ogre_vendor/lib:/opt/ros/humble/lib/x86_64-linux-gnu:/opt/ros/humble/lib'), ('HOME', '/home/aimane'), ('OLDPWD', '/home/aimane/humble_ws/src/VNAV_23/vnav_ws'), ('ROS_PYTHON_VERSION', '3'), ('ROS_DISTRO', 'humble'), ('_', '/usr/bin/colcon'), ('ROS_VERSION', '2'), ('TERM', 'xterm-256color'), ('ROS_LOCALHOST_ONLY', '0'), ('PATH', '/opt/ros/humble/bin:/usr/local/sbin:/usr/local/bin:/usr/sbin:/usr/bin:/sbin:/bin'), ('DISPLAY', ':1'), ('LANG', 'C.UTF-8'), ('AMENT_PREFIX_PATH', '/opt/ros/humble'), ('DEBIAN_FRONTEND', 'noninteractive'), ('PWD', '/home/aimane/humble_ws/src/VNAV_23/vnav_ws/build/mav_msgs'), ('LC_ALL', 'C.UTF-8'), ('PYTHONPATH', '/opt/ros/humble/lib/python3.10/site-packages:/opt/ros/humble/local/lib/python3.10/dist-packages'), ('COLCON', '1'), ('CMAKE_PREFIX_PATH', '/opt/ros/humble')]), 'shell': False}
[0.041026] (mav_state_machine_msgs) JobProgress: {'identifier': 'mav_state_machine_msgs', 'progress': 'cmake'}
[0.041973] (mav_state_machine_msgs) JobProgress: {'identifier': 'mav_state_machine_msgs', 'progress': 'build'}
[0.042901] (mav_state_machine_msgs) Command: {'cmd': ['/usr/bin/cmake', '--build', '/home/aimane/humble_ws/src/VNAV_23/vnav_ws/build/mav_state_machine_msgs', '--', '-j8', '-l8'], 'cwd': '/home/aimane/humble_ws/src/VNAV_23/vnav_ws/build/mav_state_machine_msgs', 'env': OrderedDict([('HOSTNAME', 'aimane'), ('SHLVL', '1'), ('LD_LIBRARY_PATH', '/opt/ros/humble/opt/rviz_ogre_vendor/lib:/opt/ros/humble/lib/x86_64-linux-gnu:/opt/ros/humble/lib'), ('HOME', '/home/aimane'), ('OLDPWD', '/home/aimane/humble_ws/src/VNAV_23/vnav_ws'), ('ROS_PYTHON_VERSION', '3'), ('ROS_DISTRO', 'humble'), ('_', '/usr/bin/colcon'), ('ROS_VERSION', '2'), ('TERM', 'xterm-256color'), ('ROS_LOCALHOST_ONLY', '0'), ('PATH', '/opt/ros/humble/bin:/usr/local/sbin:/usr/local/bin:/usr/sbin:/usr/bin:/sbin:/bin'), ('DISPLAY', ':1'), ('LANG', 'C.UTF-8'), ('AMENT_PREFIX_PATH', '/opt/ros/humble'), ('DEBIAN_FRONTEND', 'noninteractive'), ('PWD', '/home/aimane/humble_ws/src/VNAV_23/vnav_ws/build/mav_state_machine_msgs'), ('LC_ALL', 'C.UTF-8'), ('PYTHONPATH', '/opt/ros/humble/lib/python3.10/site-packages:/opt/ros/humble/local/lib/python3.10/dist-packages'), ('COLCON', '1'), ('CMAKE_PREFIX_PATH', '/opt/ros/humble')]), 'shell': False}
[0.044656] (mav_system_msgs) JobProgress: {'identifier': 'mav_system_msgs', 'progress': 'cmake'}
[0.044923] (mav_system_msgs) JobProgress: {'identifier': 'mav_system_msgs', 'progress': 'build'}
[0.045174] (mav_system_msgs) Command: {'cmd': ['/usr/bin/cmake', '--build', '/home/aimane/humble_ws/src/VNAV_23/vnav_ws/build/mav_system_msgs', '--', '-j8', '-l8'], 'cwd': '/home/aimane/humble_ws/src/VNAV_23/vnav_ws/build/mav_system_msgs', 'env': OrderedDict([('HOSTNAME', 'aimane'), ('SHLVL', '1'), ('LD_LIBRARY_PATH', '/opt/ros/humble/opt/rviz_ogre_vendor/lib:/opt/ros/humble/lib/x86_64-linux-gnu:/opt/ros/humble/lib'), ('HOME', '/home/aimane'), ('OLDPWD', '/home/aimane/humble_ws/src/VNAV_23/vnav_ws'), ('ROS_PYTHON_VERSION', '3'), ('ROS_DISTRO', 'humble'), ('_', '/usr/bin/colcon'), ('ROS_VERSION', '2'), ('TERM', 'xterm-256color'), ('ROS_LOCALHOST_ONLY', '0'), ('PATH', '/opt/ros/humble/bin:/usr/local/sbin:/usr/local/bin:/usr/sbin:/usr/bin:/sbin:/bin'), ('DISPLAY', ':1'), ('LANG', 'C.UTF-8'), ('AMENT_PREFIX_PATH', '/opt/ros/humble'), ('DEBIAN_FRONTEND', 'noninteractive'), ('PWD', '/home/aimane/humble_ws/src/VNAV_23/vnav_ws/build/mav_system_msgs'), ('LC_ALL', 'C.UTF-8'), ('PYTHONPATH', '/opt/ros/humble/lib/python3.10/site-packages:/opt/ros/humble/local/lib/python3.10/dist-packages'), ('COLCON', '1'), ('CMAKE_PREFIX_PATH', '/opt/ros/humble')]), 'shell': False}
[0.099912] (-) TimerEvent: {}
[0.200921] (-) TimerEvent: {}
[0.301329] (-) TimerEvent: {}
[0.401624] (-) TimerEvent: {}
[0.431291] (tesse_msgs) JobProgress: {'identifier': 'tesse_msgs', 'progress': 'cmake'}
[0.432291] (tesse_msgs) JobProgress: {'identifier': 'tesse_msgs', 'progress': 'build'}
[0.433463] (tesse_msgs) Command: {'cmd': ['/usr/bin/cmake', '--build', '/home/aimane/humble_ws/src/VNAV_23/vnav_ws/build/tesse_msgs', '--', '-j8', '-l8'], 'cwd': '/home/aimane/humble_ws/src/VNAV_23/vnav_ws/build/tesse_msgs', 'env': OrderedDict([('HOSTNAME', 'aimane'), ('SHLVL', '1'), ('LD_LIBRARY_PATH', '/opt/ros/humble/opt/rviz_ogre_vendor/lib:/opt/ros/humble/lib/x86_64-linux-gnu:/opt/ros/humble/lib'), ('HOME', '/home/aimane'), ('OLDPWD', '/home/aimane/humble_ws/src/VNAV_23/vnav_ws'), ('ROS_PYTHON_VERSION', '3'), ('ROS_DISTRO', 'humble'), ('_', '/usr/bin/colcon'), ('ROS_VERSION', '2'), ('TERM', 'xterm-256color'), ('ROS_LOCALHOST_ONLY', '0'), ('PATH', '/opt/ros/humble/bin:/usr/local/sbin:/usr/local/bin:/usr/sbin:/usr/bin:/sbin:/bin'), ('DISPLAY', ':1'), ('LANG', 'C.UTF-8'), ('AMENT_PREFIX_PATH', '/opt/ros/humble'), ('DEBIAN_FRONTEND', 'noninteractive'), ('PWD', '/home/aimane/humble_ws/src/VNAV_23/vnav_ws/build/tesse_msgs'), ('LC_ALL', 'C.UTF-8'), ('PYTHONPATH', '/opt/ros/humble/lib/python3.10/site-packages:/opt/ros/humble/local/lib/python3.10/dist-packages'), ('COLCON', '1'), ('CMAKE_PREFIX_PATH', '/opt/ros/humble')]), 'shell': False}
[0.453223] (mav_msgs) StdoutLine: {'line': b'[  1%] Built target mav_msgs__cpp\n'}
[0.454128] (mav_msgs) StdoutLine: {'line': b'[ 12%] Built target mav_msgs__rosidl_generator_c\n'}
[0.454348] (mav_msgs) StdoutLine: {'line': b'[ 12%] Built target ament_cmake_python_copy_mav_msgs\n'}
[0.455409] (mav_msgs) StdoutLine: {'line': b'[ 24%] Built target mav_msgs__rosidl_typesupport_cpp\n'}
[0.455818] (mav_msgs) StdoutLine: {'line': b'[ 44%] Built target mav_msgs__rosidl_typesupport_fastrtps_cpp\n'}
[0.456448] (mav_msgs) StdoutLine: {'line': b'[ 56%] Built target mav_msgs__rosidl_typesupport_c\n'}
[0.456602] (mav_msgs) StdoutLine: {'line': b'[ 58%] Built target mav_msgs__rosidl_typesupport_introspection_c\n'}
[0.456743] (mav_msgs) StdoutLine: {'line': b'[ 70%] Built target mav_msgs__rosidl_typesupport_fastrtps_c\n'}
[0.456923] (mav_msgs) StdoutLine: {'line': b'[ 81%] Built target mav_msgs__rosidl_typesupport_introspection_cpp\n'}
[0.457044] (mav_msgs) StdoutLine: {'line': b'[ 81%] Built target mav_msgs\n'}
[0.457160] (mav_msgs) StdoutLine: {'line': b'[ 82%] Built target mav_msgs__py\n'}
[0.457290] (mav_msgs) StdoutLine: {'line': b'[ 93%] Built target mav_msgs__rosidl_generator_py\n'}
[0.457413] (mav_msgs) StdoutLine: {'line': b'[ 95%] Built target mav_msgs__rosidl_typesupport_fastrtps_c__pyext\n'}
[0.457539] (mav_msgs) StdoutLine: {'line': b'[ 97%] Built target mav_msgs__rosidl_typesupport_introspection_c__pyext\n'}
[0.457661] (mav_msgs) StdoutLine: {'line': b'[100%] Built target mav_msgs__rosidl_typesupport_c__pyext\n'}
[0.457786] (mav_state_machine_msgs) StdoutLine: {'line': b'[  3%] Built target mav_state_machine_msgs__cpp\n'}
[0.457971] (mav_state_machine_msgs) StdoutLine: {'line': b'[ 17%] Built target mav_state_machine_msgs__rosidl_generator_c\n'}
[0.458102] (mav_state_machine_msgs) StdoutLine: {'line': b'[ 31%] Built target mav_state_machine_msgs__rosidl_typesupport_fastrtps_cpp\n'}
[0.458227] (mav_state_machine_msgs) StdoutLine: {'line': b'[ 44%] Built target mav_state_machine_msgs__rosidl_typesupport_c\n'}
[0.458348] (mav_state_machine_msgs) StdoutLine: {'line': b'[ 58%] Built target mav_state_machine_msgs__rosidl_typesupport_introspection_cpp\n'}
[0.458476] (mav_state_machine_msgs) StdoutLine: {'line': b'[ 72%] Built target mav_state_machine_msgs__rosidl_typesupport_introspection_c\n'}
[0.458588] (mav_state_machine_msgs) StdoutLine: {'line': b'[ 86%] Built target mav_state_machine_msgs__rosidl_typesupport_cpp\n'}
[0.458701] (mav_state_machine_msgs) StdoutLine: {'line': b'[100%] Built target mav_state_machine_msgs__rosidl_typesupport_fastrtps_c\n'}
[0.458812] (mav_state_machine_msgs) StdoutLine: {'line': b'[100%] Built target mav_state_machine_msgs\n'}
[0.458960] (mav_system_msgs) StdoutLine: {'line': b'[  3%] Built target mav_system_msgs__cpp\n'}
[0.459113] (mav_system_msgs) StdoutLine: {'line': b'[ 17%] Built target mav_system_msgs__rosidl_generator_c\n'}
[0.459232] (mav_system_msgs) StdoutLine: {'line': b'[ 31%] Built target mav_system_msgs__rosidl_typesupport_cpp\n'}
[0.459350] (mav_system_msgs) StdoutLine: {'line': b'[ 44%] Built target mav_system_msgs__rosidl_typesupport_introspection_cpp\n'}
[0.459475] (mav_system_msgs) StdoutLine: {'line': b'[ 58%] Built target mav_system_msgs__rosidl_typesupport_fastrtps_cpp\n'}
[0.459598] (mav_system_msgs) StdoutLine: {'line': b'[ 72%] Built target mav_system_msgs__rosidl_typesupport_introspection_c\n'}
[0.459713] (mav_system_msgs) StdoutLine: {'line': b'[ 86%] Built target mav_system_msgs__rosidl_typesupport_c\n'}
[0.459846] (mav_system_msgs) StdoutLine: {'line': b'[100%] Built target mav_system_msgs__rosidl_typesupport_fastrtps_c\n'}
[0.459975] (mav_system_msgs) StdoutLine: {'line': b'[100%] Built target mav_system_msgs\n'}
[0.491105] (mav_msgs) StdoutLine: {'line': b'running egg_info\n'}
[0.492356] (mav_msgs) StdoutLine: {'line': b'writing mav_msgs.egg-info/PKG-INFO\n'}
[0.492648] (mav_msgs) StdoutLine: {'line': b'writing dependency_links to mav_msgs.egg-info/dependency_links.txt\n'}
[0.492932] (mav_msgs) StdoutLine: {'line': b'writing top-level names to mav_msgs.egg-info/top_level.txt\n'}
[0.496227] (tesse_msgs) StdoutLine: {'line': b'[  1%] Built target tesse_msgs__cpp\n'}
[0.497605] (mav_msgs) StdoutLine: {'line': b"reading manifest file 'mav_msgs.egg-info/SOURCES.txt'\n"}
[0.501904] (mav_msgs) StdoutLine: {'line': b"writing manifest file 'mav_msgs.egg-info/SOURCES.txt'\n"}
[0.502120] (-) TimerEvent: {}
[0.508750] (tesse_msgs) StdoutLine: {'line': b'[ 12%] Built target tesse_msgs__rosidl_generator_c\n'}
[0.523637] (tesse_msgs) StdoutLine: {'line': b'[ 12%] Built target ament_cmake_python_copy_tesse_msgs\n'}
[0.545923] (tesse_msgs) StdoutLine: {'line': b'[ 23%] Built target tesse_msgs__rosidl_typesupport_fastrtps_cpp\n'}
[0.551672] (tesse_msgs) StdoutLine: {'line': b'[ 34%] Built target tesse_msgs__rosidl_typesupport_cpp\n'}
[0.555871] (tesse_msgs) StdoutLine: {'line': b'[ 45%] Built target tesse_msgs__rosidl_typesupport_introspection_cpp\n'}
[0.558035] (tesse_msgs) StdoutLine: {'line': b'[ 56%] Built target tesse_msgs__rosidl_typesupport_c\n'}
[0.560683] (tesse_msgs) StdoutLine: {'line': b'[ 78%] Built target tesse_msgs__rosidl_typesupport_fastrtps_c\n'}
[0.560943] (tesse_msgs) StdoutLine: {'line': b'[ 78%] Built target tesse_msgs__rosidl_typesupport_introspection_c\n'}
[0.561101] (mav_msgs) StdoutLine: {'line': b'[100%] Built target ament_cmake_python_build_mav_msgs_egg\n'}
[0.589539] (tesse_msgs) StdoutLine: {'line': b'[ 78%] Built target tesse_msgs\n'}
[0.602227] (-) TimerEvent: {}
[0.614940] (tesse_msgs) StdoutLine: {'line': b'[ 80%] Built target tesse_msgs__py\n'}
[0.641766] (tesse_msgs) StdoutLine: {'line': b'[ 89%] Built target tesse_msgs__rosidl_generator_py\n'}
[0.672607] (tesse_msgs) StdoutLine: {'line': b'[ 92%] Built target tesse_msgs__rosidl_typesupport_introspection_c__pyext\n'}
[0.673786] (tesse_msgs) StdoutLine: {'line': b'[ 96%] Built target tesse_msgs__rosidl_typesupport_c__pyext\n'}
[0.676316] (tesse_msgs) StdoutLine: {'line': b'[100%] Built target tesse_msgs__rosidl_typesupport_fastrtps_c__pyext\n'}
[0.702352] (-) TimerEvent: {}
[0.771970] (mav_system_msgs) CommandEnded: {'returncode': 0}
[0.772886] (mav_system_msgs) JobProgress: {'identifier': 'mav_system_msgs', 'progress': 'install'}
[0.782456] (mav_system_msgs) Command: {'cmd': ['/usr/bin/cmake', '--install', '/home/aimane/humble_ws/src/VNAV_23/vnav_ws/build/mav_system_msgs'], 'cwd': '/home/aimane/humble_ws/src/VNAV_23/vnav_ws/build/mav_system_msgs', 'env': OrderedDict([('HOSTNAME', 'aimane'), ('SHLVL', '1'), ('LD_LIBRARY_PATH', '/opt/ros/humble/opt/rviz_ogre_vendor/lib:/opt/ros/humble/lib/x86_64-linux-gnu:/opt/ros/humble/lib'), ('HOME', '/home/aimane'), ('OLDPWD', '/home/aimane/humble_ws/src/VNAV_23/vnav_ws'), ('ROS_PYTHON_VERSION', '3'), ('ROS_DISTRO', 'humble'), ('_', '/usr/bin/colcon'), ('ROS_VERSION', '2'), ('TERM', 'xterm-256color'), ('ROS_LOCALHOST_ONLY', '0'), ('PATH', '/opt/ros/humble/bin:/usr/local/sbin:/usr/local/bin:/usr/sbin:/usr/bin:/sbin:/bin'), ('DISPLAY', ':1'), ('LANG', 'C.UTF-8'), ('AMENT_PREFIX_PATH', '/opt/ros/humble'), ('DEBIAN_FRONTEND', 'noninteractive'), ('PWD', '/home/aimane/humble_ws/src/VNAV_23/vnav_ws/build/mav_system_msgs'), ('LC_ALL', 'C.UTF-8'), ('PYTHONPATH', '/opt/ros/humble/lib/python3.10/site-packages:/opt/ros/humble/local/lib/python3.10/dist-packages'), ('COLCON', '1'), ('CMAKE_PREFIX_PATH', '/opt/ros/humble')]), 'shell': False}
[0.783901] (mav_state_machine_msgs) CommandEnded: {'returncode': 0}
[0.785095] (mav_state_machine_msgs) JobProgress: {'identifier': 'mav_state_machine_msgs', 'progress': 'install'}
[0.785139] (mav_state_machine_msgs) Command: {'cmd': ['/usr/bin/cmake', '--install', '/home/aimane/humble_ws/src/VNAV_23/vnav_ws/build/mav_state_machine_msgs'], 'cwd': '/home/aimane/humble_ws/src/VNAV_23/vnav_ws/build/mav_state_machine_msgs', 'env': OrderedDict([('HOSTNAME', 'aimane'), ('SHLVL', '1'), ('LD_LIBRARY_PATH', '/opt/ros/humble/opt/rviz_ogre_vendor/lib:/opt/ros/humble/lib/x86_64-linux-gnu:/opt/ros/humble/lib'), ('HOME', '/home/aimane'), ('OLDPWD', '/home/aimane/humble_ws/src/VNAV_23/vnav_ws'), ('ROS_PYTHON_VERSION', '3'), ('ROS_DISTRO', 'humble'), ('_', '/usr/bin/colcon'), ('ROS_VERSION', '2'), ('TERM', 'xterm-256color'), ('ROS_LOCALHOST_ONLY', '0'), ('PATH', '/opt/ros/humble/bin:/usr/local/sbin:/usr/local/bin:/usr/sbin:/usr/bin:/sbin:/bin'), ('DISPLAY', ':1'), ('LANG', 'C.UTF-8'), ('AMENT_PREFIX_PATH', '/opt/ros/humble'), ('DEBIAN_FRONTEND', 'noninteractive'), ('PWD', '/home/aimane/humble_ws/src/VNAV_23/vnav_ws/build/mav_state_machine_msgs'), ('LC_ALL', 'C.UTF-8'), ('PYTHONPATH', '/opt/ros/humble/lib/python3.10/site-packages:/opt/ros/humble/local/lib/python3.10/dist-packages'), ('COLCON', '1'), ('CMAKE_PREFIX_PATH', '/opt/ros/humble')]), 'shell': False}
[0.787887] (mav_msgs) CommandEnded: {'returncode': 0}
[0.788801] (mav_msgs) JobProgress: {'identifier': 'mav_msgs', 'progress': 'install'}
[0.789425] (mav_msgs) Command: {'cmd': ['/usr/bin/cmake', '--install', '/home/aimane/humble_ws/src/VNAV_23/vnav_ws/build/mav_msgs'], 'cwd': '/home/aimane/humble_ws/src/VNAV_23/vnav_ws/build/mav_msgs', 'env': OrderedDict([('HOSTNAME', 'aimane'), ('SHLVL', '1'), ('LD_LIBRARY_PATH', '/opt/ros/humble/opt/rviz_ogre_vendor/lib:/opt/ros/humble/lib/x86_64-linux-gnu:/opt/ros/humble/lib'), ('HOME', '/home/aimane'), ('OLDPWD', '/home/aimane/humble_ws/src/VNAV_23/vnav_ws'), ('ROS_PYTHON_VERSION', '3'), ('ROS_DISTRO', 'humble'), ('_', '/usr/bin/colcon'), ('ROS_VERSION', '2'), ('TERM', 'xterm-256color'), ('ROS_LOCALHOST_ONLY', '0'), ('PATH', '/opt/ros/humble/bin:/usr/local/sbin:/usr/local/bin:/usr/sbin:/usr/bin:/sbin:/bin'), ('DISPLAY', ':1'), ('LANG', 'C.UTF-8'), ('AMENT_PREFIX_PATH', '/opt/ros/humble'), ('DEBIAN_FRONTEND', 'noninteractive'), ('PWD', '/home/aimane/humble_ws/src/VNAV_23/vnav_ws/build/mav_msgs'), ('LC_ALL', 'C.UTF-8'), ('PYTHONPATH', '/opt/ros/humble/lib/python3.10/site-packages:/opt/ros/humble/local/lib/python3.10/dist-packages'), ('COLCON', '1'), ('CMAKE_PREFIX_PATH', '/opt/ros/humble')]), 'shell': False}
[0.797888] (mav_system_msgs) StdoutLine: {'line': b'-- Install configuration: ""\n'}
[0.798138] (mav_system_msgs) StdoutLine: {'line': b'-- Up-to-date: /home/aimane/humble_ws/src/VNAV_23/vnav_ws/install/mav_system_msgs/share/ament_index/resource_index/rosidl_interfaces/mav_system_msgs\n'}
[0.798268] (mav_system_msgs) StdoutLine: {'line': b'-- Up-to-date: /home/aimane/humble_ws/src/VNAV_23/vnav_ws/install/mav_system_msgs/include/mav_system_msgs/mav_system_msgs\n'}
[0.798386] (mav_system_msgs) StdoutLine: {'line': b'-- Up-to-date: /home/aimane/humble_ws/src/VNAV_23/vnav_ws/install/mav_system_msgs/include/mav_system_msgs/mav_system_msgs/msg\n'}
[0.798552] (mav_system_msgs) StdoutLine: {'line': b'-- Up-to-date: /home/aimane/humble_ws/src/VNAV_23/vnav_ws/install/mav_system_msgs/include/mav_system_msgs/mav_system_msgs/msg/process_info.h\n'}
[0.798666] (mav_system_msgs) StdoutLine: {'line': b'-- Up-to-date: /home/aimane/humble_ws/src/VNAV_23/vnav_ws/install/mav_system_msgs/include/mav_system_msgs/mav_system_msgs/msg/detail\n'}
[0.798773] (mav_system_msgs) StdoutLine: {'line': b'-- Up-to-date: /home/aimane/humble_ws/src/VNAV_23/vnav_ws/install/mav_system_msgs/include/mav_system_msgs/mav_system_msgs/msg/detail/process_info__functions.h\n'}
[0.798893] (mav_system_msgs) StdoutLine: {'line': b'-- Up-to-date: /home/aimane/humble_ws/src/VNAV_23/vnav_ws/install/mav_system_msgs/include/mav_system_msgs/mav_system_msgs/msg/detail/process_info__functions.c\n'}
[0.799029] (mav_system_msgs) StdoutLine: {'line': b'-- Up-to-date: /home/aimane/humble_ws/src/VNAV_23/vnav_ws/install/mav_system_msgs/include/mav_system_msgs/mav_system_msgs/msg/detail/cpu_info__functions.c\n'}
[0.799167] (mav_system_msgs) StdoutLine: {'line': b'-- Up-to-date: /home/aimane/humble_ws/src/VNAV_23/vnav_ws/install/mav_system_msgs/include/mav_system_msgs/mav_system_msgs/msg/detail/cpu_info__struct.h\n'}
[0.799291] (mav_system_msgs) StdoutLine: {'line': b'-- Up-to-date: /home/aimane/humble_ws/src/VNAV_23/vnav_ws/install/mav_system_msgs/include/mav_system_msgs/mav_system_msgs/msg/detail/cpu_info__type_support.h\n'}
[0.799409] (mav_system_msgs) StdoutLine: {'line': b'-- Up-to-date: /home/aimane/humble_ws/src/VNAV_23/vnav_ws/install/mav_system_msgs/include/mav_system_msgs/mav_system_msgs/msg/detail/process_info__struct.h\n'}
[0.799526] (mav_system_msgs) StdoutLine: {'line': b'-- Up-to-date: /home/aimane/humble_ws/src/VNAV_23/vnav_ws/install/mav_system_msgs/include/mav_system_msgs/mav_system_msgs/msg/detail/process_info__type_support.h\n'}
[0.799646] (mav_system_msgs) StdoutLine: {'line': b'-- Up-to-date: /home/aimane/humble_ws/src/VNAV_23/vnav_ws/install/mav_system_msgs/include/mav_system_msgs/mav_system_msgs/msg/detail/cpu_info__functions.h\n'}
[0.799980] (mav_system_msgs) StdoutLine: {'line': b'-- Up-to-date: /home/aimane/humble_ws/src/VNAV_23/vnav_ws/install/mav_system_msgs/include/mav_system_msgs/mav_system_msgs/msg/cpu_info.h\n'}
[0.800104] (mav_system_msgs) StdoutLine: {'line': b'-- Up-to-date: /home/aimane/humble_ws/src/VNAV_23/vnav_ws/install/mav_system_msgs/include/mav_system_msgs/mav_system_msgs/msg/rosidl_generator_c__visibility_control.h\n'}
[0.800235] (mav_system_msgs) StdoutLine: {'line': b'-- Up-to-date: /home/aimane/humble_ws/src/VNAV_23/vnav_ws/install/mav_system_msgs/share/mav_system_msgs/environment/library_path.sh\n'}
[0.800358] (mav_system_msgs) StdoutLine: {'line': b'-- Up-to-date: /home/aimane/humble_ws/src/VNAV_23/vnav_ws/install/mav_system_msgs/share/mav_system_msgs/environment/library_path.dsv\n'}
[0.800484] (mav_system_msgs) StdoutLine: {'line': b'-- Up-to-date: /home/aimane/humble_ws/src/VNAV_23/vnav_ws/install/mav_system_msgs/lib/libmav_system_msgs__rosidl_generator_c.so\n'}
[0.800606] (mav_state_machine_msgs) StdoutLine: {'line': b'-- Install configuration: ""\n'}
[0.800730] (mav_state_machine_msgs) StdoutLine: {'line': b'-- Up-to-date: /home/aimane/humble_ws/src/VNAV_23/vnav_ws/install/mav_state_machine_msgs/share/ament_index/resource_index/rosidl_interfaces/mav_state_machine_msgs\n'}
[0.800861] (mav_system_msgs) StdoutLine: {'line': b'-- Up-to-date: /home/aimane/humble_ws/src/VNAV_23/vnav_ws/install/mav_system_msgs/include/mav_system_msgs/mav_system_msgs\n'}
[0.801063] (mav_state_machine_msgs) StdoutLine: {'line': b'-- Up-to-date: /home/aimane/humble_ws/src/VNAV_23/vnav_ws/install/mav_state_machine_msgs/include/mav_state_machine_msgs/mav_state_machine_msgs\n'}
[0.801195] (mav_system_msgs) StdoutLine: {'line': b'-- Up-to-date: /home/aimane/humble_ws/src/VNAV_23/vnav_ws/install/mav_system_msgs/include/mav_system_msgs/mav_system_msgs/msg\n'}
[0.801312] (mav_state_machine_msgs) StdoutLine: {'line': b'-- Up-to-date: /home/aimane/humble_ws/src/VNAV_23/vnav_ws/install/mav_state_machine_msgs/include/mav_state_machine_msgs/mav_state_machine_msgs/msg\n'}
[0.801475] (mav_system_msgs) StdoutLine: {'line': b'-- Up-to-date: /home/aimane/humble_ws/src/VNAV_23/vnav_ws/install/mav_system_msgs/include/mav_system_msgs/mav_system_msgs/msg/detail\n'}
[0.801648] (mav_system_msgs) StdoutLine: {'line': b'-- Up-to-date: /home/aimane/humble_ws/src/VNAV_23/vnav_ws/install/mav_system_msgs/include/mav_system_msgs/mav_system_msgs/msg/detail/process_info__rosidl_typesupport_fastrtps_c.h\n'}
[0.801807] (mav_state_machine_msgs) StdoutLine: {'line': b'-- Up-to-date: /home/aimane/humble_ws/src/VNAV_23/vnav_ws/install/mav_state_machine_msgs/include/mav_state_machine_msgs/mav_state_machine_msgs/msg/detail\n'}
[0.802205] (mav_system_msgs) StdoutLine: {'line': b'-- Up-to-date: /home/aimane/humble_ws/src/VNAV_23/vnav_ws/install/mav_system_msgs/include/mav_system_msgs/mav_system_msgs/msg/detail/cpu_info__rosidl_typesupport_fastrtps_c.h\n'}
[0.802423] (-) TimerEvent: {}
[0.802672] (mav_state_machine_msgs) StdoutLine: {'line': b'-- Up-to-date: /home/aimane/humble_ws/src/VNAV_23/vnav_ws/install/mav_state_machine_msgs/include/mav_state_machine_msgs/mav_state_machine_msgs/msg/detail/start_stop_task__type_support.h\n'}
[0.802810] (mav_system_msgs) StdoutLine: {'line': b'-- Up-to-date: /home/aimane/humble_ws/src/VNAV_23/vnav_ws/install/mav_system_msgs/include/mav_system_msgs/mav_system_msgs/msg/rosidl_typesupport_fastrtps_c__visibility_control.h\n'}
[0.802983] (mav_state_machine_msgs) StdoutLine: {'line': b'-- Up-to-date: /home/aimane/humble_ws/src/VNAV_23/vnav_ws/install/mav_state_machine_msgs/include/mav_state_machine_msgs/mav_state_machine_msgs/msg/detail/start_stop_task__functions.h\n'}
[0.803259] (mav_state_machine_msgs) StdoutLine: {'line': b'-- Up-to-date: /home/aimane/humble_ws/src/VNAV_23/vnav_ws/install/mav_state_machine_msgs/include/mav_state_machine_msgs/mav_state_machine_msgs/msg/detail/start_stop_task__functions.c\n'}
[0.803497] (mav_state_machine_msgs) StdoutLine: {'line': b'-- Up-to-date: /home/aimane/humble_ws/src/VNAV_23/vnav_ws/install/mav_state_machine_msgs/include/mav_state_machine_msgs/mav_state_machine_msgs/msg/detail/start_stop_task__struct.h\n'}
[0.803841] (mav_state_machine_msgs) StdoutLine: {'line': b'-- Up-to-date: /home/aimane/humble_ws/src/VNAV_23/vnav_ws/install/mav_state_machine_msgs/include/mav_state_machine_msgs/mav_state_machine_msgs/msg/start_stop_task.h\n'}
[0.804139] (mav_state_machine_msgs) StdoutLine: {'line': b'-- Up-to-date: /home/aimane/humble_ws/src/VNAV_23/vnav_ws/install/mav_state_machine_msgs/include/mav_state_machine_msgs/mav_state_machine_msgs/msg/rosidl_generator_c__visibility_control.h\n'}
[0.804530] (mav_state_machine_msgs) StdoutLine: {'line': b'-- Up-to-date: /home/aimane/humble_ws/src/VNAV_23/vnav_ws/install/mav_state_machine_msgs/include/mav_state_machine_msgs/mav_state_machine_msgs/srv\n'}
[0.804651] (mav_system_msgs) StdoutLine: {'line': b'-- Up-to-date: /home/aimane/humble_ws/src/VNAV_23/vnav_ws/install/mav_system_msgs/lib/libmav_system_msgs__rosidl_typesupport_fastrtps_c.so\n'}
[0.804770] (mav_state_machine_msgs) StdoutLine: {'line': b'-- Up-to-date: /home/aimane/humble_ws/src/VNAV_23/vnav_ws/install/mav_state_machine_msgs/include/mav_state_machine_msgs/mav_state_machine_msgs/srv/run_task_service.h\n'}
[0.804901] (mav_state_machine_msgs) StdoutLine: {'line': b'-- Up-to-date: /home/aimane/humble_ws/src/VNAV_23/vnav_ws/install/mav_state_machine_msgs/include/mav_state_machine_msgs/mav_state_machine_msgs/srv/detail\n'}
[0.805011] (mav_state_machine_msgs) StdoutLine: {'line': b'-- Up-to-date: /home/aimane/humble_ws/src/VNAV_23/vnav_ws/install/mav_state_machine_msgs/include/mav_state_machine_msgs/mav_state_machine_msgs/srv/detail/run_task_service__struct.h\n'}
[0.805124] (mav_state_machine_msgs) StdoutLine: {'line': b'-- Up-to-date: /home/aimane/humble_ws/src/VNAV_23/vnav_ws/install/mav_state_machine_msgs/include/mav_state_machine_msgs/mav_state_machine_msgs/srv/detail/run_task_service__functions.h\n'}
[0.805261] (mav_state_machine_msgs) StdoutLine: {'line': b'-- Up-to-date: /home/aimane/humble_ws/src/VNAV_23/vnav_ws/install/mav_state_machine_msgs/include/mav_state_machine_msgs/mav_state_machine_msgs/srv/detail/run_task_service__functions.c\n'}
[0.805392] (mav_state_machine_msgs) StdoutLine: {'line': b'-- Up-to-date: /home/aimane/humble_ws/src/VNAV_23/vnav_ws/install/mav_state_machine_msgs/include/mav_state_machine_msgs/mav_state_machine_msgs/srv/detail/run_task_service__type_support.h\n'}
[0.805508] (mav_system_msgs) StdoutLine: {'line': b'-- Up-to-date: /home/aimane/humble_ws/src/VNAV_23/vnav_ws/install/mav_system_msgs/include/mav_system_msgs/mav_system_msgs\n'}
[0.805896] (mav_system_msgs) StdoutLine: {'line': b'-- Up-to-date: /home/aimane/humble_ws/src/VNAV_23/vnav_ws/install/mav_system_msgs/include/mav_system_msgs/mav_system_msgs/msg\n'}
[0.806034] (mav_state_machine_msgs) StdoutLine: {'line': b'-- Up-to-date: /home/aimane/humble_ws/src/VNAV_23/vnav_ws/install/mav_state_machine_msgs/share/mav_state_machine_msgs/environment/library_path.sh\n'}
[0.806162] (mav_system_msgs) StdoutLine: {'line': b'-- Up-to-date: /home/aimane/humble_ws/src/VNAV_23/vnav_ws/install/mav_system_msgs/include/mav_system_msgs/mav_system_msgs/msg/process_info.hpp\n'}
[0.806280] (mav_system_msgs) StdoutLine: {'line': b'-- Up-to-date: /home/aimane/humble_ws/src/VNAV_23/vnav_ws/install/mav_system_msgs/include/mav_system_msgs/mav_system_msgs/msg/detail\n'}
[0.806393] (mav_state_machine_msgs) StdoutLine: {'line': b'-- Up-to-date: /home/aimane/humble_ws/src/VNAV_23/vnav_ws/install/mav_state_machine_msgs/share/mav_state_machine_msgs/environment/library_path.dsv\n'}
[0.806514] (mav_system_msgs) StdoutLine: {'line': b'-- Up-to-date: /home/aimane/humble_ws/src/VNAV_23/vnav_ws/install/mav_system_msgs/include/mav_system_msgs/mav_system_msgs/msg/detail/process_info__traits.hpp\n'}
[0.806679] (mav_system_msgs) StdoutLine: {'line': b'-- Up-to-date: /home/aimane/humble_ws/src/VNAV_23/vnav_ws/install/mav_system_msgs/include/mav_system_msgs/mav_system_msgs/msg/detail/cpu_info__traits.hpp\n'}
[0.806907] (mav_state_machine_msgs) StdoutLine: {'line': b'-- Up-to-date: /home/aimane/humble_ws/src/VNAV_23/vnav_ws/install/mav_state_machine_msgs/lib/libmav_state_machine_msgs__rosidl_generator_c.so\n'}
[0.807446] (mav_system_msgs) StdoutLine: {'line': b'-- Up-to-date: /home/aimane/humble_ws/src/VNAV_23/vnav_ws/install/mav_system_msgs/include/mav_system_msgs/mav_system_msgs/msg/detail/cpu_info__builder.hpp\n'}
[0.807739] (mav_system_msgs) StdoutLine: {'line': b'-- Up-to-date: /home/aimane/humble_ws/src/VNAV_23/vnav_ws/install/mav_system_msgs/include/mav_system_msgs/mav_system_msgs/msg/detail/process_info__struct.hpp\n'}
[0.808002] (mav_system_msgs) StdoutLine: {'line': b'-- Up-to-date: /home/aimane/humble_ws/src/VNAV_23/vnav_ws/install/mav_system_msgs/include/mav_system_msgs/mav_system_msgs/msg/detail/process_info__builder.hpp\n'}
[0.808352] (mav_system_msgs) StdoutLine: {'line': b'-- Up-to-date: /home/aimane/humble_ws/src/VNAV_23/vnav_ws/install/mav_system_msgs/include/mav_system_msgs/mav_system_msgs/msg/detail/process_info__type_support.hpp\n'}
[0.808744] (mav_system_msgs) StdoutLine: {'line': b'-- Up-to-date: /home/aimane/humble_ws/src/VNAV_23/vnav_ws/install/mav_system_msgs/include/mav_system_msgs/mav_system_msgs/msg/detail/cpu_info__type_support.hpp\n'}
[0.808883] (mav_system_msgs) StdoutLine: {'line': b'-- Up-to-date: /home/aimane/humble_ws/src/VNAV_23/vnav_ws/install/mav_system_msgs/include/mav_system_msgs/mav_system_msgs/msg/detail/cpu_info__struct.hpp\n'}
[0.809000] (mav_system_msgs) StdoutLine: {'line': b'-- Up-to-date: /home/aimane/humble_ws/src/VNAV_23/vnav_ws/install/mav_system_msgs/include/mav_system_msgs/mav_system_msgs/msg/cpu_info.hpp\n'}
[0.809116] (mav_system_msgs) StdoutLine: {'line': b'-- Up-to-date: /home/aimane/humble_ws/src/VNAV_23/vnav_ws/install/mav_system_msgs/include/mav_system_msgs/mav_system_msgs/msg/rosidl_generator_cpp__visibility_control.hpp\n'}
[0.809225] (mav_system_msgs) StdoutLine: {'line': b'-- Up-to-date: /home/aimane/humble_ws/src/VNAV_23/vnav_ws/install/mav_system_msgs/include/mav_system_msgs/mav_system_msgs\n'}
[0.809339] (mav_system_msgs) StdoutLine: {'line': b'-- Up-to-date: /home/aimane/humble_ws/src/VNAV_23/vnav_ws/install/mav_system_msgs/include/mav_system_msgs/mav_system_msgs/msg\n'}
[0.809449] (mav_system_msgs) StdoutLine: {'line': b'-- Up-to-date: /home/aimane/humble_ws/src/VNAV_23/vnav_ws/install/mav_system_msgs/include/mav_system_msgs/mav_system_msgs/msg/detail\n'}
[0.809555] (mav_system_msgs) StdoutLine: {'line': b'-- Up-to-date: /home/aimane/humble_ws/src/VNAV_23/vnav_ws/install/mav_system_msgs/include/mav_system_msgs/mav_system_msgs/msg/detail/dds_fastrtps\n'}
[0.809663] (mav_system_msgs) StdoutLine: {'line': b'-- Up-to-date: /home/aimane/humble_ws/src/VNAV_23/vnav_ws/install/mav_system_msgs/include/mav_system_msgs/mav_system_msgs/msg/detail/process_info__rosidl_typesupport_fastrtps_cpp.hpp\n'}
[0.809787] (mav_system_msgs) StdoutLine: {'line': b'-- Up-to-date: /home/aimane/humble_ws/src/VNAV_23/vnav_ws/install/mav_system_msgs/include/mav_system_msgs/mav_system_msgs/msg/detail/cpu_info__rosidl_typesupport_fastrtps_cpp.hpp\n'}
[0.810177] (mav_system_msgs) StdoutLine: {'line': b'-- Up-to-date: /home/aimane/humble_ws/src/VNAV_23/vnav_ws/install/mav_system_msgs/include/mav_system_msgs/mav_system_msgs/msg/rosidl_typesupport_fastrtps_cpp__visibility_control.h\n'}
[0.810306] (mav_system_msgs) StdoutLine: {'line': b'-- Up-to-date: /home/aimane/humble_ws/src/VNAV_23/vnav_ws/install/mav_system_msgs/lib/libmav_system_msgs__rosidl_typesupport_fastrtps_cpp.so\n'}
[0.810433] (mav_state_machine_msgs) StdoutLine: {'line': b'-- Up-to-date: /home/aimane/humble_ws/src/VNAV_23/vnav_ws/install/mav_state_machine_msgs/include/mav_state_machine_msgs/mav_state_machine_msgs\n'}
[0.810575] (mav_state_machine_msgs) StdoutLine: {'line': b'-- Up-to-date: /home/aimane/humble_ws/src/VNAV_23/vnav_ws/install/mav_state_machine_msgs/include/mav_state_machine_msgs/mav_state_machine_msgs/msg\n'}
[0.810692] (mav_state_machine_msgs) StdoutLine: {'line': b'-- Up-to-date: /home/aimane/humble_ws/src/VNAV_23/vnav_ws/install/mav_state_machine_msgs/include/mav_state_machine_msgs/mav_state_machine_msgs/msg/detail\n'}
[0.810801] (mav_state_machine_msgs) StdoutLine: {'line': b'-- Up-to-date: /home/aimane/humble_ws/src/VNAV_23/vnav_ws/install/mav_state_machine_msgs/include/mav_state_machine_msgs/mav_state_machine_msgs/msg/detail/start_stop_task__rosidl_typesupport_fastrtps_c.h\n'}
[0.810959] (mav_state_machine_msgs) StdoutLine: {'line': b'-- Up-to-date: /home/aimane/humble_ws/src/VNAV_23/vnav_ws/install/mav_state_machine_msgs/include/mav_state_machine_msgs/mav_state_machine_msgs/msg/rosidl_typesupport_fastrtps_c__visibility_control.h\n'}
[0.811087] (mav_state_machine_msgs) StdoutLine: {'line': b'-- Up-to-date: /home/aimane/humble_ws/src/VNAV_23/vnav_ws/install/mav_state_machine_msgs/include/mav_state_machine_msgs/mav_state_machine_msgs/srv\n'}
[0.811205] (mav_state_machine_msgs) StdoutLine: {'line': b'-- Up-to-date: /home/aimane/humble_ws/src/VNAV_23/vnav_ws/install/mav_state_machine_msgs/include/mav_state_machine_msgs/mav_state_machine_msgs/srv/detail\n'}
[0.811324] (mav_state_machine_msgs) StdoutLine: {'line': b'-- Up-to-date: /home/aimane/humble_ws/src/VNAV_23/vnav_ws/install/mav_state_machine_msgs/include/mav_state_machine_msgs/mav_state_machine_msgs/srv/detail/run_task_service__rosidl_typesupport_fastrtps_c.h\n'}
[0.811438] (mav_system_msgs) StdoutLine: {'line': b'-- Up-to-date: /home/aimane/humble_ws/src/VNAV_23/vnav_ws/install/mav_system_msgs/include/mav_system_msgs/mav_system_msgs\n'}
[0.811548] (mav_system_msgs) StdoutLine: {'line': b'-- Up-to-date: /home/aimane/humble_ws/src/VNAV_23/vnav_ws/install/mav_system_msgs/include/mav_system_msgs/mav_system_msgs/msg\n'}
[0.811654] (mav_system_msgs) StdoutLine: {'line': b'-- Up-to-date: /home/aimane/humble_ws/src/VNAV_23/vnav_ws/install/mav_system_msgs/include/mav_system_msgs/mav_system_msgs/msg/rosidl_typesupport_introspection_c__visibility_control.h\n'}
[0.811773] (mav_system_msgs) StdoutLine: {'line': b'-- Up-to-date: /home/aimane/humble_ws/src/VNAV_23/vnav_ws/install/mav_system_msgs/include/mav_system_msgs/mav_system_msgs/msg/detail\n'}
[0.811933] (mav_system_msgs) StdoutLine: {'line': b'-- Up-to-date: /home/aimane/humble_ws/src/VNAV_23/vnav_ws/install/mav_system_msgs/include/mav_system_msgs/mav_system_msgs/msg/detail/process_info__type_support.c\n'}
[0.812358] (mav_system_msgs) StdoutLine: {'line': b'-- Up-to-date: /home/aimane/humble_ws/src/VNAV_23/vnav_ws/install/mav_system_msgs/include/mav_system_msgs/mav_system_msgs/msg/detail/cpu_info__rosidl_typesupport_introspection_c.h\n'}
[0.812582] (mav_system_msgs) StdoutLine: {'line': b'-- Up-to-date: /home/aimane/humble_ws/src/VNAV_23/vnav_ws/install/mav_system_msgs/include/mav_system_msgs/mav_system_msgs/msg/detail/cpu_info__type_support.c\n'}
[0.812716] (mav_system_msgs) StdoutLine: {'line': b'-- Up-to-date: /home/aimane/humble_ws/src/VNAV_23/vnav_ws/install/mav_system_msgs/include/mav_system_msgs/mav_system_msgs/msg/detail/process_info__rosidl_typesupport_introspection_c.h\n'}
[0.812850] (mav_system_msgs) StdoutLine: {'line': b'-- Up-to-date: /home/aimane/humble_ws/src/VNAV_23/vnav_ws/install/mav_system_msgs/lib/libmav_system_msgs__rosidl_typesupport_introspection_c.so\n'}
[0.813084] (mav_system_msgs) StdoutLine: {'line': b'-- Up-to-date: /home/aimane/humble_ws/src/VNAV_23/vnav_ws/install/mav_system_msgs/lib/libmav_system_msgs__rosidl_typesupport_c.so\n'}
[0.813209] (mav_system_msgs) StdoutLine: {'line': b'-- Up-to-date: /home/aimane/humble_ws/src/VNAV_23/vnav_ws/install/mav_system_msgs/include/mav_system_msgs/mav_system_msgs\n'}
[0.813338] (mav_system_msgs) StdoutLine: {'line': b'-- Up-to-date: /home/aimane/humble_ws/src/VNAV_23/vnav_ws/install/mav_system_msgs/include/mav_system_msgs/mav_system_msgs/msg\n'}
[0.813470] (mav_system_msgs) StdoutLine: {'line': b'-- Up-to-date: /home/aimane/humble_ws/src/VNAV_23/vnav_ws/install/mav_system_msgs/include/mav_system_msgs/mav_system_msgs/msg/detail\n'}
[0.813592] (mav_state_machine_msgs) StdoutLine: {'line': b'-- Up-to-date: /home/aimane/humble_ws/src/VNAV_23/vnav_ws/install/mav_state_machine_msgs/lib/libmav_state_machine_msgs__rosidl_typesupport_fastrtps_c.so\n'}
[0.813880] (mav_state_machine_msgs) StdoutLine: {'line': b'-- Up-to-date: /home/aimane/humble_ws/src/VNAV_23/vnav_ws/install/mav_state_machine_msgs/include/mav_state_machine_msgs/mav_state_machine_msgs\n'}
[0.814406] (mav_state_machine_msgs) StdoutLine: {'line': b'-- Up-to-date: /home/aimane/humble_ws/src/VNAV_23/vnav_ws/install/mav_state_machine_msgs/include/mav_state_machine_msgs/mav_state_machine_msgs/msg\n'}
[0.814654] (mav_state_machine_msgs) StdoutLine: {'line': b'-- Up-to-date: /home/aimane/humble_ws/src/VNAV_23/vnav_ws/install/mav_state_machine_msgs/include/mav_state_machine_msgs/mav_state_machine_msgs/msg/detail\n'}
[0.814850] (mav_state_machine_msgs) StdoutLine: {'line': b'-- Up-to-date: /home/aimane/humble_ws/src/VNAV_23/vnav_ws/install/mav_state_machine_msgs/include/mav_state_machine_msgs/mav_state_machine_msgs/msg/detail/start_stop_task__builder.hpp\n'}
[0.816218] (mav_state_machine_msgs) StdoutLine: {'line': b'-- Up-to-date: /home/aimane/humble_ws/src/VNAV_23/vnav_ws/install/mav_state_machine_msgs/include/mav_state_machine_msgs/mav_state_machine_msgs/msg/detail/start_stop_task__traits.hpp\n'}
[0.816597] (mav_state_machine_msgs) StdoutLine: {'line': b'-- Up-to-date: /home/aimane/humble_ws/src/VNAV_23/vnav_ws/install/mav_state_machine_msgs/include/mav_state_machine_msgs/mav_state_machine_msgs/msg/detail/start_stop_task__struct.hpp\n'}
[0.816802] (mav_state_machine_msgs) StdoutLine: {'line': b'-- Up-to-date: /home/aimane/humble_ws/src/VNAV_23/vnav_ws/install/mav_state_machine_msgs/include/mav_state_machine_msgs/mav_state_machine_msgs/msg/detail/start_stop_task__type_support.hpp\n'}
[0.816940] (mav_state_machine_msgs) StdoutLine: {'line': b'-- Up-to-date: /home/aimane/humble_ws/src/VNAV_23/vnav_ws/install/mav_state_machine_msgs/include/mav_state_machine_msgs/mav_state_machine_msgs/msg/start_stop_task.hpp\n'}
[0.817057] (mav_state_machine_msgs) StdoutLine: {'line': b'-- Up-to-date: /home/aimane/humble_ws/src/VNAV_23/vnav_ws/install/mav_state_machine_msgs/include/mav_state_machine_msgs/mav_state_machine_msgs/msg/rosidl_generator_cpp__visibility_control.hpp\n'}
[0.817173] (mav_state_machine_msgs) StdoutLine: {'line': b'-- Up-to-date: /home/aimane/humble_ws/src/VNAV_23/vnav_ws/install/mav_state_machine_msgs/include/mav_state_machine_msgs/mav_state_machine_msgs/srv\n'}
[0.817408] (mav_state_machine_msgs) StdoutLine: {'line': b'-- Up-to-date: /home/aimane/humble_ws/src/VNAV_23/vnav_ws/install/mav_state_machine_msgs/include/mav_state_machine_msgs/mav_state_machine_msgs/srv/detail\n'}
[0.817561] (mav_state_machine_msgs) StdoutLine: {'line': b'-- Up-to-date: /home/aimane/humble_ws/src/VNAV_23/vnav_ws/install/mav_state_machine_msgs/include/mav_state_machine_msgs/mav_state_machine_msgs/srv/detail/run_task_service__traits.hpp\n'}
[0.817672] (mav_state_machine_msgs) StdoutLine: {'line': b'-- Up-to-date: /home/aimane/humble_ws/src/VNAV_23/vnav_ws/install/mav_state_machine_msgs/include/mav_state_machine_msgs/mav_state_machine_msgs/srv/detail/run_task_service__struct.hpp\n'}
[0.817778] (mav_state_machine_msgs) StdoutLine: {'line': b'-- Up-to-date: /home/aimane/humble_ws/src/VNAV_23/vnav_ws/install/mav_state_machine_msgs/include/mav_state_machine_msgs/mav_state_machine_msgs/srv/detail/run_task_service__builder.hpp\n'}
[0.817957] (mav_state_machine_msgs) StdoutLine: {'line': b'-- Up-to-date: /home/aimane/humble_ws/src/VNAV_23/vnav_ws/install/mav_state_machine_msgs/include/mav_state_machine_msgs/mav_state_machine_msgs/srv/detail/run_task_service__type_support.hpp\n'}
[0.818079] (mav_state_machine_msgs) StdoutLine: {'line': b'-- Up-to-date: /home/aimane/humble_ws/src/VNAV_23/vnav_ws/install/mav_state_machine_msgs/include/mav_state_machine_msgs/mav_state_machine_msgs/srv/run_task_service.hpp\n'}
[0.818480] (mav_state_machine_msgs) StdoutLine: {'line': b'-- Up-to-date: /home/aimane/humble_ws/src/VNAV_23/vnav_ws/install/mav_state_machine_msgs/include/mav_state_machine_msgs/mav_state_machine_msgs\n'}
[0.818630] (mav_state_machine_msgs) StdoutLine: {'line': b'-- Up-to-date: /home/aimane/humble_ws/src/VNAV_23/vnav_ws/install/mav_state_machine_msgs/include/mav_state_machine_msgs/mav_state_machine_msgs/msg\n'}
[0.818753] (mav_state_machine_msgs) StdoutLine: {'line': b'-- Up-to-date: /home/aimane/humble_ws/src/VNAV_23/vnav_ws/install/mav_state_machine_msgs/include/mav_state_machine_msgs/mav_state_machine_msgs/msg/detail\n'}
[0.818941] (mav_state_machine_msgs) StdoutLine: {'line': b'-- Up-to-date: /home/aimane/humble_ws/src/VNAV_23/vnav_ws/install/mav_state_machine_msgs/include/mav_state_machine_msgs/mav_state_machine_msgs/msg/detail/dds_fastrtps\n'}
[0.819492] (mav_state_machine_msgs) StdoutLine: {'line': b'-- Up-to-date: /home/aimane/humble_ws/src/VNAV_23/vnav_ws/install/mav_state_machine_msgs/include/mav_state_machine_msgs/mav_state_machine_msgs/msg/detail/start_stop_task__rosidl_typesupport_fastrtps_cpp.hpp\n'}
[0.819707] (mav_state_machine_msgs) StdoutLine: {'line': b'-- Up-to-date: /home/aimane/humble_ws/src/VNAV_23/vnav_ws/install/mav_state_machine_msgs/include/mav_state_machine_msgs/mav_state_machine_msgs/msg/rosidl_typesupport_fastrtps_cpp__visibility_control.h\n'}
[0.819894] (mav_state_machine_msgs) StdoutLine: {'line': b'-- Up-to-date: /home/aimane/humble_ws/src/VNAV_23/vnav_ws/install/mav_state_machine_msgs/include/mav_state_machine_msgs/mav_state_machine_msgs/srv\n'}
[0.820034] (mav_state_machine_msgs) StdoutLine: {'line': b'-- Up-to-date: /home/aimane/humble_ws/src/VNAV_23/vnav_ws/install/mav_state_machine_msgs/include/mav_state_machine_msgs/mav_state_machine_msgs/srv/detail\n'}
[0.820447] (mav_system_msgs) StdoutLine: {'line': b'-- Up-to-date: /home/aimane/humble_ws/src/VNAV_23/vnav_ws/install/mav_system_msgs/include/mav_system_msgs/mav_system_msgs/msg/detail/process_info__rosidl_typesupport_introspection_cpp.hpp\n'}
[0.820957] (mav_state_machine_msgs) StdoutLine: {'line': b'-- Up-to-date: /home/aimane/humble_ws/src/VNAV_23/vnav_ws/install/mav_state_machine_msgs/include/mav_state_machine_msgs/mav_state_machine_msgs/srv/detail/dds_fastrtps\n'}
[0.821418] (mav_state_machine_msgs) StdoutLine: {'line': b'-- Up-to-date: /home/aimane/humble_ws/src/VNAV_23/vnav_ws/install/mav_state_machine_msgs/include/mav_state_machine_msgs/mav_state_machine_msgs/srv/detail/run_task_service__rosidl_typesupport_fastrtps_cpp.hpp\n'}
[0.821604] (mav_system_msgs) StdoutLine: {'line': b'-- Up-to-date: /home/aimane/humble_ws/src/VNAV_23/vnav_ws/install/mav_system_msgs/include/mav_system_msgs/mav_system_msgs/msg/detail/cpu_info__rosidl_typesupport_introspection_cpp.hpp\n'}
[0.821933] (mav_system_msgs) StdoutLine: {'line': b'-- Up-to-date: /home/aimane/humble_ws/src/VNAV_23/vnav_ws/install/mav_system_msgs/include/mav_system_msgs/mav_system_msgs/msg/detail/process_info__type_support.cpp\n'}
[0.822104] (mav_system_msgs) StdoutLine: {'line': b'-- Up-to-date: /home/aimane/humble_ws/src/VNAV_23/vnav_ws/install/mav_system_msgs/include/mav_system_msgs/mav_system_msgs/msg/detail/cpu_info__type_support.cpp\n'}
[0.822253] (mav_system_msgs) StdoutLine: {'line': b'-- Up-to-date: /home/aimane/humble_ws/src/VNAV_23/vnav_ws/install/mav_system_msgs/lib/libmav_system_msgs__rosidl_typesupport_introspection_cpp.so\n'}
[0.822402] (mav_state_machine_msgs) StdoutLine: {'line': b'-- Up-to-date: /home/aimane/humble_ws/src/VNAV_23/vnav_ws/install/mav_state_machine_msgs/lib/libmav_state_machine_msgs__rosidl_typesupport_fastrtps_cpp.so\n'}
[0.822533] (mav_state_machine_msgs) StdoutLine: {'line': b'-- Up-to-date: /home/aimane/humble_ws/src/VNAV_23/vnav_ws/install/mav_state_machine_msgs/include/mav_state_machine_msgs/mav_state_machine_msgs\n'}
[0.822655] (mav_state_machine_msgs) StdoutLine: {'line': b'-- Up-to-date: /home/aimane/humble_ws/src/VNAV_23/vnav_ws/install/mav_state_machine_msgs/include/mav_state_machine_msgs/mav_state_machine_msgs/msg\n'}
[0.822798] (mav_system_msgs) StdoutLine: {'line': b'-- Up-to-date: /home/aimane/humble_ws/src/VNAV_23/vnav_ws/install/mav_system_msgs/lib/libmav_system_msgs__rosidl_typesupport_cpp.so\n'}
[0.823184] (mav_state_machine_msgs) StdoutLine: {'line': b'-- Up-to-date: /home/aimane/humble_ws/src/VNAV_23/vnav_ws/install/mav_state_machine_msgs/include/mav_state_machine_msgs/mav_state_machine_msgs/msg/rosidl_typesupport_introspection_c__visibility_control.h\n'}
[0.823403] (mav_state_machine_msgs) StdoutLine: {'line': b'-- Up-to-date: /home/aimane/humble_ws/src/VNAV_23/vnav_ws/install/mav_state_machine_msgs/include/mav_state_machine_msgs/mav_state_machine_msgs/msg/detail\n'}
[0.823615] (mav_state_machine_msgs) StdoutLine: {'line': b'-- Up-to-date: /home/aimane/humble_ws/src/VNAV_23/vnav_ws/install/mav_state_machine_msgs/include/mav_state_machine_msgs/mav_state_machine_msgs/msg/detail/start_stop_task__rosidl_typesupport_introspection_c.h\n'}
[0.823781] (mav_state_machine_msgs) StdoutLine: {'line': b'-- Up-to-date: /home/aimane/humble_ws/src/VNAV_23/vnav_ws/install/mav_state_machine_msgs/include/mav_state_machine_msgs/mav_state_machine_msgs/msg/detail/start_stop_task__type_support.c\n'}
[0.824097] (mav_state_machine_msgs) StdoutLine: {'line': b'-- Up-to-date: /home/aimane/humble_ws/src/VNAV_23/vnav_ws/install/mav_state_machine_msgs/include/mav_state_machine_msgs/mav_state_machine_msgs/srv\n'}
[0.824278] (mav_state_machine_msgs) StdoutLine: {'line': b'-- Up-to-date: /home/aimane/humble_ws/src/VNAV_23/vnav_ws/install/mav_state_machine_msgs/include/mav_state_machine_msgs/mav_state_machine_msgs/srv/detail\n'}
[0.824405] (mav_system_msgs) StdoutLine: {'line': b'-- Up-to-date: /home/aimane/humble_ws/src/VNAV_23/vnav_ws/install/mav_system_msgs/share/mav_system_msgs/msg/CpuInfo.idl\n'}
[0.824647] (mav_system_msgs) StdoutLine: {'line': b'-- Up-to-date: /home/aimane/humble_ws/src/VNAV_23/vnav_ws/install/mav_system_msgs/share/mav_system_msgs/msg/ProcessInfo.idl\n'}
[0.824804] (mav_state_machine_msgs) StdoutLine: {'line': b'-- Up-to-date: /home/aimane/humble_ws/src/VNAV_23/vnav_ws/install/mav_state_machine_msgs/include/mav_state_machine_msgs/mav_state_machine_msgs/srv/detail/run_task_service__rosidl_typesupport_introspection_c.h\n'}
[0.825227] (mav_state_machine_msgs) StdoutLine: {'line': b'-- Up-to-date: /home/aimane/humble_ws/src/VNAV_23/vnav_ws/install/mav_state_machine_msgs/include/mav_state_machine_msgs/mav_state_machine_msgs/srv/detail/run_task_service__type_support.c\n'}
[0.825375] (mav_system_msgs) StdoutLine: {'line': b'-- Up-to-date: /home/aimane/humble_ws/src/VNAV_23/vnav_ws/install/mav_system_msgs/share/mav_system_msgs/msg/CpuInfo.msg\n'}
[0.825511] (mav_msgs) StdoutLine: {'line': b'-- Install configuration: ""\n'}
[0.825639] (mav_msgs) StdoutLine: {'line': b'-- Up-to-date: /home/aimane/humble_ws/src/VNAV_23/vnav_ws/install/mav_msgs/share/ament_index/resource_index/rosidl_interfaces/mav_msgs\n'}
[0.825761] (mav_msgs) StdoutLine: {'line': b'-- Up-to-date: /home/aimane/humble_ws/src/VNAV_23/vnav_ws/install/mav_msgs/include/mav_msgs/mav_msgs\n'}
[0.825901] (mav_msgs) StdoutLine: {'line': b'-- Up-to-date: /home/aimane/humble_ws/src/VNAV_23/vnav_ws/install/mav_msgs/include/mav_msgs/mav_msgs/msg\n'}
[0.826024] (mav_msgs) StdoutLine: {'line': b'-- Up-to-date: /home/aimane/humble_ws/src/VNAV_23/vnav_ws/install/mav_msgs/include/mav_msgs/mav_msgs/msg/actuators.h\n'}
[0.826143] (mav_msgs) StdoutLine: {'line': b'-- Up-to-date: /home/aimane/humble_ws/src/VNAV_23/vnav_ws/install/mav_msgs/include/mav_msgs/mav_msgs/msg/detail\n'}
[0.826261] (mav_msgs) StdoutLine: {'line': b'-- Up-to-date: /home/aimane/humble_ws/src/VNAV_23/vnav_ws/install/mav_msgs/include/mav_msgs/mav_msgs/msg/detail/attitude_thrust__struct.h\n'}
[0.826375] (mav_msgs) StdoutLine: {'line': b'-- Up-to-date: /home/aimane/humble_ws/src/VNAV_23/vnav_ws/install/mav_msgs/include/mav_msgs/mav_msgs/msg/detail/roll_pitch_yawrate_thrust__functions.h\n'}
[0.826491] (mav_msgs) StdoutLine: {'line': b'-- Up-to-date: /home/aimane/humble_ws/src/VNAV_23/vnav_ws/install/mav_msgs/include/mav_msgs/mav_msgs/msg/detail/rate_thrust__struct.h\n'}
[0.826614] (mav_state_machine_msgs) StdoutLine: {'line': b'-- Up-to-date: /home/aimane/humble_ws/src/VNAV_23/vnav_ws/install/mav_state_machine_msgs/lib/libmav_state_machine_msgs__rosidl_typesupport_introspection_c.so\n'}
[0.826737] (mav_system_msgs) StdoutLine: {'line': b'-- Up-to-date: /home/aimane/humble_ws/src/VNAV_23/vnav_ws/install/mav_system_msgs/share/mav_system_msgs/msg/ProcessInfo.msg\n'}
[0.826897] (mav_system_msgs) StdoutLine: {'line': b'-- Up-to-date: /home/aimane/humble_ws/src/VNAV_23/vnav_ws/install/mav_system_msgs/share/ament_index/resource_index/package_run_dependencies/mav_system_msgs\n'}
[0.827032] (mav_msgs) StdoutLine: {'line': b'-- Up-to-date: /home/aimane/humble_ws/src/VNAV_23/vnav_ws/install/mav_msgs/include/mav_msgs/mav_msgs/msg/detail/filtered_sensor_data__type_support.h\n'}
[0.827158] (mav_msgs) StdoutLine: {'line': b'-- Up-to-date: /home/aimane/humble_ws/src/VNAV_23/vnav_ws/install/mav_msgs/include/mav_msgs/mav_msgs/msg/detail/roll_pitch_yawrate_thrust__type_support.h\n'}
[0.827283] (mav_msgs) StdoutLine: {'line': b'-- Up-to-date: /home/aimane/humble_ws/src/VNAV_23/vnav_ws/install/mav_msgs/include/mav_msgs/mav_msgs/msg/detail/actuators__functions.h\n'}
[0.827427] (mav_msgs) StdoutLine: {'line': b'-- Up-to-date: /home/aimane/humble_ws/src/VNAV_23/vnav_ws/install/mav_msgs/include/mav_msgs/mav_msgs/msg/detail/rate_thrust__functions.c\n'}
[0.827555] (mav_msgs) StdoutLine: {'line': b'-- Up-to-date: /home/aimane/humble_ws/src/VNAV_23/vnav_ws/install/mav_msgs/include/mav_msgs/mav_msgs/msg/detail/roll_pitch_yawrate_thrust__struct.h\n'}
[0.827681] (mav_msgs) StdoutLine: {'line': b'-- Up-to-date: /home/aimane/humble_ws/src/VNAV_23/vnav_ws/install/mav_msgs/include/mav_msgs/mav_msgs/msg/detail/status__functions.c\n'}
[0.827808] (mav_msgs) StdoutLine: {'line': b'-- Up-to-date: /home/aimane/humble_ws/src/VNAV_23/vnav_ws/install/mav_msgs/include/mav_msgs/mav_msgs/msg/detail/attitude_thrust__type_support.h\n'}
[0.827993] (mav_system_msgs) StdoutLine: {'line': b'-- Up-to-date: /home/aimane/humble_ws/src/VNAV_23/vnav_ws/install/mav_system_msgs/share/ament_index/resource_index/parent_prefix_path/mav_system_msgs\n'}
[0.828435] (mav_system_msgs) StdoutLine: {'line': b'-- Up-to-date: /home/aimane/humble_ws/src/VNAV_23/vnav_ws/install/mav_system_msgs/share/mav_system_msgs/environment/ament_prefix_path.sh\n'}
[0.828574] (mav_system_msgs) StdoutLine: {'line': b'-- Up-to-date: /home/aimane/humble_ws/src/VNAV_23/vnav_ws/install/mav_system_msgs/share/mav_system_msgs/environment/ament_prefix_path.dsv\n'}
[0.828708] (mav_system_msgs) StdoutLine: {'line': b'-- Up-to-date: /home/aimane/humble_ws/src/VNAV_23/vnav_ws/install/mav_system_msgs/share/mav_system_msgs/environment/path.sh\n'}
[0.828824] (mav_system_msgs) StdoutLine: {'line': b'-- Up-to-date: /home/aimane/humble_ws/src/VNAV_23/vnav_ws/install/mav_system_msgs/share/mav_system_msgs/environment/path.dsv\n'}
[0.828971] (mav_system_msgs) StdoutLine: {'line': b'-- Up-to-date: /home/aimane/humble_ws/src/VNAV_23/vnav_ws/install/mav_system_msgs/share/mav_system_msgs/local_setup.bash\n'}
[0.829096] (mav_system_msgs) StdoutLine: {'line': b'-- Up-to-date: /home/aimane/humble_ws/src/VNAV_23/vnav_ws/install/mav_system_msgs/share/mav_system_msgs/local_setup.sh\n'}
[0.829217] (mav_system_msgs) StdoutLine: {'line': b'-- Up-to-date: /home/aimane/humble_ws/src/VNAV_23/vnav_ws/install/mav_system_msgs/share/mav_system_msgs/local_setup.zsh\n'}
[0.829351] (mav_system_msgs) StdoutLine: {'line': b'-- Up-to-date: /home/aimane/humble_ws/src/VNAV_23/vnav_ws/install/mav_system_msgs/share/mav_system_msgs/local_setup.dsv\n'}
[0.829675] (mav_system_msgs) StdoutLine: {'line': b'-- Installing: /home/aimane/humble_ws/src/VNAV_23/vnav_ws/install/mav_system_msgs/share/mav_system_msgs/package.dsv\n'}
[0.829905] (mav_msgs) StdoutLine: {'line': b'-- Up-to-date: /home/aimane/humble_ws/src/VNAV_23/vnav_ws/install/mav_msgs/include/mav_msgs/mav_msgs/msg/detail/filtered_sensor_data__functions.c\n'}
[0.830197] (mav_msgs) StdoutLine: {'line': b'-- Up-to-date: /home/aimane/humble_ws/src/VNAV_23/vnav_ws/install/mav_msgs/include/mav_msgs/mav_msgs/msg/detail/actuators__type_support.h\n'}
[0.830339] (mav_msgs) StdoutLine: {'line': b'-- Up-to-date: /home/aimane/humble_ws/src/VNAV_23/vnav_ws/install/mav_msgs/include/mav_msgs/mav_msgs/msg/detail/status__type_support.h\n'}
[0.830497] (mav_msgs) StdoutLine: {'line': b'-- Up-to-date: /home/aimane/humble_ws/src/VNAV_23/vnav_ws/install/mav_msgs/include/mav_msgs/mav_msgs/msg/detail/actuators__struct.h\n'}
[0.830648] (mav_msgs) StdoutLine: {'line': b'-- Up-to-date: /home/aimane/humble_ws/src/VNAV_23/vnav_ws/install/mav_msgs/include/mav_msgs/mav_msgs/msg/detail/attitude_thrust__functions.h\n'}
[0.830805] (mav_msgs) StdoutLine: {'line': b'-- Up-to-date: /home/aimane/humble_ws/src/VNAV_23/vnav_ws/install/mav_msgs/include/mav_msgs/mav_msgs/msg/detail/gps_waypoint__type_support.h\n'}
[0.831002] (mav_msgs) StdoutLine: {'line': b'-- Up-to-date: /home/aimane/humble_ws/src/VNAV_23/vnav_ws/install/mav_msgs/include/mav_msgs/mav_msgs/msg/detail/torque_thrust__type_support.h\n'}
[0.831245] (mav_msgs) StdoutLine: {'line': b'-- Up-to-date: /home/aimane/humble_ws/src/VNAV_23/vnav_ws/install/mav_msgs/include/mav_msgs/mav_msgs/msg/detail/gps_waypoint__struct.h\n'}
[0.831386] (mav_msgs) StdoutLine: {'line': b'-- Up-to-date: /home/aimane/humble_ws/src/VNAV_23/vnav_ws/install/mav_msgs/include/mav_msgs/mav_msgs/msg/detail/rate_thrust__functions.h\n'}
[0.831515] (mav_msgs) StdoutLine: {'line': b'-- Up-to-date: /home/aimane/humble_ws/src/VNAV_23/vnav_ws/install/mav_msgs/include/mav_msgs/mav_msgs/msg/detail/status__functions.h\n'}
[0.831641] (mav_msgs) StdoutLine: {'line': b'-- Up-to-date: /home/aimane/humble_ws/src/VNAV_23/vnav_ws/install/mav_msgs/include/mav_msgs/mav_msgs/msg/detail/roll_pitch_yawrate_thrust__functions.c\n'}
[0.831758] (mav_msgs) StdoutLine: {'line': b'-- Up-to-date: /home/aimane/humble_ws/src/VNAV_23/vnav_ws/install/mav_msgs/include/mav_msgs/mav_msgs/msg/detail/attitude_thrust__functions.c\n'}
[0.831917] (mav_msgs) StdoutLine: {'line': b'-- Up-to-date: /home/aimane/humble_ws/src/VNAV_23/vnav_ws/install/mav_msgs/include/mav_msgs/mav_msgs/msg/detail/gps_waypoint__functions.c\n'}
[0.832087] (mav_msgs) StdoutLine: {'line': b'-- Up-to-date: /home/aimane/humble_ws/src/VNAV_23/vnav_ws/install/mav_msgs/include/mav_msgs/mav_msgs/msg/detail/torque_thrust__functions.c\n'}
[0.832240] (mav_msgs) StdoutLine: {'line': b'-- Up-to-date: /home/aimane/humble_ws/src/VNAV_23/vnav_ws/install/mav_msgs/include/mav_msgs/mav_msgs/msg/detail/torque_thrust__functions.h\n'}
[0.832391] (mav_msgs) StdoutLine: {'line': b'-- Up-to-date: /home/aimane/humble_ws/src/VNAV_23/vnav_ws/install/mav_msgs/include/mav_msgs/mav_msgs/msg/detail/gps_waypoint__functions.h\n'}
[0.832516] (mav_msgs) StdoutLine: {'line': b'-- Up-to-date: /home/aimane/humble_ws/src/VNAV_23/vnav_ws/install/mav_msgs/include/mav_msgs/mav_msgs/msg/detail/rate_thrust__type_support.h\n'}
[0.832650] (mav_msgs) StdoutLine: {'line': b'-- Up-to-date: /home/aimane/humble_ws/src/VNAV_23/vnav_ws/install/mav_msgs/include/mav_msgs/mav_msgs/msg/detail/filtered_sensor_data__struct.h\n'}
[0.832772] (mav_msgs) StdoutLine: {'line': b'-- Up-to-date: /home/aimane/humble_ws/src/VNAV_23/vnav_ws/install/mav_msgs/include/mav_msgs/mav_msgs/msg/detail/status__struct.h\n'}
[0.832921] (mav_msgs) StdoutLine: {'line': b'-- Up-to-date: /home/aimane/humble_ws/src/VNAV_23/vnav_ws/install/mav_msgs/include/mav_msgs/mav_msgs/msg/detail/torque_thrust__struct.h\n'}
[0.833060] (mav_msgs) StdoutLine: {'line': b'-- Up-to-date: /home/aimane/humble_ws/src/VNAV_23/vnav_ws/install/mav_msgs/include/mav_msgs/mav_msgs/msg/detail/actuators__functions.c\n'}
[0.833193] (mav_msgs) StdoutLine: {'line': b'-- Up-to-date: /home/aimane/humble_ws/src/VNAV_23/vnav_ws/install/mav_msgs/include/mav_msgs/mav_msgs/msg/detail/filtered_sensor_data__functions.h\n'}
[0.833317] (mav_msgs) StdoutLine: {'line': b'-- Up-to-date: /home/aimane/humble_ws/src/VNAV_23/vnav_ws/install/mav_msgs/include/mav_msgs/mav_msgs/msg/filtered_sensor_data.h\n'}
[0.833453] (mav_msgs) StdoutLine: {'line': b'-- Up-to-date: /home/aimane/humble_ws/src/VNAV_23/vnav_ws/install/mav_msgs/include/mav_msgs/mav_msgs/msg/torque_thrust.h\n'}
[0.833584] (mav_msgs) StdoutLine: {'line': b'-- Up-to-date: /home/aimane/humble_ws/src/VNAV_23/vnav_ws/install/mav_msgs/include/mav_msgs/mav_msgs/msg/rate_thrust.h\n'}
[0.833713] (mav_msgs) StdoutLine: {'line': b'-- Up-to-date: /home/aimane/humble_ws/src/VNAV_23/vnav_ws/install/mav_msgs/include/mav_msgs/mav_msgs/msg/gps_waypoint.h\n'}
[0.833849] (mav_msgs) StdoutLine: {'line': b'-- Up-to-date: /home/aimane/humble_ws/src/VNAV_23/vnav_ws/install/mav_msgs/include/mav_msgs/mav_msgs/msg/status.h\n'}
[0.834051] (mav_msgs) StdoutLine: {'line': b'-- Up-to-date: /home/aimane/humble_ws/src/VNAV_23/vnav_ws/install/mav_msgs/include/mav_msgs/mav_msgs/msg/attitude_thrust.h\n'}
[0.834211] (mav_msgs) StdoutLine: {'line': b'-- Up-to-date: /home/aimane/humble_ws/src/VNAV_23/vnav_ws/install/mav_msgs/include/mav_msgs/mav_msgs/msg/roll_pitch_yawrate_thrust.h\n'}
[0.834429] (mav_msgs) StdoutLine: {'line': b'-- Up-to-date: /home/aimane/humble_ws/src/VNAV_23/vnav_ws/install/mav_msgs/include/mav_msgs/mav_msgs/msg/rosidl_generator_c__visibility_control.h\n'}
[0.834567] (mav_msgs) StdoutLine: {'line': b'-- Up-to-date: /home/aimane/humble_ws/src/VNAV_23/vnav_ws/install/mav_msgs/share/mav_msgs/environment/library_path.sh\n'}
[0.834694] (mav_system_msgs) StdoutLine: {'line': b'-- Up-to-date: /home/aimane/humble_ws/src/VNAV_23/vnav_ws/install/mav_system_msgs/share/ament_index/resource_index/packages/mav_system_msgs\n'}
[0.834916] (mav_system_msgs) StdoutLine: {'line': b'-- Up-to-date: /home/aimane/humble_ws/src/VNAV_23/vnav_ws/install/mav_system_msgs/share/mav_system_msgs/cmake/export_mav_system_msgs__rosidl_generator_cExport.cmake\n'}
[0.835077] (mav_system_msgs) StdoutLine: {'line': b'-- Up-to-date: /home/aimane/humble_ws/src/VNAV_23/vnav_ws/install/mav_system_msgs/share/mav_system_msgs/cmake/export_mav_system_msgs__rosidl_generator_cExport-noconfig.cmake\n'}
[0.835219] (mav_system_msgs) StdoutLine: {'line': b'-- Up-to-date: /home/aimane/humble_ws/src/VNAV_23/vnav_ws/install/mav_system_msgs/share/mav_system_msgs/cmake/export_mav_system_msgs__rosidl_typesupport_fastrtps_cExport.cmake\n'}
[0.835343] (mav_system_msgs) StdoutLine: {'line': b'-- Up-to-date: /home/aimane/humble_ws/src/VNAV_23/vnav_ws/install/mav_system_msgs/share/mav_system_msgs/cmake/export_mav_system_msgs__rosidl_typesupport_fastrtps_cExport-noconfig.cmake\n'}
[0.835469] (mav_system_msgs) StdoutLine: {'line': b'-- Up-to-date: /home/aimane/humble_ws/src/VNAV_23/vnav_ws/install/mav_system_msgs/share/mav_system_msgs/cmake/export_mav_system_msgs__rosidl_generator_cppExport.cmake\n'}
[0.835608] (mav_state_machine_msgs) StdoutLine: {'line': b'-- Up-to-date: /home/aimane/humble_ws/src/VNAV_23/vnav_ws/install/mav_state_machine_msgs/lib/libmav_state_machine_msgs__rosidl_typesupport_c.so\n'}
[0.835901] (mav_state_machine_msgs) StdoutLine: {'line': b'-- Up-to-date: /home/aimane/humble_ws/src/VNAV_23/vnav_ws/install/mav_state_machine_msgs/include/mav_state_machine_msgs/mav_state_machine_msgs\n'}
[0.836076] (mav_state_machine_msgs) StdoutLine: {'line': b'-- Up-to-date: /home/aimane/humble_ws/src/VNAV_23/vnav_ws/install/mav_state_machine_msgs/include/mav_state_machine_msgs/mav_state_machine_msgs/msg\n'}
[0.836334] (mav_state_machine_msgs) StdoutLine: {'line': b'-- Up-to-date: /home/aimane/humble_ws/src/VNAV_23/vnav_ws/install/mav_state_machine_msgs/include/mav_state_machine_msgs/mav_state_machine_msgs/msg/detail\n'}
[0.836467] (mav_state_machine_msgs) StdoutLine: {'line': b'-- Up-to-date: /home/aimane/humble_ws/src/VNAV_23/vnav_ws/install/mav_state_machine_msgs/include/mav_state_machine_msgs/mav_state_machine_msgs/msg/detail/start_stop_task__rosidl_typesupport_introspection_cpp.hpp\n'}
[0.836592] (mav_state_machine_msgs) StdoutLine: {'line': b'-- Up-to-date: /home/aimane/humble_ws/src/VNAV_23/vnav_ws/install/mav_state_machine_msgs/include/mav_state_machine_msgs/mav_state_machine_msgs/msg/detail/start_stop_task__type_support.cpp\n'}
[0.836722] (mav_state_machine_msgs) StdoutLine: {'line': b'-- Up-to-date: /home/aimane/humble_ws/src/VNAV_23/vnav_ws/install/mav_state_machine_msgs/include/mav_state_machine_msgs/mav_state_machine_msgs/srv\n'}
[0.836852] (mav_state_machine_msgs) StdoutLine: {'line': b'-- Up-to-date: /home/aimane/humble_ws/src/VNAV_23/vnav_ws/install/mav_state_machine_msgs/include/mav_state_machine_msgs/mav_state_machine_msgs/srv/detail\n'}
[0.837055] (mav_state_machine_msgs) StdoutLine: {'line': b'-- Up-to-date: /home/aimane/humble_ws/src/VNAV_23/vnav_ws/install/mav_state_machine_msgs/include/mav_state_machine_msgs/mav_state_machine_msgs/srv/detail/run_task_service__rosidl_typesupport_introspection_cpp.hpp\n'}
[0.837191] (mav_state_machine_msgs) StdoutLine: {'line': b'-- Up-to-date: /home/aimane/humble_ws/src/VNAV_23/vnav_ws/install/mav_state_machine_msgs/include/mav_state_machine_msgs/mav_state_machine_msgs/srv/detail/run_task_service__type_support.cpp\n'}
[0.837316] (mav_msgs) StdoutLine: {'line': b'-- Up-to-date: /home/aimane/humble_ws/src/VNAV_23/vnav_ws/install/mav_msgs/share/mav_msgs/environment/library_path.dsv\n'}
[0.837707] (mav_state_machine_msgs) StdoutLine: {'line': b'-- Up-to-date: /home/aimane/humble_ws/src/VNAV_23/vnav_ws/install/mav_state_machine_msgs/lib/libmav_state_machine_msgs__rosidl_typesupport_introspection_cpp.so\n'}
[0.837915] (mav_system_msgs) StdoutLine: {'line': b'-- Up-to-date: /home/aimane/humble_ws/src/VNAV_23/vnav_ws/install/mav_system_msgs/share/mav_system_msgs/cmake/export_mav_system_msgs__rosidl_typesupport_fastrtps_cppExport.cmake\n'}
[0.838186] (mav_system_msgs) StdoutLine: {'line': b'-- Up-to-date: /home/aimane/humble_ws/src/VNAV_23/vnav_ws/install/mav_system_msgs/share/mav_system_msgs/cmake/export_mav_system_msgs__rosidl_typesupport_fastrtps_cppExport-noconfig.cmake\n'}
[0.838329] (mav_msgs) StdoutLine: {'line': b'-- Up-to-date: /home/aimane/humble_ws/src/VNAV_23/vnav_ws/install/mav_msgs/lib/libmav_msgs__rosidl_generator_c.so\n'}
[0.838482] (mav_system_msgs) StdoutLine: {'line': b'-- Up-to-date: /home/aimane/humble_ws/src/VNAV_23/vnav_ws/install/mav_system_msgs/share/mav_system_msgs/cmake/mav_system_msgs__rosidl_typesupport_introspection_cExport.cmake\n'}
[0.838602] (mav_system_msgs) StdoutLine: {'line': b'-- Up-to-date: /home/aimane/humble_ws/src/VNAV_23/vnav_ws/install/mav_system_msgs/share/mav_system_msgs/cmake/mav_system_msgs__rosidl_typesupport_introspection_cExport-noconfig.cmake\n'}
[0.838724] (mav_state_machine_msgs) StdoutLine: {'line': b'-- Up-to-date: /home/aimane/humble_ws/src/VNAV_23/vnav_ws/install/mav_state_machine_msgs/lib/libmav_state_machine_msgs__rosidl_typesupport_cpp.so\n'}
[0.838984] (mav_system_msgs) StdoutLine: {'line': b'-- Up-to-date: /home/aimane/humble_ws/src/VNAV_23/vnav_ws/install/mav_system_msgs/share/mav_system_msgs/cmake/mav_system_msgs__rosidl_typesupport_cExport.cmake\n'}
[0.839182] (mav_msgs) StdoutLine: {'line': b'-- Up-to-date: /home/aimane/humble_ws/src/VNAV_23/vnav_ws/install/mav_msgs/include/mav_msgs/mav_msgs\n'}
[0.839439] (mav_msgs) StdoutLine: {'line': b'-- Up-to-date: /home/aimane/humble_ws/src/VNAV_23/vnav_ws/install/mav_msgs/include/mav_msgs/mav_msgs/msg\n'}
[0.839599] (mav_system_msgs) StdoutLine: {'line': b'-- Up-to-date: /home/aimane/humble_ws/src/VNAV_23/vnav_ws/install/mav_system_msgs/share/mav_system_msgs/cmake/mav_system_msgs__rosidl_typesupport_cExport-noconfig.cmake\n'}
[0.839744] (mav_msgs) StdoutLine: {'line': b'-- Up-to-date: /home/aimane/humble_ws/src/VNAV_23/vnav_ws/install/mav_msgs/include/mav_msgs/mav_msgs/msg/detail\n'}
[0.839921] (mav_state_machine_msgs) StdoutLine: {'line': b'-- Up-to-date: /home/aimane/humble_ws/src/VNAV_23/vnav_ws/install/mav_state_machine_msgs/share/mav_state_machine_msgs/msg/StartStopTask.idl\n'}
[0.840105] (mav_system_msgs) StdoutLine: {'line': b'-- Up-to-date: /home/aimane/humble_ws/src/VNAV_23/vnav_ws/install/mav_system_msgs/share/mav_system_msgs/cmake/mav_system_msgs__rosidl_typesupport_introspection_cppExport.cmake\n'}
[0.840501] (mav_msgs) StdoutLine: {'line': b'-- Up-to-date: /home/aimane/humble_ws/src/VNAV_23/vnav_ws/install/mav_msgs/include/mav_msgs/mav_msgs/msg/detail/actuators__rosidl_typesupport_fastrtps_c.h\n'}
[0.840747] (mav_state_machine_msgs) StdoutLine: {'line': b'-- Up-to-date: /home/aimane/humble_ws/src/VNAV_23/vnav_ws/install/mav_state_machine_msgs/share/mav_state_machine_msgs/srv/RunTaskService.idl\n'}
[0.840911] (mav_msgs) StdoutLine: {'line': b'-- Up-to-date: /home/aimane/humble_ws/src/VNAV_23/vnav_ws/install/mav_msgs/include/mav_msgs/mav_msgs/msg/detail/rate_thrust__rosidl_typesupport_fastrtps_c.h\n'}
[0.841093] (mav_msgs) StdoutLine: {'line': b'-- Up-to-date: /home/aimane/humble_ws/src/VNAV_23/vnav_ws/install/mav_msgs/include/mav_msgs/mav_msgs/msg/detail/status__rosidl_typesupport_fastrtps_c.h\n'}
[0.842316] (mav_state_machine_msgs) StdoutLine: {'line': b'-- Up-to-date: /home/aimane/humble_ws/src/VNAV_23/vnav_ws/install/mav_state_machine_msgs/share/mav_state_machine_msgs/msg/StartStopTask.msg\n'}
[0.842555] (mav_system_msgs) StdoutLine: {'line': b'-- Up-to-date: /home/aimane/humble_ws/src/VNAV_23/vnav_ws/install/mav_system_msgs/share/mav_system_msgs/cmake/mav_system_msgs__rosidl_typesupport_introspection_cppExport-noconfig.cmake\n'}
[0.842755] (mav_state_machine_msgs) StdoutLine: {'line': b'-- Up-to-date: /home/aimane/humble_ws/src/VNAV_23/vnav_ws/install/mav_state_machine_msgs/share/mav_state_machine_msgs/srv/RunTaskService.srv\n'}
[0.843053] (mav_msgs) StdoutLine: {'line': b'-- Up-to-date: /home/aimane/humble_ws/src/VNAV_23/vnav_ws/install/mav_msgs/include/mav_msgs/mav_msgs/msg/detail/filtered_sensor_data__rosidl_typesupport_fastrtps_c.h\n'}
[0.843320] (mav_msgs) StdoutLine: {'line': b'-- Up-to-date: /home/aimane/humble_ws/src/VNAV_23/vnav_ws/install/mav_msgs/include/mav_msgs/mav_msgs/msg/detail/gps_waypoint__rosidl_typesupport_fastrtps_c.h\n'}
[0.843541] (mav_system_msgs) StdoutLine: {'line': b'-- Up-to-date: /home/aimane/humble_ws/src/VNAV_23/vnav_ws/install/mav_system_msgs/share/mav_system_msgs/cmake/mav_system_msgs__rosidl_typesupport_cppExport.cmake\n'}
[0.843753] (mav_system_msgs) StdoutLine: {'line': b'-- Up-to-date: /home/aimane/humble_ws/src/VNAV_23/vnav_ws/install/mav_system_msgs/share/mav_system_msgs/cmake/mav_system_msgs__rosidl_typesupport_cppExport-noconfig.cmake\n'}
[0.843907] (mav_system_msgs) StdoutLine: {'line': b'-- Up-to-date: /home/aimane/humble_ws/src/VNAV_23/vnav_ws/install/mav_system_msgs/share/mav_system_msgs/cmake/rosidl_cmake-extras.cmake\n'}
[0.844031] (mav_system_msgs) StdoutLine: {'line': b'-- Up-to-date: /home/aimane/humble_ws/src/VNAV_23/vnav_ws/install/mav_system_msgs/share/mav_system_msgs/cmake/ament_cmake_export_dependencies-extras.cmake\n'}
[0.844153] (mav_system_msgs) StdoutLine: {'line': b'-- Up-to-date: /home/aimane/humble_ws/src/VNAV_23/vnav_ws/install/mav_system_msgs/share/mav_system_msgs/cmake/ament_cmake_export_include_directories-extras.cmake\n'}
[0.844275] (mav_system_msgs) StdoutLine: {'line': b'-- Up-to-date: /home/aimane/humble_ws/src/VNAV_23/vnav_ws/install/mav_system_msgs/share/mav_system_msgs/cmake/ament_cmake_export_libraries-extras.cmake\n'}
[0.844404] (mav_system_msgs) StdoutLine: {'line': b'-- Up-to-date: /home/aimane/humble_ws/src/VNAV_23/vnav_ws/install/mav_system_msgs/share/mav_system_msgs/cmake/ament_cmake_export_targets-extras.cmake\n'}
[0.844523] (mav_system_msgs) StdoutLine: {'line': b'-- Up-to-date: /home/aimane/humble_ws/src/VNAV_23/vnav_ws/install/mav_system_msgs/share/mav_system_msgs/cmake/rosidl_cmake_export_typesupport_targets-extras.cmake\n'}
[0.844651] (mav_system_msgs) StdoutLine: {'line': b'-- Up-to-date: /home/aimane/humble_ws/src/VNAV_23/vnav_ws/install/mav_system_msgs/share/mav_system_msgs/cmake/rosidl_cmake_export_typesupport_libraries-extras.cmake\n'}
[0.844764] (mav_state_machine_msgs) StdoutLine: {'line': b'-- Up-to-date: /home/aimane/humble_ws/src/VNAV_23/vnav_ws/install/mav_state_machine_msgs/share/mav_state_machine_msgs/srv/RunTaskService_Request.msg\n'}
[0.844986] (mav_state_machine_msgs) StdoutLine: {'line': b'-- Up-to-date: /home/aimane/humble_ws/src/VNAV_23/vnav_ws/install/mav_state_machine_msgs/share/mav_state_machine_msgs/srv/RunTaskService_Response.msg\n'}
[0.845206] (mav_state_machine_msgs) StdoutLine: {'line': b'-- Up-to-date: /home/aimane/humble_ws/src/VNAV_23/vnav_ws/install/mav_state_machine_msgs/share/ament_index/resource_index/package_run_dependencies/mav_state_machine_msgs\n'}
[0.845332] (mav_state_machine_msgs) StdoutLine: {'line': b'-- Up-to-date: /home/aimane/humble_ws/src/VNAV_23/vnav_ws/install/mav_state_machine_msgs/share/ament_index/resource_index/parent_prefix_path/mav_state_machine_msgs\n'}
[0.845455] (mav_state_machine_msgs) StdoutLine: {'line': b'-- Up-to-date: /home/aimane/humble_ws/src/VNAV_23/vnav_ws/install/mav_state_machine_msgs/share/mav_state_machine_msgs/environment/ament_prefix_path.sh\n'}
[0.845631] (mav_state_machine_msgs) StdoutLine: {'line': b'-- Up-to-date: /home/aimane/humble_ws/src/VNAV_23/vnav_ws/install/mav_state_machine_msgs/share/mav_state_machine_msgs/environment/ament_prefix_path.dsv\n'}
[0.845748] (mav_state_machine_msgs) StdoutLine: {'line': b'-- Up-to-date: /home/aimane/humble_ws/src/VNAV_23/vnav_ws/install/mav_state_machine_msgs/share/mav_state_machine_msgs/environment/path.sh\n'}
[0.845952] (mav_state_machine_msgs) StdoutLine: {'line': b'-- Up-to-date: /home/aimane/humble_ws/src/VNAV_23/vnav_ws/install/mav_state_machine_msgs/share/mav_state_machine_msgs/environment/path.dsv\n'}
[0.846120] (mav_state_machine_msgs) StdoutLine: {'line': b'-- Up-to-date: /home/aimane/humble_ws/src/VNAV_23/vnav_ws/install/mav_state_machine_msgs/share/mav_state_machine_msgs/local_setup.bash\n'}
[0.846260] (mav_state_machine_msgs) StdoutLine: {'line': b'-- Up-to-date: /home/aimane/humble_ws/src/VNAV_23/vnav_ws/install/mav_state_machine_msgs/share/mav_state_machine_msgs/local_setup.sh\n'}
[0.846382] (mav_state_machine_msgs) StdoutLine: {'line': b'-- Up-to-date: /home/aimane/humble_ws/src/VNAV_23/vnav_ws/install/mav_state_machine_msgs/share/mav_state_machine_msgs/local_setup.zsh\n'}
[0.846500] (mav_msgs) StdoutLine: {'line': b'-- Up-to-date: /home/aimane/humble_ws/src/VNAV_23/vnav_ws/install/mav_msgs/include/mav_msgs/mav_msgs/msg/detail/roll_pitch_yawrate_thrust__rosidl_typesupport_fastrtps_c.h\n'}
[0.846712] (mav_msgs) StdoutLine: {'line': b'-- Up-to-date: /home/aimane/humble_ws/src/VNAV_23/vnav_ws/install/mav_msgs/include/mav_msgs/mav_msgs/msg/detail/attitude_thrust__rosidl_typesupport_fastrtps_c.h\n'}
[0.846918] (mav_msgs) StdoutLine: {'line': b'-- Up-to-date: /home/aimane/humble_ws/src/VNAV_23/vnav_ws/install/mav_msgs/include/mav_msgs/mav_msgs/msg/detail/torque_thrust__rosidl_typesupport_fastrtps_c.h\n'}
[0.847041] (mav_msgs) StdoutLine: {'line': b'-- Up-to-date: /home/aimane/humble_ws/src/VNAV_23/vnav_ws/install/mav_msgs/include/mav_msgs/mav_msgs/msg/rosidl_typesupport_fastrtps_c__visibility_control.h\n'}
[0.847159] (mav_msgs) StdoutLine: {'line': b'-- Up-to-date: /home/aimane/humble_ws/src/VNAV_23/vnav_ws/install/mav_msgs/lib/libmav_msgs__rosidl_typesupport_fastrtps_c.so\n'}
[0.847274] (mav_msgs) StdoutLine: {'line': b'-- Up-to-date: /home/aimane/humble_ws/src/VNAV_23/vnav_ws/install/mav_msgs/include/mav_msgs/mav_msgs\n'}
[0.847390] (mav_msgs) StdoutLine: {'line': b'-- Up-to-date: /home/aimane/humble_ws/src/VNAV_23/vnav_ws/install/mav_msgs/include/mav_msgs/mav_msgs/msg\n'}
[0.847511] (mav_state_machine_msgs) StdoutLine: {'line': b'-- Up-to-date: /home/aimane/humble_ws/src/VNAV_23/vnav_ws/install/mav_state_machine_msgs/share/mav_state_machine_msgs/local_setup.dsv\n'}
[0.847739] (mav_state_machine_msgs) StdoutLine: {'line': b'-- Installing: /home/aimane/humble_ws/src/VNAV_23/vnav_ws/install/mav_state_machine_msgs/share/mav_state_machine_msgs/package.dsv\n'}
[0.847961] (mav_state_machine_msgs) StdoutLine: {'line': b'-- Up-to-date: /home/aimane/humble_ws/src/VNAV_23/vnav_ws/install/mav_state_machine_msgs/share/ament_index/resource_index/packages/mav_state_machine_msgs\n'}
[0.848172] (mav_state_machine_msgs) StdoutLine: {'line': b'-- Up-to-date: /home/aimane/humble_ws/src/VNAV_23/vnav_ws/install/mav_state_machine_msgs/share/mav_state_machine_msgs/cmake/export_mav_state_machine_msgs__rosidl_generator_cExport.cmake\n'}
[0.848316] (mav_state_machine_msgs) StdoutLine: {'line': b'-- Up-to-date: /home/aimane/humble_ws/src/VNAV_23/vnav_ws/install/mav_state_machine_msgs/share/mav_state_machine_msgs/cmake/export_mav_state_machine_msgs__rosidl_generator_cExport-noconfig.cmake\n'}
[0.848448] (mav_state_machine_msgs) StdoutLine: {'line': b'-- Up-to-date: /home/aimane/humble_ws/src/VNAV_23/vnav_ws/install/mav_state_machine_msgs/share/mav_state_machine_msgs/cmake/export_mav_state_machine_msgs__rosidl_typesupport_fastrtps_cExport.cmake\n'}
[0.848570] (mav_state_machine_msgs) StdoutLine: {'line': b'-- Up-to-date: /home/aimane/humble_ws/src/VNAV_23/vnav_ws/install/mav_state_machine_msgs/share/mav_state_machine_msgs/cmake/export_mav_state_machine_msgs__rosidl_typesupport_fastrtps_cExport-noconfig.cmake\n'}
[0.848737] (mav_state_machine_msgs) StdoutLine: {'line': b'-- Up-to-date: /home/aimane/humble_ws/src/VNAV_23/vnav_ws/install/mav_state_machine_msgs/share/mav_state_machine_msgs/cmake/export_mav_state_machine_msgs__rosidl_generator_cppExport.cmake\n'}
[0.848926] (mav_state_machine_msgs) StdoutLine: {'line': b'-- Up-to-date: /home/aimane/humble_ws/src/VNAV_23/vnav_ws/install/mav_state_machine_msgs/share/mav_state_machine_msgs/cmake/export_mav_state_machine_msgs__rosidl_typesupport_fastrtps_cppExport.cmake\n'}
[0.849152] (mav_state_machine_msgs) StdoutLine: {'line': b'-- Up-to-date: /home/aimane/humble_ws/src/VNAV_23/vnav_ws/install/mav_state_machine_msgs/share/mav_state_machine_msgs/cmake/export_mav_state_machine_msgs__rosidl_typesupport_fastrtps_cppExport-noconfig.cmake\n'}
[0.849300] (mav_state_machine_msgs) StdoutLine: {'line': b'-- Up-to-date: /home/aimane/humble_ws/src/VNAV_23/vnav_ws/install/mav_state_machine_msgs/share/mav_state_machine_msgs/cmake/mav_state_machine_msgs__rosidl_typesupport_introspection_cExport.cmake\n'}
[0.849425] (mav_state_machine_msgs) StdoutLine: {'line': b'-- Up-to-date: /home/aimane/humble_ws/src/VNAV_23/vnav_ws/install/mav_state_machine_msgs/share/mav_state_machine_msgs/cmake/mav_state_machine_msgs__rosidl_typesupport_introspection_cExport-noconfig.cmake\n'}
[0.849552] (mav_msgs) StdoutLine: {'line': b'-- Up-to-date: /home/aimane/humble_ws/src/VNAV_23/vnav_ws/install/mav_msgs/include/mav_msgs/mav_msgs/msg/rosidl_typesupport_introspection_c__visibility_control.h\n'}
[0.849775] (mav_msgs) StdoutLine: {'line': b'-- Up-to-date: /home/aimane/humble_ws/src/VNAV_23/vnav_ws/install/mav_msgs/include/mav_msgs/mav_msgs/msg/detail\n'}
[0.850014] (mav_msgs) StdoutLine: {'line': b'-- Up-to-date: /home/aimane/humble_ws/src/VNAV_23/vnav_ws/install/mav_msgs/include/mav_msgs/mav_msgs/msg/detail/torque_thrust__rosidl_typesupport_introspection_c.h\n'}
[0.850165] (mav_msgs) StdoutLine: {'line': b'-- Up-to-date: /home/aimane/humble_ws/src/VNAV_23/vnav_ws/install/mav_msgs/include/mav_msgs/mav_msgs/msg/detail/status__rosidl_typesupport_introspection_c.h\n'}
[0.850292] (mav_msgs) StdoutLine: {'line': b'-- Up-to-date: /home/aimane/humble_ws/src/VNAV_23/vnav_ws/install/mav_msgs/include/mav_msgs/mav_msgs/msg/detail/status__type_support.c\n'}
[0.850432] (mav_msgs) StdoutLine: {'line': b'-- Up-to-date: /home/aimane/humble_ws/src/VNAV_23/vnav_ws/install/mav_msgs/include/mav_msgs/mav_msgs/msg/detail/attitude_thrust__type_support.c\n'}
[0.850547] (mav_msgs) StdoutLine: {'line': b'-- Up-to-date: /home/aimane/humble_ws/src/VNAV_23/vnav_ws/install/mav_msgs/include/mav_msgs/mav_msgs/msg/detail/roll_pitch_yawrate_thrust__rosidl_typesupport_introspection_c.h\n'}
[0.850673] (mav_msgs) StdoutLine: {'line': b'-- Up-to-date: /home/aimane/humble_ws/src/VNAV_23/vnav_ws/install/mav_msgs/include/mav_msgs/mav_msgs/msg/detail/attitude_thrust__rosidl_typesupport_introspection_c.h\n'}
[0.850858] (mav_msgs) StdoutLine: {'line': b'-- Up-to-date: /home/aimane/humble_ws/src/VNAV_23/vnav_ws/install/mav_msgs/include/mav_msgs/mav_msgs/msg/detail/actuators__rosidl_typesupport_introspection_c.h\n'}
[0.851216] (mav_msgs) StdoutLine: {'line': b'-- Up-to-date: /home/aimane/humble_ws/src/VNAV_23/vnav_ws/install/mav_msgs/include/mav_msgs/mav_msgs/msg/detail/filtered_sensor_data__type_support.c\n'}
[0.851350] (mav_msgs) StdoutLine: {'line': b'-- Up-to-date: /home/aimane/humble_ws/src/VNAV_23/vnav_ws/install/mav_msgs/include/mav_msgs/mav_msgs/msg/detail/rate_thrust__rosidl_typesupport_introspection_c.h\n'}
[0.851471] (mav_msgs) StdoutLine: {'line': b'-- Up-to-date: /home/aimane/humble_ws/src/VNAV_23/vnav_ws/install/mav_msgs/include/mav_msgs/mav_msgs/msg/detail/roll_pitch_yawrate_thrust__type_support.c\n'}
[0.851589] (mav_msgs) StdoutLine: {'line': b'-- Up-to-date: /home/aimane/humble_ws/src/VNAV_23/vnav_ws/install/mav_msgs/include/mav_msgs/mav_msgs/msg/detail/gps_waypoint__rosidl_typesupport_introspection_c.h\n'}
[0.851705] (mav_msgs) StdoutLine: {'line': b'-- Up-to-date: /home/aimane/humble_ws/src/VNAV_23/vnav_ws/install/mav_msgs/include/mav_msgs/mav_msgs/msg/detail/torque_thrust__type_support.c\n'}
[0.851898] (mav_msgs) StdoutLine: {'line': b'-- Up-to-date: /home/aimane/humble_ws/src/VNAV_23/vnav_ws/install/mav_msgs/include/mav_msgs/mav_msgs/msg/detail/rate_thrust__type_support.c\n'}
[0.852055] (mav_msgs) StdoutLine: {'line': b'-- Up-to-date: /home/aimane/humble_ws/src/VNAV_23/vnav_ws/install/mav_msgs/include/mav_msgs/mav_msgs/msg/detail/actuators__type_support.c\n'}
[0.852182] (mav_msgs) StdoutLine: {'line': b'-- Up-to-date: /home/aimane/humble_ws/src/VNAV_23/vnav_ws/install/mav_msgs/include/mav_msgs/mav_msgs/msg/detail/filtered_sensor_data__rosidl_typesupport_introspection_c.h\n'}
[0.852311] (mav_msgs) StdoutLine: {'line': b'-- Up-to-date: /home/aimane/humble_ws/src/VNAV_23/vnav_ws/install/mav_msgs/include/mav_msgs/mav_msgs/msg/detail/gps_waypoint__type_support.c\n'}
[0.852487] (mav_msgs) StdoutLine: {'line': b'-- Up-to-date: /home/aimane/humble_ws/src/VNAV_23/vnav_ws/install/mav_msgs/lib/libmav_msgs__rosidl_typesupport_introspection_c.so\n'}
[0.852609] (mav_msgs) StdoutLine: {'line': b'-- Up-to-date: /home/aimane/humble_ws/src/VNAV_23/vnav_ws/install/mav_msgs/lib/libmav_msgs__rosidl_typesupport_c.so\n'}
[0.852731] (mav_state_machine_msgs) StdoutLine: {'line': b'-- Up-to-date: /home/aimane/humble_ws/src/VNAV_23/vnav_ws/install/mav_state_machine_msgs/share/mav_state_machine_msgs/cmake/mav_state_machine_msgs__rosidl_typesupport_cExport.cmake\n'}
[0.852931] (mav_state_machine_msgs) StdoutLine: {'line': b'-- Up-to-date: /home/aimane/humble_ws/src/VNAV_23/vnav_ws/install/mav_state_machine_msgs/share/mav_state_machine_msgs/cmake/mav_state_machine_msgs__rosidl_typesupport_cExport-noconfig.cmake\n'}
[0.853141] (mav_msgs) StdoutLine: {'line': b'-- Up-to-date: /home/aimane/humble_ws/src/VNAV_23/vnav_ws/install/mav_msgs/include/mav_msgs/mav_msgs\n'}
[0.853328] (mav_state_machine_msgs) StdoutLine: {'line': b'-- Up-to-date: /home/aimane/humble_ws/src/VNAV_23/vnav_ws/install/mav_state_machine_msgs/share/mav_state_machine_msgs/cmake/mav_state_machine_msgs__rosidl_typesupport_introspection_cppExport.cmake\n'}
[0.853451] (mav_state_machine_msgs) StdoutLine: {'line': b'-- Up-to-date: /home/aimane/humble_ws/src/VNAV_23/vnav_ws/install/mav_state_machine_msgs/share/mav_state_machine_msgs/cmake/mav_state_machine_msgs__rosidl_typesupport_introspection_cppExport-noconfig.cmake\n'}
[0.853583] (mav_msgs) StdoutLine: {'line': b'-- Up-to-date: /home/aimane/humble_ws/src/VNAV_23/vnav_ws/install/mav_msgs/include/mav_msgs/mav_msgs/msg\n'}
[0.853717] (mav_msgs) StdoutLine: {'line': b'-- Up-to-date: /home/aimane/humble_ws/src/VNAV_23/vnav_ws/install/mav_msgs/include/mav_msgs/mav_msgs/msg/status.hpp\n'}
[0.853856] (mav_msgs) StdoutLine: {'line': b'-- Up-to-date: /home/aimane/humble_ws/src/VNAV_23/vnav_ws/install/mav_msgs/include/mav_msgs/mav_msgs/msg/roll_pitch_yawrate_thrust.hpp\n'}
[0.854067] (mav_msgs) StdoutLine: {'line': b'-- Up-to-date: /home/aimane/humble_ws/src/VNAV_23/vnav_ws/install/mav_msgs/include/mav_msgs/mav_msgs/msg/detail\n'}
[0.854195] (mav_msgs) StdoutLine: {'line': b'-- Up-to-date: /home/aimane/humble_ws/src/VNAV_23/vnav_ws/install/mav_msgs/include/mav_msgs/mav_msgs/msg/detail/gps_waypoint__builder.hpp\n'}
[0.854311] (mav_msgs) StdoutLine: {'line': b'-- Up-to-date: /home/aimane/humble_ws/src/VNAV_23/vnav_ws/install/mav_msgs/include/mav_msgs/mav_msgs/msg/detail/rate_thrust__struct.hpp\n'}
[0.854437] (mav_msgs) StdoutLine: {'line': b'-- Up-to-date: /home/aimane/humble_ws/src/VNAV_23/vnav_ws/install/mav_msgs/include/mav_msgs/mav_msgs/msg/detail/actuators__type_support.hpp\n'}
[0.854565] (mav_msgs) StdoutLine: {'line': b'-- Up-to-date: /home/aimane/humble_ws/src/VNAV_23/vnav_ws/install/mav_msgs/include/mav_msgs/mav_msgs/msg/detail/torque_thrust__type_support.hpp\n'}
[0.854686] (mav_msgs) StdoutLine: {'line': b'-- Up-to-date: /home/aimane/humble_ws/src/VNAV_23/vnav_ws/install/mav_msgs/include/mav_msgs/mav_msgs/msg/detail/status__traits.hpp\n'}
[0.854806] (mav_state_machine_msgs) StdoutLine: {'line': b'-- Up-to-date: /home/aimane/humble_ws/src/VNAV_23/vnav_ws/install/mav_state_machine_msgs/share/mav_state_machine_msgs/cmake/mav_state_machine_msgs__rosidl_typesupport_cppExport.cmake\n'}
[0.855051] (mav_system_msgs) StdoutLine: {'line': b'-- Up-to-date: /home/aimane/humble_ws/src/VNAV_23/vnav_ws/install/mav_system_msgs/share/mav_system_msgs/cmake/mav_system_msgsConfig.cmake\n'}
[0.855263] (mav_system_msgs) StdoutLine: {'line': b'-- Up-to-date: /home/aimane/humble_ws/src/VNAV_23/vnav_ws/install/mav_system_msgs/share/mav_system_msgs/cmake/mav_system_msgsConfig-version.cmake\n'}
[0.855424] (mav_system_msgs) StdoutLine: {'line': b'-- Up-to-date: /home/aimane/humble_ws/src/VNAV_23/vnav_ws/install/mav_system_msgs/share/mav_system_msgs/package.xml\n'}
[0.855544] (mav_msgs) StdoutLine: {'line': b'-- Up-to-date: /home/aimane/humble_ws/src/VNAV_23/vnav_ws/install/mav_msgs/include/mav_msgs/mav_msgs/msg/detail/torque_thrust__traits.hpp\n'}
[0.855717] (mav_msgs) StdoutLine: {'line': b'-- Up-to-date: /home/aimane/humble_ws/src/VNAV_23/vnav_ws/install/mav_msgs/include/mav_msgs/mav_msgs/msg/detail/rate_thrust__traits.hpp\n'}
[0.855849] (mav_msgs) StdoutLine: {'line': b'-- Up-to-date: /home/aimane/humble_ws/src/VNAV_23/vnav_ws/install/mav_msgs/include/mav_msgs/mav_msgs/msg/detail/filtered_sensor_data__type_support.hpp\n'}
[0.856038] (mav_msgs) StdoutLine: {'line': b'-- Up-to-date: /home/aimane/humble_ws/src/VNAV_23/vnav_ws/install/mav_msgs/include/mav_msgs/mav_msgs/msg/detail/actuators__builder.hpp\n'}
[0.856157] (mav_msgs) StdoutLine: {'line': b'-- Up-to-date: /home/aimane/humble_ws/src/VNAV_23/vnav_ws/install/mav_msgs/include/mav_msgs/mav_msgs/msg/detail/filtered_sensor_data__builder.hpp\n'}
[0.856281] (mav_msgs) StdoutLine: {'line': b'-- Up-to-date: /home/aimane/humble_ws/src/VNAV_23/vnav_ws/install/mav_msgs/include/mav_msgs/mav_msgs/msg/detail/actuators__traits.hpp\n'}
[0.856413] (mav_msgs) StdoutLine: {'line': b'-- Up-to-date: /home/aimane/humble_ws/src/VNAV_23/vnav_ws/install/mav_msgs/include/mav_msgs/mav_msgs/msg/detail/roll_pitch_yawrate_thrust__builder.hpp\n'}
[0.856540] (mav_msgs) StdoutLine: {'line': b'-- Up-to-date: /home/aimane/humble_ws/src/VNAV_23/vnav_ws/install/mav_msgs/include/mav_msgs/mav_msgs/msg/detail/rate_thrust__type_support.hpp\n'}
[0.856666] (mav_msgs) StdoutLine: {'line': b'-- Up-to-date: /home/aimane/humble_ws/src/VNAV_23/vnav_ws/install/mav_msgs/include/mav_msgs/mav_msgs/msg/detail/roll_pitch_yawrate_thrust__type_support.hpp\n'}
[0.856785] (mav_msgs) StdoutLine: {'line': b'-- Up-to-date: /home/aimane/humble_ws/src/VNAV_23/vnav_ws/install/mav_msgs/include/mav_msgs/mav_msgs/msg/detail/status__type_support.hpp\n'}
[0.856976] (mav_msgs) StdoutLine: {'line': b'-- Up-to-date: /home/aimane/humble_ws/src/VNAV_23/vnav_ws/install/mav_msgs/include/mav_msgs/mav_msgs/msg/detail/attitude_thrust__type_support.hpp\n'}
[0.857115] (mav_msgs) StdoutLine: {'line': b'-- Up-to-date: /home/aimane/humble_ws/src/VNAV_23/vnav_ws/install/mav_msgs/include/mav_msgs/mav_msgs/msg/detail/torque_thrust__struct.hpp\n'}
[0.857232] (mav_msgs) StdoutLine: {'line': b'-- Up-to-date: /home/aimane/humble_ws/src/VNAV_23/vnav_ws/install/mav_msgs/include/mav_msgs/mav_msgs/msg/detail/status__struct.hpp\n'}
[0.857344] (mav_msgs) StdoutLine: {'line': b'-- Up-to-date: /home/aimane/humble_ws/src/VNAV_23/vnav_ws/install/mav_msgs/include/mav_msgs/mav_msgs/msg/detail/attitude_thrust__builder.hpp\n'}
[0.857461] (mav_msgs) StdoutLine: {'line': b'-- Up-to-date: /home/aimane/humble_ws/src/VNAV_23/vnav_ws/install/mav_msgs/include/mav_msgs/mav_msgs/msg/detail/roll_pitch_yawrate_thrust__struct.hpp\n'}
[0.857578] (mav_msgs) StdoutLine: {'line': b'-- Up-to-date: /home/aimane/humble_ws/src/VNAV_23/vnav_ws/install/mav_msgs/include/mav_msgs/mav_msgs/msg/detail/gps_waypoint__traits.hpp\n'}
[0.857695] (mav_msgs) StdoutLine: {'line': b'-- Up-to-date: /home/aimane/humble_ws/src/VNAV_23/vnav_ws/install/mav_msgs/include/mav_msgs/mav_msgs/msg/detail/gps_waypoint__type_support.hpp\n'}
[0.857814] (mav_state_machine_msgs) StdoutLine: {'line': b'-- Up-to-date: /home/aimane/humble_ws/src/VNAV_23/vnav_ws/install/mav_state_machine_msgs/share/mav_state_machine_msgs/cmake/mav_state_machine_msgs__rosidl_typesupport_cppExport-noconfig.cmake\n'}
[0.858055] (mav_state_machine_msgs) StdoutLine: {'line': b'-- Up-to-date: /home/aimane/humble_ws/src/VNAV_23/vnav_ws/install/mav_state_machine_msgs/share/mav_state_machine_msgs/cmake/rosidl_cmake-extras.cmake\n'}
[0.858195] (mav_state_machine_msgs) StdoutLine: {'line': b'-- Up-to-date: /home/aimane/humble_ws/src/VNAV_23/vnav_ws/install/mav_state_machine_msgs/share/mav_state_machine_msgs/cmake/ament_cmake_export_dependencies-extras.cmake\n'}
[0.858314] (mav_state_machine_msgs) StdoutLine: {'line': b'-- Up-to-date: /home/aimane/humble_ws/src/VNAV_23/vnav_ws/install/mav_state_machine_msgs/share/mav_state_machine_msgs/cmake/ament_cmake_export_include_directories-extras.cmake\n'}
[0.858433] (mav_state_machine_msgs) StdoutLine: {'line': b'-- Up-to-date: /home/aimane/humble_ws/src/VNAV_23/vnav_ws/install/mav_state_machine_msgs/share/mav_state_machine_msgs/cmake/ament_cmake_export_libraries-extras.cmake\n'}
[0.858552] (mav_state_machine_msgs) StdoutLine: {'line': b'-- Up-to-date: /home/aimane/humble_ws/src/VNAV_23/vnav_ws/install/mav_state_machine_msgs/share/mav_state_machine_msgs/cmake/ament_cmake_export_targets-extras.cmake\n'}
[0.858671] (mav_state_machine_msgs) StdoutLine: {'line': b'-- Up-to-date: /home/aimane/humble_ws/src/VNAV_23/vnav_ws/install/mav_state_machine_msgs/share/mav_state_machine_msgs/cmake/rosidl_cmake_export_typesupport_targets-extras.cmake\n'}
[0.858788] (mav_state_machine_msgs) StdoutLine: {'line': b'-- Up-to-date: /home/aimane/humble_ws/src/VNAV_23/vnav_ws/install/mav_state_machine_msgs/share/mav_state_machine_msgs/cmake/rosidl_cmake_export_typesupport_libraries-extras.cmake\n'}
[0.859009] (mav_state_machine_msgs) StdoutLine: {'line': b'-- Up-to-date: /home/aimane/humble_ws/src/VNAV_23/vnav_ws/install/mav_state_machine_msgs/share/mav_state_machine_msgs/cmake/mav_state_machine_msgsConfig.cmake\n'}
[0.859163] (mav_state_machine_msgs) StdoutLine: {'line': b'-- Up-to-date: /home/aimane/humble_ws/src/VNAV_23/vnav_ws/install/mav_state_machine_msgs/share/mav_state_machine_msgs/cmake/mav_state_machine_msgsConfig-version.cmake\n'}
[0.859282] (mav_state_machine_msgs) StdoutLine: {'line': b'-- Up-to-date: /home/aimane/humble_ws/src/VNAV_23/vnav_ws/install/mav_state_machine_msgs/share/mav_state_machine_msgs/package.xml\n'}
[0.859411] (mav_msgs) StdoutLine: {'line': b'-- Up-to-date: /home/aimane/humble_ws/src/VNAV_23/vnav_ws/install/mav_msgs/include/mav_msgs/mav_msgs/msg/detail/filtered_sensor_data__struct.hpp\n'}
[0.859605] (mav_msgs) StdoutLine: {'line': b'-- Up-to-date: /home/aimane/humble_ws/src/VNAV_23/vnav_ws/install/mav_msgs/include/mav_msgs/mav_msgs/msg/detail/gps_waypoint__struct.hpp\n'}
[0.859732] (mav_msgs) StdoutLine: {'line': b'-- Up-to-date: /home/aimane/humble_ws/src/VNAV_23/vnav_ws/install/mav_msgs/include/mav_msgs/mav_msgs/msg/detail/roll_pitch_yawrate_thrust__traits.hpp\n'}
[0.859874] (mav_msgs) StdoutLine: {'line': b'-- Up-to-date: /home/aimane/humble_ws/src/VNAV_23/vnav_ws/install/mav_msgs/include/mav_msgs/mav_msgs/msg/detail/status__builder.hpp\n'}
[0.860077] (mav_msgs) StdoutLine: {'line': b'-- Up-to-date: /home/aimane/humble_ws/src/VNAV_23/vnav_ws/install/mav_msgs/include/mav_msgs/mav_msgs/msg/detail/attitude_thrust__traits.hpp\n'}
[0.860201] (mav_msgs) StdoutLine: {'line': b'-- Up-to-date: /home/aimane/humble_ws/src/VNAV_23/vnav_ws/install/mav_msgs/include/mav_msgs/mav_msgs/msg/detail/torque_thrust__builder.hpp\n'}
[0.860318] (mav_msgs) StdoutLine: {'line': b'-- Up-to-date: /home/aimane/humble_ws/src/VNAV_23/vnav_ws/install/mav_msgs/include/mav_msgs/mav_msgs/msg/detail/actuators__struct.hpp\n'}
[0.860443] (mav_msgs) StdoutLine: {'line': b'-- Up-to-date: /home/aimane/humble_ws/src/VNAV_23/vnav_ws/install/mav_msgs/include/mav_msgs/mav_msgs/msg/detail/filtered_sensor_data__traits.hpp\n'}
[0.860568] (mav_msgs) StdoutLine: {'line': b'-- Up-to-date: /home/aimane/humble_ws/src/VNAV_23/vnav_ws/install/mav_msgs/include/mav_msgs/mav_msgs/msg/detail/rate_thrust__builder.hpp\n'}
[0.860727] (mav_msgs) StdoutLine: {'line': b'-- Up-to-date: /home/aimane/humble_ws/src/VNAV_23/vnav_ws/install/mav_msgs/include/mav_msgs/mav_msgs/msg/detail/attitude_thrust__struct.hpp\n'}
[0.860870] (mav_msgs) StdoutLine: {'line': b'-- Up-to-date: /home/aimane/humble_ws/src/VNAV_23/vnav_ws/install/mav_msgs/include/mav_msgs/mav_msgs/msg/torque_thrust.hpp\n'}
[0.861042] (mav_msgs) StdoutLine: {'line': b'-- Up-to-date: /home/aimane/humble_ws/src/VNAV_23/vnav_ws/install/mav_msgs/include/mav_msgs/mav_msgs/msg/rate_thrust.hpp\n'}
[0.861166] (mav_msgs) StdoutLine: {'line': b'-- Up-to-date: /home/aimane/humble_ws/src/VNAV_23/vnav_ws/install/mav_msgs/include/mav_msgs/mav_msgs/msg/attitude_thrust.hpp\n'}
[0.861286] (mav_msgs) StdoutLine: {'line': b'-- Up-to-date: /home/aimane/humble_ws/src/VNAV_23/vnav_ws/install/mav_msgs/include/mav_msgs/mav_msgs/msg/filtered_sensor_data.hpp\n'}
[0.861413] (mav_msgs) StdoutLine: {'line': b'-- Up-to-date: /home/aimane/humble_ws/src/VNAV_23/vnav_ws/install/mav_msgs/include/mav_msgs/mav_msgs/msg/gps_waypoint.hpp\n'}
[0.861535] (mav_msgs) StdoutLine: {'line': b'-- Up-to-date: /home/aimane/humble_ws/src/VNAV_23/vnav_ws/install/mav_msgs/include/mav_msgs/mav_msgs/msg/actuators.hpp\n'}
[0.861659] (mav_msgs) StdoutLine: {'line': b'-- Up-to-date: /home/aimane/humble_ws/src/VNAV_23/vnav_ws/install/mav_msgs/include/mav_msgs/mav_msgs/msg/rosidl_generator_cpp__visibility_control.hpp\n'}
[0.861800] (mav_msgs) StdoutLine: {'line': b'-- Up-to-date: /home/aimane/humble_ws/src/VNAV_23/vnav_ws/install/mav_msgs/include/mav_msgs/mav_msgs\n'}
[0.861991] (mav_msgs) StdoutLine: {'line': b'-- Up-to-date: /home/aimane/humble_ws/src/VNAV_23/vnav_ws/install/mav_msgs/include/mav_msgs/mav_msgs/msg\n'}
[0.862130] (mav_msgs) StdoutLine: {'line': b'-- Up-to-date: /home/aimane/humble_ws/src/VNAV_23/vnav_ws/install/mav_msgs/include/mav_msgs/mav_msgs/msg/detail\n'}
[0.862251] (mav_msgs) StdoutLine: {'line': b'-- Up-to-date: /home/aimane/humble_ws/src/VNAV_23/vnav_ws/install/mav_msgs/include/mav_msgs/mav_msgs/msg/detail/gps_waypoint__rosidl_typesupport_fastrtps_cpp.hpp\n'}
[0.862377] (mav_msgs) StdoutLine: {'line': b'-- Up-to-date: /home/aimane/humble_ws/src/VNAV_23/vnav_ws/install/mav_msgs/include/mav_msgs/mav_msgs/msg/detail/dds_fastrtps\n'}
[0.862510] (mav_msgs) StdoutLine: {'line': b'-- Up-to-date: /home/aimane/humble_ws/src/VNAV_23/vnav_ws/install/mav_msgs/include/mav_msgs/mav_msgs/msg/detail/status__rosidl_typesupport_fastrtps_cpp.hpp\n'}
[0.862650] (mav_system_msgs) CommandEnded: {'returncode': 0}
[0.863551] (mav_msgs) StdoutLine: {'line': b'-- Up-to-date: /home/aimane/humble_ws/src/VNAV_23/vnav_ws/install/mav_msgs/include/mav_msgs/mav_msgs/msg/detail/actuators__rosidl_typesupport_fastrtps_cpp.hpp\n'}
[0.863944] (mav_msgs) StdoutLine: {'line': b'-- Up-to-date: /home/aimane/humble_ws/src/VNAV_23/vnav_ws/install/mav_msgs/include/mav_msgs/mav_msgs/msg/detail/roll_pitch_yawrate_thrust__rosidl_typesupport_fastrtps_cpp.hpp\n'}
[0.864432] (mav_msgs) StdoutLine: {'line': b'-- Up-to-date: /home/aimane/humble_ws/src/VNAV_23/vnav_ws/install/mav_msgs/include/mav_msgs/mav_msgs/msg/detail/attitude_thrust__rosidl_typesupport_fastrtps_cpp.hpp\n'}
[0.864580] (mav_msgs) StdoutLine: {'line': b'-- Up-to-date: /home/aimane/humble_ws/src/VNAV_23/vnav_ws/install/mav_msgs/include/mav_msgs/mav_msgs/msg/detail/rate_thrust__rosidl_typesupport_fastrtps_cpp.hpp\n'}
[0.864707] (mav_msgs) StdoutLine: {'line': b'-- Up-to-date: /home/aimane/humble_ws/src/VNAV_23/vnav_ws/install/mav_msgs/include/mav_msgs/mav_msgs/msg/detail/torque_thrust__rosidl_typesupport_fastrtps_cpp.hpp\n'}
[0.864826] (mav_msgs) StdoutLine: {'line': b'-- Up-to-date: /home/aimane/humble_ws/src/VNAV_23/vnav_ws/install/mav_msgs/include/mav_msgs/mav_msgs/msg/detail/filtered_sensor_data__rosidl_typesupport_fastrtps_cpp.hpp\n'}
[0.865062] (mav_msgs) StdoutLine: {'line': b'-- Up-to-date: /home/aimane/humble_ws/src/VNAV_23/vnav_ws/install/mav_msgs/include/mav_msgs/mav_msgs/msg/rosidl_typesupport_fastrtps_cpp__visibility_control.h\n'}
[0.865203] (mav_msgs) StdoutLine: {'line': b'-- Up-to-date: /home/aimane/humble_ws/src/VNAV_23/vnav_ws/install/mav_msgs/lib/libmav_msgs__rosidl_typesupport_fastrtps_cpp.so\n'}
[0.865346] (mav_msgs) StdoutLine: {'line': b'-- Up-to-date: /home/aimane/humble_ws/src/VNAV_23/vnav_ws/install/mav_msgs/include/mav_msgs/mav_msgs\n'}
[0.865465] (mav_msgs) StdoutLine: {'line': b'-- Up-to-date: /home/aimane/humble_ws/src/VNAV_23/vnav_ws/install/mav_msgs/include/mav_msgs/mav_msgs/msg\n'}
[0.865583] (mav_msgs) StdoutLine: {'line': b'-- Up-to-date: /home/aimane/humble_ws/src/VNAV_23/vnav_ws/install/mav_msgs/include/mav_msgs/mav_msgs/msg/detail\n'}
[0.865702] (mav_msgs) StdoutLine: {'line': b'-- Up-to-date: /home/aimane/humble_ws/src/VNAV_23/vnav_ws/install/mav_msgs/include/mav_msgs/mav_msgs/msg/detail/status__type_support.cpp\n'}
[0.865820] (mav_msgs) StdoutLine: {'line': b'-- Up-to-date: /home/aimane/humble_ws/src/VNAV_23/vnav_ws/install/mav_msgs/include/mav_msgs/mav_msgs/msg/detail/filtered_sensor_data__rosidl_typesupport_introspection_cpp.hpp\n'}
[0.866001] (mav_msgs) StdoutLine: {'line': b'-- Up-to-date: /home/aimane/humble_ws/src/VNAV_23/vnav_ws/install/mav_msgs/include/mav_msgs/mav_msgs/msg/detail/gps_waypoint__type_support.cpp\n'}
[0.866125] (mav_msgs) StdoutLine: {'line': b'-- Up-to-date: /home/aimane/humble_ws/src/VNAV_23/vnav_ws/install/mav_msgs/include/mav_msgs/mav_msgs/msg/detail/attitude_thrust__type_support.cpp\n'}
[0.866426] (mav_msgs) StdoutLine: {'line': b'-- Up-to-date: /home/aimane/humble_ws/src/VNAV_23/vnav_ws/install/mav_msgs/include/mav_msgs/mav_msgs/msg/detail/rate_thrust__type_support.cpp\n'}
[0.866690] (mav_msgs) StdoutLine: {'line': b'-- Up-to-date: /home/aimane/humble_ws/src/VNAV_23/vnav_ws/install/mav_msgs/include/mav_msgs/mav_msgs/msg/detail/status__rosidl_typesupport_introspection_cpp.hpp\n'}
[0.866812] (mav_msgs) StdoutLine: {'line': b'-- Up-to-date: /home/aimane/humble_ws/src/VNAV_23/vnav_ws/install/mav_msgs/include/mav_msgs/mav_msgs/msg/detail/rate_thrust__rosidl_typesupport_introspection_cpp.hpp\n'}
[0.867018] (mav_msgs) StdoutLine: {'line': b'-- Up-to-date: /home/aimane/humble_ws/src/VNAV_23/vnav_ws/install/mav_msgs/include/mav_msgs/mav_msgs/msg/detail/gps_waypoint__rosidl_typesupport_introspection_cpp.hpp\n'}
[0.867165] (mav_msgs) StdoutLine: {'line': b'-- Up-to-date: /home/aimane/humble_ws/src/VNAV_23/vnav_ws/install/mav_msgs/include/mav_msgs/mav_msgs/msg/detail/roll_pitch_yawrate_thrust__rosidl_typesupport_introspection_cpp.hpp\n'}
[0.867528] (mav_msgs) StdoutLine: {'line': b'-- Up-to-date: /home/aimane/humble_ws/src/VNAV_23/vnav_ws/install/mav_msgs/include/mav_msgs/mav_msgs/msg/detail/filtered_sensor_data__type_support.cpp\n'}
[0.867687] (mav_msgs) StdoutLine: {'line': b'-- Up-to-date: /home/aimane/humble_ws/src/VNAV_23/vnav_ws/install/mav_msgs/include/mav_msgs/mav_msgs/msg/detail/attitude_thrust__rosidl_typesupport_introspection_cpp.hpp\n'}
[0.867825] (mav_msgs) StdoutLine: {'line': b'-- Up-to-date: /home/aimane/humble_ws/src/VNAV_23/vnav_ws/install/mav_msgs/include/mav_msgs/mav_msgs/msg/detail/actuators__rosidl_typesupport_introspection_cpp.hpp\n'}
[0.868070] (mav_msgs) StdoutLine: {'line': b'-- Up-to-date: /home/aimane/humble_ws/src/VNAV_23/vnav_ws/install/mav_msgs/include/mav_msgs/mav_msgs/msg/detail/actuators__type_support.cpp\n'}
[0.868199] (mav_msgs) StdoutLine: {'line': b'-- Up-to-date: /home/aimane/humble_ws/src/VNAV_23/vnav_ws/install/mav_msgs/include/mav_msgs/mav_msgs/msg/detail/torque_thrust__rosidl_typesupport_introspection_cpp.hpp\n'}
[0.868317] (mav_msgs) StdoutLine: {'line': b'-- Up-to-date: /home/aimane/humble_ws/src/VNAV_23/vnav_ws/install/mav_msgs/include/mav_msgs/mav_msgs/msg/detail/torque_thrust__type_support.cpp\n'}
[0.868437] (mav_msgs) StdoutLine: {'line': b'-- Up-to-date: /home/aimane/humble_ws/src/VNAV_23/vnav_ws/install/mav_msgs/include/mav_msgs/mav_msgs/msg/detail/roll_pitch_yawrate_thrust__type_support.cpp\n'}
[0.868546] (mav_msgs) StdoutLine: {'line': b'-- Up-to-date: /home/aimane/humble_ws/src/VNAV_23/vnav_ws/install/mav_msgs/lib/libmav_msgs__rosidl_typesupport_introspection_cpp.so\n'}
[0.868694] (mav_msgs) StdoutLine: {'line': b'-- Up-to-date: /home/aimane/humble_ws/src/VNAV_23/vnav_ws/install/mav_msgs/lib/libmav_msgs__rosidl_typesupport_cpp.so\n'}
[0.868809] (mav_msgs) StdoutLine: {'line': b'-- Up-to-date: /home/aimane/humble_ws/src/VNAV_23/vnav_ws/install/mav_msgs/share/mav_msgs/environment/pythonpath.sh\n'}
[0.868992] (mav_msgs) StdoutLine: {'line': b'-- Up-to-date: /home/aimane/humble_ws/src/VNAV_23/vnav_ws/install/mav_msgs/share/mav_msgs/environment/pythonpath.dsv\n'}
[0.869111] (mav_msgs) StdoutLine: {'line': b'-- Up-to-date: /home/aimane/humble_ws/src/VNAV_23/vnav_ws/install/mav_msgs/local/lib/python3.10/dist-packages/mav_msgs-3.3.3-py3.10.egg-info\n'}
[0.869222] (mav_msgs) StdoutLine: {'line': b'-- Installing: /home/aimane/humble_ws/src/VNAV_23/vnav_ws/install/mav_msgs/local/lib/python3.10/dist-packages/mav_msgs-3.3.3-py3.10.egg-info/SOURCES.txt\n'}
[0.869327] (mav_msgs) StdoutLine: {'line': b'-- Installing: /home/aimane/humble_ws/src/VNAV_23/vnav_ws/install/mav_msgs/local/lib/python3.10/dist-packages/mav_msgs-3.3.3-py3.10.egg-info/top_level.txt\n'}
[0.869428] (mav_msgs) StdoutLine: {'line': b'-- Installing: /home/aimane/humble_ws/src/VNAV_23/vnav_ws/install/mav_msgs/local/lib/python3.10/dist-packages/mav_msgs-3.3.3-py3.10.egg-info/PKG-INFO\n'}
[0.869535] (mav_msgs) StdoutLine: {'line': b'-- Installing: /home/aimane/humble_ws/src/VNAV_23/vnav_ws/install/mav_msgs/local/lib/python3.10/dist-packages/mav_msgs-3.3.3-py3.10.egg-info/dependency_links.txt\n'}
[0.869997] (mav_msgs) StdoutLine: {'line': b'-- Up-to-date: /home/aimane/humble_ws/src/VNAV_23/vnav_ws/install/mav_msgs/local/lib/python3.10/dist-packages/mav_msgs\n'}
[0.870488] (mav_msgs) StdoutLine: {'line': b'-- Up-to-date: /home/aimane/humble_ws/src/VNAV_23/vnav_ws/install/mav_msgs/local/lib/python3.10/dist-packages/mav_msgs/_mav_msgs_s.ep.rosidl_typesupport_c.c\n'}
[0.870623] (mav_msgs) StdoutLine: {'line': b'-- Up-to-date: /home/aimane/humble_ws/src/VNAV_23/vnav_ws/install/mav_msgs/local/lib/python3.10/dist-packages/mav_msgs/libmav_msgs__rosidl_generator_py.so\n'}
[0.870751] (mav_msgs) StdoutLine: {'line': b'-- Up-to-date: /home/aimane/humble_ws/src/VNAV_23/vnav_ws/install/mav_msgs/local/lib/python3.10/dist-packages/mav_msgs/_mav_msgs_s.ep.rosidl_typesupport_introspection_c.c\n'}
[0.870933] (mav_msgs) StdoutLine: {'line': b'-- Up-to-date: /home/aimane/humble_ws/src/VNAV_23/vnav_ws/install/mav_msgs/local/lib/python3.10/dist-packages/mav_msgs/_mav_msgs_s.ep.rosidl_typesupport_fastrtps_c.c\n'}
[0.871116] (mav_msgs) StdoutLine: {'line': b'-- Up-to-date: /home/aimane/humble_ws/src/VNAV_23/vnav_ws/install/mav_msgs/local/lib/python3.10/dist-packages/mav_msgs/msg\n'}
[0.871240] (mav_msgs) StdoutLine: {'line': b'-- Up-to-date: /home/aimane/humble_ws/src/VNAV_23/vnav_ws/install/mav_msgs/local/lib/python3.10/dist-packages/mav_msgs/msg/_actuators_s.c\n'}
[0.871359] (mav_msgs) StdoutLine: {'line': b'-- Up-to-date: /home/aimane/humble_ws/src/VNAV_23/vnav_ws/install/mav_msgs/local/lib/python3.10/dist-packages/mav_msgs/msg/_actuators.py\n'}
[0.871474] (mav_msgs) StdoutLine: {'line': b'-- Up-to-date: /home/aimane/humble_ws/src/VNAV_23/vnav_ws/install/mav_msgs/local/lib/python3.10/dist-packages/mav_msgs/msg/_attitude_thrust_s.c\n'}
[0.871585] (mav_msgs) StdoutLine: {'line': b'-- Up-to-date: /home/aimane/humble_ws/src/VNAV_23/vnav_ws/install/mav_msgs/local/lib/python3.10/dist-packages/mav_msgs/msg/_gps_waypoint_s.c\n'}
[0.871700] (mav_msgs) StdoutLine: {'line': b'-- Up-to-date: /home/aimane/humble_ws/src/VNAV_23/vnav_ws/install/mav_msgs/local/lib/python3.10/dist-packages/mav_msgs/msg/_rate_thrust.py\n'}
[0.871844] (mav_msgs) StdoutLine: {'line': b'-- Up-to-date: /home/aimane/humble_ws/src/VNAV_23/vnav_ws/install/mav_msgs/local/lib/python3.10/dist-packages/mav_msgs/msg/_torque_thrust.py\n'}
[0.872025] (mav_msgs) StdoutLine: {'line': b'-- Up-to-date: /home/aimane/humble_ws/src/VNAV_23/vnav_ws/install/mav_msgs/local/lib/python3.10/dist-packages/mav_msgs/msg/_roll_pitch_yawrate_thrust_s.c\n'}
[0.872146] (mav_msgs) StdoutLine: {'line': b'-- Up-to-date: /home/aimane/humble_ws/src/VNAV_23/vnav_ws/install/mav_msgs/local/lib/python3.10/dist-packages/mav_msgs/msg/_status.py\n'}
[0.872709] (mav_msgs) StdoutLine: {'line': b'-- Up-to-date: /home/aimane/humble_ws/src/VNAV_23/vnav_ws/install/mav_msgs/local/lib/python3.10/dist-packages/mav_msgs/msg/_gps_waypoint.py\n'}
[0.872865] (mav_msgs) StdoutLine: {'line': b'-- Up-to-date: /home/aimane/humble_ws/src/VNAV_23/vnav_ws/install/mav_msgs/local/lib/python3.10/dist-packages/mav_msgs/msg/_roll_pitch_yawrate_thrust.py\n'}
[0.873063] (mav_msgs) StdoutLine: {'line': b'-- Up-to-date: /home/aimane/humble_ws/src/VNAV_23/vnav_ws/install/mav_msgs/local/lib/python3.10/dist-packages/mav_msgs/msg/_status_s.c\n'}
[0.873188] (mav_msgs) StdoutLine: {'line': b'-- Up-to-date: /home/aimane/humble_ws/src/VNAV_23/vnav_ws/install/mav_msgs/local/lib/python3.10/dist-packages/mav_msgs/msg/__init__.py\n'}
[0.873302] (mav_msgs) StdoutLine: {'line': b'-- Up-to-date: /home/aimane/humble_ws/src/VNAV_23/vnav_ws/install/mav_msgs/local/lib/python3.10/dist-packages/mav_msgs/msg/_filtered_sensor_data_s.c\n'}
[0.873422] (mav_msgs) StdoutLine: {'line': b'-- Up-to-date: /home/aimane/humble_ws/src/VNAV_23/vnav_ws/install/mav_msgs/local/lib/python3.10/dist-packages/mav_msgs/msg/_rate_thrust_s.c\n'}
[0.873547] (mav_msgs) StdoutLine: {'line': b'-- Up-to-date: /home/aimane/humble_ws/src/VNAV_23/vnav_ws/install/mav_msgs/local/lib/python3.10/dist-packages/mav_msgs/msg/_filtered_sensor_data.py\n'}
[0.873680] (mav_msgs) StdoutLine: {'line': b'-- Up-to-date: /home/aimane/humble_ws/src/VNAV_23/vnav_ws/install/mav_msgs/local/lib/python3.10/dist-packages/mav_msgs/msg/_torque_thrust_s.c\n'}
[0.873806] (mav_msgs) StdoutLine: {'line': b'-- Up-to-date: /home/aimane/humble_ws/src/VNAV_23/vnav_ws/install/mav_msgs/local/lib/python3.10/dist-packages/mav_msgs/msg/_attitude_thrust.py\n'}
[0.874374] (mav_msgs) StdoutLine: {'line': b'-- Up-to-date: /home/aimane/humble_ws/src/VNAV_23/vnav_ws/install/mav_msgs/local/lib/python3.10/dist-packages/mav_msgs/__init__.py\n'}
[0.874536] (mav_msgs) StdoutLine: {'line': b'-- Up-to-date: /home/aimane/humble_ws/src/VNAV_23/vnav_ws/install/mav_msgs/local/lib/python3.10/dist-packages/mav_msgs/mav_msgs_s__rosidl_typesupport_fastrtps_c.cpython-310-x86_64-linux-gnu.so\n'}
[0.874671] (mav_msgs) StdoutLine: {'line': b'-- Up-to-date: /home/aimane/humble_ws/src/VNAV_23/vnav_ws/install/mav_msgs/local/lib/python3.10/dist-packages/mav_msgs/mav_msgs_s__rosidl_typesupport_introspection_c.cpython-310-x86_64-linux-gnu.so\n'}
[0.874803] (mav_msgs) StdoutLine: {'line': b'-- Up-to-date: /home/aimane/humble_ws/src/VNAV_23/vnav_ws/install/mav_msgs/local/lib/python3.10/dist-packages/mav_msgs/mav_msgs_s__rosidl_typesupport_c.cpython-310-x86_64-linux-gnu.so\n'}
[0.875760] (tesse_msgs) StdoutLine: {'line': b'running egg_info\n'}
[0.876321] (tesse_msgs) StdoutLine: {'line': b'writing tesse_msgs.egg-info/PKG-INFO\n'}
[0.876503] (tesse_msgs) StdoutLine: {'line': b'writing dependency_links to tesse_msgs.egg-info/dependency_links.txt\n'}
[0.876632] (tesse_msgs) StdoutLine: {'line': b'writing top-level names to tesse_msgs.egg-info/top_level.txt\n'}
[0.876757] (tesse_msgs) StdoutLine: {'line': b"reading manifest file 'tesse_msgs.egg-info/SOURCES.txt'\n"}
[0.876970] (tesse_msgs) StdoutLine: {'line': b"writing manifest file 'tesse_msgs.egg-info/SOURCES.txt'\n"}
[0.879102] (mav_msgs) StdoutLine: {'line': b"Listing '/home/aimane/humble_ws/src/VNAV_23/vnav_ws/install/mav_msgs/local/lib/python3.10/dist-packages/mav_msgs'...\n"}
[0.881373] (mav_msgs) StdoutLine: {'line': b"Listing '/home/aimane/humble_ws/src/VNAV_23/vnav_ws/install/mav_msgs/local/lib/python3.10/dist-packages/mav_msgs/msg'...\n"}
[0.881693] (tesse_msgs) StdoutLine: {'line': b'[100%] Built target ament_cmake_python_build_tesse_msgs_egg\n'}
[0.887396] (mav_msgs) StdoutLine: {'line': b'-- Up-to-date: /home/aimane/humble_ws/src/VNAV_23/vnav_ws/install/mav_msgs/local/lib/python3.10/dist-packages/mav_msgs/mav_msgs_s__rosidl_typesupport_fastrtps_c.cpython-310-x86_64-linux-gnu.so\n'}
[0.887655] (mav_msgs) StdoutLine: {'line': b'-- Up-to-date: /home/aimane/humble_ws/src/VNAV_23/vnav_ws/install/mav_msgs/local/lib/python3.10/dist-packages/mav_msgs/mav_msgs_s__rosidl_typesupport_introspection_c.cpython-310-x86_64-linux-gnu.so\n'}
[0.887823] (mav_msgs) StdoutLine: {'line': b'-- Up-to-date: /home/aimane/humble_ws/src/VNAV_23/vnav_ws/install/mav_msgs/local/lib/python3.10/dist-packages/mav_msgs/mav_msgs_s__rosidl_typesupport_c.cpython-310-x86_64-linux-gnu.so\n'}
[0.888075] (mav_msgs) StdoutLine: {'line': b'-- Up-to-date: /home/aimane/humble_ws/src/VNAV_23/vnav_ws/install/mav_msgs/lib/libmav_msgs__rosidl_generator_py.so\n'}
[0.888466] (mav_msgs) StdoutLine: {'line': b'-- Up-to-date: /home/aimane/humble_ws/src/VNAV_23/vnav_ws/install/mav_msgs/share/mav_msgs/msg/Actuators.idl\n'}
[0.888656] (mav_msgs) StdoutLine: {'line': b'-- Up-to-date: /home/aimane/humble_ws/src/VNAV_23/vnav_ws/install/mav_msgs/share/mav_msgs/msg/AttitudeThrust.idl\n'}
[0.888776] (mav_msgs) StdoutLine: {'line': b'-- Up-to-date: /home/aimane/humble_ws/src/VNAV_23/vnav_ws/install/mav_msgs/share/mav_msgs/msg/FilteredSensorData.idl\n'}
[0.888947] (mav_msgs) StdoutLine: {'line': b'-- Up-to-date: /home/aimane/humble_ws/src/VNAV_23/vnav_ws/install/mav_msgs/share/mav_msgs/msg/GpsWaypoint.idl\n'}
[0.889134] (mav_msgs) StdoutLine: {'line': b'-- Up-to-date: /home/aimane/humble_ws/src/VNAV_23/vnav_ws/install/mav_msgs/share/mav_msgs/msg/RateThrust.idl\n'}
[0.889248] (mav_msgs) StdoutLine: {'line': b'-- Up-to-date: /home/aimane/humble_ws/src/VNAV_23/vnav_ws/install/mav_msgs/share/mav_msgs/msg/RollPitchYawrateThrust.idl\n'}
[0.889427] (mav_msgs) StdoutLine: {'line': b'-- Up-to-date: /home/aimane/humble_ws/src/VNAV_23/vnav_ws/install/mav_msgs/share/mav_msgs/msg/Status.idl\n'}
[0.890488] (mav_msgs) StdoutLine: {'line': b'-- Up-to-date: /home/aimane/humble_ws/src/VNAV_23/vnav_ws/install/mav_msgs/share/mav_msgs/msg/TorqueThrust.idl\n'}
[0.890636] (mav_msgs) StdoutLine: {'line': b'-- Up-to-date: /home/aimane/humble_ws/src/VNAV_23/vnav_ws/install/mav_msgs/share/mav_msgs/msg/Actuators.msg\n'}
[0.890749] (mav_msgs) StdoutLine: {'line': b'-- Up-to-date: /home/aimane/humble_ws/src/VNAV_23/vnav_ws/install/mav_msgs/share/mav_msgs/msg/AttitudeThrust.msg\n'}
[0.890968] (mav_msgs) StdoutLine: {'line': b'-- Up-to-date: /home/aimane/humble_ws/src/VNAV_23/vnav_ws/install/mav_msgs/share/mav_msgs/msg/FilteredSensorData.msg\n'}
[0.891091] (mav_msgs) StdoutLine: {'line': b'-- Up-to-date: /home/aimane/humble_ws/src/VNAV_23/vnav_ws/install/mav_msgs/share/mav_msgs/msg/GpsWaypoint.msg\n'}
[0.891202] (mav_msgs) StdoutLine: {'line': b'-- Up-to-date: /home/aimane/humble_ws/src/VNAV_23/vnav_ws/install/mav_msgs/share/mav_msgs/msg/RateThrust.msg\n'}
[0.891312] (mav_msgs) StdoutLine: {'line': b'-- Up-to-date: /home/aimane/humble_ws/src/VNAV_23/vnav_ws/install/mav_msgs/share/mav_msgs/msg/RollPitchYawrateThrust.msg\n'}
[0.891417] (mav_msgs) StdoutLine: {'line': b'-- Up-to-date: /home/aimane/humble_ws/src/VNAV_23/vnav_ws/install/mav_msgs/share/mav_msgs/msg/Status.msg\n'}
[0.891528] (mav_msgs) StdoutLine: {'line': b'-- Up-to-date: /home/aimane/humble_ws/src/VNAV_23/vnav_ws/install/mav_msgs/share/mav_msgs/msg/TorqueThrust.msg\n'}
[0.891736] (mav_msgs) StdoutLine: {'line': b'-- Up-to-date: /home/aimane/humble_ws/src/VNAV_23/vnav_ws/install/mav_msgs/include/mav_msgs\n'}
[0.891871] (mav_msgs) StdoutLine: {'line': b'-- Up-to-date: /home/aimane/humble_ws/src/VNAV_23/vnav_ws/install/mav_msgs/include/mav_msgs/default_topics.hpp\n'}
[0.892084] (mav_msgs) StdoutLine: {'line': b'-- Up-to-date: /home/aimane/humble_ws/src/VNAV_23/vnav_ws/install/mav_msgs/include/mav_msgs/conversions.hpp\n'}
[0.892332] (mav_msgs) StdoutLine: {'line': b'-- Up-to-date: /home/aimane/humble_ws/src/VNAV_23/vnav_ws/install/mav_msgs/include/mav_msgs/common.hpp\n'}
[0.892459] (mav_msgs) StdoutLine: {'line': b'-- Up-to-date: /home/aimane/humble_ws/src/VNAV_23/vnav_ws/install/mav_msgs/include/mav_msgs/default_values.hpp\n'}
[0.892575] (mav_msgs) StdoutLine: {'line': b'-- Up-to-date: /home/aimane/humble_ws/src/VNAV_23/vnav_ws/install/mav_msgs/include/mav_msgs/eigen_mav_msgs.hpp\n'}
[0.892690] (mav_msgs) StdoutLine: {'line': b'-- Up-to-date: /home/aimane/humble_ws/src/VNAV_23/vnav_ws/install/mav_msgs/share/ament_index/resource_index/package_run_dependencies/mav_msgs\n'}
[0.892871] (mav_msgs) StdoutLine: {'line': b'-- Up-to-date: /home/aimane/humble_ws/src/VNAV_23/vnav_ws/install/mav_msgs/share/ament_index/resource_index/parent_prefix_path/mav_msgs\n'}
[0.892996] (mav_msgs) StdoutLine: {'line': b'-- Up-to-date: /home/aimane/humble_ws/src/VNAV_23/vnav_ws/install/mav_msgs/share/mav_msgs/environment/ament_prefix_path.sh\n'}
[0.893114] (mav_msgs) StdoutLine: {'line': b'-- Up-to-date: /home/aimane/humble_ws/src/VNAV_23/vnav_ws/install/mav_msgs/share/mav_msgs/environment/ament_prefix_path.dsv\n'}
[0.893232] (mav_msgs) StdoutLine: {'line': b'-- Up-to-date: /home/aimane/humble_ws/src/VNAV_23/vnav_ws/install/mav_msgs/share/mav_msgs/environment/path.sh\n'}
[0.893350] (mav_msgs) StdoutLine: {'line': b'-- Up-to-date: /home/aimane/humble_ws/src/VNAV_23/vnav_ws/install/mav_msgs/share/mav_msgs/environment/path.dsv\n'}
[0.893615] (mav_msgs) StdoutLine: {'line': b'-- Up-to-date: /home/aimane/humble_ws/src/VNAV_23/vnav_ws/install/mav_msgs/share/mav_msgs/local_setup.bash\n'}
[0.893737] (mav_msgs) StdoutLine: {'line': b'-- Up-to-date: /home/aimane/humble_ws/src/VNAV_23/vnav_ws/install/mav_msgs/share/mav_msgs/local_setup.sh\n'}
[0.894146] (mav_msgs) StdoutLine: {'line': b'-- Up-to-date: /home/aimane/humble_ws/src/VNAV_23/vnav_ws/install/mav_msgs/share/mav_msgs/local_setup.zsh\n'}
[0.894374] (mav_msgs) StdoutLine: {'line': b'-- Up-to-date: /home/aimane/humble_ws/src/VNAV_23/vnav_ws/install/mav_msgs/share/mav_msgs/local_setup.dsv\n'}
[0.894515] (mav_msgs) StdoutLine: {'line': b'-- Installing: /home/aimane/humble_ws/src/VNAV_23/vnav_ws/install/mav_msgs/share/mav_msgs/package.dsv\n'}
[0.894661] (mav_msgs) StdoutLine: {'line': b'-- Up-to-date: /home/aimane/humble_ws/src/VNAV_23/vnav_ws/install/mav_msgs/share/ament_index/resource_index/packages/mav_msgs\n'}
[0.894830] (mav_msgs) StdoutLine: {'line': b'-- Up-to-date: /home/aimane/humble_ws/src/VNAV_23/vnav_ws/install/mav_msgs/share/mav_msgs/cmake/export_mav_msgs__rosidl_generator_cExport.cmake\n'}
[0.894973] (mav_msgs) StdoutLine: {'line': b'-- Up-to-date: /home/aimane/humble_ws/src/VNAV_23/vnav_ws/install/mav_msgs/share/mav_msgs/cmake/export_mav_msgs__rosidl_generator_cExport-noconfig.cmake\n'}
[0.895093] (mav_msgs) StdoutLine: {'line': b'-- Up-to-date: /home/aimane/humble_ws/src/VNAV_23/vnav_ws/install/mav_msgs/share/mav_msgs/cmake/export_mav_msgs__rosidl_typesupport_fastrtps_cExport.cmake\n'}
[0.895314] (mav_msgs) StdoutLine: {'line': b'-- Up-to-date: /home/aimane/humble_ws/src/VNAV_23/vnav_ws/install/mav_msgs/share/mav_msgs/cmake/export_mav_msgs__rosidl_typesupport_fastrtps_cExport-noconfig.cmake\n'}
[0.895445] (mav_msgs) StdoutLine: {'line': b'-- Up-to-date: /home/aimane/humble_ws/src/VNAV_23/vnav_ws/install/mav_msgs/share/mav_msgs/cmake/mav_msgs__rosidl_typesupport_introspection_cExport.cmake\n'}
[0.895567] (mav_msgs) StdoutLine: {'line': b'-- Up-to-date: /home/aimane/humble_ws/src/VNAV_23/vnav_ws/install/mav_msgs/share/mav_msgs/cmake/mav_msgs__rosidl_typesupport_introspection_cExport-noconfig.cmake\n'}
[0.895685] (mav_msgs) StdoutLine: {'line': b'-- Up-to-date: /home/aimane/humble_ws/src/VNAV_23/vnav_ws/install/mav_msgs/share/mav_msgs/cmake/mav_msgs__rosidl_typesupport_cExport.cmake\n'}
[0.895825] (mav_msgs) StdoutLine: {'line': b'-- Up-to-date: /home/aimane/humble_ws/src/VNAV_23/vnav_ws/install/mav_msgs/share/mav_msgs/cmake/mav_msgs__rosidl_typesupport_cExport-noconfig.cmake\n'}
[0.896134] (mav_msgs) StdoutLine: {'line': b'-- Up-to-date: /home/aimane/humble_ws/src/VNAV_23/vnav_ws/install/mav_msgs/share/mav_msgs/cmake/export_mav_msgs__rosidl_generator_cppExport.cmake\n'}
[0.896268] (mav_msgs) StdoutLine: {'line': b'-- Up-to-date: /home/aimane/humble_ws/src/VNAV_23/vnav_ws/install/mav_msgs/share/mav_msgs/cmake/export_mav_msgs__rosidl_typesupport_fastrtps_cppExport.cmake\n'}
[0.896396] (mav_msgs) StdoutLine: {'line': b'-- Up-to-date: /home/aimane/humble_ws/src/VNAV_23/vnav_ws/install/mav_msgs/share/mav_msgs/cmake/export_mav_msgs__rosidl_typesupport_fastrtps_cppExport-noconfig.cmake\n'}
[0.896554] (mav_msgs) StdoutLine: {'line': b'-- Up-to-date: /home/aimane/humble_ws/src/VNAV_23/vnav_ws/install/mav_msgs/share/mav_msgs/cmake/mav_msgs__rosidl_typesupport_introspection_cppExport.cmake\n'}
[0.896688] (mav_msgs) StdoutLine: {'line': b'-- Up-to-date: /home/aimane/humble_ws/src/VNAV_23/vnav_ws/install/mav_msgs/share/mav_msgs/cmake/mav_msgs__rosidl_typesupport_introspection_cppExport-noconfig.cmake\n'}
[0.896804] (mav_msgs) StdoutLine: {'line': b'-- Up-to-date: /home/aimane/humble_ws/src/VNAV_23/vnav_ws/install/mav_msgs/share/mav_msgs/cmake/mav_msgs__rosidl_typesupport_cppExport.cmake\n'}
[0.896943] (mav_msgs) StdoutLine: {'line': b'-- Up-to-date: /home/aimane/humble_ws/src/VNAV_23/vnav_ws/install/mav_msgs/share/mav_msgs/cmake/mav_msgs__rosidl_typesupport_cppExport-noconfig.cmake\n'}
[0.897062] (mav_msgs) StdoutLine: {'line': b'-- Up-to-date: /home/aimane/humble_ws/src/VNAV_23/vnav_ws/install/mav_msgs/share/mav_msgs/cmake/export_mav_msgs__rosidl_generator_pyExport.cmake\n'}
[0.897177] (mav_msgs) StdoutLine: {'line': b'-- Up-to-date: /home/aimane/humble_ws/src/VNAV_23/vnav_ws/install/mav_msgs/share/mav_msgs/cmake/export_mav_msgs__rosidl_generator_pyExport-noconfig.cmake\n'}
[0.897291] (mav_msgs) StdoutLine: {'line': b'-- Up-to-date: /home/aimane/humble_ws/src/VNAV_23/vnav_ws/install/mav_msgs/share/mav_msgs/cmake/rosidl_cmake-extras.cmake\n'}
[0.897406] (mav_msgs) StdoutLine: {'line': b'-- Up-to-date: /home/aimane/humble_ws/src/VNAV_23/vnav_ws/install/mav_msgs/share/mav_msgs/cmake/ament_cmake_export_dependencies-extras.cmake\n'}
[0.897521] (mav_msgs) StdoutLine: {'line': b'-- Up-to-date: /home/aimane/humble_ws/src/VNAV_23/vnav_ws/install/mav_msgs/share/mav_msgs/cmake/ament_cmake_export_include_directories-extras.cmake\n'}
[0.897632] (mav_msgs) StdoutLine: {'line': b'-- Up-to-date: /home/aimane/humble_ws/src/VNAV_23/vnav_ws/install/mav_msgs/share/mav_msgs/cmake/ament_cmake_export_libraries-extras.cmake\n'}
[0.897746] (mav_msgs) StdoutLine: {'line': b'-- Up-to-date: /home/aimane/humble_ws/src/VNAV_23/vnav_ws/install/mav_msgs/share/mav_msgs/cmake/ament_cmake_export_targets-extras.cmake\n'}
[0.897867] (mav_msgs) StdoutLine: {'line': b'-- Up-to-date: /home/aimane/humble_ws/src/VNAV_23/vnav_ws/install/mav_msgs/share/mav_msgs/cmake/rosidl_cmake_export_typesupport_targets-extras.cmake\n'}
[0.898248] (mav_msgs) StdoutLine: {'line': b'-- Up-to-date: /home/aimane/humble_ws/src/VNAV_23/vnav_ws/install/mav_msgs/share/mav_msgs/cmake/rosidl_cmake_export_typesupport_libraries-extras.cmake\n'}
[0.898359] (mav_msgs) StdoutLine: {'line': b'-- Up-to-date: /home/aimane/humble_ws/src/VNAV_23/vnav_ws/install/mav_msgs/share/mav_msgs/cmake/mav_msgsConfig.cmake\n'}
[0.898466] (mav_msgs) StdoutLine: {'line': b'-- Up-to-date: /home/aimane/humble_ws/src/VNAV_23/vnav_ws/install/mav_msgs/share/mav_msgs/cmake/mav_msgsConfig-version.cmake\n'}
[0.898573] (mav_msgs) StdoutLine: {'line': b'-- Up-to-date: /home/aimane/humble_ws/src/VNAV_23/vnav_ws/install/mav_msgs/share/mav_msgs/package.xml\n'}
[0.902681] (-) TimerEvent: {}
[0.914484] (mav_system_msgs) JobEnded: {'identifier': 'mav_system_msgs', 'rc': 0}
[0.917191] (mav_state_machine_msgs) CommandEnded: {'returncode': 0}
[0.936535] (mav_state_machine_msgs) JobEnded: {'identifier': 'mav_state_machine_msgs', 'rc': 0}
[0.937432] (tesse_msgs) CommandEnded: {'returncode': 0}
[0.938116] (tesse_msgs) JobProgress: {'identifier': 'tesse_msgs', 'progress': 'install'}
[0.938460] (tesse_msgs) Command: {'cmd': ['/usr/bin/cmake', '--install', '/home/aimane/humble_ws/src/VNAV_23/vnav_ws/build/tesse_msgs'], 'cwd': '/home/aimane/humble_ws/src/VNAV_23/vnav_ws/build/tesse_msgs', 'env': OrderedDict([('HOSTNAME', 'aimane'), ('SHLVL', '1'), ('LD_LIBRARY_PATH', '/opt/ros/humble/opt/rviz_ogre_vendor/lib:/opt/ros/humble/lib/x86_64-linux-gnu:/opt/ros/humble/lib'), ('HOME', '/home/aimane'), ('OLDPWD', '/home/aimane/humble_ws/src/VNAV_23/vnav_ws'), ('ROS_PYTHON_VERSION', '3'), ('ROS_DISTRO', 'humble'), ('_', '/usr/bin/colcon'), ('ROS_VERSION', '2'), ('TERM', 'xterm-256color'), ('ROS_LOCALHOST_ONLY', '0'), ('PATH', '/opt/ros/humble/bin:/usr/local/sbin:/usr/local/bin:/usr/sbin:/usr/bin:/sbin:/bin'), ('DISPLAY', ':1'), ('LANG', 'C.UTF-8'), ('AMENT_PREFIX_PATH', '/opt/ros/humble'), ('DEBIAN_FRONTEND', 'noninteractive'), ('PWD', '/home/aimane/humble_ws/src/VNAV_23/vnav_ws/build/tesse_msgs'), ('LC_ALL', 'C.UTF-8'), ('PYTHONPATH', '/opt/ros/humble/lib/python3.10/site-packages:/opt/ros/humble/local/lib/python3.10/dist-packages'), ('COLCON', '1'), ('CMAKE_PREFIX_PATH', '/opt/ros/humble')]), 'shell': False}
[0.939539] (mav_msgs) CommandEnded: {'returncode': 0}
[0.962597] (mav_msgs) JobEnded: {'identifier': 'mav_msgs', 'rc': 0}
[0.964796] (mav_planning_msgs) JobStarted: {'identifier': 'mav_planning_msgs'}
[0.964934] (tesse_msgs) StdoutLine: {'line': b'-- Install configuration: ""\n'}
[0.965123] (tesse_msgs) StdoutLine: {'line': b'-- Up-to-date: /home/aimane/humble_ws/src/VNAV_23/vnav_ws/install/tesse_msgs/share/ament_index/resource_index/rosidl_interfaces/tesse_msgs\n'}
[0.965249] (tesse_msgs) StdoutLine: {'line': b'-- Up-to-date: /home/aimane/humble_ws/src/VNAV_23/vnav_ws/install/tesse_msgs/include/tesse_msgs/tesse_msgs\n'}
[0.965366] (tesse_msgs) StdoutLine: {'line': b'-- Up-to-date: /home/aimane/humble_ws/src/VNAV_23/vnav_ws/install/tesse_msgs/include/tesse_msgs/tesse_msgs/msg\n'}
[0.965486] (tesse_msgs) StdoutLine: {'line': b'-- Up-to-date: /home/aimane/humble_ws/src/VNAV_23/vnav_ws/install/tesse_msgs/include/tesse_msgs/tesse_msgs/msg/detail\n'}
[0.965597] (tesse_msgs) StdoutLine: {'line': b'-- Up-to-date: /home/aimane/humble_ws/src/VNAV_23/vnav_ws/install/tesse_msgs/include/tesse_msgs/tesse_msgs/msg/detail/collision_stats__type_support.h\n'}
[0.965712] (tesse_msgs) StdoutLine: {'line': b'-- Up-to-date: /home/aimane/humble_ws/src/VNAV_23/vnav_ws/install/tesse_msgs/include/tesse_msgs/tesse_msgs/msg/detail/collision_stats__functions.h\n'}
[0.965824] (tesse_msgs) StdoutLine: {'line': b'-- Up-to-date: /home/aimane/humble_ws/src/VNAV_23/vnav_ws/install/tesse_msgs/include/tesse_msgs/tesse_msgs/msg/detail/collision_stats__functions.c\n'}
[0.965955] (tesse_msgs) StdoutLine: {'line': b'-- Up-to-date: /home/aimane/humble_ws/src/VNAV_23/vnav_ws/install/tesse_msgs/include/tesse_msgs/tesse_msgs/msg/detail/collision_stats__struct.h\n'}
[0.966067] (tesse_msgs) StdoutLine: {'line': b'-- Up-to-date: /home/aimane/humble_ws/src/VNAV_23/vnav_ws/install/tesse_msgs/include/tesse_msgs/tesse_msgs/msg/collision_stats.h\n'}
[0.966181] (tesse_msgs) StdoutLine: {'line': b'-- Up-to-date: /home/aimane/humble_ws/src/VNAV_23/vnav_ws/install/tesse_msgs/include/tesse_msgs/tesse_msgs/msg/rosidl_generator_c__visibility_control.h\n'}
[0.966293] (tesse_msgs) StdoutLine: {'line': b'-- Up-to-date: /home/aimane/humble_ws/src/VNAV_23/vnav_ws/install/tesse_msgs/include/tesse_msgs/tesse_msgs/srv\n'}
[0.966421] (tesse_msgs) StdoutLine: {'line': b'-- Up-to-date: /home/aimane/humble_ws/src/VNAV_23/vnav_ws/install/tesse_msgs/include/tesse_msgs/tesse_msgs/srv/reposition_request_service.h\n'}
[0.966551] (tesse_msgs) StdoutLine: {'line': b'-- Up-to-date: /home/aimane/humble_ws/src/VNAV_23/vnav_ws/install/tesse_msgs/include/tesse_msgs/tesse_msgs/srv/detail\n'}
[0.966676] (tesse_msgs) StdoutLine: {'line': b'-- Up-to-date: /home/aimane/humble_ws/src/VNAV_23/vnav_ws/install/tesse_msgs/include/tesse_msgs/tesse_msgs/srv/detail/scene_request_service__type_support.h\n'}
[0.966799] (tesse_msgs) StdoutLine: {'line': b'-- Up-to-date: /home/aimane/humble_ws/src/VNAV_23/vnav_ws/install/tesse_msgs/include/tesse_msgs/tesse_msgs/srv/detail/reposition_request_service__functions.h\n'}
[0.967038] (tesse_msgs) StdoutLine: {'line': b'-- Up-to-date: /home/aimane/humble_ws/src/VNAV_23/vnav_ws/install/tesse_msgs/include/tesse_msgs/tesse_msgs/srv/detail/object_spawn_request_service__functions.c\n'}
[0.967206] (tesse_msgs) StdoutLine: {'line': b'-- Up-to-date: /home/aimane/humble_ws/src/VNAV_23/vnav_ws/install/tesse_msgs/include/tesse_msgs/tesse_msgs/srv/detail/object_spawn_request_service__type_support.h\n'}
[0.967403] (tesse_msgs) StdoutLine: {'line': b'-- Up-to-date: /home/aimane/humble_ws/src/VNAV_23/vnav_ws/install/tesse_msgs/include/tesse_msgs/tesse_msgs/srv/detail/reposition_request_service__functions.c\n'}
[0.967632] (tesse_msgs) StdoutLine: {'line': b'-- Up-to-date: /home/aimane/humble_ws/src/VNAV_23/vnav_ws/install/tesse_msgs/include/tesse_msgs/tesse_msgs/srv/detail/scene_request_service__functions.h\n'}
[0.967772] (tesse_msgs) StdoutLine: {'line': b'-- Up-to-date: /home/aimane/humble_ws/src/VNAV_23/vnav_ws/install/tesse_msgs/include/tesse_msgs/tesse_msgs/srv/detail/scene_request_service__functions.c\n'}
[0.967990] (tesse_msgs) StdoutLine: {'line': b'-- Up-to-date: /home/aimane/humble_ws/src/VNAV_23/vnav_ws/install/tesse_msgs/include/tesse_msgs/tesse_msgs/srv/detail/object_spawn_request_service__struct.h\n'}
[0.968153] (tesse_msgs) StdoutLine: {'line': b'-- Up-to-date: /home/aimane/humble_ws/src/VNAV_23/vnav_ws/install/tesse_msgs/include/tesse_msgs/tesse_msgs/srv/detail/reposition_request_service__type_support.h\n'}
[0.968281] (tesse_msgs) StdoutLine: {'line': b'-- Up-to-date: /home/aimane/humble_ws/src/VNAV_23/vnav_ws/install/tesse_msgs/include/tesse_msgs/tesse_msgs/srv/detail/object_spawn_request_service__functions.h\n'}
[0.968407] (tesse_msgs) StdoutLine: {'line': b'-- Up-to-date: /home/aimane/humble_ws/src/VNAV_23/vnav_ws/install/tesse_msgs/include/tesse_msgs/tesse_msgs/srv/detail/reposition_request_service__struct.h\n'}
[0.968531] (tesse_msgs) StdoutLine: {'line': b'-- Up-to-date: /home/aimane/humble_ws/src/VNAV_23/vnav_ws/install/tesse_msgs/include/tesse_msgs/tesse_msgs/srv/detail/scene_request_service__struct.h\n'}
[0.968659] (tesse_msgs) StdoutLine: {'line': b'-- Up-to-date: /home/aimane/humble_ws/src/VNAV_23/vnav_ws/install/tesse_msgs/include/tesse_msgs/tesse_msgs/srv/object_spawn_request_service.h\n'}
[0.968790] (tesse_msgs) StdoutLine: {'line': b'-- Up-to-date: /home/aimane/humble_ws/src/VNAV_23/vnav_ws/install/tesse_msgs/include/tesse_msgs/tesse_msgs/srv/scene_request_service.h\n'}
[0.968938] (tesse_msgs) StdoutLine: {'line': b'-- Up-to-date: /home/aimane/humble_ws/src/VNAV_23/vnav_ws/install/tesse_msgs/share/tesse_msgs/environment/library_path.sh\n'}
[0.969070] (tesse_msgs) StdoutLine: {'line': b'-- Up-to-date: /home/aimane/humble_ws/src/VNAV_23/vnav_ws/install/tesse_msgs/share/tesse_msgs/environment/library_path.dsv\n'}
[0.969191] (tesse_msgs) StdoutLine: {'line': b'-- Up-to-date: /home/aimane/humble_ws/src/VNAV_23/vnav_ws/install/tesse_msgs/lib/libtesse_msgs__rosidl_generator_c.so\n'}
[0.969308] (tesse_msgs) StdoutLine: {'line': b'-- Up-to-date: /home/aimane/humble_ws/src/VNAV_23/vnav_ws/install/tesse_msgs/include/tesse_msgs/tesse_msgs\n'}
[0.969428] (tesse_msgs) StdoutLine: {'line': b'-- Up-to-date: /home/aimane/humble_ws/src/VNAV_23/vnav_ws/install/tesse_msgs/include/tesse_msgs/tesse_msgs/msg\n'}
[0.969538] (tesse_msgs) StdoutLine: {'line': b'-- Up-to-date: /home/aimane/humble_ws/src/VNAV_23/vnav_ws/install/tesse_msgs/include/tesse_msgs/tesse_msgs/msg/detail\n'}
[0.969642] (tesse_msgs) StdoutLine: {'line': b'-- Up-to-date: /home/aimane/humble_ws/src/VNAV_23/vnav_ws/install/tesse_msgs/include/tesse_msgs/tesse_msgs/msg/detail/collision_stats__rosidl_typesupport_fastrtps_c.h\n'}
[0.969746] (tesse_msgs) StdoutLine: {'line': b'-- Up-to-date: /home/aimane/humble_ws/src/VNAV_23/vnav_ws/install/tesse_msgs/include/tesse_msgs/tesse_msgs/msg/rosidl_typesupport_fastrtps_c__visibility_control.h\n'}
[0.969857] (tesse_msgs) StdoutLine: {'line': b'-- Up-to-date: /home/aimane/humble_ws/src/VNAV_23/vnav_ws/install/tesse_msgs/include/tesse_msgs/tesse_msgs/srv\n'}
[0.969988] (tesse_msgs) StdoutLine: {'line': b'-- Up-to-date: /home/aimane/humble_ws/src/VNAV_23/vnav_ws/install/tesse_msgs/include/tesse_msgs/tesse_msgs/srv/detail\n'}
[0.970102] (tesse_msgs) StdoutLine: {'line': b'-- Up-to-date: /home/aimane/humble_ws/src/VNAV_23/vnav_ws/install/tesse_msgs/include/tesse_msgs/tesse_msgs/srv/detail/object_spawn_request_service__rosidl_typesupport_fastrtps_c.h\n'}
[0.970207] (tesse_msgs) StdoutLine: {'line': b'-- Up-to-date: /home/aimane/humble_ws/src/VNAV_23/vnav_ws/install/tesse_msgs/include/tesse_msgs/tesse_msgs/srv/detail/reposition_request_service__rosidl_typesupport_fastrtps_c.h\n'}
[0.970320] (tesse_msgs) StdoutLine: {'line': b'-- Up-to-date: /home/aimane/humble_ws/src/VNAV_23/vnav_ws/install/tesse_msgs/include/tesse_msgs/tesse_msgs/srv/detail/scene_request_service__rosidl_typesupport_fastrtps_c.h\n'}
[0.970424] (tesse_msgs) StdoutLine: {'line': b'-- Up-to-date: /home/aimane/humble_ws/src/VNAV_23/vnav_ws/install/tesse_msgs/lib/libtesse_msgs__rosidl_typesupport_fastrtps_c.so\n'}
[0.971070] (tesse_msgs) StdoutLine: {'line': b'-- Up-to-date: /home/aimane/humble_ws/src/VNAV_23/vnav_ws/install/tesse_msgs/include/tesse_msgs/tesse_msgs\n'}
[0.971191] (tesse_msgs) StdoutLine: {'line': b'-- Up-to-date: /home/aimane/humble_ws/src/VNAV_23/vnav_ws/install/tesse_msgs/include/tesse_msgs/tesse_msgs/msg\n'}
[0.971296] (tesse_msgs) StdoutLine: {'line': b'-- Up-to-date: /home/aimane/humble_ws/src/VNAV_23/vnav_ws/install/tesse_msgs/include/tesse_msgs/tesse_msgs/msg/collision_stats.hpp\n'}
[0.971400] (tesse_msgs) StdoutLine: {'line': b'-- Up-to-date: /home/aimane/humble_ws/src/VNAV_23/vnav_ws/install/tesse_msgs/include/tesse_msgs/tesse_msgs/msg/detail\n'}
[0.971527] (tesse_msgs) StdoutLine: {'line': b'-- Up-to-date: /home/aimane/humble_ws/src/VNAV_23/vnav_ws/install/tesse_msgs/include/tesse_msgs/tesse_msgs/msg/detail/collision_stats__builder.hpp\n'}
[0.971650] (tesse_msgs) StdoutLine: {'line': b'-- Up-to-date: /home/aimane/humble_ws/src/VNAV_23/vnav_ws/install/tesse_msgs/include/tesse_msgs/tesse_msgs/msg/detail/collision_stats__struct.hpp\n'}
[0.971772] (tesse_msgs) StdoutLine: {'line': b'-- Up-to-date: /home/aimane/humble_ws/src/VNAV_23/vnav_ws/install/tesse_msgs/include/tesse_msgs/tesse_msgs/msg/detail/collision_stats__type_support.hpp\n'}
[0.971933] (tesse_msgs) StdoutLine: {'line': b'-- Up-to-date: /home/aimane/humble_ws/src/VNAV_23/vnav_ws/install/tesse_msgs/include/tesse_msgs/tesse_msgs/msg/detail/collision_stats__traits.hpp\n'}
[0.972095] (tesse_msgs) StdoutLine: {'line': b'-- Up-to-date: /home/aimane/humble_ws/src/VNAV_23/vnav_ws/install/tesse_msgs/include/tesse_msgs/tesse_msgs/msg/rosidl_generator_cpp__visibility_control.hpp\n'}
[0.972256] (tesse_msgs) StdoutLine: {'line': b'-- Up-to-date: /home/aimane/humble_ws/src/VNAV_23/vnav_ws/install/tesse_msgs/include/tesse_msgs/tesse_msgs/srv\n'}
[0.972379] (tesse_msgs) StdoutLine: {'line': b'-- Up-to-date: /home/aimane/humble_ws/src/VNAV_23/vnav_ws/install/tesse_msgs/include/tesse_msgs/tesse_msgs/srv/object_spawn_request_service.hpp\n'}
[0.972500] (tesse_msgs) StdoutLine: {'line': b'-- Up-to-date: /home/aimane/humble_ws/src/VNAV_23/vnav_ws/install/tesse_msgs/include/tesse_msgs/tesse_msgs/srv/detail\n'}
[0.972623] (tesse_msgs) StdoutLine: {'line': b'-- Up-to-date: /home/aimane/humble_ws/src/VNAV_23/vnav_ws/install/tesse_msgs/include/tesse_msgs/tesse_msgs/srv/detail/object_spawn_request_service__traits.hpp\n'}
[0.972747] (tesse_msgs) StdoutLine: {'line': b'-- Up-to-date: /home/aimane/humble_ws/src/VNAV_23/vnav_ws/install/tesse_msgs/include/tesse_msgs/tesse_msgs/srv/detail/scene_request_service__builder.hpp\n'}
[0.972896] (tesse_msgs) StdoutLine: {'line': b'-- Up-to-date: /home/aimane/humble_ws/src/VNAV_23/vnav_ws/install/tesse_msgs/include/tesse_msgs/tesse_msgs/srv/detail/reposition_request_service__builder.hpp\n'}
[0.973044] (tesse_msgs) StdoutLine: {'line': b'-- Up-to-date: /home/aimane/humble_ws/src/VNAV_23/vnav_ws/install/tesse_msgs/include/tesse_msgs/tesse_msgs/srv/detail/scene_request_service__struct.hpp\n'}
[0.973167] (tesse_msgs) StdoutLine: {'line': b'-- Up-to-date: /home/aimane/humble_ws/src/VNAV_23/vnav_ws/install/tesse_msgs/include/tesse_msgs/tesse_msgs/srv/detail/scene_request_service__type_support.hpp\n'}
[0.973288] (tesse_msgs) StdoutLine: {'line': b'-- Up-to-date: /home/aimane/humble_ws/src/VNAV_23/vnav_ws/install/tesse_msgs/include/tesse_msgs/tesse_msgs/srv/detail/scene_request_service__traits.hpp\n'}
[0.973410] (tesse_msgs) StdoutLine: {'line': b'-- Up-to-date: /home/aimane/humble_ws/src/VNAV_23/vnav_ws/install/tesse_msgs/include/tesse_msgs/tesse_msgs/srv/detail/reposition_request_service__type_support.hpp\n'}
[0.973553] (tesse_msgs) StdoutLine: {'line': b'-- Up-to-date: /home/aimane/humble_ws/src/VNAV_23/vnav_ws/install/tesse_msgs/include/tesse_msgs/tesse_msgs/srv/detail/object_spawn_request_service__type_support.hpp\n'}
[0.973676] (tesse_msgs) StdoutLine: {'line': b'-- Up-to-date: /home/aimane/humble_ws/src/VNAV_23/vnav_ws/install/tesse_msgs/include/tesse_msgs/tesse_msgs/srv/detail/reposition_request_service__traits.hpp\n'}
[0.973799] (tesse_msgs) StdoutLine: {'line': b'-- Up-to-date: /home/aimane/humble_ws/src/VNAV_23/vnav_ws/install/tesse_msgs/include/tesse_msgs/tesse_msgs/srv/detail/reposition_request_service__struct.hpp\n'}
[0.974012] (tesse_msgs) StdoutLine: {'line': b'-- Up-to-date: /home/aimane/humble_ws/src/VNAV_23/vnav_ws/install/tesse_msgs/include/tesse_msgs/tesse_msgs/srv/detail/object_spawn_request_service__struct.hpp\n'}
[0.974140] (tesse_msgs) StdoutLine: {'line': b'-- Up-to-date: /home/aimane/humble_ws/src/VNAV_23/vnav_ws/install/tesse_msgs/include/tesse_msgs/tesse_msgs/srv/detail/object_spawn_request_service__builder.hpp\n'}
[0.974262] (tesse_msgs) StdoutLine: {'line': b'-- Up-to-date: /home/aimane/humble_ws/src/VNAV_23/vnav_ws/install/tesse_msgs/include/tesse_msgs/tesse_msgs/srv/scene_request_service.hpp\n'}
[0.974385] (tesse_msgs) StdoutLine: {'line': b'-- Up-to-date: /home/aimane/humble_ws/src/VNAV_23/vnav_ws/install/tesse_msgs/include/tesse_msgs/tesse_msgs/srv/reposition_request_service.hpp\n'}
[0.974508] (tesse_msgs) StdoutLine: {'line': b'-- Up-to-date: /home/aimane/humble_ws/src/VNAV_23/vnav_ws/install/tesse_msgs/include/tesse_msgs/tesse_msgs\n'}
[0.974650] (tesse_msgs) StdoutLine: {'line': b'-- Up-to-date: /home/aimane/humble_ws/src/VNAV_23/vnav_ws/install/tesse_msgs/include/tesse_msgs/tesse_msgs/msg\n'}
[0.974775] (tesse_msgs) StdoutLine: {'line': b'-- Up-to-date: /home/aimane/humble_ws/src/VNAV_23/vnav_ws/install/tesse_msgs/include/tesse_msgs/tesse_msgs/msg/detail\n'}
[0.974932] (tesse_msgs) StdoutLine: {'line': b'-- Up-to-date: /home/aimane/humble_ws/src/VNAV_23/vnav_ws/install/tesse_msgs/include/tesse_msgs/tesse_msgs/msg/detail/dds_fastrtps\n'}
[0.975064] (tesse_msgs) StdoutLine: {'line': b'-- Up-to-date: /home/aimane/humble_ws/src/VNAV_23/vnav_ws/install/tesse_msgs/include/tesse_msgs/tesse_msgs/msg/detail/collision_stats__rosidl_typesupport_fastrtps_cpp.hpp\n'}
[0.975188] (tesse_msgs) StdoutLine: {'line': b'-- Up-to-date: /home/aimane/humble_ws/src/VNAV_23/vnav_ws/install/tesse_msgs/include/tesse_msgs/tesse_msgs/msg/rosidl_typesupport_fastrtps_cpp__visibility_control.h\n'}
[0.975318] (tesse_msgs) StdoutLine: {'line': b'-- Up-to-date: /home/aimane/humble_ws/src/VNAV_23/vnav_ws/install/tesse_msgs/include/tesse_msgs/tesse_msgs/srv\n'}
[0.975455] (tesse_msgs) StdoutLine: {'line': b'-- Up-to-date: /home/aimane/humble_ws/src/VNAV_23/vnav_ws/install/tesse_msgs/include/tesse_msgs/tesse_msgs/srv/detail\n'}
[0.975563] (tesse_msgs) StdoutLine: {'line': b'-- Up-to-date: /home/aimane/humble_ws/src/VNAV_23/vnav_ws/install/tesse_msgs/include/tesse_msgs/tesse_msgs/srv/detail/dds_fastrtps\n'}
[0.975671] (tesse_msgs) StdoutLine: {'line': b'-- Up-to-date: /home/aimane/humble_ws/src/VNAV_23/vnav_ws/install/tesse_msgs/include/tesse_msgs/tesse_msgs/srv/detail/reposition_request_service__rosidl_typesupport_fastrtps_cpp.hpp\n'}
[0.975779] (tesse_msgs) StdoutLine: {'line': b'-- Up-to-date: /home/aimane/humble_ws/src/VNAV_23/vnav_ws/install/tesse_msgs/include/tesse_msgs/tesse_msgs/srv/detail/object_spawn_request_service__rosidl_typesupport_fastrtps_cpp.hpp\n'}
[0.975957] (tesse_msgs) StdoutLine: {'line': b'-- Up-to-date: /home/aimane/humble_ws/src/VNAV_23/vnav_ws/install/tesse_msgs/include/tesse_msgs/tesse_msgs/srv/detail/scene_request_service__rosidl_typesupport_fastrtps_cpp.hpp\n'}
[0.976097] (tesse_msgs) StdoutLine: {'line': b'-- Up-to-date: /home/aimane/humble_ws/src/VNAV_23/vnav_ws/install/tesse_msgs/lib/libtesse_msgs__rosidl_typesupport_fastrtps_cpp.so\n'}
[0.976207] (tesse_msgs) StdoutLine: {'line': b'-- Up-to-date: /home/aimane/humble_ws/src/VNAV_23/vnav_ws/install/tesse_msgs/include/tesse_msgs/tesse_msgs\n'}
[0.976347] (tesse_msgs) StdoutLine: {'line': b'-- Up-to-date: /home/aimane/humble_ws/src/VNAV_23/vnav_ws/install/tesse_msgs/include/tesse_msgs/tesse_msgs/msg\n'}
[0.976454] (tesse_msgs) StdoutLine: {'line': b'-- Up-to-date: /home/aimane/humble_ws/src/VNAV_23/vnav_ws/install/tesse_msgs/include/tesse_msgs/tesse_msgs/msg/rosidl_typesupport_introspection_c__visibility_control.h\n'}
[0.976579] (tesse_msgs) StdoutLine: {'line': b'-- Up-to-date: /home/aimane/humble_ws/src/VNAV_23/vnav_ws/install/tesse_msgs/include/tesse_msgs/tesse_msgs/msg/detail\n'}
[0.976702] (tesse_msgs) StdoutLine: {'line': b'-- Up-to-date: /home/aimane/humble_ws/src/VNAV_23/vnav_ws/install/tesse_msgs/include/tesse_msgs/tesse_msgs/msg/detail/collision_stats__type_support.c\n'}
[0.976824] (tesse_msgs) StdoutLine: {'line': b'-- Up-to-date: /home/aimane/humble_ws/src/VNAV_23/vnav_ws/install/tesse_msgs/include/tesse_msgs/tesse_msgs/msg/detail/collision_stats__rosidl_typesupport_introspection_c.h\n'}
[0.977020] (tesse_msgs) StdoutLine: {'line': b'-- Up-to-date: /home/aimane/humble_ws/src/VNAV_23/vnav_ws/install/tesse_msgs/include/tesse_msgs/tesse_msgs/srv\n'}
[0.977145] (tesse_msgs) StdoutLine: {'line': b'-- Up-to-date: /home/aimane/humble_ws/src/VNAV_23/vnav_ws/install/tesse_msgs/include/tesse_msgs/tesse_msgs/srv/detail\n'}
[0.977267] (tesse_msgs) StdoutLine: {'line': b'-- Up-to-date: /home/aimane/humble_ws/src/VNAV_23/vnav_ws/install/tesse_msgs/include/tesse_msgs/tesse_msgs/srv/detail/object_spawn_request_service__type_support.c\n'}
[0.977390] (tesse_msgs) StdoutLine: {'line': b'-- Up-to-date: /home/aimane/humble_ws/src/VNAV_23/vnav_ws/install/tesse_msgs/include/tesse_msgs/tesse_msgs/srv/detail/scene_request_service__type_support.c\n'}
[0.977512] (tesse_msgs) StdoutLine: {'line': b'-- Up-to-date: /home/aimane/humble_ws/src/VNAV_23/vnav_ws/install/tesse_msgs/include/tesse_msgs/tesse_msgs/srv/detail/scene_request_service__rosidl_typesupport_introspection_c.h\n'}
[0.977634] (tesse_msgs) StdoutLine: {'line': b'-- Up-to-date: /home/aimane/humble_ws/src/VNAV_23/vnav_ws/install/tesse_msgs/include/tesse_msgs/tesse_msgs/srv/detail/reposition_request_service__rosidl_typesupport_introspection_c.h\n'}
[0.977757] (tesse_msgs) StdoutLine: {'line': b'-- Up-to-date: /home/aimane/humble_ws/src/VNAV_23/vnav_ws/install/tesse_msgs/include/tesse_msgs/tesse_msgs/srv/detail/object_spawn_request_service__rosidl_typesupport_introspection_c.h\n'}
[0.977937] (tesse_msgs) StdoutLine: {'line': b'-- Up-to-date: /home/aimane/humble_ws/src/VNAV_23/vnav_ws/install/tesse_msgs/include/tesse_msgs/tesse_msgs/srv/detail/reposition_request_service__type_support.c\n'}
[0.978103] (tesse_msgs) StdoutLine: {'line': b'-- Up-to-date: /home/aimane/humble_ws/src/VNAV_23/vnav_ws/install/tesse_msgs/lib/libtesse_msgs__rosidl_typesupport_introspection_c.so\n'}
[0.978255] (tesse_msgs) StdoutLine: {'line': b'-- Up-to-date: /home/aimane/humble_ws/src/VNAV_23/vnav_ws/install/tesse_msgs/lib/libtesse_msgs__rosidl_typesupport_c.so\n'}
[0.978406] (tesse_msgs) StdoutLine: {'line': b'-- Up-to-date: /home/aimane/humble_ws/src/VNAV_23/vnav_ws/install/tesse_msgs/include/tesse_msgs/tesse_msgs\n'}
[0.978518] (tesse_msgs) StdoutLine: {'line': b'-- Up-to-date: /home/aimane/humble_ws/src/VNAV_23/vnav_ws/install/tesse_msgs/include/tesse_msgs/tesse_msgs/msg\n'}
[0.978638] (tesse_msgs) StdoutLine: {'line': b'-- Up-to-date: /home/aimane/humble_ws/src/VNAV_23/vnav_ws/install/tesse_msgs/include/tesse_msgs/tesse_msgs/msg/detail\n'}
[0.978770] (tesse_msgs) StdoutLine: {'line': b'-- Up-to-date: /home/aimane/humble_ws/src/VNAV_23/vnav_ws/install/tesse_msgs/include/tesse_msgs/tesse_msgs/msg/detail/collision_stats__rosidl_typesupport_introspection_cpp.hpp\n'}
[0.978929] (tesse_msgs) StdoutLine: {'line': b'-- Up-to-date: /home/aimane/humble_ws/src/VNAV_23/vnav_ws/install/tesse_msgs/include/tesse_msgs/tesse_msgs/msg/detail/collision_stats__type_support.cpp\n'}
[0.979045] (tesse_msgs) StdoutLine: {'line': b'-- Up-to-date: /home/aimane/humble_ws/src/VNAV_23/vnav_ws/install/tesse_msgs/include/tesse_msgs/tesse_msgs/srv\n'}
[0.979186] (tesse_msgs) StdoutLine: {'line': b'-- Up-to-date: /home/aimane/humble_ws/src/VNAV_23/vnav_ws/install/tesse_msgs/include/tesse_msgs/tesse_msgs/srv/detail\n'}
[0.979304] (tesse_msgs) StdoutLine: {'line': b'-- Up-to-date: /home/aimane/humble_ws/src/VNAV_23/vnav_ws/install/tesse_msgs/include/tesse_msgs/tesse_msgs/srv/detail/object_spawn_request_service__type_support.cpp\n'}
[0.979423] (tesse_msgs) StdoutLine: {'line': b'-- Up-to-date: /home/aimane/humble_ws/src/VNAV_23/vnav_ws/install/tesse_msgs/include/tesse_msgs/tesse_msgs/srv/detail/scene_request_service__rosidl_typesupport_introspection_cpp.hpp\n'}
[0.979557] (tesse_msgs) StdoutLine: {'line': b'-- Up-to-date: /home/aimane/humble_ws/src/VNAV_23/vnav_ws/install/tesse_msgs/include/tesse_msgs/tesse_msgs/srv/detail/reposition_request_service__rosidl_typesupport_introspection_cpp.hpp\n'}
[0.979721] (tesse_msgs) StdoutLine: {'line': b'-- Up-to-date: /home/aimane/humble_ws/src/VNAV_23/vnav_ws/install/tesse_msgs/include/tesse_msgs/tesse_msgs/srv/detail/scene_request_service__type_support.cpp\n'}
[0.979900] (tesse_msgs) StdoutLine: {'line': b'-- Up-to-date: /home/aimane/humble_ws/src/VNAV_23/vnav_ws/install/tesse_msgs/include/tesse_msgs/tesse_msgs/srv/detail/reposition_request_service__type_support.cpp\n'}
[0.980057] (tesse_msgs) StdoutLine: {'line': b'-- Up-to-date: /home/aimane/humble_ws/src/VNAV_23/vnav_ws/install/tesse_msgs/include/tesse_msgs/tesse_msgs/srv/detail/object_spawn_request_service__rosidl_typesupport_introspection_cpp.hpp\n'}
[0.980164] (tesse_msgs) StdoutLine: {'line': b'-- Up-to-date: /home/aimane/humble_ws/src/VNAV_23/vnav_ws/install/tesse_msgs/lib/libtesse_msgs__rosidl_typesupport_introspection_cpp.so\n'}
[0.980271] (tesse_msgs) StdoutLine: {'line': b'-- Up-to-date: /home/aimane/humble_ws/src/VNAV_23/vnav_ws/install/tesse_msgs/lib/libtesse_msgs__rosidl_typesupport_cpp.so\n'}
[0.980377] (tesse_msgs) StdoutLine: {'line': b'-- Up-to-date: /home/aimane/humble_ws/src/VNAV_23/vnav_ws/install/tesse_msgs/share/tesse_msgs/environment/pythonpath.sh\n'}
[0.980519] (tesse_msgs) StdoutLine: {'line': b'-- Up-to-date: /home/aimane/humble_ws/src/VNAV_23/vnav_ws/install/tesse_msgs/share/tesse_msgs/environment/pythonpath.dsv\n'}
[0.980624] (tesse_msgs) StdoutLine: {'line': b'-- Up-to-date: /home/aimane/humble_ws/src/VNAV_23/vnav_ws/install/tesse_msgs/local/lib/python3.10/dist-packages/tesse_msgs-0.0.0-py3.10.egg-info\n'}
[0.980731] (tesse_msgs) StdoutLine: {'line': b'-- Installing: /home/aimane/humble_ws/src/VNAV_23/vnav_ws/install/tesse_msgs/local/lib/python3.10/dist-packages/tesse_msgs-0.0.0-py3.10.egg-info/SOURCES.txt\n'}
[0.980854] (tesse_msgs) StdoutLine: {'line': b'-- Installing: /home/aimane/humble_ws/src/VNAV_23/vnav_ws/install/tesse_msgs/local/lib/python3.10/dist-packages/tesse_msgs-0.0.0-py3.10.egg-info/top_level.txt\n'}
[0.981006] (tesse_msgs) StdoutLine: {'line': b'-- Installing: /home/aimane/humble_ws/src/VNAV_23/vnav_ws/install/tesse_msgs/local/lib/python3.10/dist-packages/tesse_msgs-0.0.0-py3.10.egg-info/PKG-INFO\n'}
[0.981116] (tesse_msgs) StdoutLine: {'line': b'-- Installing: /home/aimane/humble_ws/src/VNAV_23/vnav_ws/install/tesse_msgs/local/lib/python3.10/dist-packages/tesse_msgs-0.0.0-py3.10.egg-info/dependency_links.txt\n'}
[0.981221] (tesse_msgs) StdoutLine: {'line': b'-- Up-to-date: /home/aimane/humble_ws/src/VNAV_23/vnav_ws/install/tesse_msgs/local/lib/python3.10/dist-packages/tesse_msgs\n'}
[0.981326] (tesse_msgs) StdoutLine: {'line': b'-- Up-to-date: /home/aimane/humble_ws/src/VNAV_23/vnav_ws/install/tesse_msgs/local/lib/python3.10/dist-packages/tesse_msgs/libtesse_msgs__rosidl_generator_py.so\n'}
[0.981430] (tesse_msgs) StdoutLine: {'line': b'-- Up-to-date: /home/aimane/humble_ws/src/VNAV_23/vnav_ws/install/tesse_msgs/local/lib/python3.10/dist-packages/tesse_msgs/tesse_msgs_s__rosidl_typesupport_fastrtps_c.cpython-310-x86_64-linux-gnu.so\n'}
[0.981543] (tesse_msgs) StdoutLine: {'line': b'-- Up-to-date: /home/aimane/humble_ws/src/VNAV_23/vnav_ws/install/tesse_msgs/local/lib/python3.10/dist-packages/tesse_msgs/_tesse_msgs_s.ep.rosidl_typesupport_c.c\n'}
[0.981663] (tesse_msgs) StdoutLine: {'line': b'-- Up-to-date: /home/aimane/humble_ws/src/VNAV_23/vnav_ws/install/tesse_msgs/local/lib/python3.10/dist-packages/tesse_msgs/msg\n'}
[0.981851] (tesse_msgs) StdoutLine: {'line': b'-- Up-to-date: /home/aimane/humble_ws/src/VNAV_23/vnav_ws/install/tesse_msgs/local/lib/python3.10/dist-packages/tesse_msgs/msg/_collision_stats_s.c\n'}
[0.982066] (tesse_msgs) StdoutLine: {'line': b'-- Up-to-date: /home/aimane/humble_ws/src/VNAV_23/vnav_ws/install/tesse_msgs/local/lib/python3.10/dist-packages/tesse_msgs/msg/__init__.py\n'}
[0.982178] (tesse_msgs) StdoutLine: {'line': b'-- Up-to-date: /home/aimane/humble_ws/src/VNAV_23/vnav_ws/install/tesse_msgs/local/lib/python3.10/dist-packages/tesse_msgs/msg/_collision_stats.py\n'}
[0.982296] (tesse_msgs) StdoutLine: {'line': b'-- Up-to-date: /home/aimane/humble_ws/src/VNAV_23/vnav_ws/install/tesse_msgs/local/lib/python3.10/dist-packages/tesse_msgs/_tesse_msgs_s.ep.rosidl_typesupport_fastrtps_c.c\n'}
[0.982448] (tesse_msgs) StdoutLine: {'line': b'-- Up-to-date: /home/aimane/humble_ws/src/VNAV_23/vnav_ws/install/tesse_msgs/local/lib/python3.10/dist-packages/tesse_msgs/__init__.py\n'}
[0.982614] (tesse_msgs) StdoutLine: {'line': b'-- Up-to-date: /home/aimane/humble_ws/src/VNAV_23/vnav_ws/install/tesse_msgs/local/lib/python3.10/dist-packages/tesse_msgs/tesse_msgs_s__rosidl_typesupport_c.cpython-310-x86_64-linux-gnu.so\n'}
[0.982767] (tesse_msgs) StdoutLine: {'line': b'-- Up-to-date: /home/aimane/humble_ws/src/VNAV_23/vnav_ws/install/tesse_msgs/local/lib/python3.10/dist-packages/tesse_msgs/srv\n'}
[0.982897] (tesse_msgs) StdoutLine: {'line': b'-- Up-to-date: /home/aimane/humble_ws/src/VNAV_23/vnav_ws/install/tesse_msgs/local/lib/python3.10/dist-packages/tesse_msgs/srv/_scene_request_service.py\n'}
[0.983039] (tesse_msgs) StdoutLine: {'line': b'-- Up-to-date: /home/aimane/humble_ws/src/VNAV_23/vnav_ws/install/tesse_msgs/local/lib/python3.10/dist-packages/tesse_msgs/srv/_reposition_request_service.py\n'}
[0.983146] (tesse_msgs) StdoutLine: {'line': b'-- Up-to-date: /home/aimane/humble_ws/src/VNAV_23/vnav_ws/install/tesse_msgs/local/lib/python3.10/dist-packages/tesse_msgs/srv/_scene_request_service_s.c\n'}
[0.983251] (tesse_msgs) StdoutLine: {'line': b'-- Up-to-date: /home/aimane/humble_ws/src/VNAV_23/vnav_ws/install/tesse_msgs/local/lib/python3.10/dist-packages/tesse_msgs/srv/__init__.py\n'}
[0.983391] (tesse_msgs) StdoutLine: {'line': b'-- Up-to-date: /home/aimane/humble_ws/src/VNAV_23/vnav_ws/install/tesse_msgs/local/lib/python3.10/dist-packages/tesse_msgs/srv/_object_spawn_request_service_s.c\n'}
[0.983498] (tesse_msgs) StdoutLine: {'line': b'-- Up-to-date: /home/aimane/humble_ws/src/VNAV_23/vnav_ws/install/tesse_msgs/local/lib/python3.10/dist-packages/tesse_msgs/srv/_object_spawn_request_service.py\n'}
[0.983602] (tesse_msgs) StdoutLine: {'line': b'-- Up-to-date: /home/aimane/humble_ws/src/VNAV_23/vnav_ws/install/tesse_msgs/local/lib/python3.10/dist-packages/tesse_msgs/srv/_reposition_request_service_s.c\n'}
[0.983707] (tesse_msgs) StdoutLine: {'line': b'-- Up-to-date: /home/aimane/humble_ws/src/VNAV_23/vnav_ws/install/tesse_msgs/local/lib/python3.10/dist-packages/tesse_msgs/_tesse_msgs_s.ep.rosidl_typesupport_introspection_c.c\n'}
[0.983811] (tesse_msgs) StdoutLine: {'line': b'-- Up-to-date: /home/aimane/humble_ws/src/VNAV_23/vnav_ws/install/tesse_msgs/local/lib/python3.10/dist-packages/tesse_msgs/tesse_msgs_s__rosidl_typesupport_introspection_c.cpython-310-x86_64-linux-gnu.so\n'}
[0.986007] (controller_pkg) JobStarted: {'identifier': 'controller_pkg'}
[0.991748] (tesse) Command: {'cmd': ['/usr/bin/python3', '-W', 'ignore:setup.py install is deprecated', '-W', 'ignore:easy_install command is deprecated', 'setup.py', 'egg_info', '--egg-base', '../../../build/tesse', 'build', '--build-base', '/home/aimane/humble_ws/src/VNAV_23/vnav_ws/build/tesse/build', 'install', '--record', '/home/aimane/humble_ws/src/VNAV_23/vnav_ws/build/tesse/install.log', '--single-version-externally-managed'], 'cwd': '/home/aimane/humble_ws/src/VNAV_23/vnav_ws/src/Lab3/tesse-interface', 'env': {'HOSTNAME': 'aimane', 'SHLVL': '1', 'LD_LIBRARY_PATH': '/opt/ros/humble/opt/rviz_ogre_vendor/lib:/opt/ros/humble/lib/x86_64-linux-gnu:/opt/ros/humble/lib', 'HOME': '/home/aimane', 'OLDPWD': '/home/aimane/humble_ws/src/VNAV_23/vnav_ws', 'ROS_PYTHON_VERSION': '3', 'ROS_DISTRO': 'humble', '_': '/usr/bin/colcon', 'ROS_VERSION': '2', 'TERM': 'xterm-256color', 'ROS_LOCALHOST_ONLY': '0', 'PATH': '/opt/ros/humble/bin:/usr/local/sbin:/usr/local/bin:/usr/sbin:/usr/bin:/sbin:/bin', 'DISPLAY': ':1', 'LANG': 'C.UTF-8', 'AMENT_PREFIX_PATH': '/opt/ros/humble', 'DEBIAN_FRONTEND': 'noninteractive', 'PWD': '/home/aimane/humble_ws/src/VNAV_23/vnav_ws/build/tesse', 'LC_ALL': 'C.UTF-8', 'PYTHONPATH': '/home/aimane/humble_ws/src/VNAV_23/vnav_ws/build/tesse/prefix_override:/usr/lib/python3/dist-packages/colcon_core/task/python/colcon_distutils_commands:/home/aimane/humble_ws/src/VNAV_23/vnav_ws/install/tesse/lib/python3.10/site-packages:/opt/ros/humble/lib/python3.10/site-packages:/opt/ros/humble/local/lib/python3.10/dist-packages', 'COLCON': '1'}, 'shell': False}
[0.995365] (mav_planning_msgs) JobProgress: {'identifier': 'mav_planning_msgs', 'progress': 'cmake'}
[0.996509] (mav_planning_msgs) JobProgress: {'identifier': 'mav_planning_msgs', 'progress': 'build'}
[0.996989] (mav_planning_msgs) Command: {'cmd': ['/usr/bin/cmake', '--build', '/home/aimane/humble_ws/src/VNAV_23/vnav_ws/build/mav_planning_msgs', '--', '-j8', '-l8'], 'cwd': '/home/aimane/humble_ws/src/VNAV_23/vnav_ws/build/mav_planning_msgs', 'env': OrderedDict([('HOSTNAME', 'aimane'), ('SHLVL', '1'), ('LD_LIBRARY_PATH', '/home/aimane/humble_ws/src/VNAV_23/vnav_ws/install/mav_msgs/lib:/opt/ros/humble/opt/rviz_ogre_vendor/lib:/opt/ros/humble/lib/x86_64-linux-gnu:/opt/ros/humble/lib'), ('HOME', '/home/aimane'), ('OLDPWD', '/home/aimane/humble_ws/src/VNAV_23/vnav_ws'), ('ROS_PYTHON_VERSION', '3'), ('ROS_DISTRO', 'humble'), ('_', '/usr/bin/colcon'), ('ROS_VERSION', '2'), ('TERM', 'xterm-256color'), ('ROS_LOCALHOST_ONLY', '0'), ('PATH', '/opt/ros/humble/bin:/usr/local/sbin:/usr/local/bin:/usr/sbin:/usr/bin:/sbin:/bin'), ('DISPLAY', ':1'), ('LANG', 'C.UTF-8'), ('AMENT_PREFIX_PATH', '/home/aimane/humble_ws/src/VNAV_23/vnav_ws/install/mav_msgs:/opt/ros/humble'), ('DEBIAN_FRONTEND', 'noninteractive'), ('PWD', '/home/aimane/humble_ws/src/VNAV_23/vnav_ws/build/mav_planning_msgs'), ('LC_ALL', 'C.UTF-8'), ('PYTHONPATH', '/home/aimane/humble_ws/src/VNAV_23/vnav_ws/install/mav_msgs/local/lib/python3.10/dist-packages:/opt/ros/humble/lib/python3.10/site-packages:/opt/ros/humble/local/lib/python3.10/dist-packages'), ('COLCON', '1'), ('CMAKE_PREFIX_PATH', '/home/aimane/humble_ws/src/VNAV_23/vnav_ws/install/mav_msgs:/opt/ros/humble')]), 'shell': False}
[1.001088] (controller_pkg) JobProgress: {'identifier': 'controller_pkg', 'progress': 'cmake'}
[1.002144] (controller_pkg) JobProgress: {'identifier': 'controller_pkg', 'progress': 'build'}
[1.002856] (controller_pkg) Command: {'cmd': ['/usr/bin/cmake', '--build', '/home/aimane/humble_ws/src/VNAV_23/vnav_ws/build/controller_pkg', '--', '-j8', '-l8'], 'cwd': '/home/aimane/humble_ws/src/VNAV_23/vnav_ws/build/controller_pkg', 'env': OrderedDict([('HOSTNAME', 'aimane'), ('SHLVL', '1'), ('LD_LIBRARY_PATH', '/home/aimane/humble_ws/src/VNAV_23/vnav_ws/install/mav_msgs/lib:/opt/ros/humble/opt/rviz_ogre_vendor/lib:/opt/ros/humble/lib/x86_64-linux-gnu:/opt/ros/humble/lib'), ('HOME', '/home/aimane'), ('OLDPWD', '/home/aimane/humble_ws/src/VNAV_23/vnav_ws'), ('ROS_PYTHON_VERSION', '3'), ('ROS_DISTRO', 'humble'), ('_', '/usr/bin/colcon'), ('ROS_VERSION', '2'), ('TERM', 'xterm-256color'), ('ROS_LOCALHOST_ONLY', '0'), ('PATH', '/opt/ros/humble/bin:/usr/local/sbin:/usr/local/bin:/usr/sbin:/usr/bin:/sbin:/bin'), ('DISPLAY', ':1'), ('LANG', 'C.UTF-8'), ('AMENT_PREFIX_PATH', '/home/aimane/humble_ws/src/VNAV_23/vnav_ws/install/mav_msgs:/opt/ros/humble'), ('DEBIAN_FRONTEND', 'noninteractive'), ('PWD', '/home/aimane/humble_ws/src/VNAV_23/vnav_ws/build/controller_pkg'), ('LC_ALL', 'C.UTF-8'), ('PYTHONPATH', '/home/aimane/humble_ws/src/VNAV_23/vnav_ws/install/mav_msgs/local/lib/python3.10/dist-packages:/opt/ros/humble/lib/python3.10/site-packages:/opt/ros/humble/local/lib/python3.10/dist-packages'), ('COLCON', '1'), ('CMAKE_PREFIX_PATH', '/home/aimane/humble_ws/src/VNAV_23/vnav_ws/install/mav_msgs:/opt/ros/humble')]), 'shell': False}
[1.004960] (-) TimerEvent: {}
[1.011974] (tesse_msgs) StdoutLine: {'line': b"Listing '/home/aimane/humble_ws/src/VNAV_23/vnav_ws/install/tesse_msgs/local/lib/python3.10/dist-packages/tesse_msgs'...\n"}
[1.012242] (tesse_msgs) StdoutLine: {'line': b"Listing '/home/aimane/humble_ws/src/VNAV_23/vnav_ws/install/tesse_msgs/local/lib/python3.10/dist-packages/tesse_msgs/msg'...\n"}
[1.012402] (tesse_msgs) StdoutLine: {'line': b"Listing '/home/aimane/humble_ws/src/VNAV_23/vnav_ws/install/tesse_msgs/local/lib/python3.10/dist-packages/tesse_msgs/srv'...\n"}
[1.019577] (tesse_msgs) StdoutLine: {'line': b'-- Up-to-date: /home/aimane/humble_ws/src/VNAV_23/vnav_ws/install/tesse_msgs/local/lib/python3.10/dist-packages/tesse_msgs/tesse_msgs_s__rosidl_typesupport_fastrtps_c.cpython-310-x86_64-linux-gnu.so\n'}
[1.020332] (tesse_msgs) StdoutLine: {'line': b'-- Up-to-date: /home/aimane/humble_ws/src/VNAV_23/vnav_ws/install/tesse_msgs/local/lib/python3.10/dist-packages/tesse_msgs/tesse_msgs_s__rosidl_typesupport_introspection_c.cpython-310-x86_64-linux-gnu.so\n'}
[1.021066] (tesse_msgs) StdoutLine: {'line': b'-- Up-to-date: /home/aimane/humble_ws/src/VNAV_23/vnav_ws/install/tesse_msgs/local/lib/python3.10/dist-packages/tesse_msgs/tesse_msgs_s__rosidl_typesupport_c.cpython-310-x86_64-linux-gnu.so\n'}
[1.021752] (tesse_msgs) StdoutLine: {'line': b'-- Up-to-date: /home/aimane/humble_ws/src/VNAV_23/vnav_ws/install/tesse_msgs/lib/libtesse_msgs__rosidl_generator_py.so\n'}
[1.022295] (tesse_msgs) StdoutLine: {'line': b'-- Up-to-date: /home/aimane/humble_ws/src/VNAV_23/vnav_ws/install/tesse_msgs/share/tesse_msgs/msg/CollisionStats.idl\n'}
[1.022547] (tesse_msgs) StdoutLine: {'line': b'-- Up-to-date: /home/aimane/humble_ws/src/VNAV_23/vnav_ws/install/tesse_msgs/share/tesse_msgs/srv/ObjectSpawnRequestService.idl\n'}
[1.022802] (tesse_msgs) StdoutLine: {'line': b'-- Up-to-date: /home/aimane/humble_ws/src/VNAV_23/vnav_ws/install/tesse_msgs/share/tesse_msgs/srv/RepositionRequestService.idl\n'}
[1.023072] (tesse_msgs) StdoutLine: {'line': b'-- Up-to-date: /home/aimane/humble_ws/src/VNAV_23/vnav_ws/install/tesse_msgs/share/tesse_msgs/srv/SceneRequestService.idl\n'}
[1.023202] (tesse_msgs) StdoutLine: {'line': b'-- Up-to-date: /home/aimane/humble_ws/src/VNAV_23/vnav_ws/install/tesse_msgs/share/tesse_msgs/msg/CollisionStats.msg\n'}
[1.023320] (tesse_msgs) StdoutLine: {'line': b'-- Up-to-date: /home/aimane/humble_ws/src/VNAV_23/vnav_ws/install/tesse_msgs/share/tesse_msgs/srv/ObjectSpawnRequestService.srv\n'}
[1.023451] (tesse_msgs) StdoutLine: {'line': b'-- Up-to-date: /home/aimane/humble_ws/src/VNAV_23/vnav_ws/install/tesse_msgs/share/tesse_msgs/srv/ObjectSpawnRequestService_Request.msg\n'}
[1.023591] (tesse_msgs) StdoutLine: {'line': b'-- Up-to-date: /home/aimane/humble_ws/src/VNAV_23/vnav_ws/install/tesse_msgs/share/tesse_msgs/srv/ObjectSpawnRequestService_Response.msg\n'}
[1.023876] (tesse_msgs) StdoutLine: {'line': b'-- Up-to-date: /home/aimane/humble_ws/src/VNAV_23/vnav_ws/install/tesse_msgs/share/tesse_msgs/srv/RepositionRequestService.srv\n'}
[1.024090] (tesse_msgs) StdoutLine: {'line': b'-- Up-to-date: /home/aimane/humble_ws/src/VNAV_23/vnav_ws/install/tesse_msgs/share/tesse_msgs/srv/RepositionRequestService_Request.msg\n'}
[1.024226] (tesse_msgs) StdoutLine: {'line': b'-- Up-to-date: /home/aimane/humble_ws/src/VNAV_23/vnav_ws/install/tesse_msgs/share/tesse_msgs/srv/RepositionRequestService_Response.msg\n'}
[1.024355] (tesse_msgs) StdoutLine: {'line': b'-- Up-to-date: /home/aimane/humble_ws/src/VNAV_23/vnav_ws/install/tesse_msgs/share/tesse_msgs/srv/SceneRequestService.srv\n'}
[1.024473] (tesse_msgs) StdoutLine: {'line': b'-- Up-to-date: /home/aimane/humble_ws/src/VNAV_23/vnav_ws/install/tesse_msgs/share/tesse_msgs/srv/SceneRequestService_Request.msg\n'}
[1.024670] (tesse_msgs) StdoutLine: {'line': b'-- Up-to-date: /home/aimane/humble_ws/src/VNAV_23/vnav_ws/install/tesse_msgs/share/tesse_msgs/srv/SceneRequestService_Response.msg\n'}
[1.024798] (tesse_msgs) StdoutLine: {'line': b'-- Up-to-date: /home/aimane/humble_ws/src/VNAV_23/vnav_ws/install/tesse_msgs/share/ament_index/resource_index/package_run_dependencies/tesse_msgs\n'}
[1.024989] (tesse_msgs) StdoutLine: {'line': b'-- Up-to-date: /home/aimane/humble_ws/src/VNAV_23/vnav_ws/install/tesse_msgs/share/ament_index/resource_index/parent_prefix_path/tesse_msgs\n'}
[1.025176] (tesse_msgs) StdoutLine: {'line': b'-- Up-to-date: /home/aimane/humble_ws/src/VNAV_23/vnav_ws/install/tesse_msgs/share/tesse_msgs/environment/ament_prefix_path.sh\n'}
[1.025313] (tesse_msgs) StdoutLine: {'line': b'-- Up-to-date: /home/aimane/humble_ws/src/VNAV_23/vnav_ws/install/tesse_msgs/share/tesse_msgs/environment/ament_prefix_path.dsv\n'}
[1.025449] (tesse_msgs) StdoutLine: {'line': b'-- Up-to-date: /home/aimane/humble_ws/src/VNAV_23/vnav_ws/install/tesse_msgs/share/tesse_msgs/environment/path.sh\n'}
[1.025593] (tesse_msgs) StdoutLine: {'line': b'-- Up-to-date: /home/aimane/humble_ws/src/VNAV_23/vnav_ws/install/tesse_msgs/share/tesse_msgs/environment/path.dsv\n'}
[1.025710] (tesse_msgs) StdoutLine: {'line': b'-- Up-to-date: /home/aimane/humble_ws/src/VNAV_23/vnav_ws/install/tesse_msgs/share/tesse_msgs/local_setup.bash\n'}
[1.025856] (tesse_msgs) StdoutLine: {'line': b'-- Up-to-date: /home/aimane/humble_ws/src/VNAV_23/vnav_ws/install/tesse_msgs/share/tesse_msgs/local_setup.sh\n'}
[1.026056] (tesse_msgs) StdoutLine: {'line': b'-- Up-to-date: /home/aimane/humble_ws/src/VNAV_23/vnav_ws/install/tesse_msgs/share/tesse_msgs/local_setup.zsh\n'}
[1.026180] (tesse_msgs) StdoutLine: {'line': b'-- Up-to-date: /home/aimane/humble_ws/src/VNAV_23/vnav_ws/install/tesse_msgs/share/tesse_msgs/local_setup.dsv\n'}
[1.026306] (tesse_msgs) StdoutLine: {'line': b'-- Installing: /home/aimane/humble_ws/src/VNAV_23/vnav_ws/install/tesse_msgs/share/tesse_msgs/package.dsv\n'}
[1.026429] (tesse_msgs) StdoutLine: {'line': b'-- Up-to-date: /home/aimane/humble_ws/src/VNAV_23/vnav_ws/install/tesse_msgs/share/ament_index/resource_index/packages/tesse_msgs\n'}
[1.026559] (tesse_msgs) StdoutLine: {'line': b'-- Up-to-date: /home/aimane/humble_ws/src/VNAV_23/vnav_ws/install/tesse_msgs/share/tesse_msgs/cmake/export_tesse_msgs__rosidl_generator_cExport.cmake\n'}
[1.026691] (tesse_msgs) StdoutLine: {'line': b'-- Up-to-date: /home/aimane/humble_ws/src/VNAV_23/vnav_ws/install/tesse_msgs/share/tesse_msgs/cmake/export_tesse_msgs__rosidl_generator_cExport-noconfig.cmake\n'}
[1.026813] (tesse_msgs) StdoutLine: {'line': b'-- Up-to-date: /home/aimane/humble_ws/src/VNAV_23/vnav_ws/install/tesse_msgs/share/tesse_msgs/cmake/export_tesse_msgs__rosidl_typesupport_fastrtps_cExport.cmake\n'}
[1.027073] (tesse_msgs) StdoutLine: {'line': b'-- Up-to-date: /home/aimane/humble_ws/src/VNAV_23/vnav_ws/install/tesse_msgs/share/tesse_msgs/cmake/export_tesse_msgs__rosidl_typesupport_fastrtps_cExport-noconfig.cmake\n'}
[1.027217] (tesse_msgs) StdoutLine: {'line': b'-- Up-to-date: /home/aimane/humble_ws/src/VNAV_23/vnav_ws/install/tesse_msgs/share/tesse_msgs/cmake/export_tesse_msgs__rosidl_generator_cppExport.cmake\n'}
[1.027332] (tesse_msgs) StdoutLine: {'line': b'-- Up-to-date: /home/aimane/humble_ws/src/VNAV_23/vnav_ws/install/tesse_msgs/share/tesse_msgs/cmake/export_tesse_msgs__rosidl_typesupport_fastrtps_cppExport.cmake\n'}
[1.027446] (tesse_msgs) StdoutLine: {'line': b'-- Up-to-date: /home/aimane/humble_ws/src/VNAV_23/vnav_ws/install/tesse_msgs/share/tesse_msgs/cmake/export_tesse_msgs__rosidl_typesupport_fastrtps_cppExport-noconfig.cmake\n'}
[1.027560] (tesse_msgs) StdoutLine: {'line': b'-- Up-to-date: /home/aimane/humble_ws/src/VNAV_23/vnav_ws/install/tesse_msgs/share/tesse_msgs/cmake/tesse_msgs__rosidl_typesupport_introspection_cExport.cmake\n'}
[1.027735] (tesse_msgs) StdoutLine: {'line': b'-- Up-to-date: /home/aimane/humble_ws/src/VNAV_23/vnav_ws/install/tesse_msgs/share/tesse_msgs/cmake/tesse_msgs__rosidl_typesupport_introspection_cExport-noconfig.cmake\n'}
[1.027909] (tesse_msgs) StdoutLine: {'line': b'-- Up-to-date: /home/aimane/humble_ws/src/VNAV_23/vnav_ws/install/tesse_msgs/share/tesse_msgs/cmake/tesse_msgs__rosidl_typesupport_cExport.cmake\n'}
[1.028045] (tesse_msgs) StdoutLine: {'line': b'-- Up-to-date: /home/aimane/humble_ws/src/VNAV_23/vnav_ws/install/tesse_msgs/share/tesse_msgs/cmake/tesse_msgs__rosidl_typesupport_cExport-noconfig.cmake\n'}
[1.028177] (tesse_msgs) StdoutLine: {'line': b'-- Up-to-date: /home/aimane/humble_ws/src/VNAV_23/vnav_ws/install/tesse_msgs/share/tesse_msgs/cmake/tesse_msgs__rosidl_typesupport_introspection_cppExport.cmake\n'}
[1.028300] (tesse_msgs) StdoutLine: {'line': b'-- Up-to-date: /home/aimane/humble_ws/src/VNAV_23/vnav_ws/install/tesse_msgs/share/tesse_msgs/cmake/tesse_msgs__rosidl_typesupport_introspection_cppExport-noconfig.cmake\n'}
[1.028443] (tesse_msgs) StdoutLine: {'line': b'-- Up-to-date: /home/aimane/humble_ws/src/VNAV_23/vnav_ws/install/tesse_msgs/share/tesse_msgs/cmake/tesse_msgs__rosidl_typesupport_cppExport.cmake\n'}
[1.028574] (tesse_msgs) StdoutLine: {'line': b'-- Up-to-date: /home/aimane/humble_ws/src/VNAV_23/vnav_ws/install/tesse_msgs/share/tesse_msgs/cmake/tesse_msgs__rosidl_typesupport_cppExport-noconfig.cmake\n'}
[1.028700] (tesse_msgs) StdoutLine: {'line': b'-- Up-to-date: /home/aimane/humble_ws/src/VNAV_23/vnav_ws/install/tesse_msgs/share/tesse_msgs/cmake/export_tesse_msgs__rosidl_generator_pyExport.cmake\n'}
[1.028939] (tesse_msgs) StdoutLine: {'line': b'-- Up-to-date: /home/aimane/humble_ws/src/VNAV_23/vnav_ws/install/tesse_msgs/share/tesse_msgs/cmake/export_tesse_msgs__rosidl_generator_pyExport-noconfig.cmake\n'}
[1.029094] (tesse_msgs) StdoutLine: {'line': b'-- Up-to-date: /home/aimane/humble_ws/src/VNAV_23/vnav_ws/install/tesse_msgs/share/tesse_msgs/cmake/rosidl_cmake-extras.cmake\n'}
[1.029203] (tesse_msgs) StdoutLine: {'line': b'-- Up-to-date: /home/aimane/humble_ws/src/VNAV_23/vnav_ws/install/tesse_msgs/share/tesse_msgs/cmake/ament_cmake_export_dependencies-extras.cmake\n'}
[1.029328] (tesse_msgs) StdoutLine: {'line': b'-- Up-to-date: /home/aimane/humble_ws/src/VNAV_23/vnav_ws/install/tesse_msgs/share/tesse_msgs/cmake/ament_cmake_export_include_directories-extras.cmake\n'}
[1.029445] (tesse_msgs) StdoutLine: {'line': b'-- Up-to-date: /home/aimane/humble_ws/src/VNAV_23/vnav_ws/install/tesse_msgs/share/tesse_msgs/cmake/ament_cmake_export_libraries-extras.cmake\n'}
[1.029560] (tesse_msgs) StdoutLine: {'line': b'-- Up-to-date: /home/aimane/humble_ws/src/VNAV_23/vnav_ws/install/tesse_msgs/share/tesse_msgs/cmake/ament_cmake_export_targets-extras.cmake\n'}
[1.029675] (tesse_msgs) StdoutLine: {'line': b'-- Up-to-date: /home/aimane/humble_ws/src/VNAV_23/vnav_ws/install/tesse_msgs/share/tesse_msgs/cmake/rosidl_cmake_export_typesupport_targets-extras.cmake\n'}
[1.029786] (tesse_msgs) StdoutLine: {'line': b'-- Up-to-date: /home/aimane/humble_ws/src/VNAV_23/vnav_ws/install/tesse_msgs/share/tesse_msgs/cmake/rosidl_cmake_export_typesupport_libraries-extras.cmake\n'}
[1.029931] (tesse_msgs) StdoutLine: {'line': b'-- Up-to-date: /home/aimane/humble_ws/src/VNAV_23/vnav_ws/install/tesse_msgs/share/tesse_msgs/cmake/tesse_msgsConfig.cmake\n'}
[1.030060] (tesse_msgs) StdoutLine: {'line': b'-- Up-to-date: /home/aimane/humble_ws/src/VNAV_23/vnav_ws/install/tesse_msgs/share/tesse_msgs/cmake/tesse_msgsConfig-version.cmake\n'}
[1.030181] (tesse_msgs) StdoutLine: {'line': b'-- Up-to-date: /home/aimane/humble_ws/src/VNAV_23/vnav_ws/install/tesse_msgs/share/tesse_msgs/package.xml\n'}
[1.032343] (tesse_msgs) CommandEnded: {'returncode': 0}
[1.055466] (tesse_msgs) JobEnded: {'identifier': 'tesse_msgs', 'rc': 0}
[1.072480] (controller_pkg) StdoutLine: {'line': b'\x1b[35m\x1b[1mConsolidate compiler generated dependencies of target controller_node\x1b[0m\n'}
[1.091059] (mav_planning_msgs) StdoutLine: {'line': b'[  0%] Built target mav_planning_msgs__cpp\n'}
[1.099958] (controller_pkg) StdoutLine: {'line': b'[ 50%] Built target traj_publisher\n'}
[1.100229] (mav_planning_msgs) StdoutLine: {'line': b'[ 12%] Built target mav_planning_msgs__rosidl_generator_c\n'}
[1.105065] (-) TimerEvent: {}
[1.108803] (mav_planning_msgs) StdoutLine: {'line': b'[ 12%] Built target ament_cmake_python_copy_mav_planning_msgs\n'}
[1.114750] (controller_pkg) StdoutLine: {'line': b'[ 75%] \x1b[32mBuilding CXX object CMakeFiles/controller_node.dir/src/controller_node.cpp.o\x1b[0m\n'}
[1.152887] (mav_planning_msgs) StdoutLine: {'line': b'[ 24%] Built target mav_planning_msgs__rosidl_typesupport_cpp\n'}
[1.164043] (mav_planning_msgs) StdoutLine: {'line': b'[ 36%] Built target mav_planning_msgs__rosidl_typesupport_c\n'}
[1.165586] (mav_planning_msgs) StdoutLine: {'line': b'[ 48%] Built target mav_planning_msgs__rosidl_typesupport_fastrtps_c\n'}
[1.168711] (mav_planning_msgs) StdoutLine: {'line': b'[ 59%] Built target mav_planning_msgs__rosidl_typesupport_fastrtps_cpp\n'}
[1.171382] (mav_planning_msgs) StdoutLine: {'line': b'[ 71%] Built target mav_planning_msgs__rosidl_typesupport_introspection_cpp\n'}
[1.173628] (mav_planning_msgs) StdoutLine: {'line': b'[ 83%] Built target mav_planning_msgs__rosidl_typesupport_introspection_c\n'}
[1.203819] (mav_planning_msgs) StdoutLine: {'line': b'[ 83%] Built target mav_planning_msgs\n'}
[1.205156] (-) TimerEvent: {}
[1.237168] (mav_planning_msgs) StdoutLine: {'line': b'[ 84%] Built target mav_planning_msgs__py\n'}
[1.276548] (mav_planning_msgs) StdoutLine: {'line': b'[ 95%] Built target mav_planning_msgs__rosidl_generator_py\n'}
[1.306048] (-) TimerEvent: {}
[1.314941] (mav_planning_msgs) StdoutLine: {'line': b'[ 96%] Built target mav_planning_msgs__rosidl_typesupport_c__pyext\n'}
[1.315332] (mav_planning_msgs) StdoutLine: {'line': b'[ 98%] Built target mav_planning_msgs__rosidl_typesupport_fastrtps_c__pyext\n'}
[1.317071] (mav_planning_msgs) StdoutLine: {'line': b'[100%] Built target mav_planning_msgs__rosidl_typesupport_introspection_c__pyext\n'}
[1.327910] (tesse_ros_bridge) Command: {'cmd': ['/usr/bin/python3', '-W', 'ignore:setup.py install is deprecated', '-W', 'ignore:easy_install command is deprecated', 'setup.py', 'egg_info', '--egg-base', '../../../build/tesse_ros_bridge', 'build', '--build-base', '/home/aimane/humble_ws/src/VNAV_23/vnav_ws/build/tesse_ros_bridge/build', 'install', '--record', '/home/aimane/humble_ws/src/VNAV_23/vnav_ws/build/tesse_ros_bridge/install.log', '--single-version-externally-managed', 'install_data'], 'cwd': '/home/aimane/humble_ws/src/VNAV_23/vnav_ws/src/Lab3/tesse_ros_bridge', 'env': {'HOSTNAME': 'aimane', 'SHLVL': '1', 'LD_LIBRARY_PATH': '/opt/ros/humble/opt/rviz_ogre_vendor/lib:/opt/ros/humble/lib/x86_64-linux-gnu:/opt/ros/humble/lib', 'HOME': '/home/aimane', 'OLDPWD': '/home/aimane/humble_ws/src/VNAV_23/vnav_ws', 'ROS_PYTHON_VERSION': '3', 'ROS_DISTRO': 'humble', '_': '/usr/bin/colcon', 'ROS_VERSION': '2', 'TERM': 'xterm-256color', 'ROS_LOCALHOST_ONLY': '0', 'PATH': '/opt/ros/humble/bin:/usr/local/sbin:/usr/local/bin:/usr/sbin:/usr/bin:/sbin:/bin', 'DISPLAY': ':1', 'LANG': 'C.UTF-8', 'AMENT_PREFIX_PATH': '/opt/ros/humble', 'DEBIAN_FRONTEND': 'noninteractive', 'PWD': '/home/aimane/humble_ws/src/VNAV_23/vnav_ws/build/tesse_ros_bridge', 'LC_ALL': 'C.UTF-8', 'PYTHONPATH': '/home/aimane/humble_ws/src/VNAV_23/vnav_ws/build/tesse_ros_bridge/prefix_override:/usr/lib/python3/dist-packages/colcon_core/task/python/colcon_distutils_commands:/home/aimane/humble_ws/src/VNAV_23/vnav_ws/install/tesse_ros_bridge/lib/python3.10/site-packages:/opt/ros/humble/lib/python3.10/site-packages:/opt/ros/humble/local/lib/python3.10/dist-packages', 'COLCON': '1'}, 'shell': False}
[1.406145] (-) TimerEvent: {}
[1.440335] (tesse) StdoutLine: {'line': b'running egg_info\n'}
[1.441009] (tesse) StdoutLine: {'line': b'writing ../../../build/tesse/tesse.egg-info/PKG-INFO\n'}
[1.441242] (tesse) StdoutLine: {'line': b'writing dependency_links to ../../../build/tesse/tesse.egg-info/dependency_links.txt\n'}
[1.441445] (tesse) StdoutLine: {'line': b'writing requirements to ../../../build/tesse/tesse.egg-info/requires.txt\n'}
[1.441632] (tesse) StdoutLine: {'line': b'writing top-level names to ../../../build/tesse/tesse.egg-info/top_level.txt\n'}
[1.444282] (tesse) StdoutLine: {'line': b"reading manifest file '../../../build/tesse/tesse.egg-info/SOURCES.txt'\n"}
[1.444517] (tesse) StdoutLine: {'line': b"adding license file 'LICENSE'\n"}
[1.445189] (tesse) StdoutLine: {'line': b"writing manifest file '../../../build/tesse/tesse.egg-info/SOURCES.txt'\n"}
[1.445384] (tesse) StdoutLine: {'line': b'running build\n'}
[1.445497] (tesse) StdoutLine: {'line': b'running build_py\n'}
[1.445876] (tesse) StdoutLine: {'line': b'running install\n'}
[1.446226] (tesse) StdoutLine: {'line': b'running install_lib\n'}
[1.447728] (tesse) StdoutLine: {'line': b'running install_egg_info\n'}
[1.448302] (mav_planning_msgs) StdoutLine: {'line': b'running egg_info\n'}
[1.449204] (mav_planning_msgs) StdoutLine: {'line': b'writing mav_planning_msgs.egg-info/PKG-INFO\n'}
[1.449483] (mav_planning_msgs) StdoutLine: {'line': b'writing dependency_links to mav_planning_msgs.egg-info/dependency_links.txt\n'}
[1.449755] (mav_planning_msgs) StdoutLine: {'line': b'writing top-level names to mav_planning_msgs.egg-info/top_level.txt\n'}
[1.449928] (tesse) StdoutLine: {'line': b"removing '/home/aimane/humble_ws/src/VNAV_23/vnav_ws/install/tesse/lib/python3.10/site-packages/tesse-0.1.2-py3.10.egg-info' (and everything under it)\n"}
[1.450153] (tesse) StdoutLine: {'line': b'Copying ../../../build/tesse/tesse.egg-info to /home/aimane/humble_ws/src/VNAV_23/vnav_ws/install/tesse/lib/python3.10/site-packages/tesse-0.1.2-py3.10.egg-info\n'}
[1.450970] (tesse) StdoutLine: {'line': b'running install_scripts\n'}
[1.452741] (mav_planning_msgs) StdoutLine: {'line': b"reading manifest file 'mav_planning_msgs.egg-info/SOURCES.txt'\n"}
[1.453744] (mav_planning_msgs) StdoutLine: {'line': b"writing manifest file 'mav_planning_msgs.egg-info/SOURCES.txt'\n"}
[1.474772] (tesse) StdoutLine: {'line': b"writing list of installed files to '/home/aimane/humble_ws/src/VNAV_23/vnav_ws/build/tesse/install.log'\n"}
[1.485846] (mav_planning_msgs) StdoutLine: {'line': b'[100%] Built target ament_cmake_python_build_mav_planning_msgs_egg\n'}
[1.500917] (mav_planning_msgs) CommandEnded: {'returncode': 0}
[1.501666] (mav_planning_msgs) JobProgress: {'identifier': 'mav_planning_msgs', 'progress': 'install'}
[1.501990] (mav_planning_msgs) Command: {'cmd': ['/usr/bin/cmake', '--install', '/home/aimane/humble_ws/src/VNAV_23/vnav_ws/build/mav_planning_msgs'], 'cwd': '/home/aimane/humble_ws/src/VNAV_23/vnav_ws/build/mav_planning_msgs', 'env': OrderedDict([('HOSTNAME', 'aimane'), ('SHLVL', '1'), ('LD_LIBRARY_PATH', '/home/aimane/humble_ws/src/VNAV_23/vnav_ws/install/mav_msgs/lib:/opt/ros/humble/opt/rviz_ogre_vendor/lib:/opt/ros/humble/lib/x86_64-linux-gnu:/opt/ros/humble/lib'), ('HOME', '/home/aimane'), ('OLDPWD', '/home/aimane/humble_ws/src/VNAV_23/vnav_ws'), ('ROS_PYTHON_VERSION', '3'), ('ROS_DISTRO', 'humble'), ('_', '/usr/bin/colcon'), ('ROS_VERSION', '2'), ('TERM', 'xterm-256color'), ('ROS_LOCALHOST_ONLY', '0'), ('PATH', '/opt/ros/humble/bin:/usr/local/sbin:/usr/local/bin:/usr/sbin:/usr/bin:/sbin:/bin'), ('DISPLAY', ':1'), ('LANG', 'C.UTF-8'), ('AMENT_PREFIX_PATH', '/home/aimane/humble_ws/src/VNAV_23/vnav_ws/install/mav_msgs:/opt/ros/humble'), ('DEBIAN_FRONTEND', 'noninteractive'), ('PWD', '/home/aimane/humble_ws/src/VNAV_23/vnav_ws/build/mav_planning_msgs'), ('LC_ALL', 'C.UTF-8'), ('PYTHONPATH', '/home/aimane/humble_ws/src/VNAV_23/vnav_ws/install/mav_msgs/local/lib/python3.10/dist-packages:/opt/ros/humble/lib/python3.10/site-packages:/opt/ros/humble/local/lib/python3.10/dist-packages'), ('COLCON', '1'), ('CMAKE_PREFIX_PATH', '/home/aimane/humble_ws/src/VNAV_23/vnav_ws/install/mav_msgs:/opt/ros/humble')]), 'shell': False}
[1.504569] (tesse) CommandEnded: {'returncode': 0}
[1.506261] (-) TimerEvent: {}
[1.512345] (mav_planning_msgs) StdoutLine: {'line': b'-- Install configuration: ""\n'}
[1.512676] (mav_planning_msgs) StdoutLine: {'line': b'-- Up-to-date: /home/aimane/humble_ws/src/VNAV_23/vnav_ws/install/mav_planning_msgs/share/ament_index/resource_index/rosidl_interfaces/mav_planning_msgs\n'}
[1.512817] (mav_planning_msgs) StdoutLine: {'line': b'-- Up-to-date: /home/aimane/humble_ws/src/VNAV_23/vnav_ws/install/mav_planning_msgs/include/mav_planning_msgs/mav_planning_msgs\n'}
[1.512963] (mav_planning_msgs) StdoutLine: {'line': b'-- Up-to-date: /home/aimane/humble_ws/src/VNAV_23/vnav_ws/install/mav_planning_msgs/include/mav_planning_msgs/mav_planning_msgs/msg\n'}
[1.513086] (mav_planning_msgs) StdoutLine: {'line': b'-- Up-to-date: /home/aimane/humble_ws/src/VNAV_23/vnav_ws/install/mav_planning_msgs/include/mav_planning_msgs/mav_planning_msgs/msg/point2_d.h\n'}
[1.513204] (mav_planning_msgs) StdoutLine: {'line': b'-- Up-to-date: /home/aimane/humble_ws/src/VNAV_23/vnav_ws/install/mav_planning_msgs/include/mav_planning_msgs/mav_planning_msgs/msg/polynomial_segment.h\n'}
[1.513405] (mav_planning_msgs) StdoutLine: {'line': b'-- Up-to-date: /home/aimane/humble_ws/src/VNAV_23/vnav_ws/install/mav_planning_msgs/include/mav_planning_msgs/mav_planning_msgs/msg/polynomial_segment4_d.h\n'}
[1.513614] (mav_planning_msgs) StdoutLine: {'line': b'-- Up-to-date: /home/aimane/humble_ws/src/VNAV_23/vnav_ws/install/mav_planning_msgs/include/mav_planning_msgs/mav_planning_msgs/msg/detail\n'}
[1.513738] (mav_planning_msgs) StdoutLine: {'line': b'-- Up-to-date: /home/aimane/humble_ws/src/VNAV_23/vnav_ws/install/mav_planning_msgs/include/mav_planning_msgs/mav_planning_msgs/msg/detail/point_cloud_with_pose__struct.h\n'}
[1.513863] (mav_planning_msgs) StdoutLine: {'line': b'-- Up-to-date: /home/aimane/humble_ws/src/VNAV_23/vnav_ws/install/mav_planning_msgs/include/mav_planning_msgs/mav_planning_msgs/msg/detail/polygon_with_holes_stamped__functions.h\n'}
[1.513990] (mav_planning_msgs) StdoutLine: {'line': b'-- Up-to-date: /home/aimane/humble_ws/src/VNAV_23/vnav_ws/install/mav_planning_msgs/include/mav_planning_msgs/mav_planning_msgs/msg/detail/polynomial_trajectory__functions.c\n'}
[1.514106] (mav_planning_msgs) StdoutLine: {'line': b'-- Up-to-date: /home/aimane/humble_ws/src/VNAV_23/vnav_ws/install/mav_planning_msgs/include/mav_planning_msgs/mav_planning_msgs/msg/detail/polygon2_d__struct.h\n'}
[1.514221] (mav_planning_msgs) StdoutLine: {'line': b'-- Up-to-date: /home/aimane/humble_ws/src/VNAV_23/vnav_ws/install/mav_planning_msgs/include/mav_planning_msgs/mav_planning_msgs/msg/detail/polygon_with_holes__type_support.h\n'}
[1.514337] (mav_planning_msgs) StdoutLine: {'line': b'-- Up-to-date: /home/aimane/humble_ws/src/VNAV_23/vnav_ws/install/mav_planning_msgs/include/mav_planning_msgs/mav_planning_msgs/msg/detail/polynomial_segment__functions.h\n'}
[1.514452] (mav_planning_msgs) StdoutLine: {'line': b'-- Up-to-date: /home/aimane/humble_ws/src/VNAV_23/vnav_ws/install/mav_planning_msgs/include/mav_planning_msgs/mav_planning_msgs/msg/detail/point2_d__struct.h\n'}
[1.514568] (mav_planning_msgs) StdoutLine: {'line': b'-- Up-to-date: /home/aimane/humble_ws/src/VNAV_23/vnav_ws/install/mav_planning_msgs/include/mav_planning_msgs/mav_planning_msgs/msg/detail/polygon_with_holes_stamped__struct.h\n'}
[1.514683] (mav_planning_msgs) StdoutLine: {'line': b'-- Up-to-date: /home/aimane/humble_ws/src/VNAV_23/vnav_ws/install/mav_planning_msgs/include/mav_planning_msgs/mav_planning_msgs/msg/detail/polynomial_trajectory4_d__functions.c\n'}
[1.515069] (mav_planning_msgs) StdoutLine: {'line': b'-- Up-to-date: /home/aimane/humble_ws/src/VNAV_23/vnav_ws/install/mav_planning_msgs/include/mav_planning_msgs/mav_planning_msgs/msg/detail/polygon_with_holes__struct.h\n'}
[1.515421] (mav_planning_msgs) StdoutLine: {'line': b'-- Up-to-date: /home/aimane/humble_ws/src/VNAV_23/vnav_ws/install/mav_planning_msgs/include/mav_planning_msgs/mav_planning_msgs/msg/detail/polygon_with_holes__functions.h\n'}
[1.515897] (mav_planning_msgs) StdoutLine: {'line': b'-- Up-to-date: /home/aimane/humble_ws/src/VNAV_23/vnav_ws/install/mav_planning_msgs/include/mav_planning_msgs/mav_planning_msgs/msg/detail/polynomial_trajectory__type_support.h\n'}
[1.516029] (mav_planning_msgs) StdoutLine: {'line': b'-- Up-to-date: /home/aimane/humble_ws/src/VNAV_23/vnav_ws/install/mav_planning_msgs/include/mav_planning_msgs/mav_planning_msgs/msg/detail/point_cloud_with_pose__type_support.h\n'}
[1.516270] (mav_planning_msgs) StdoutLine: {'line': b'-- Up-to-date: /home/aimane/humble_ws/src/VNAV_23/vnav_ws/install/mav_planning_msgs/include/mav_planning_msgs/mav_planning_msgs/msg/detail/polynomial_segment4_d__functions.h\n'}
[1.516389] (mav_planning_msgs) StdoutLine: {'line': b'-- Up-to-date: /home/aimane/humble_ws/src/VNAV_23/vnav_ws/install/mav_planning_msgs/include/mav_planning_msgs/mav_planning_msgs/msg/detail/polynomial_segment__type_support.h\n'}
[1.516507] (mav_planning_msgs) StdoutLine: {'line': b'-- Up-to-date: /home/aimane/humble_ws/src/VNAV_23/vnav_ws/install/mav_planning_msgs/include/mav_planning_msgs/mav_planning_msgs/msg/detail/polygon2_d__functions.h\n'}
[1.516623] (mav_planning_msgs) StdoutLine: {'line': b'-- Up-to-date: /home/aimane/humble_ws/src/VNAV_23/vnav_ws/install/mav_planning_msgs/include/mav_planning_msgs/mav_planning_msgs/msg/detail/polynomial_segment4_d__type_support.h\n'}
[1.516738] (mav_planning_msgs) StdoutLine: {'line': b'-- Up-to-date: /home/aimane/humble_ws/src/VNAV_23/vnav_ws/install/mav_planning_msgs/include/mav_planning_msgs/mav_planning_msgs/msg/detail/point2_d__type_support.h\n'}
[1.517062] (mav_planning_msgs) StdoutLine: {'line': b'-- Up-to-date: /home/aimane/humble_ws/src/VNAV_23/vnav_ws/install/mav_planning_msgs/include/mav_planning_msgs/mav_planning_msgs/msg/detail/point_cloud_with_pose__functions.c\n'}
[1.517189] (mav_planning_msgs) StdoutLine: {'line': b'-- Up-to-date: /home/aimane/humble_ws/src/VNAV_23/vnav_ws/install/mav_planning_msgs/include/mav_planning_msgs/mav_planning_msgs/msg/detail/polygon_with_holes__functions.c\n'}
[1.517307] (mav_planning_msgs) StdoutLine: {'line': b'-- Up-to-date: /home/aimane/humble_ws/src/VNAV_23/vnav_ws/install/mav_planning_msgs/include/mav_planning_msgs/mav_planning_msgs/msg/detail/polygon_with_holes_stamped__type_support.h\n'}
[1.517703] (mav_planning_msgs) StdoutLine: {'line': b'-- Up-to-date: /home/aimane/humble_ws/src/VNAV_23/vnav_ws/install/mav_planning_msgs/include/mav_planning_msgs/mav_planning_msgs/msg/detail/point_cloud_with_pose__functions.h\n'}
[1.517841] (mav_planning_msgs) StdoutLine: {'line': b'-- Up-to-date: /home/aimane/humble_ws/src/VNAV_23/vnav_ws/install/mav_planning_msgs/include/mav_planning_msgs/mav_planning_msgs/msg/detail/polynomial_trajectory4_d__struct.h\n'}
[1.517972] (mav_planning_msgs) StdoutLine: {'line': b'-- Up-to-date: /home/aimane/humble_ws/src/VNAV_23/vnav_ws/install/mav_planning_msgs/include/mav_planning_msgs/mav_planning_msgs/msg/detail/polynomial_segment4_d__struct.h\n'}
[1.518089] (mav_planning_msgs) StdoutLine: {'line': b'-- Up-to-date: /home/aimane/humble_ws/src/VNAV_23/vnav_ws/install/mav_planning_msgs/include/mav_planning_msgs/mav_planning_msgs/msg/detail/point2_d__functions.c\n'}
[1.518208] (mav_planning_msgs) StdoutLine: {'line': b'-- Up-to-date: /home/aimane/humble_ws/src/VNAV_23/vnav_ws/install/mav_planning_msgs/include/mav_planning_msgs/mav_planning_msgs/msg/detail/polynomial_segment__struct.h\n'}
[1.518330] (mav_planning_msgs) StdoutLine: {'line': b'-- Up-to-date: /home/aimane/humble_ws/src/VNAV_23/vnav_ws/install/mav_planning_msgs/include/mav_planning_msgs/mav_planning_msgs/msg/detail/polynomial_trajectory4_d__type_support.h\n'}
[1.518445] (mav_planning_msgs) StdoutLine: {'line': b'-- Up-to-date: /home/aimane/humble_ws/src/VNAV_23/vnav_ws/install/mav_planning_msgs/include/mav_planning_msgs/mav_planning_msgs/msg/detail/polynomial_trajectory4_d__functions.h\n'}
[1.518561] (mav_planning_msgs) StdoutLine: {'line': b'-- Up-to-date: /home/aimane/humble_ws/src/VNAV_23/vnav_ws/install/mav_planning_msgs/include/mav_planning_msgs/mav_planning_msgs/msg/detail/polynomial_segment__functions.c\n'}
[1.518676] (mav_planning_msgs) StdoutLine: {'line': b'-- Up-to-date: /home/aimane/humble_ws/src/VNAV_23/vnav_ws/install/mav_planning_msgs/include/mav_planning_msgs/mav_planning_msgs/msg/detail/polygon2_d__type_support.h\n'}
[1.519334] (mav_planning_msgs) StdoutLine: {'line': b'-- Up-to-date: /home/aimane/humble_ws/src/VNAV_23/vnav_ws/install/mav_planning_msgs/include/mav_planning_msgs/mav_planning_msgs/msg/detail/polynomial_segment4_d__functions.c\n'}
[1.519557] (mav_planning_msgs) StdoutLine: {'line': b'-- Up-to-date: /home/aimane/humble_ws/src/VNAV_23/vnav_ws/install/mav_planning_msgs/include/mav_planning_msgs/mav_planning_msgs/msg/detail/polynomial_trajectory__functions.h\n'}
[1.519676] (mav_planning_msgs) StdoutLine: {'line': b'-- Up-to-date: /home/aimane/humble_ws/src/VNAV_23/vnav_ws/install/mav_planning_msgs/include/mav_planning_msgs/mav_planning_msgs/msg/detail/polynomial_trajectory__struct.h\n'}
[1.519792] (mav_planning_msgs) StdoutLine: {'line': b'-- Up-to-date: /home/aimane/humble_ws/src/VNAV_23/vnav_ws/install/mav_planning_msgs/include/mav_planning_msgs/mav_planning_msgs/msg/detail/polygon2_d__functions.c\n'}
[1.520049] (mav_planning_msgs) StdoutLine: {'line': b'-- Up-to-date: /home/aimane/humble_ws/src/VNAV_23/vnav_ws/install/mav_planning_msgs/include/mav_planning_msgs/mav_planning_msgs/msg/detail/polygon_with_holes_stamped__functions.c\n'}
[1.520194] (mav_planning_msgs) StdoutLine: {'line': b'-- Up-to-date: /home/aimane/humble_ws/src/VNAV_23/vnav_ws/install/mav_planning_msgs/include/mav_planning_msgs/mav_planning_msgs/msg/detail/point2_d__functions.h\n'}
[1.520321] (mav_planning_msgs) StdoutLine: {'line': b'-- Up-to-date: /home/aimane/humble_ws/src/VNAV_23/vnav_ws/install/mav_planning_msgs/include/mav_planning_msgs/mav_planning_msgs/msg/polynomial_trajectory.h\n'}
[1.520437] (mav_planning_msgs) StdoutLine: {'line': b'-- Up-to-date: /home/aimane/humble_ws/src/VNAV_23/vnav_ws/install/mav_planning_msgs/include/mav_planning_msgs/mav_planning_msgs/msg/polygon2_d.h\n'}
[1.520560] (mav_planning_msgs) StdoutLine: {'line': b'-- Up-to-date: /home/aimane/humble_ws/src/VNAV_23/vnav_ws/install/mav_planning_msgs/include/mav_planning_msgs/mav_planning_msgs/msg/polygon_with_holes_stamped.h\n'}
[1.520676] (mav_planning_msgs) StdoutLine: {'line': b'-- Up-to-date: /home/aimane/humble_ws/src/VNAV_23/vnav_ws/install/mav_planning_msgs/include/mav_planning_msgs/mav_planning_msgs/msg/polygon_with_holes.h\n'}
[1.520791] (mav_planning_msgs) StdoutLine: {'line': b'-- Up-to-date: /home/aimane/humble_ws/src/VNAV_23/vnav_ws/install/mav_planning_msgs/include/mav_planning_msgs/mav_planning_msgs/msg/polynomial_trajectory4_d.h\n'}
[1.520918] (mav_planning_msgs) StdoutLine: {'line': b'-- Up-to-date: /home/aimane/humble_ws/src/VNAV_23/vnav_ws/install/mav_planning_msgs/include/mav_planning_msgs/mav_planning_msgs/msg/point_cloud_with_pose.h\n'}
[1.521034] (mav_planning_msgs) StdoutLine: {'line': b'-- Up-to-date: /home/aimane/humble_ws/src/VNAV_23/vnav_ws/install/mav_planning_msgs/include/mav_planning_msgs/mav_planning_msgs/msg/rosidl_generator_c__visibility_control.h\n'}
[1.521149] (mav_planning_msgs) StdoutLine: {'line': b'-- Up-to-date: /home/aimane/humble_ws/src/VNAV_23/vnav_ws/install/mav_planning_msgs/include/mav_planning_msgs/mav_planning_msgs/srv\n'}
[1.521266] (mav_planning_msgs) StdoutLine: {'line': b'-- Up-to-date: /home/aimane/humble_ws/src/VNAV_23/vnav_ws/install/mav_planning_msgs/include/mav_planning_msgs/mav_planning_msgs/srv/change_name_service.h\n'}
[1.521524] (mav_planning_msgs) StdoutLine: {'line': b'-- Up-to-date: /home/aimane/humble_ws/src/VNAV_23/vnav_ws/install/mav_planning_msgs/include/mav_planning_msgs/mav_planning_msgs/srv/detail\n'}
[1.521659] (mav_planning_msgs) StdoutLine: {'line': b'-- Up-to-date: /home/aimane/humble_ws/src/VNAV_23/vnav_ws/install/mav_planning_msgs/include/mav_planning_msgs/mav_planning_msgs/srv/detail/planner_service__type_support.h\n'}
[1.521776] (mav_planning_msgs) StdoutLine: {'line': b'-- Up-to-date: /home/aimane/humble_ws/src/VNAV_23/vnav_ws/install/mav_planning_msgs/include/mav_planning_msgs/mav_planning_msgs/srv/detail/planner_service__struct.h\n'}
[1.521907] (mav_planning_msgs) StdoutLine: {'line': b'-- Up-to-date: /home/aimane/humble_ws/src/VNAV_23/vnav_ws/install/mav_planning_msgs/include/mav_planning_msgs/mav_planning_msgs/srv/detail/polygon_service__functions.c\n'}
[1.522203] (mav_planning_msgs) StdoutLine: {'line': b'-- Up-to-date: /home/aimane/humble_ws/src/VNAV_23/vnav_ws/install/mav_planning_msgs/include/mav_planning_msgs/mav_planning_msgs/srv/detail/planner_service__functions.h\n'}
[1.522310] (mav_planning_msgs) StdoutLine: {'line': b'-- Up-to-date: /home/aimane/humble_ws/src/VNAV_23/vnav_ws/install/mav_planning_msgs/include/mav_planning_msgs/mav_planning_msgs/srv/detail/change_name_service__struct.h\n'}
[1.522417] (mav_planning_msgs) StdoutLine: {'line': b'-- Up-to-date: /home/aimane/humble_ws/src/VNAV_23/vnav_ws/install/mav_planning_msgs/include/mav_planning_msgs/mav_planning_msgs/srv/detail/change_name_service__type_support.h\n'}
[1.522522] (mav_planning_msgs) StdoutLine: {'line': b'-- Up-to-date: /home/aimane/humble_ws/src/VNAV_23/vnav_ws/install/mav_planning_msgs/include/mav_planning_msgs/mav_planning_msgs/srv/detail/change_name_service__functions.c\n'}
[1.522627] (mav_planning_msgs) StdoutLine: {'line': b'-- Up-to-date: /home/aimane/humble_ws/src/VNAV_23/vnav_ws/install/mav_planning_msgs/include/mav_planning_msgs/mav_planning_msgs/srv/detail/change_name_service__functions.h\n'}
[1.522732] (mav_planning_msgs) StdoutLine: {'line': b'-- Up-to-date: /home/aimane/humble_ws/src/VNAV_23/vnav_ws/install/mav_planning_msgs/include/mav_planning_msgs/mav_planning_msgs/srv/detail/polygon_service__functions.h\n'}
[1.522846] (mav_planning_msgs) StdoutLine: {'line': b'-- Up-to-date: /home/aimane/humble_ws/src/VNAV_23/vnav_ws/install/mav_planning_msgs/include/mav_planning_msgs/mav_planning_msgs/srv/detail/polygon_service__struct.h\n'}
[1.522962] (mav_planning_msgs) StdoutLine: {'line': b'-- Up-to-date: /home/aimane/humble_ws/src/VNAV_23/vnav_ws/install/mav_planning_msgs/include/mav_planning_msgs/mav_planning_msgs/srv/detail/planner_service__functions.c\n'}
[1.523067] (mav_planning_msgs) StdoutLine: {'line': b'-- Up-to-date: /home/aimane/humble_ws/src/VNAV_23/vnav_ws/install/mav_planning_msgs/include/mav_planning_msgs/mav_planning_msgs/srv/detail/polygon_service__type_support.h\n'}
[1.523173] (mav_planning_msgs) StdoutLine: {'line': b'-- Up-to-date: /home/aimane/humble_ws/src/VNAV_23/vnav_ws/install/mav_planning_msgs/include/mav_planning_msgs/mav_planning_msgs/srv/polygon_service.h\n'}
[1.523278] (mav_planning_msgs) StdoutLine: {'line': b'-- Up-to-date: /home/aimane/humble_ws/src/VNAV_23/vnav_ws/install/mav_planning_msgs/include/mav_planning_msgs/mav_planning_msgs/srv/planner_service.h\n'}
[1.523646] (mav_planning_msgs) StdoutLine: {'line': b'-- Up-to-date: /home/aimane/humble_ws/src/VNAV_23/vnav_ws/install/mav_planning_msgs/share/mav_planning_msgs/environment/library_path.sh\n'}
[1.523754] (mav_planning_msgs) StdoutLine: {'line': b'-- Up-to-date: /home/aimane/humble_ws/src/VNAV_23/vnav_ws/install/mav_planning_msgs/share/mav_planning_msgs/environment/library_path.dsv\n'}
[1.523872] (mav_planning_msgs) StdoutLine: {'line': b'-- Up-to-date: /home/aimane/humble_ws/src/VNAV_23/vnav_ws/install/mav_planning_msgs/lib/libmav_planning_msgs__rosidl_generator_c.so\n'}
[1.523984] (mav_planning_msgs) StdoutLine: {'line': b'-- Up-to-date: /home/aimane/humble_ws/src/VNAV_23/vnav_ws/install/mav_planning_msgs/include/mav_planning_msgs/mav_planning_msgs\n'}
[1.524089] (mav_planning_msgs) StdoutLine: {'line': b'-- Up-to-date: /home/aimane/humble_ws/src/VNAV_23/vnav_ws/install/mav_planning_msgs/include/mav_planning_msgs/mav_planning_msgs/msg\n'}
[1.524194] (mav_planning_msgs) StdoutLine: {'line': b'-- Up-to-date: /home/aimane/humble_ws/src/VNAV_23/vnav_ws/install/mav_planning_msgs/include/mav_planning_msgs/mav_planning_msgs/msg/detail\n'}
[1.524299] (mav_planning_msgs) StdoutLine: {'line': b'-- Up-to-date: /home/aimane/humble_ws/src/VNAV_23/vnav_ws/install/mav_planning_msgs/include/mav_planning_msgs/mav_planning_msgs/msg/detail/polynomial_trajectory4_d__rosidl_typesupport_fastrtps_c.h\n'}
[1.524405] (mav_planning_msgs) StdoutLine: {'line': b'-- Up-to-date: /home/aimane/humble_ws/src/VNAV_23/vnav_ws/install/mav_planning_msgs/include/mav_planning_msgs/mav_planning_msgs/msg/detail/polygon2_d__rosidl_typesupport_fastrtps_c.h\n'}
[1.524733] (mav_planning_msgs) StdoutLine: {'line': b'-- Up-to-date: /home/aimane/humble_ws/src/VNAV_23/vnav_ws/install/mav_planning_msgs/include/mav_planning_msgs/mav_planning_msgs/msg/detail/polygon_with_holes__rosidl_typesupport_fastrtps_c.h\n'}
[1.525150] (mav_planning_msgs) StdoutLine: {'line': b'-- Up-to-date: /home/aimane/humble_ws/src/VNAV_23/vnav_ws/install/mav_planning_msgs/include/mav_planning_msgs/mav_planning_msgs/msg/detail/point_cloud_with_pose__rosidl_typesupport_fastrtps_c.h\n'}
[1.525365] (mav_planning_msgs) StdoutLine: {'line': b'-- Up-to-date: /home/aimane/humble_ws/src/VNAV_23/vnav_ws/install/mav_planning_msgs/include/mav_planning_msgs/mav_planning_msgs/msg/detail/polynomial_segment__rosidl_typesupport_fastrtps_c.h\n'}
[1.525435] (mav_planning_msgs) StdoutLine: {'line': b'-- Up-to-date: /home/aimane/humble_ws/src/VNAV_23/vnav_ws/install/mav_planning_msgs/include/mav_planning_msgs/mav_planning_msgs/msg/detail/polynomial_trajectory__rosidl_typesupport_fastrtps_c.h\n'}
[1.525500] (mav_planning_msgs) StdoutLine: {'line': b'-- Up-to-date: /home/aimane/humble_ws/src/VNAV_23/vnav_ws/install/mav_planning_msgs/include/mav_planning_msgs/mav_planning_msgs/msg/detail/polynomial_segment4_d__rosidl_typesupport_fastrtps_c.h\n'}
[1.525828] (mav_planning_msgs) StdoutLine: {'line': b'-- Up-to-date: /home/aimane/humble_ws/src/VNAV_23/vnav_ws/install/mav_planning_msgs/include/mav_planning_msgs/mav_planning_msgs/msg/detail/point2_d__rosidl_typesupport_fastrtps_c.h\n'}
[1.525908] (mav_planning_msgs) StdoutLine: {'line': b'-- Up-to-date: /home/aimane/humble_ws/src/VNAV_23/vnav_ws/install/mav_planning_msgs/include/mav_planning_msgs/mav_planning_msgs/msg/detail/polygon_with_holes_stamped__rosidl_typesupport_fastrtps_c.h\n'}
[1.525976] (mav_planning_msgs) StdoutLine: {'line': b'-- Up-to-date: /home/aimane/humble_ws/src/VNAV_23/vnav_ws/install/mav_planning_msgs/include/mav_planning_msgs/mav_planning_msgs/msg/rosidl_typesupport_fastrtps_c__visibility_control.h\n'}
[1.526042] (mav_planning_msgs) StdoutLine: {'line': b'-- Up-to-date: /home/aimane/humble_ws/src/VNAV_23/vnav_ws/install/mav_planning_msgs/include/mav_planning_msgs/mav_planning_msgs/srv\n'}
[1.526106] (mav_planning_msgs) StdoutLine: {'line': b'-- Up-to-date: /home/aimane/humble_ws/src/VNAV_23/vnav_ws/install/mav_planning_msgs/include/mav_planning_msgs/mav_planning_msgs/srv/detail\n'}
[1.526171] (mav_planning_msgs) StdoutLine: {'line': b'-- Up-to-date: /home/aimane/humble_ws/src/VNAV_23/vnav_ws/install/mav_planning_msgs/include/mav_planning_msgs/mav_planning_msgs/srv/detail/planner_service__rosidl_typesupport_fastrtps_c.h\n'}
[1.526235] (mav_planning_msgs) StdoutLine: {'line': b'-- Up-to-date: /home/aimane/humble_ws/src/VNAV_23/vnav_ws/install/mav_planning_msgs/include/mav_planning_msgs/mav_planning_msgs/srv/detail/polygon_service__rosidl_typesupport_fastrtps_c.h\n'}
[1.526300] (mav_planning_msgs) StdoutLine: {'line': b'-- Up-to-date: /home/aimane/humble_ws/src/VNAV_23/vnav_ws/install/mav_planning_msgs/include/mav_planning_msgs/mav_planning_msgs/srv/detail/change_name_service__rosidl_typesupport_fastrtps_c.h\n'}
[1.526365] (mav_planning_msgs) StdoutLine: {'line': b'-- Up-to-date: /home/aimane/humble_ws/src/VNAV_23/vnav_ws/install/mav_planning_msgs/lib/libmav_planning_msgs__rosidl_typesupport_fastrtps_c.so\n'}
[1.526429] (mav_planning_msgs) StdoutLine: {'line': b'-- Up-to-date: /home/aimane/humble_ws/src/VNAV_23/vnav_ws/install/mav_planning_msgs/include/mav_planning_msgs/mav_planning_msgs\n'}
[1.526492] (mav_planning_msgs) StdoutLine: {'line': b'-- Up-to-date: /home/aimane/humble_ws/src/VNAV_23/vnav_ws/install/mav_planning_msgs/include/mav_planning_msgs/mav_planning_msgs/msg\n'}
[1.526556] (mav_planning_msgs) StdoutLine: {'line': b'-- Up-to-date: /home/aimane/humble_ws/src/VNAV_23/vnav_ws/install/mav_planning_msgs/include/mav_planning_msgs/mav_planning_msgs/msg/rosidl_typesupport_introspection_c__visibility_control.h\n'}
[1.526729] (mav_planning_msgs) StdoutLine: {'line': b'-- Up-to-date: /home/aimane/humble_ws/src/VNAV_23/vnav_ws/install/mav_planning_msgs/include/mav_planning_msgs/mav_planning_msgs/msg/detail\n'}
[1.526843] (mav_planning_msgs) StdoutLine: {'line': b'-- Up-to-date: /home/aimane/humble_ws/src/VNAV_23/vnav_ws/install/mav_planning_msgs/include/mav_planning_msgs/mav_planning_msgs/msg/detail/polynomial_trajectory4_d__type_support.c\n'}
[1.526923] (mav_planning_msgs) StdoutLine: {'line': b'-- Up-to-date: /home/aimane/humble_ws/src/VNAV_23/vnav_ws/install/mav_planning_msgs/include/mav_planning_msgs/mav_planning_msgs/msg/detail/polynomial_trajectory__rosidl_typesupport_introspection_c.h\n'}
[1.526989] (mav_planning_msgs) StdoutLine: {'line': b'-- Up-to-date: /home/aimane/humble_ws/src/VNAV_23/vnav_ws/install/mav_planning_msgs/include/mav_planning_msgs/mav_planning_msgs/msg/detail/polynomial_trajectory4_d__rosidl_typesupport_introspection_c.h\n'}
[1.527052] (mav_planning_msgs) StdoutLine: {'line': b'-- Up-to-date: /home/aimane/humble_ws/src/VNAV_23/vnav_ws/install/mav_planning_msgs/include/mav_planning_msgs/mav_planning_msgs/msg/detail/polygon_with_holes_stamped__rosidl_typesupport_introspection_c.h\n'}
[1.527116] (mav_planning_msgs) StdoutLine: {'line': b'-- Up-to-date: /home/aimane/humble_ws/src/VNAV_23/vnav_ws/install/mav_planning_msgs/include/mav_planning_msgs/mav_planning_msgs/msg/detail/polygon_with_holes_stamped__type_support.c\n'}
[1.527216] (mav_planning_msgs) StdoutLine: {'line': b'-- Up-to-date: /home/aimane/humble_ws/src/VNAV_23/vnav_ws/install/mav_planning_msgs/include/mav_planning_msgs/mav_planning_msgs/msg/detail/polynomial_segment4_d__rosidl_typesupport_introspection_c.h\n'}
[1.527298] (mav_planning_msgs) StdoutLine: {'line': b'-- Up-to-date: /home/aimane/humble_ws/src/VNAV_23/vnav_ws/install/mav_planning_msgs/include/mav_planning_msgs/mav_planning_msgs/msg/detail/polynomial_segment__type_support.c\n'}
[1.527371] (mav_planning_msgs) StdoutLine: {'line': b'-- Up-to-date: /home/aimane/humble_ws/src/VNAV_23/vnav_ws/install/mav_planning_msgs/include/mav_planning_msgs/mav_planning_msgs/msg/detail/point2_d__rosidl_typesupport_introspection_c.h\n'}
[1.527442] (mav_planning_msgs) StdoutLine: {'line': b'-- Up-to-date: /home/aimane/humble_ws/src/VNAV_23/vnav_ws/install/mav_planning_msgs/include/mav_planning_msgs/mav_planning_msgs/msg/detail/polygon2_d__type_support.c\n'}
[1.527530] (mav_planning_msgs) StdoutLine: {'line': b'-- Up-to-date: /home/aimane/humble_ws/src/VNAV_23/vnav_ws/install/mav_planning_msgs/include/mav_planning_msgs/mav_planning_msgs/msg/detail/polygon2_d__rosidl_typesupport_introspection_c.h\n'}
[1.527646] (mav_planning_msgs) StdoutLine: {'line': b'-- Up-to-date: /home/aimane/humble_ws/src/VNAV_23/vnav_ws/install/mav_planning_msgs/include/mav_planning_msgs/mav_planning_msgs/msg/detail/point_cloud_with_pose__rosidl_typesupport_introspection_c.h\n'}
[1.527758] (mav_planning_msgs) StdoutLine: {'line': b'-- Up-to-date: /home/aimane/humble_ws/src/VNAV_23/vnav_ws/install/mav_planning_msgs/include/mav_planning_msgs/mav_planning_msgs/msg/detail/point_cloud_with_pose__type_support.c\n'}
[1.527875] (mav_planning_msgs) StdoutLine: {'line': b'-- Up-to-date: /home/aimane/humble_ws/src/VNAV_23/vnav_ws/install/mav_planning_msgs/include/mav_planning_msgs/mav_planning_msgs/msg/detail/polygon_with_holes__type_support.c\n'}
[1.527986] (mav_planning_msgs) StdoutLine: {'line': b'-- Up-to-date: /home/aimane/humble_ws/src/VNAV_23/vnav_ws/install/mav_planning_msgs/include/mav_planning_msgs/mav_planning_msgs/msg/detail/point2_d__type_support.c\n'}
[1.528093] (mav_planning_msgs) StdoutLine: {'line': b'-- Up-to-date: /home/aimane/humble_ws/src/VNAV_23/vnav_ws/install/mav_planning_msgs/include/mav_planning_msgs/mav_planning_msgs/msg/detail/polynomial_trajectory__type_support.c\n'}
[1.528202] (mav_planning_msgs) StdoutLine: {'line': b'-- Up-to-date: /home/aimane/humble_ws/src/VNAV_23/vnav_ws/install/mav_planning_msgs/include/mav_planning_msgs/mav_planning_msgs/msg/detail/polygon_with_holes__rosidl_typesupport_introspection_c.h\n'}
[1.528307] (mav_planning_msgs) StdoutLine: {'line': b'-- Up-to-date: /home/aimane/humble_ws/src/VNAV_23/vnav_ws/install/mav_planning_msgs/include/mav_planning_msgs/mav_planning_msgs/msg/detail/polynomial_segment4_d__type_support.c\n'}
[1.528486] (mav_planning_msgs) StdoutLine: {'line': b'-- Up-to-date: /home/aimane/humble_ws/src/VNAV_23/vnav_ws/install/mav_planning_msgs/include/mav_planning_msgs/mav_planning_msgs/msg/detail/polynomial_segment__rosidl_typesupport_introspection_c.h\n'}
[1.528595] (mav_planning_msgs) StdoutLine: {'line': b'-- Up-to-date: /home/aimane/humble_ws/src/VNAV_23/vnav_ws/install/mav_planning_msgs/include/mav_planning_msgs/mav_planning_msgs/srv\n'}
[1.528704] (mav_planning_msgs) StdoutLine: {'line': b'-- Up-to-date: /home/aimane/humble_ws/src/VNAV_23/vnav_ws/install/mav_planning_msgs/include/mav_planning_msgs/mav_planning_msgs/srv/detail\n'}
[1.528812] (mav_planning_msgs) StdoutLine: {'line': b'-- Up-to-date: /home/aimane/humble_ws/src/VNAV_23/vnav_ws/install/mav_planning_msgs/include/mav_planning_msgs/mav_planning_msgs/srv/detail/change_name_service__rosidl_typesupport_introspection_c.h\n'}
[1.528999] (mav_planning_msgs) StdoutLine: {'line': b'-- Up-to-date: /home/aimane/humble_ws/src/VNAV_23/vnav_ws/install/mav_planning_msgs/include/mav_planning_msgs/mav_planning_msgs/srv/detail/planner_service__rosidl_typesupport_introspection_c.h\n'}
[1.529098] (mav_planning_msgs) StdoutLine: {'line': b'-- Up-to-date: /home/aimane/humble_ws/src/VNAV_23/vnav_ws/install/mav_planning_msgs/include/mav_planning_msgs/mav_planning_msgs/srv/detail/change_name_service__type_support.c\n'}
[1.529166] (mav_planning_msgs) StdoutLine: {'line': b'-- Up-to-date: /home/aimane/humble_ws/src/VNAV_23/vnav_ws/install/mav_planning_msgs/include/mav_planning_msgs/mav_planning_msgs/srv/detail/polygon_service__type_support.c\n'}
[1.529233] (mav_planning_msgs) StdoutLine: {'line': b'-- Up-to-date: /home/aimane/humble_ws/src/VNAV_23/vnav_ws/install/mav_planning_msgs/include/mav_planning_msgs/mav_planning_msgs/srv/detail/polygon_service__rosidl_typesupport_introspection_c.h\n'}
[1.529305] (mav_planning_msgs) StdoutLine: {'line': b'-- Up-to-date: /home/aimane/humble_ws/src/VNAV_23/vnav_ws/install/mav_planning_msgs/include/mav_planning_msgs/mav_planning_msgs/srv/detail/planner_service__type_support.c\n'}
[1.529379] (mav_planning_msgs) StdoutLine: {'line': b'-- Up-to-date: /home/aimane/humble_ws/src/VNAV_23/vnav_ws/install/mav_planning_msgs/lib/libmav_planning_msgs__rosidl_typesupport_introspection_c.so\n'}
[1.529496] (mav_planning_msgs) StdoutLine: {'line': b'-- Up-to-date: /home/aimane/humble_ws/src/VNAV_23/vnav_ws/install/mav_planning_msgs/lib/libmav_planning_msgs__rosidl_typesupport_c.so\n'}
[1.529560] (mav_planning_msgs) StdoutLine: {'line': b'-- Up-to-date: /home/aimane/humble_ws/src/VNAV_23/vnav_ws/install/mav_planning_msgs/include/mav_planning_msgs/mav_planning_msgs\n'}
[1.529632] (mav_planning_msgs) StdoutLine: {'line': b'-- Up-to-date: /home/aimane/humble_ws/src/VNAV_23/vnav_ws/install/mav_planning_msgs/include/mav_planning_msgs/mav_planning_msgs/msg\n'}
[1.529701] (mav_planning_msgs) StdoutLine: {'line': b'-- Up-to-date: /home/aimane/humble_ws/src/VNAV_23/vnav_ws/install/mav_planning_msgs/include/mav_planning_msgs/mav_planning_msgs/msg/polynomial_trajectory.hpp\n'}
[1.529766] (mav_planning_msgs) StdoutLine: {'line': b'-- Up-to-date: /home/aimane/humble_ws/src/VNAV_23/vnav_ws/install/mav_planning_msgs/include/mav_planning_msgs/mav_planning_msgs/msg/point2_d.hpp\n'}
[1.529844] (mav_planning_msgs) StdoutLine: {'line': b'-- Up-to-date: /home/aimane/humble_ws/src/VNAV_23/vnav_ws/install/mav_planning_msgs/include/mav_planning_msgs/mav_planning_msgs/msg/detail\n'}
[1.529954] (mav_planning_msgs) StdoutLine: {'line': b'-- Up-to-date: /home/aimane/humble_ws/src/VNAV_23/vnav_ws/install/mav_planning_msgs/include/mav_planning_msgs/mav_planning_msgs/msg/detail/polynomial_segment4_d__traits.hpp\n'}
[1.530064] (mav_planning_msgs) StdoutLine: {'line': b'-- Up-to-date: /home/aimane/humble_ws/src/VNAV_23/vnav_ws/install/mav_planning_msgs/include/mav_planning_msgs/mav_planning_msgs/msg/detail/polynomial_segment__traits.hpp\n'}
[1.530230] (mav_planning_msgs) StdoutLine: {'line': b'-- Up-to-date: /home/aimane/humble_ws/src/VNAV_23/vnav_ws/install/mav_planning_msgs/include/mav_planning_msgs/mav_planning_msgs/msg/detail/polynomial_segment4_d__struct.hpp\n'}
[1.530336] (mav_planning_msgs) StdoutLine: {'line': b'-- Up-to-date: /home/aimane/humble_ws/src/VNAV_23/vnav_ws/install/mav_planning_msgs/include/mav_planning_msgs/mav_planning_msgs/msg/detail/polynomial_trajectory__traits.hpp\n'}
[1.530447] (mav_planning_msgs) StdoutLine: {'line': b'-- Up-to-date: /home/aimane/humble_ws/src/VNAV_23/vnav_ws/install/mav_planning_msgs/include/mav_planning_msgs/mav_planning_msgs/msg/detail/polynomial_trajectory4_d__struct.hpp\n'}
[1.530561] (mav_planning_msgs) StdoutLine: {'line': b'-- Up-to-date: /home/aimane/humble_ws/src/VNAV_23/vnav_ws/install/mav_planning_msgs/include/mav_planning_msgs/mav_planning_msgs/msg/detail/polygon2_d__traits.hpp\n'}
[1.530672] (mav_planning_msgs) StdoutLine: {'line': b'-- Up-to-date: /home/aimane/humble_ws/src/VNAV_23/vnav_ws/install/mav_planning_msgs/include/mav_planning_msgs/mav_planning_msgs/msg/detail/polygon2_d__builder.hpp\n'}
[1.530787] (mav_planning_msgs) StdoutLine: {'line': b'-- Up-to-date: /home/aimane/humble_ws/src/VNAV_23/vnav_ws/install/mav_planning_msgs/include/mav_planning_msgs/mav_planning_msgs/msg/detail/polygon_with_holes_stamped__struct.hpp\n'}
[1.530916] (mav_planning_msgs) StdoutLine: {'line': b'-- Up-to-date: /home/aimane/humble_ws/src/VNAV_23/vnav_ws/install/mav_planning_msgs/include/mav_planning_msgs/mav_planning_msgs/msg/detail/polynomial_trajectory__type_support.hpp\n'}
[1.531030] (mav_planning_msgs) StdoutLine: {'line': b'-- Up-to-date: /home/aimane/humble_ws/src/VNAV_23/vnav_ws/install/mav_planning_msgs/include/mav_planning_msgs/mav_planning_msgs/msg/detail/polynomial_trajectory__struct.hpp\n'}
[1.531143] (mav_planning_msgs) StdoutLine: {'line': b'-- Up-to-date: /home/aimane/humble_ws/src/VNAV_23/vnav_ws/install/mav_planning_msgs/include/mav_planning_msgs/mav_planning_msgs/msg/detail/polygon_with_holes__traits.hpp\n'}
[1.531256] (mav_planning_msgs) StdoutLine: {'line': b'-- Up-to-date: /home/aimane/humble_ws/src/VNAV_23/vnav_ws/install/mav_planning_msgs/include/mav_planning_msgs/mav_planning_msgs/msg/detail/polynomial_segment__builder.hpp\n'}
[1.531369] (mav_planning_msgs) StdoutLine: {'line': b'-- Up-to-date: /home/aimane/humble_ws/src/VNAV_23/vnav_ws/install/mav_planning_msgs/include/mav_planning_msgs/mav_planning_msgs/msg/detail/polygon2_d__type_support.hpp\n'}
[1.531656] (mav_planning_msgs) StdoutLine: {'line': b'-- Up-to-date: /home/aimane/humble_ws/src/VNAV_23/vnav_ws/install/mav_planning_msgs/include/mav_planning_msgs/mav_planning_msgs/msg/detail/point_cloud_with_pose__type_support.hpp\n'}
[1.531770] (mav_planning_msgs) StdoutLine: {'line': b'-- Up-to-date: /home/aimane/humble_ws/src/VNAV_23/vnav_ws/install/mav_planning_msgs/include/mav_planning_msgs/mav_planning_msgs/msg/detail/point_cloud_with_pose__struct.hpp\n'}
[1.531898] (mav_planning_msgs) StdoutLine: {'line': b'-- Up-to-date: /home/aimane/humble_ws/src/VNAV_23/vnav_ws/install/mav_planning_msgs/include/mav_planning_msgs/mav_planning_msgs/msg/detail/polygon_with_holes__type_support.hpp\n'}
[1.532015] (mav_planning_msgs) StdoutLine: {'line': b'-- Up-to-date: /home/aimane/humble_ws/src/VNAV_23/vnav_ws/install/mav_planning_msgs/include/mav_planning_msgs/mav_planning_msgs/msg/detail/polynomial_trajectory__builder.hpp\n'}
[1.532131] (mav_planning_msgs) StdoutLine: {'line': b'-- Up-to-date: /home/aimane/humble_ws/src/VNAV_23/vnav_ws/install/mav_planning_msgs/include/mav_planning_msgs/mav_planning_msgs/msg/detail/point_cloud_with_pose__traits.hpp\n'}
[1.532272] (mav_planning_msgs) StdoutLine: {'line': b'-- Up-to-date: /home/aimane/humble_ws/src/VNAV_23/vnav_ws/install/mav_planning_msgs/include/mav_planning_msgs/mav_planning_msgs/msg/detail/polynomial_trajectory4_d__type_support.hpp\n'}
[1.532389] (mav_planning_msgs) StdoutLine: {'line': b'-- Up-to-date: /home/aimane/humble_ws/src/VNAV_23/vnav_ws/install/mav_planning_msgs/include/mav_planning_msgs/mav_planning_msgs/msg/detail/polygon2_d__struct.hpp\n'}
[1.532584] (mav_planning_msgs) StdoutLine: {'line': b'-- Up-to-date: /home/aimane/humble_ws/src/VNAV_23/vnav_ws/install/mav_planning_msgs/include/mav_planning_msgs/mav_planning_msgs/msg/detail/polygon_with_holes__struct.hpp\n'}
[1.532720] (mav_planning_msgs) StdoutLine: {'line': b'-- Up-to-date: /home/aimane/humble_ws/src/VNAV_23/vnav_ws/install/mav_planning_msgs/include/mav_planning_msgs/mav_planning_msgs/msg/detail/polynomial_trajectory4_d__traits.hpp\n'}
[1.532829] (mav_planning_msgs) StdoutLine: {'line': b'-- Up-to-date: /home/aimane/humble_ws/src/VNAV_23/vnav_ws/install/mav_planning_msgs/include/mav_planning_msgs/mav_planning_msgs/msg/detail/point2_d__builder.hpp\n'}
[1.532997] (mav_planning_msgs) StdoutLine: {'line': b'-- Up-to-date: /home/aimane/humble_ws/src/VNAV_23/vnav_ws/install/mav_planning_msgs/include/mav_planning_msgs/mav_planning_msgs/msg/detail/polygon_with_holes_stamped__traits.hpp\n'}
[1.533096] (mav_planning_msgs) StdoutLine: {'line': b'-- Up-to-date: /home/aimane/humble_ws/src/VNAV_23/vnav_ws/install/mav_planning_msgs/include/mav_planning_msgs/mav_planning_msgs/msg/detail/point2_d__type_support.hpp\n'}
[1.533192] (mav_planning_msgs) StdoutLine: {'line': b'-- Up-to-date: /home/aimane/humble_ws/src/VNAV_23/vnav_ws/install/mav_planning_msgs/include/mav_planning_msgs/mav_planning_msgs/msg/detail/point2_d__struct.hpp\n'}
[1.533289] (mav_planning_msgs) StdoutLine: {'line': b'-- Up-to-date: /home/aimane/humble_ws/src/VNAV_23/vnav_ws/install/mav_planning_msgs/include/mav_planning_msgs/mav_planning_msgs/msg/detail/polygon_with_holes__builder.hpp\n'}
[1.533384] (mav_planning_msgs) StdoutLine: {'line': b'-- Up-to-date: /home/aimane/humble_ws/src/VNAV_23/vnav_ws/install/mav_planning_msgs/include/mav_planning_msgs/mav_planning_msgs/msg/detail/polynomial_segment__struct.hpp\n'}
[1.533480] (mav_planning_msgs) StdoutLine: {'line': b'-- Up-to-date: /home/aimane/humble_ws/src/VNAV_23/vnav_ws/install/mav_planning_msgs/include/mav_planning_msgs/mav_planning_msgs/msg/detail/polynomial_trajectory4_d__builder.hpp\n'}
[1.533578] (mav_planning_msgs) StdoutLine: {'line': b'-- Up-to-date: /home/aimane/humble_ws/src/VNAV_23/vnav_ws/install/mav_planning_msgs/include/mav_planning_msgs/mav_planning_msgs/msg/detail/polynomial_segment4_d__type_support.hpp\n'}
[1.533675] (mav_planning_msgs) StdoutLine: {'line': b'-- Up-to-date: /home/aimane/humble_ws/src/VNAV_23/vnav_ws/install/mav_planning_msgs/include/mav_planning_msgs/mav_planning_msgs/msg/detail/polynomial_segment__type_support.hpp\n'}
[1.533771] (mav_planning_msgs) StdoutLine: {'line': b'-- Up-to-date: /home/aimane/humble_ws/src/VNAV_23/vnav_ws/install/mav_planning_msgs/include/mav_planning_msgs/mav_planning_msgs/msg/detail/point2_d__traits.hpp\n'}
[1.533886] (mav_planning_msgs) StdoutLine: {'line': b'-- Up-to-date: /home/aimane/humble_ws/src/VNAV_23/vnav_ws/install/mav_planning_msgs/include/mav_planning_msgs/mav_planning_msgs/msg/detail/polygon_with_holes_stamped__builder.hpp\n'}
[1.533989] (mav_planning_msgs) StdoutLine: {'line': b'-- Up-to-date: /home/aimane/humble_ws/src/VNAV_23/vnav_ws/install/mav_planning_msgs/include/mav_planning_msgs/mav_planning_msgs/msg/detail/polygon_with_holes_stamped__type_support.hpp\n'}
[1.534086] (mav_planning_msgs) StdoutLine: {'line': b'-- Up-to-date: /home/aimane/humble_ws/src/VNAV_23/vnav_ws/install/mav_planning_msgs/include/mav_planning_msgs/mav_planning_msgs/msg/detail/polynomial_segment4_d__builder.hpp\n'}
[1.534182] (mav_planning_msgs) StdoutLine: {'line': b'-- Up-to-date: /home/aimane/humble_ws/src/VNAV_23/vnav_ws/install/mav_planning_msgs/include/mav_planning_msgs/mav_planning_msgs/msg/detail/point_cloud_with_pose__builder.hpp\n'}
[1.534279] (mav_planning_msgs) StdoutLine: {'line': b'-- Up-to-date: /home/aimane/humble_ws/src/VNAV_23/vnav_ws/install/mav_planning_msgs/include/mav_planning_msgs/mav_planning_msgs/msg/polynomial_segment4_d.hpp\n'}
[1.534388] (mav_planning_msgs) StdoutLine: {'line': b'-- Up-to-date: /home/aimane/humble_ws/src/VNAV_23/vnav_ws/install/mav_planning_msgs/include/mav_planning_msgs/mav_planning_msgs/msg/polynomial_segment.hpp\n'}
[1.534490] (mav_planning_msgs) StdoutLine: {'line': b'-- Up-to-date: /home/aimane/humble_ws/src/VNAV_23/vnav_ws/install/mav_planning_msgs/include/mav_planning_msgs/mav_planning_msgs/msg/polygon2_d.hpp\n'}
[1.534586] (mav_planning_msgs) StdoutLine: {'line': b'-- Up-to-date: /home/aimane/humble_ws/src/VNAV_23/vnav_ws/install/mav_planning_msgs/include/mav_planning_msgs/mav_planning_msgs/msg/point_cloud_with_pose.hpp\n'}
[1.534683] (mav_planning_msgs) StdoutLine: {'line': b'-- Up-to-date: /home/aimane/humble_ws/src/VNAV_23/vnav_ws/install/mav_planning_msgs/include/mav_planning_msgs/mav_planning_msgs/msg/polynomial_trajectory4_d.hpp\n'}
[1.534782] (mav_planning_msgs) StdoutLine: {'line': b'-- Up-to-date: /home/aimane/humble_ws/src/VNAV_23/vnav_ws/install/mav_planning_msgs/include/mav_planning_msgs/mav_planning_msgs/msg/polygon_with_holes_stamped.hpp\n'}
[1.534882] (mav_planning_msgs) StdoutLine: {'line': b'-- Up-to-date: /home/aimane/humble_ws/src/VNAV_23/vnav_ws/install/mav_planning_msgs/include/mav_planning_msgs/mav_planning_msgs/msg/polygon_with_holes.hpp\n'}
[1.534946] (mav_planning_msgs) StdoutLine: {'line': b'-- Up-to-date: /home/aimane/humble_ws/src/VNAV_23/vnav_ws/install/mav_planning_msgs/include/mav_planning_msgs/mav_planning_msgs/msg/rosidl_generator_cpp__visibility_control.hpp\n'}
[1.535003] (mav_planning_msgs) StdoutLine: {'line': b'-- Up-to-date: /home/aimane/humble_ws/src/VNAV_23/vnav_ws/install/mav_planning_msgs/include/mav_planning_msgs/mav_planning_msgs/srv\n'}
[1.535060] (mav_planning_msgs) StdoutLine: {'line': b'-- Up-to-date: /home/aimane/humble_ws/src/VNAV_23/vnav_ws/install/mav_planning_msgs/include/mav_planning_msgs/mav_planning_msgs/srv/detail\n'}
[1.535115] (mav_planning_msgs) StdoutLine: {'line': b'-- Up-to-date: /home/aimane/humble_ws/src/VNAV_23/vnav_ws/install/mav_planning_msgs/include/mav_planning_msgs/mav_planning_msgs/srv/detail/planner_service__type_support.hpp\n'}
[1.535171] (mav_planning_msgs) StdoutLine: {'line': b'-- Up-to-date: /home/aimane/humble_ws/src/VNAV_23/vnav_ws/install/mav_planning_msgs/include/mav_planning_msgs/mav_planning_msgs/srv/detail/change_name_service__struct.hpp\n'}
[1.535227] (mav_planning_msgs) StdoutLine: {'line': b'-- Up-to-date: /home/aimane/humble_ws/src/VNAV_23/vnav_ws/install/mav_planning_msgs/include/mav_planning_msgs/mav_planning_msgs/srv/detail/planner_service__traits.hpp\n'}
[1.535283] (mav_planning_msgs) StdoutLine: {'line': b'-- Up-to-date: /home/aimane/humble_ws/src/VNAV_23/vnav_ws/install/mav_planning_msgs/include/mav_planning_msgs/mav_planning_msgs/srv/detail/polygon_service__struct.hpp\n'}
[1.535337] (mav_planning_msgs) StdoutLine: {'line': b'-- Up-to-date: /home/aimane/humble_ws/src/VNAV_23/vnav_ws/install/mav_planning_msgs/include/mav_planning_msgs/mav_planning_msgs/srv/detail/polygon_service__traits.hpp\n'}
[1.535392] (mav_planning_msgs) StdoutLine: {'line': b'-- Up-to-date: /home/aimane/humble_ws/src/VNAV_23/vnav_ws/install/mav_planning_msgs/include/mav_planning_msgs/mav_planning_msgs/srv/detail/change_name_service__builder.hpp\n'}
[1.535447] (mav_planning_msgs) StdoutLine: {'line': b'-- Up-to-date: /home/aimane/humble_ws/src/VNAV_23/vnav_ws/install/mav_planning_msgs/include/mav_planning_msgs/mav_planning_msgs/srv/detail/planner_service__struct.hpp\n'}
[1.535504] (mav_planning_msgs) StdoutLine: {'line': b'-- Up-to-date: /home/aimane/humble_ws/src/VNAV_23/vnav_ws/install/mav_planning_msgs/include/mav_planning_msgs/mav_planning_msgs/srv/detail/change_name_service__traits.hpp\n'}
[1.535560] (mav_planning_msgs) StdoutLine: {'line': b'-- Up-to-date: /home/aimane/humble_ws/src/VNAV_23/vnav_ws/install/mav_planning_msgs/include/mav_planning_msgs/mav_planning_msgs/srv/detail/change_name_service__type_support.hpp\n'}
[1.535615] (mav_planning_msgs) StdoutLine: {'line': b'-- Up-to-date: /home/aimane/humble_ws/src/VNAV_23/vnav_ws/install/mav_planning_msgs/include/mav_planning_msgs/mav_planning_msgs/srv/detail/polygon_service__builder.hpp\n'}
[1.535671] (mav_planning_msgs) StdoutLine: {'line': b'-- Up-to-date: /home/aimane/humble_ws/src/VNAV_23/vnav_ws/install/mav_planning_msgs/include/mav_planning_msgs/mav_planning_msgs/srv/detail/polygon_service__type_support.hpp\n'}
[1.535733] (mav_planning_msgs) StdoutLine: {'line': b'-- Up-to-date: /home/aimane/humble_ws/src/VNAV_23/vnav_ws/install/mav_planning_msgs/include/mav_planning_msgs/mav_planning_msgs/srv/detail/planner_service__builder.hpp\n'}
[1.535788] (mav_planning_msgs) StdoutLine: {'line': b'-- Up-to-date: /home/aimane/humble_ws/src/VNAV_23/vnav_ws/install/mav_planning_msgs/include/mav_planning_msgs/mav_planning_msgs/srv/change_name_service.hpp\n'}
[1.535854] (mav_planning_msgs) StdoutLine: {'line': b'-- Up-to-date: /home/aimane/humble_ws/src/VNAV_23/vnav_ws/install/mav_planning_msgs/include/mav_planning_msgs/mav_planning_msgs/srv/polygon_service.hpp\n'}
[1.535921] (mav_planning_msgs) StdoutLine: {'line': b'-- Up-to-date: /home/aimane/humble_ws/src/VNAV_23/vnav_ws/install/mav_planning_msgs/include/mav_planning_msgs/mav_planning_msgs/srv/planner_service.hpp\n'}
[1.535978] (mav_planning_msgs) StdoutLine: {'line': b'-- Up-to-date: /home/aimane/humble_ws/src/VNAV_23/vnav_ws/install/mav_planning_msgs/include/mav_planning_msgs/mav_planning_msgs\n'}
[1.536034] (mav_planning_msgs) StdoutLine: {'line': b'-- Up-to-date: /home/aimane/humble_ws/src/VNAV_23/vnav_ws/install/mav_planning_msgs/include/mav_planning_msgs/mav_planning_msgs/msg\n'}
[1.536109] (mav_planning_msgs) StdoutLine: {'line': b'-- Up-to-date: /home/aimane/humble_ws/src/VNAV_23/vnav_ws/install/mav_planning_msgs/include/mav_planning_msgs/mav_planning_msgs/msg/detail\n'}
[1.536178] (mav_planning_msgs) StdoutLine: {'line': b'-- Up-to-date: /home/aimane/humble_ws/src/VNAV_23/vnav_ws/install/mav_planning_msgs/include/mav_planning_msgs/mav_planning_msgs/msg/detail/polygon_with_holes_stamped__rosidl_typesupport_fastrtps_cpp.hpp\n'}
[1.536239] (mav_planning_msgs) StdoutLine: {'line': b'-- Up-to-date: /home/aimane/humble_ws/src/VNAV_23/vnav_ws/install/mav_planning_msgs/include/mav_planning_msgs/mav_planning_msgs/msg/detail/polygon2_d__rosidl_typesupport_fastrtps_cpp.hpp\n'}
[1.536296] (mav_planning_msgs) StdoutLine: {'line': b'-- Up-to-date: /home/aimane/humble_ws/src/VNAV_23/vnav_ws/install/mav_planning_msgs/include/mav_planning_msgs/mav_planning_msgs/msg/detail/dds_fastrtps\n'}
[1.536351] (mav_planning_msgs) StdoutLine: {'line': b'-- Up-to-date: /home/aimane/humble_ws/src/VNAV_23/vnav_ws/install/mav_planning_msgs/include/mav_planning_msgs/mav_planning_msgs/msg/detail/polynomial_trajectory4_d__rosidl_typesupport_fastrtps_cpp.hpp\n'}
[1.536406] (mav_planning_msgs) StdoutLine: {'line': b'-- Up-to-date: /home/aimane/humble_ws/src/VNAV_23/vnav_ws/install/mav_planning_msgs/include/mav_planning_msgs/mav_planning_msgs/msg/detail/point_cloud_with_pose__rosidl_typesupport_fastrtps_cpp.hpp\n'}
[1.536461] (mav_planning_msgs) StdoutLine: {'line': b'-- Up-to-date: /home/aimane/humble_ws/src/VNAV_23/vnav_ws/install/mav_planning_msgs/include/mav_planning_msgs/mav_planning_msgs/msg/detail/polynomial_segment4_d__rosidl_typesupport_fastrtps_cpp.hpp\n'}
[1.536515] (mav_planning_msgs) StdoutLine: {'line': b'-- Up-to-date: /home/aimane/humble_ws/src/VNAV_23/vnav_ws/install/mav_planning_msgs/include/mav_planning_msgs/mav_planning_msgs/msg/detail/polynomial_segment__rosidl_typesupport_fastrtps_cpp.hpp\n'}
[1.536569] (mav_planning_msgs) StdoutLine: {'line': b'-- Up-to-date: /home/aimane/humble_ws/src/VNAV_23/vnav_ws/install/mav_planning_msgs/include/mav_planning_msgs/mav_planning_msgs/msg/detail/polygon_with_holes__rosidl_typesupport_fastrtps_cpp.hpp\n'}
[1.536623] (mav_planning_msgs) StdoutLine: {'line': b'-- Up-to-date: /home/aimane/humble_ws/src/VNAV_23/vnav_ws/install/mav_planning_msgs/include/mav_planning_msgs/mav_planning_msgs/msg/detail/polynomial_trajectory__rosidl_typesupport_fastrtps_cpp.hpp\n'}
[1.536678] (mav_planning_msgs) StdoutLine: {'line': b'-- Up-to-date: /home/aimane/humble_ws/src/VNAV_23/vnav_ws/install/mav_planning_msgs/include/mav_planning_msgs/mav_planning_msgs/msg/detail/point2_d__rosidl_typesupport_fastrtps_cpp.hpp\n'}
[1.536738] (mav_planning_msgs) StdoutLine: {'line': b'-- Up-to-date: /home/aimane/humble_ws/src/VNAV_23/vnav_ws/install/mav_planning_msgs/include/mav_planning_msgs/mav_planning_msgs/msg/rosidl_typesupport_fastrtps_cpp__visibility_control.h\n'}
[1.536796] (mav_planning_msgs) StdoutLine: {'line': b'-- Up-to-date: /home/aimane/humble_ws/src/VNAV_23/vnav_ws/install/mav_planning_msgs/include/mav_planning_msgs/mav_planning_msgs/srv\n'}
[1.536866] (mav_planning_msgs) StdoutLine: {'line': b'-- Up-to-date: /home/aimane/humble_ws/src/VNAV_23/vnav_ws/install/mav_planning_msgs/include/mav_planning_msgs/mav_planning_msgs/srv/detail\n'}
[1.536929] (mav_planning_msgs) StdoutLine: {'line': b'-- Up-to-date: /home/aimane/humble_ws/src/VNAV_23/vnav_ws/install/mav_planning_msgs/include/mav_planning_msgs/mav_planning_msgs/srv/detail/dds_fastrtps\n'}
[1.536985] (mav_planning_msgs) StdoutLine: {'line': b'-- Up-to-date: /home/aimane/humble_ws/src/VNAV_23/vnav_ws/install/mav_planning_msgs/include/mav_planning_msgs/mav_planning_msgs/srv/detail/planner_service__rosidl_typesupport_fastrtps_cpp.hpp\n'}
[1.537041] (mav_planning_msgs) StdoutLine: {'line': b'-- Up-to-date: /home/aimane/humble_ws/src/VNAV_23/vnav_ws/install/mav_planning_msgs/include/mav_planning_msgs/mav_planning_msgs/srv/detail/polygon_service__rosidl_typesupport_fastrtps_cpp.hpp\n'}
[1.537097] (mav_planning_msgs) StdoutLine: {'line': b'-- Up-to-date: /home/aimane/humble_ws/src/VNAV_23/vnav_ws/install/mav_planning_msgs/include/mav_planning_msgs/mav_planning_msgs/srv/detail/change_name_service__rosidl_typesupport_fastrtps_cpp.hpp\n'}
[1.537153] (mav_planning_msgs) StdoutLine: {'line': b'-- Up-to-date: /home/aimane/humble_ws/src/VNAV_23/vnav_ws/install/mav_planning_msgs/lib/libmav_planning_msgs__rosidl_typesupport_fastrtps_cpp.so\n'}
[1.537211] (tesse) JobEnded: {'identifier': 'tesse', 'rc': 0}
[1.537600] (mav_planning_msgs) StdoutLine: {'line': b'-- Up-to-date: /home/aimane/humble_ws/src/VNAV_23/vnav_ws/install/mav_planning_msgs/include/mav_planning_msgs/mav_planning_msgs\n'}
[1.537691] (mav_planning_msgs) StdoutLine: {'line': b'-- Up-to-date: /home/aimane/humble_ws/src/VNAV_23/vnav_ws/install/mav_planning_msgs/include/mav_planning_msgs/mav_planning_msgs/msg\n'}
[1.537754] (mav_planning_msgs) StdoutLine: {'line': b'-- Up-to-date: /home/aimane/humble_ws/src/VNAV_23/vnav_ws/install/mav_planning_msgs/include/mav_planning_msgs/mav_planning_msgs/msg/detail\n'}
[1.537853] (mav_planning_msgs) StdoutLine: {'line': b'-- Up-to-date: /home/aimane/humble_ws/src/VNAV_23/vnav_ws/install/mav_planning_msgs/include/mav_planning_msgs/mav_planning_msgs/msg/detail/polynomial_trajectory__type_support.cpp\n'}
[1.537956] (mav_planning_msgs) StdoutLine: {'line': b'-- Up-to-date: /home/aimane/humble_ws/src/VNAV_23/vnav_ws/install/mav_planning_msgs/include/mav_planning_msgs/mav_planning_msgs/msg/detail/point2_d__type_support.cpp\n'}
[1.538071] (mav_planning_msgs) StdoutLine: {'line': b'-- Up-to-date: /home/aimane/humble_ws/src/VNAV_23/vnav_ws/install/mav_planning_msgs/include/mav_planning_msgs/mav_planning_msgs/msg/detail/polynomial_trajectory4_d__rosidl_typesupport_introspection_cpp.hpp\n'}
[1.538170] (mav_planning_msgs) StdoutLine: {'line': b'-- Up-to-date: /home/aimane/humble_ws/src/VNAV_23/vnav_ws/install/mav_planning_msgs/include/mav_planning_msgs/mav_planning_msgs/msg/detail/polygon_with_holes_stamped__rosidl_typesupport_introspection_cpp.hpp\n'}
[1.538267] (mav_planning_msgs) StdoutLine: {'line': b'-- Up-to-date: /home/aimane/humble_ws/src/VNAV_23/vnav_ws/install/mav_planning_msgs/include/mav_planning_msgs/mav_planning_msgs/msg/detail/polygon_with_holes__type_support.cpp\n'}
[1.538363] (mav_planning_msgs) StdoutLine: {'line': b'-- Up-to-date: /home/aimane/humble_ws/src/VNAV_23/vnav_ws/install/mav_planning_msgs/include/mav_planning_msgs/mav_planning_msgs/msg/detail/polynomial_segment__type_support.cpp\n'}
[1.538458] (mav_planning_msgs) StdoutLine: {'line': b'-- Up-to-date: /home/aimane/humble_ws/src/VNAV_23/vnav_ws/install/mav_planning_msgs/include/mav_planning_msgs/mav_planning_msgs/msg/detail/polynomial_trajectory4_d__type_support.cpp\n'}
[1.538560] (mav_planning_msgs) StdoutLine: {'line': b'-- Up-to-date: /home/aimane/humble_ws/src/VNAV_23/vnav_ws/install/mav_planning_msgs/include/mav_planning_msgs/mav_planning_msgs/msg/detail/polynomial_segment4_d__rosidl_typesupport_introspection_cpp.hpp\n'}
[1.538657] (mav_planning_msgs) StdoutLine: {'line': b'-- Up-to-date: /home/aimane/humble_ws/src/VNAV_23/vnav_ws/install/mav_planning_msgs/include/mav_planning_msgs/mav_planning_msgs/msg/detail/point_cloud_with_pose__rosidl_typesupport_introspection_cpp.hpp\n'}
[1.538753] (mav_planning_msgs) StdoutLine: {'line': b'-- Up-to-date: /home/aimane/humble_ws/src/VNAV_23/vnav_ws/install/mav_planning_msgs/include/mav_planning_msgs/mav_planning_msgs/msg/detail/point_cloud_with_pose__type_support.cpp\n'}
[1.538863] (mav_planning_msgs) StdoutLine: {'line': b'-- Up-to-date: /home/aimane/humble_ws/src/VNAV_23/vnav_ws/install/mav_planning_msgs/include/mav_planning_msgs/mav_planning_msgs/msg/detail/polygon2_d__type_support.cpp\n'}
[1.538982] (mav_planning_msgs) StdoutLine: {'line': b'-- Up-to-date: /home/aimane/humble_ws/src/VNAV_23/vnav_ws/install/mav_planning_msgs/include/mav_planning_msgs/mav_planning_msgs/msg/detail/polynomial_trajectory__rosidl_typesupport_introspection_cpp.hpp\n'}
[1.539092] (mav_planning_msgs) StdoutLine: {'line': b'-- Up-to-date: /home/aimane/humble_ws/src/VNAV_23/vnav_ws/install/mav_planning_msgs/include/mav_planning_msgs/mav_planning_msgs/msg/detail/polygon_with_holes__rosidl_typesupport_introspection_cpp.hpp\n'}
[1.539185] (mav_planning_msgs) StdoutLine: {'line': b'-- Up-to-date: /home/aimane/humble_ws/src/VNAV_23/vnav_ws/install/mav_planning_msgs/include/mav_planning_msgs/mav_planning_msgs/msg/detail/polynomial_segment4_d__type_support.cpp\n'}
[1.539297] (mav_planning_msgs) StdoutLine: {'line': b'-- Up-to-date: /home/aimane/humble_ws/src/VNAV_23/vnav_ws/install/mav_planning_msgs/include/mav_planning_msgs/mav_planning_msgs/msg/detail/polygon2_d__rosidl_typesupport_introspection_cpp.hpp\n'}
[1.539399] (mav_planning_msgs) StdoutLine: {'line': b'-- Up-to-date: /home/aimane/humble_ws/src/VNAV_23/vnav_ws/install/mav_planning_msgs/include/mav_planning_msgs/mav_planning_msgs/msg/detail/point2_d__rosidl_typesupport_introspection_cpp.hpp\n'}
[1.539511] (mav_planning_msgs) StdoutLine: {'line': b'-- Up-to-date: /home/aimane/humble_ws/src/VNAV_23/vnav_ws/install/mav_planning_msgs/include/mav_planning_msgs/mav_planning_msgs/msg/detail/polynomial_segment__rosidl_typesupport_introspection_cpp.hpp\n'}
[1.539618] (mav_planning_msgs) StdoutLine: {'line': b'-- Up-to-date: /home/aimane/humble_ws/src/VNAV_23/vnav_ws/install/mav_planning_msgs/include/mav_planning_msgs/mav_planning_msgs/msg/detail/polygon_with_holes_stamped__type_support.cpp\n'}
[1.539720] (mav_planning_msgs) StdoutLine: {'line': b'-- Up-to-date: /home/aimane/humble_ws/src/VNAV_23/vnav_ws/install/mav_planning_msgs/include/mav_planning_msgs/mav_planning_msgs/srv\n'}
[1.539821] (mav_planning_msgs) StdoutLine: {'line': b'-- Up-to-date: /home/aimane/humble_ws/src/VNAV_23/vnav_ws/install/mav_planning_msgs/include/mav_planning_msgs/mav_planning_msgs/srv/detail\n'}
[1.539946] (mav_planning_msgs) StdoutLine: {'line': b'-- Up-to-date: /home/aimane/humble_ws/src/VNAV_23/vnav_ws/install/mav_planning_msgs/include/mav_planning_msgs/mav_planning_msgs/srv/detail/planner_service__type_support.cpp\n'}
[1.540081] (mav_planning_msgs) StdoutLine: {'line': b'-- Up-to-date: /home/aimane/humble_ws/src/VNAV_23/vnav_ws/install/mav_planning_msgs/include/mav_planning_msgs/mav_planning_msgs/srv/detail/polygon_service__type_support.cpp\n'}
[1.540190] (mav_planning_msgs) StdoutLine: {'line': b'-- Up-to-date: /home/aimane/humble_ws/src/VNAV_23/vnav_ws/install/mav_planning_msgs/include/mav_planning_msgs/mav_planning_msgs/srv/detail/change_name_service__rosidl_typesupport_introspection_cpp.hpp\n'}
[1.540335] (mav_planning_msgs) StdoutLine: {'line': b'-- Up-to-date: /home/aimane/humble_ws/src/VNAV_23/vnav_ws/install/mav_planning_msgs/include/mav_planning_msgs/mav_planning_msgs/srv/detail/polygon_service__rosidl_typesupport_introspection_cpp.hpp\n'}
[1.540635] (mav_planning_msgs) StdoutLine: {'line': b'-- Up-to-date: /home/aimane/humble_ws/src/VNAV_23/vnav_ws/install/mav_planning_msgs/include/mav_planning_msgs/mav_planning_msgs/srv/detail/change_name_service__type_support.cpp\n'}
[1.540798] (mav_planning_msgs) StdoutLine: {'line': b'-- Up-to-date: /home/aimane/humble_ws/src/VNAV_23/vnav_ws/install/mav_planning_msgs/include/mav_planning_msgs/mav_planning_msgs/srv/detail/planner_service__rosidl_typesupport_introspection_cpp.hpp\n'}
[1.540990] (mav_planning_msgs) StdoutLine: {'line': b'-- Up-to-date: /home/aimane/humble_ws/src/VNAV_23/vnav_ws/install/mav_planning_msgs/lib/libmav_planning_msgs__rosidl_typesupport_introspection_cpp.so\n'}
[1.541131] (mav_planning_msgs) StdoutLine: {'line': b'-- Up-to-date: /home/aimane/humble_ws/src/VNAV_23/vnav_ws/install/mav_planning_msgs/lib/libmav_planning_msgs__rosidl_typesupport_cpp.so\n'}
[1.541272] (mav_planning_msgs) StdoutLine: {'line': b'-- Up-to-date: /home/aimane/humble_ws/src/VNAV_23/vnav_ws/install/mav_planning_msgs/share/mav_planning_msgs/environment/pythonpath.sh\n'}
[1.541408] (mav_planning_msgs) StdoutLine: {'line': b'-- Up-to-date: /home/aimane/humble_ws/src/VNAV_23/vnav_ws/install/mav_planning_msgs/share/mav_planning_msgs/environment/pythonpath.dsv\n'}
[1.541518] (mav_planning_msgs) StdoutLine: {'line': b'-- Up-to-date: /home/aimane/humble_ws/src/VNAV_23/vnav_ws/install/mav_planning_msgs/local/lib/python3.10/dist-packages/mav_planning_msgs-3.3.3-py3.10.egg-info\n'}
[1.541628] (mav_planning_msgs) StdoutLine: {'line': b'-- Installing: /home/aimane/humble_ws/src/VNAV_23/vnav_ws/install/mav_planning_msgs/local/lib/python3.10/dist-packages/mav_planning_msgs-3.3.3-py3.10.egg-info/SOURCES.txt\n'}
[1.541737] (mav_planning_msgs) StdoutLine: {'line': b'-- Installing: /home/aimane/humble_ws/src/VNAV_23/vnav_ws/install/mav_planning_msgs/local/lib/python3.10/dist-packages/mav_planning_msgs-3.3.3-py3.10.egg-info/top_level.txt\n'}
[1.541855] (mav_planning_msgs) StdoutLine: {'line': b'-- Installing: /home/aimane/humble_ws/src/VNAV_23/vnav_ws/install/mav_planning_msgs/local/lib/python3.10/dist-packages/mav_planning_msgs-3.3.3-py3.10.egg-info/PKG-INFO\n'}
[1.541989] (mav_planning_msgs) StdoutLine: {'line': b'-- Installing: /home/aimane/humble_ws/src/VNAV_23/vnav_ws/install/mav_planning_msgs/local/lib/python3.10/dist-packages/mav_planning_msgs-3.3.3-py3.10.egg-info/dependency_links.txt\n'}
[1.542086] (mav_planning_msgs) StdoutLine: {'line': b'-- Up-to-date: /home/aimane/humble_ws/src/VNAV_23/vnav_ws/install/mav_planning_msgs/local/lib/python3.10/dist-packages/mav_planning_msgs\n'}
[1.542183] (mav_planning_msgs) StdoutLine: {'line': b'-- Up-to-date: /home/aimane/humble_ws/src/VNAV_23/vnav_ws/install/mav_planning_msgs/local/lib/python3.10/dist-packages/mav_planning_msgs/mav_planning_msgs_s__rosidl_typesupport_introspection_c.cpython-310-x86_64-linux-gnu.so\n'}
[1.542281] (mav_planning_msgs) StdoutLine: {'line': b'-- Up-to-date: /home/aimane/humble_ws/src/VNAV_23/vnav_ws/install/mav_planning_msgs/local/lib/python3.10/dist-packages/mav_planning_msgs/_mav_planning_msgs_s.ep.rosidl_typesupport_fastrtps_c.c\n'}
[1.542378] (mav_planning_msgs) StdoutLine: {'line': b'-- Up-to-date: /home/aimane/humble_ws/src/VNAV_23/vnav_ws/install/mav_planning_msgs/local/lib/python3.10/dist-packages/mav_planning_msgs/msg\n'}
[1.542474] (mav_planning_msgs) StdoutLine: {'line': b'-- Up-to-date: /home/aimane/humble_ws/src/VNAV_23/vnav_ws/install/mav_planning_msgs/local/lib/python3.10/dist-packages/mav_planning_msgs/msg/_polynomial_trajectory_s.c\n'}
[1.542570] (mav_planning_msgs) StdoutLine: {'line': b'-- Up-to-date: /home/aimane/humble_ws/src/VNAV_23/vnav_ws/install/mav_planning_msgs/local/lib/python3.10/dist-packages/mav_planning_msgs/msg/_polynomial_segment4_d_s.c\n'}
[1.542667] (mav_planning_msgs) StdoutLine: {'line': b'-- Up-to-date: /home/aimane/humble_ws/src/VNAV_23/vnav_ws/install/mav_planning_msgs/local/lib/python3.10/dist-packages/mav_planning_msgs/msg/_polygon2_d.py\n'}
[1.542764] (mav_planning_msgs) StdoutLine: {'line': b'-- Up-to-date: /home/aimane/humble_ws/src/VNAV_23/vnav_ws/install/mav_planning_msgs/local/lib/python3.10/dist-packages/mav_planning_msgs/msg/_polynomial_segment.py\n'}
[1.542882] (mav_planning_msgs) StdoutLine: {'line': b'-- Up-to-date: /home/aimane/humble_ws/src/VNAV_23/vnav_ws/install/mav_planning_msgs/local/lib/python3.10/dist-packages/mav_planning_msgs/msg/_polynomial_segment4_d.py\n'}
[1.542984] (mav_planning_msgs) StdoutLine: {'line': b'-- Up-to-date: /home/aimane/humble_ws/src/VNAV_23/vnav_ws/install/mav_planning_msgs/local/lib/python3.10/dist-packages/mav_planning_msgs/msg/_polygon_with_holes_s.c\n'}
[1.543081] (mav_planning_msgs) StdoutLine: {'line': b'-- Up-to-date: /home/aimane/humble_ws/src/VNAV_23/vnav_ws/install/mav_planning_msgs/local/lib/python3.10/dist-packages/mav_planning_msgs/msg/_polynomial_trajectory4_d.py\n'}
[1.543177] (mav_planning_msgs) StdoutLine: {'line': b'-- Up-to-date: /home/aimane/humble_ws/src/VNAV_23/vnav_ws/install/mav_planning_msgs/local/lib/python3.10/dist-packages/mav_planning_msgs/msg/__init__.py\n'}
[1.543279] (mav_planning_msgs) StdoutLine: {'line': b'-- Up-to-date: /home/aimane/humble_ws/src/VNAV_23/vnav_ws/install/mav_planning_msgs/local/lib/python3.10/dist-packages/mav_planning_msgs/msg/_polygon_with_holes_stamped_s.c\n'}
[1.543375] (mav_planning_msgs) StdoutLine: {'line': b'-- Up-to-date: /home/aimane/humble_ws/src/VNAV_23/vnav_ws/install/mav_planning_msgs/local/lib/python3.10/dist-packages/mav_planning_msgs/msg/_polynomial_trajectory.py\n'}
[1.543479] (mav_planning_msgs) StdoutLine: {'line': b'-- Up-to-date: /home/aimane/humble_ws/src/VNAV_23/vnav_ws/install/mav_planning_msgs/local/lib/python3.10/dist-packages/mav_planning_msgs/msg/_polygon_with_holes.py\n'}
[1.543575] (mav_planning_msgs) StdoutLine: {'line': b'-- Up-to-date: /home/aimane/humble_ws/src/VNAV_23/vnav_ws/install/mav_planning_msgs/local/lib/python3.10/dist-packages/mav_planning_msgs/msg/_polynomial_segment_s.c\n'}
[1.543671] (mav_planning_msgs) StdoutLine: {'line': b'-- Up-to-date: /home/aimane/humble_ws/src/VNAV_23/vnav_ws/install/mav_planning_msgs/local/lib/python3.10/dist-packages/mav_planning_msgs/msg/_point2_d.py\n'}
[1.543766] (mav_planning_msgs) StdoutLine: {'line': b'-- Up-to-date: /home/aimane/humble_ws/src/VNAV_23/vnav_ws/install/mav_planning_msgs/local/lib/python3.10/dist-packages/mav_planning_msgs/msg/_polygon_with_holes_stamped.py\n'}
[1.543874] (mav_planning_msgs) StdoutLine: {'line': b'-- Up-to-date: /home/aimane/humble_ws/src/VNAV_23/vnav_ws/install/mav_planning_msgs/local/lib/python3.10/dist-packages/mav_planning_msgs/msg/_point2_d_s.c\n'}
[1.543994] (mav_planning_msgs) StdoutLine: {'line': b'-- Up-to-date: /home/aimane/humble_ws/src/VNAV_23/vnav_ws/install/mav_planning_msgs/local/lib/python3.10/dist-packages/mav_planning_msgs/msg/_polygon2_d_s.c\n'}
[1.544118] (mav_planning_msgs) StdoutLine: {'line': b'-- Up-to-date: /home/aimane/humble_ws/src/VNAV_23/vnav_ws/install/mav_planning_msgs/local/lib/python3.10/dist-packages/mav_planning_msgs/msg/_polynomial_trajectory4_d_s.c\n'}
[1.544232] (mav_planning_msgs) StdoutLine: {'line': b'-- Up-to-date: /home/aimane/humble_ws/src/VNAV_23/vnav_ws/install/mav_planning_msgs/local/lib/python3.10/dist-packages/mav_planning_msgs/msg/_point_cloud_with_pose.py\n'}
[1.544327] (mav_planning_msgs) StdoutLine: {'line': b'-- Up-to-date: /home/aimane/humble_ws/src/VNAV_23/vnav_ws/install/mav_planning_msgs/local/lib/python3.10/dist-packages/mav_planning_msgs/msg/_point_cloud_with_pose_s.c\n'}
[1.544423] (mav_planning_msgs) StdoutLine: {'line': b'-- Up-to-date: /home/aimane/humble_ws/src/VNAV_23/vnav_ws/install/mav_planning_msgs/local/lib/python3.10/dist-packages/mav_planning_msgs/mav_planning_msgs_s__rosidl_typesupport_fastrtps_c.cpython-310-x86_64-linux-gnu.so\n'}
[1.544521] (mav_planning_msgs) StdoutLine: {'line': b'-- Up-to-date: /home/aimane/humble_ws/src/VNAV_23/vnav_ws/install/mav_planning_msgs/local/lib/python3.10/dist-packages/mav_planning_msgs/__init__.py\n'}
[1.544616] (mav_planning_msgs) StdoutLine: {'line': b'-- Up-to-date: /home/aimane/humble_ws/src/VNAV_23/vnav_ws/install/mav_planning_msgs/local/lib/python3.10/dist-packages/mav_planning_msgs/_mav_planning_msgs_s.ep.rosidl_typesupport_c.c\n'}
[1.544719] (mav_planning_msgs) StdoutLine: {'line': b'-- Up-to-date: /home/aimane/humble_ws/src/VNAV_23/vnav_ws/install/mav_planning_msgs/local/lib/python3.10/dist-packages/mav_planning_msgs/mav_planning_msgs_s__rosidl_typesupport_c.cpython-310-x86_64-linux-gnu.so\n'}
[1.544815] (mav_planning_msgs) StdoutLine: {'line': b'-- Up-to-date: /home/aimane/humble_ws/src/VNAV_23/vnav_ws/install/mav_planning_msgs/local/lib/python3.10/dist-packages/mav_planning_msgs/srv\n'}
[1.544925] (mav_planning_msgs) StdoutLine: {'line': b'-- Up-to-date: /home/aimane/humble_ws/src/VNAV_23/vnav_ws/install/mav_planning_msgs/local/lib/python3.10/dist-packages/mav_planning_msgs/srv/_change_name_service_s.c\n'}
[1.545023] (mav_planning_msgs) StdoutLine: {'line': b'-- Up-to-date: /home/aimane/humble_ws/src/VNAV_23/vnav_ws/install/mav_planning_msgs/local/lib/python3.10/dist-packages/mav_planning_msgs/srv/_planner_service.py\n'}
[1.545119] (mav_planning_msgs) StdoutLine: {'line': b'-- Up-to-date: /home/aimane/humble_ws/src/VNAV_23/vnav_ws/install/mav_planning_msgs/local/lib/python3.10/dist-packages/mav_planning_msgs/srv/_polygon_service.py\n'}
[1.545215] (mav_planning_msgs) StdoutLine: {'line': b'-- Up-to-date: /home/aimane/humble_ws/src/VNAV_23/vnav_ws/install/mav_planning_msgs/local/lib/python3.10/dist-packages/mav_planning_msgs/srv/__init__.py\n'}
[1.545311] (mav_planning_msgs) StdoutLine: {'line': b'-- Up-to-date: /home/aimane/humble_ws/src/VNAV_23/vnav_ws/install/mav_planning_msgs/local/lib/python3.10/dist-packages/mav_planning_msgs/srv/_polygon_service_s.c\n'}
[1.545407] (mav_planning_msgs) StdoutLine: {'line': b'-- Up-to-date: /home/aimane/humble_ws/src/VNAV_23/vnav_ws/install/mav_planning_msgs/local/lib/python3.10/dist-packages/mav_planning_msgs/srv/_planner_service_s.c\n'}
[1.545502] (mav_planning_msgs) StdoutLine: {'line': b'-- Up-to-date: /home/aimane/humble_ws/src/VNAV_23/vnav_ws/install/mav_planning_msgs/local/lib/python3.10/dist-packages/mav_planning_msgs/srv/_change_name_service.py\n'}
[1.545605] (mav_planning_msgs) StdoutLine: {'line': b'-- Up-to-date: /home/aimane/humble_ws/src/VNAV_23/vnav_ws/install/mav_planning_msgs/local/lib/python3.10/dist-packages/mav_planning_msgs/libmav_planning_msgs__rosidl_generator_py.so\n'}
[1.545703] (mav_planning_msgs) StdoutLine: {'line': b'-- Up-to-date: /home/aimane/humble_ws/src/VNAV_23/vnav_ws/install/mav_planning_msgs/local/lib/python3.10/dist-packages/mav_planning_msgs/_mav_planning_msgs_s.ep.rosidl_typesupport_introspection_c.c\n'}
[1.571503] (mav_planning_msgs) StdoutLine: {'line': b"Listing '/home/aimane/humble_ws/src/VNAV_23/vnav_ws/install/mav_planning_msgs/local/lib/python3.10/dist-packages/mav_planning_msgs'...\n"}
[1.571674] (mav_planning_msgs) StdoutLine: {'line': b"Listing '/home/aimane/humble_ws/src/VNAV_23/vnav_ws/install/mav_planning_msgs/local/lib/python3.10/dist-packages/mav_planning_msgs/msg'...\n"}
[1.571743] (mav_planning_msgs) StdoutLine: {'line': b"Listing '/home/aimane/humble_ws/src/VNAV_23/vnav_ws/install/mav_planning_msgs/local/lib/python3.10/dist-packages/mav_planning_msgs/srv'...\n"}
[1.576915] (mav_planning_msgs) StdoutLine: {'line': b'-- Up-to-date: /home/aimane/humble_ws/src/VNAV_23/vnav_ws/install/mav_planning_msgs/local/lib/python3.10/dist-packages/mav_planning_msgs/mav_planning_msgs_s__rosidl_typesupport_fastrtps_c.cpython-310-x86_64-linux-gnu.so\n'}
[1.577474] (mav_planning_msgs) StdoutLine: {'line': b'-- Up-to-date: /home/aimane/humble_ws/src/VNAV_23/vnav_ws/install/mav_planning_msgs/local/lib/python3.10/dist-packages/mav_planning_msgs/mav_planning_msgs_s__rosidl_typesupport_introspection_c.cpython-310-x86_64-linux-gnu.so\n'}
[1.578036] (mav_planning_msgs) StdoutLine: {'line': b'-- Up-to-date: /home/aimane/humble_ws/src/VNAV_23/vnav_ws/install/mav_planning_msgs/local/lib/python3.10/dist-packages/mav_planning_msgs/mav_planning_msgs_s__rosidl_typesupport_c.cpython-310-x86_64-linux-gnu.so\n'}
[1.578494] (mav_planning_msgs) StdoutLine: {'line': b'-- Up-to-date: /home/aimane/humble_ws/src/VNAV_23/vnav_ws/install/mav_planning_msgs/lib/libmav_planning_msgs__rosidl_generator_py.so\n'}
[1.578738] (mav_planning_msgs) StdoutLine: {'line': b'-- Up-to-date: /home/aimane/humble_ws/src/VNAV_23/vnav_ws/install/mav_planning_msgs/share/mav_planning_msgs/msg/Point2D.idl\n'}
[1.578913] (mav_planning_msgs) StdoutLine: {'line': b'-- Up-to-date: /home/aimane/humble_ws/src/VNAV_23/vnav_ws/install/mav_planning_msgs/share/mav_planning_msgs/msg/PointCloudWithPose.idl\n'}
[1.578995] (mav_planning_msgs) StdoutLine: {'line': b'-- Up-to-date: /home/aimane/humble_ws/src/VNAV_23/vnav_ws/install/mav_planning_msgs/share/mav_planning_msgs/msg/Polygon2D.idl\n'}
[1.579154] (mav_planning_msgs) StdoutLine: {'line': b'-- Up-to-date: /home/aimane/humble_ws/src/VNAV_23/vnav_ws/install/mav_planning_msgs/share/mav_planning_msgs/msg/PolygonWithHoles.idl\n'}
[1.579289] (mav_planning_msgs) StdoutLine: {'line': b'-- Up-to-date: /home/aimane/humble_ws/src/VNAV_23/vnav_ws/install/mav_planning_msgs/share/mav_planning_msgs/msg/PolygonWithHolesStamped.idl\n'}
[1.579438] (mav_planning_msgs) StdoutLine: {'line': b'-- Up-to-date: /home/aimane/humble_ws/src/VNAV_23/vnav_ws/install/mav_planning_msgs/share/mav_planning_msgs/msg/PolynomialSegment.idl\n'}
[1.579602] (mav_planning_msgs) StdoutLine: {'line': b'-- Up-to-date: /home/aimane/humble_ws/src/VNAV_23/vnav_ws/install/mav_planning_msgs/share/mav_planning_msgs/msg/PolynomialSegment4D.idl\n'}
[1.579718] (mav_planning_msgs) StdoutLine: {'line': b'-- Up-to-date: /home/aimane/humble_ws/src/VNAV_23/vnav_ws/install/mav_planning_msgs/share/mav_planning_msgs/msg/PolynomialTrajectory.idl\n'}
[1.579826] (mav_planning_msgs) StdoutLine: {'line': b'-- Up-to-date: /home/aimane/humble_ws/src/VNAV_23/vnav_ws/install/mav_planning_msgs/share/mav_planning_msgs/msg/PolynomialTrajectory4D.idl\n'}
[1.580026] (mav_planning_msgs) StdoutLine: {'line': b'-- Up-to-date: /home/aimane/humble_ws/src/VNAV_23/vnav_ws/install/mav_planning_msgs/share/mav_planning_msgs/srv/PlannerService.idl\n'}
[1.580135] (mav_planning_msgs) StdoutLine: {'line': b'-- Up-to-date: /home/aimane/humble_ws/src/VNAV_23/vnav_ws/install/mav_planning_msgs/share/mav_planning_msgs/srv/PolygonService.idl\n'}
[1.580242] (mav_planning_msgs) StdoutLine: {'line': b'-- Up-to-date: /home/aimane/humble_ws/src/VNAV_23/vnav_ws/install/mav_planning_msgs/share/mav_planning_msgs/srv/ChangeNameService.idl\n'}
[1.580349] (mav_planning_msgs) StdoutLine: {'line': b'-- Up-to-date: /home/aimane/humble_ws/src/VNAV_23/vnav_ws/install/mav_planning_msgs/share/mav_planning_msgs/msg/Point2D.msg\n'}
[1.580454] (mav_planning_msgs) StdoutLine: {'line': b'-- Up-to-date: /home/aimane/humble_ws/src/VNAV_23/vnav_ws/install/mav_planning_msgs/share/mav_planning_msgs/msg/PointCloudWithPose.msg\n'}
[1.580562] (mav_planning_msgs) StdoutLine: {'line': b'-- Up-to-date: /home/aimane/humble_ws/src/VNAV_23/vnav_ws/install/mav_planning_msgs/share/mav_planning_msgs/msg/Polygon2D.msg\n'}
[1.580668] (mav_planning_msgs) StdoutLine: {'line': b'-- Up-to-date: /home/aimane/humble_ws/src/VNAV_23/vnav_ws/install/mav_planning_msgs/share/mav_planning_msgs/msg/PolygonWithHoles.msg\n'}
[1.580811] (mav_planning_msgs) StdoutLine: {'line': b'-- Up-to-date: /home/aimane/humble_ws/src/VNAV_23/vnav_ws/install/mav_planning_msgs/share/mav_planning_msgs/msg/PolygonWithHolesStamped.msg\n'}
[1.581043] (mav_planning_msgs) StdoutLine: {'line': b'-- Up-to-date: /home/aimane/humble_ws/src/VNAV_23/vnav_ws/install/mav_planning_msgs/share/mav_planning_msgs/msg/PolynomialSegment.msg\n'}
[1.581151] (mav_planning_msgs) StdoutLine: {'line': b'-- Up-to-date: /home/aimane/humble_ws/src/VNAV_23/vnav_ws/install/mav_planning_msgs/share/mav_planning_msgs/msg/PolynomialSegment4D.msg\n'}
[1.581257] (mav_planning_msgs) StdoutLine: {'line': b'-- Up-to-date: /home/aimane/humble_ws/src/VNAV_23/vnav_ws/install/mav_planning_msgs/share/mav_planning_msgs/msg/PolynomialTrajectory.msg\n'}
[1.581362] (mav_planning_msgs) StdoutLine: {'line': b'-- Up-to-date: /home/aimane/humble_ws/src/VNAV_23/vnav_ws/install/mav_planning_msgs/share/mav_planning_msgs/msg/PolynomialTrajectory4D.msg\n'}
[1.581500] (mav_planning_msgs) StdoutLine: {'line': b'-- Up-to-date: /home/aimane/humble_ws/src/VNAV_23/vnav_ws/install/mav_planning_msgs/share/mav_planning_msgs/srv/PlannerService.srv\n'}
[1.581611] (mav_planning_msgs) StdoutLine: {'line': b'-- Up-to-date: /home/aimane/humble_ws/src/VNAV_23/vnav_ws/install/mav_planning_msgs/share/mav_planning_msgs/srv/PlannerService_Request.msg\n'}
[1.581790] (mav_planning_msgs) StdoutLine: {'line': b'-- Up-to-date: /home/aimane/humble_ws/src/VNAV_23/vnav_ws/install/mav_planning_msgs/share/mav_planning_msgs/srv/PlannerService_Response.msg\n'}
[1.581911] (mav_planning_msgs) StdoutLine: {'line': b'-- Up-to-date: /home/aimane/humble_ws/src/VNAV_23/vnav_ws/install/mav_planning_msgs/share/mav_planning_msgs/srv/PolygonService.srv\n'}
[1.582017] (mav_planning_msgs) StdoutLine: {'line': b'-- Up-to-date: /home/aimane/humble_ws/src/VNAV_23/vnav_ws/install/mav_planning_msgs/share/mav_planning_msgs/srv/PolygonService_Request.msg\n'}
[1.582122] (mav_planning_msgs) StdoutLine: {'line': b'-- Up-to-date: /home/aimane/humble_ws/src/VNAV_23/vnav_ws/install/mav_planning_msgs/share/mav_planning_msgs/srv/PolygonService_Response.msg\n'}
[1.582228] (mav_planning_msgs) StdoutLine: {'line': b'-- Up-to-date: /home/aimane/humble_ws/src/VNAV_23/vnav_ws/install/mav_planning_msgs/share/mav_planning_msgs/srv/ChangeNameService.srv\n'}
[1.582333] (mav_planning_msgs) StdoutLine: {'line': b'-- Up-to-date: /home/aimane/humble_ws/src/VNAV_23/vnav_ws/install/mav_planning_msgs/share/mav_planning_msgs/srv/ChangeNameService_Request.msg\n'}
[1.582437] (mav_planning_msgs) StdoutLine: {'line': b'-- Up-to-date: /home/aimane/humble_ws/src/VNAV_23/vnav_ws/install/mav_planning_msgs/share/mav_planning_msgs/srv/ChangeNameService_Response.msg\n'}
[1.582542] (mav_planning_msgs) StdoutLine: {'line': b'-- Up-to-date: /home/aimane/humble_ws/src/VNAV_23/vnav_ws/install/mav_planning_msgs/include/mav_planning_msgs\n'}
[1.582646] (mav_planning_msgs) StdoutLine: {'line': b'-- Up-to-date: /home/aimane/humble_ws/src/VNAV_23/vnav_ws/install/mav_planning_msgs/include/mav_planning_msgs/conversions.hpp\n'}
[1.582752] (mav_planning_msgs) StdoutLine: {'line': b'-- Up-to-date: /home/aimane/humble_ws/src/VNAV_23/vnav_ws/install/mav_planning_msgs/include/mav_planning_msgs/conversions_deprecated.hpp\n'}
[1.582869] (mav_planning_msgs) StdoutLine: {'line': b'-- Up-to-date: /home/aimane/humble_ws/src/VNAV_23/vnav_ws/install/mav_planning_msgs/include/mav_planning_msgs/eigen_planning_msgs.hpp\n'}
[1.583010] (mav_planning_msgs) StdoutLine: {'line': b'-- Up-to-date: /home/aimane/humble_ws/src/VNAV_23/vnav_ws/install/mav_planning_msgs/share/ament_index/resource_index/package_run_dependencies/mav_planning_msgs\n'}
[1.583199] (mav_planning_msgs) StdoutLine: {'line': b'-- Up-to-date: /home/aimane/humble_ws/src/VNAV_23/vnav_ws/install/mav_planning_msgs/share/ament_index/resource_index/parent_prefix_path/mav_planning_msgs\n'}
[1.583308] (mav_planning_msgs) StdoutLine: {'line': b'-- Up-to-date: /home/aimane/humble_ws/src/VNAV_23/vnav_ws/install/mav_planning_msgs/share/mav_planning_msgs/environment/ament_prefix_path.sh\n'}
[1.583422] (mav_planning_msgs) StdoutLine: {'line': b'-- Up-to-date: /home/aimane/humble_ws/src/VNAV_23/vnav_ws/install/mav_planning_msgs/share/mav_planning_msgs/environment/ament_prefix_path.dsv\n'}
[1.583525] (mav_planning_msgs) StdoutLine: {'line': b'-- Up-to-date: /home/aimane/humble_ws/src/VNAV_23/vnav_ws/install/mav_planning_msgs/share/mav_planning_msgs/environment/path.sh\n'}
[1.583628] (mav_planning_msgs) StdoutLine: {'line': b'-- Up-to-date: /home/aimane/humble_ws/src/VNAV_23/vnav_ws/install/mav_planning_msgs/share/mav_planning_msgs/environment/path.dsv\n'}
[1.583734] (mav_planning_msgs) StdoutLine: {'line': b'-- Up-to-date: /home/aimane/humble_ws/src/VNAV_23/vnav_ws/install/mav_planning_msgs/share/mav_planning_msgs/local_setup.bash\n'}
[1.583854] (mav_planning_msgs) StdoutLine: {'line': b'-- Up-to-date: /home/aimane/humble_ws/src/VNAV_23/vnav_ws/install/mav_planning_msgs/share/mav_planning_msgs/local_setup.sh\n'}
[1.583933] (mav_planning_msgs) StdoutLine: {'line': b'-- Up-to-date: /home/aimane/humble_ws/src/VNAV_23/vnav_ws/install/mav_planning_msgs/share/mav_planning_msgs/local_setup.zsh\n'}
[1.583996] (mav_planning_msgs) StdoutLine: {'line': b'-- Up-to-date: /home/aimane/humble_ws/src/VNAV_23/vnav_ws/install/mav_planning_msgs/share/mav_planning_msgs/local_setup.dsv\n'}
[1.584119] (mav_planning_msgs) StdoutLine: {'line': b'-- Installing: /home/aimane/humble_ws/src/VNAV_23/vnav_ws/install/mav_planning_msgs/share/mav_planning_msgs/package.dsv\n'}
[1.584275] (mav_planning_msgs) StdoutLine: {'line': b'-- Up-to-date: /home/aimane/humble_ws/src/VNAV_23/vnav_ws/install/mav_planning_msgs/share/ament_index/resource_index/packages/mav_planning_msgs\n'}
[1.584425] (mav_planning_msgs) StdoutLine: {'line': b'-- Up-to-date: /home/aimane/humble_ws/src/VNAV_23/vnav_ws/install/mav_planning_msgs/share/mav_planning_msgs/cmake/export_mav_planning_msgs__rosidl_generator_cExport.cmake\n'}
[1.584533] (mav_planning_msgs) StdoutLine: {'line': b'-- Up-to-date: /home/aimane/humble_ws/src/VNAV_23/vnav_ws/install/mav_planning_msgs/share/mav_planning_msgs/cmake/export_mav_planning_msgs__rosidl_generator_cExport-noconfig.cmake\n'}
[1.584639] (mav_planning_msgs) StdoutLine: {'line': b'-- Up-to-date: /home/aimane/humble_ws/src/VNAV_23/vnav_ws/install/mav_planning_msgs/share/mav_planning_msgs/cmake/export_mav_planning_msgs__rosidl_typesupport_fastrtps_cExport.cmake\n'}
[1.584748] (mav_planning_msgs) StdoutLine: {'line': b'-- Up-to-date: /home/aimane/humble_ws/src/VNAV_23/vnav_ws/install/mav_planning_msgs/share/mav_planning_msgs/cmake/export_mav_planning_msgs__rosidl_typesupport_fastrtps_cExport-noconfig.cmake\n'}
[1.584862] (mav_planning_msgs) StdoutLine: {'line': b'-- Up-to-date: /home/aimane/humble_ws/src/VNAV_23/vnav_ws/install/mav_planning_msgs/share/mav_planning_msgs/cmake/mav_planning_msgs__rosidl_typesupport_introspection_cExport.cmake\n'}
[1.585027] (mav_planning_msgs) StdoutLine: {'line': b'-- Up-to-date: /home/aimane/humble_ws/src/VNAV_23/vnav_ws/install/mav_planning_msgs/share/mav_planning_msgs/cmake/mav_planning_msgs__rosidl_typesupport_introspection_cExport-noconfig.cmake\n'}
[1.585128] (mav_planning_msgs) StdoutLine: {'line': b'-- Up-to-date: /home/aimane/humble_ws/src/VNAV_23/vnav_ws/install/mav_planning_msgs/share/mav_planning_msgs/cmake/mav_planning_msgs__rosidl_typesupport_cExport.cmake\n'}
[1.585234] (mav_planning_msgs) StdoutLine: {'line': b'-- Up-to-date: /home/aimane/humble_ws/src/VNAV_23/vnav_ws/install/mav_planning_msgs/share/mav_planning_msgs/cmake/mav_planning_msgs__rosidl_typesupport_cExport-noconfig.cmake\n'}
[1.585337] (mav_planning_msgs) StdoutLine: {'line': b'-- Up-to-date: /home/aimane/humble_ws/src/VNAV_23/vnav_ws/install/mav_planning_msgs/share/mav_planning_msgs/cmake/export_mav_planning_msgs__rosidl_generator_cppExport.cmake\n'}
[1.585484] (mav_planning_msgs) StdoutLine: {'line': b'-- Up-to-date: /home/aimane/humble_ws/src/VNAV_23/vnav_ws/install/mav_planning_msgs/share/mav_planning_msgs/cmake/export_mav_planning_msgs__rosidl_typesupport_fastrtps_cppExport.cmake\n'}
[1.585629] (mav_planning_msgs) StdoutLine: {'line': b'-- Up-to-date: /home/aimane/humble_ws/src/VNAV_23/vnav_ws/install/mav_planning_msgs/share/mav_planning_msgs/cmake/export_mav_planning_msgs__rosidl_typesupport_fastrtps_cppExport-noconfig.cmake\n'}
[1.585738] (mav_planning_msgs) StdoutLine: {'line': b'-- Up-to-date: /home/aimane/humble_ws/src/VNAV_23/vnav_ws/install/mav_planning_msgs/share/mav_planning_msgs/cmake/mav_planning_msgs__rosidl_typesupport_introspection_cppExport.cmake\n'}
[1.585880] (mav_planning_msgs) StdoutLine: {'line': b'-- Up-to-date: /home/aimane/humble_ws/src/VNAV_23/vnav_ws/install/mav_planning_msgs/share/mav_planning_msgs/cmake/mav_planning_msgs__rosidl_typesupport_introspection_cppExport-noconfig.cmake\n'}
[1.586012] (mav_planning_msgs) StdoutLine: {'line': b'-- Up-to-date: /home/aimane/humble_ws/src/VNAV_23/vnav_ws/install/mav_planning_msgs/share/mav_planning_msgs/cmake/mav_planning_msgs__rosidl_typesupport_cppExport.cmake\n'}
[1.586143] (mav_planning_msgs) StdoutLine: {'line': b'-- Up-to-date: /home/aimane/humble_ws/src/VNAV_23/vnav_ws/install/mav_planning_msgs/share/mav_planning_msgs/cmake/mav_planning_msgs__rosidl_typesupport_cppExport-noconfig.cmake\n'}
[1.586248] (mav_planning_msgs) StdoutLine: {'line': b'-- Up-to-date: /home/aimane/humble_ws/src/VNAV_23/vnav_ws/install/mav_planning_msgs/share/mav_planning_msgs/cmake/export_mav_planning_msgs__rosidl_generator_pyExport.cmake\n'}
[1.586385] (mav_planning_msgs) StdoutLine: {'line': b'-- Up-to-date: /home/aimane/humble_ws/src/VNAV_23/vnav_ws/install/mav_planning_msgs/share/mav_planning_msgs/cmake/export_mav_planning_msgs__rosidl_generator_pyExport-noconfig.cmake\n'}
[1.586532] (mav_planning_msgs) StdoutLine: {'line': b'-- Up-to-date: /home/aimane/humble_ws/src/VNAV_23/vnav_ws/install/mav_planning_msgs/share/mav_planning_msgs/cmake/rosidl_cmake-extras.cmake\n'}
[1.586641] (mav_planning_msgs) StdoutLine: {'line': b'-- Up-to-date: /home/aimane/humble_ws/src/VNAV_23/vnav_ws/install/mav_planning_msgs/share/mav_planning_msgs/cmake/ament_cmake_export_dependencies-extras.cmake\n'}
[1.586783] (mav_planning_msgs) StdoutLine: {'line': b'-- Up-to-date: /home/aimane/humble_ws/src/VNAV_23/vnav_ws/install/mav_planning_msgs/share/mav_planning_msgs/cmake/ament_cmake_export_include_directories-extras.cmake\n'}
[1.586948] (mav_planning_msgs) StdoutLine: {'line': b'-- Up-to-date: /home/aimane/humble_ws/src/VNAV_23/vnav_ws/install/mav_planning_msgs/share/mav_planning_msgs/cmake/ament_cmake_export_libraries-extras.cmake\n'}
[1.587061] (mav_planning_msgs) StdoutLine: {'line': b'-- Up-to-date: /home/aimane/humble_ws/src/VNAV_23/vnav_ws/install/mav_planning_msgs/share/mav_planning_msgs/cmake/ament_cmake_export_targets-extras.cmake\n'}
[1.587196] (mav_planning_msgs) StdoutLine: {'line': b'-- Up-to-date: /home/aimane/humble_ws/src/VNAV_23/vnav_ws/install/mav_planning_msgs/share/mav_planning_msgs/cmake/rosidl_cmake_export_typesupport_targets-extras.cmake\n'}
[1.587301] (mav_planning_msgs) StdoutLine: {'line': b'-- Up-to-date: /home/aimane/humble_ws/src/VNAV_23/vnav_ws/install/mav_planning_msgs/share/mav_planning_msgs/cmake/rosidl_cmake_export_typesupport_libraries-extras.cmake\n'}
[1.587452] (mav_planning_msgs) StdoutLine: {'line': b'-- Up-to-date: /home/aimane/humble_ws/src/VNAV_23/vnav_ws/install/mav_planning_msgs/share/mav_planning_msgs/cmake/mav_planning_msgsConfig.cmake\n'}
[1.587550] (mav_planning_msgs) StdoutLine: {'line': b'-- Up-to-date: /home/aimane/humble_ws/src/VNAV_23/vnav_ws/install/mav_planning_msgs/share/mav_planning_msgs/cmake/mav_planning_msgsConfig-version.cmake\n'}
[1.587645] (mav_planning_msgs) StdoutLine: {'line': b'-- Up-to-date: /home/aimane/humble_ws/src/VNAV_23/vnav_ws/install/mav_planning_msgs/share/mav_planning_msgs/package.xml\n'}
[1.589800] (mav_planning_msgs) CommandEnded: {'returncode': 0}
[1.600073] (tesse_ros_bridge) StdoutLine: {'line': b'running egg_info\n'}
[1.600884] (tesse_ros_bridge) StdoutLine: {'line': b'writing ../../../build/tesse_ros_bridge/tesse_ros_bridge.egg-info/PKG-INFO\n'}
[1.601272] (tesse_ros_bridge) StdoutLine: {'line': b'writing dependency_links to ../../../build/tesse_ros_bridge/tesse_ros_bridge.egg-info/dependency_links.txt\n'}
[1.601389] (tesse_ros_bridge) StdoutLine: {'line': b'writing entry points to ../../../build/tesse_ros_bridge/tesse_ros_bridge.egg-info/entry_points.txt\n'}
[1.601494] (tesse_ros_bridge) StdoutLine: {'line': b'writing requirements to ../../../build/tesse_ros_bridge/tesse_ros_bridge.egg-info/requires.txt\n'}
[1.601597] (tesse_ros_bridge) StdoutLine: {'line': b'writing top-level names to ../../../build/tesse_ros_bridge/tesse_ros_bridge.egg-info/top_level.txt\n'}
[1.604473] (tesse_ros_bridge) StdoutLine: {'line': b"reading manifest file '../../../build/tesse_ros_bridge/tesse_ros_bridge.egg-info/SOURCES.txt'\n"}
[1.606340] (-) TimerEvent: {}
[1.606553] (tesse_ros_bridge) StdoutLine: {'line': b"writing manifest file '../../../build/tesse_ros_bridge/tesse_ros_bridge.egg-info/SOURCES.txt'\n"}
[1.606815] (tesse_ros_bridge) StdoutLine: {'line': b'running build\n'}
[1.606995] (tesse_ros_bridge) StdoutLine: {'line': b'running build_py\n'}
[1.608226] (tesse_ros_bridge) StdoutLine: {'line': b'running install\n'}
[1.608598] (tesse_ros_bridge) StdoutLine: {'line': b'running install_lib\n'}
[1.612359] (tesse_ros_bridge) StdoutLine: {'line': b'running install_data\n'}
[1.613232] (tesse_ros_bridge) StdoutLine: {'line': b'running install_egg_info\n'}
[1.615296] (tesse_ros_bridge) StdoutLine: {'line': b"removing '/home/aimane/humble_ws/src/VNAV_23/vnav_ws/install/tesse_ros_bridge/lib/python3.10/site-packages/tesse_ros_bridge-0.0.0-py3.10.egg-info' (and everything under it)\n"}
[1.615850] (tesse_ros_bridge) StdoutLine: {'line': b'Copying ../../../build/tesse_ros_bridge/tesse_ros_bridge.egg-info to /home/aimane/humble_ws/src/VNAV_23/vnav_ws/install/tesse_ros_bridge/lib/python3.10/site-packages/tesse_ros_bridge-0.0.0-py3.10.egg-info\n'}
[1.617156] (tesse_ros_bridge) StdoutLine: {'line': b'running install_scripts\n'}
[1.621123] (mav_planning_msgs) JobEnded: {'identifier': 'mav_planning_msgs', 'rc': 0}
[1.622232] (mav_comm) JobStarted: {'identifier': 'mav_comm'}
[1.639778] (mav_comm) JobProgress: {'identifier': 'mav_comm', 'progress': 'cmake'}
[1.640377] (mav_comm) JobProgress: {'identifier': 'mav_comm', 'progress': 'build'}
[1.640639] (mav_comm) Command: {'cmd': ['/usr/bin/cmake', '--build', '/home/aimane/humble_ws/src/VNAV_23/vnav_ws/build/mav_comm', '--', '-j8', '-l8'], 'cwd': '/home/aimane/humble_ws/src/VNAV_23/vnav_ws/build/mav_comm', 'env': OrderedDict([('HOSTNAME', 'aimane'), ('SHLVL', '1'), ('LD_LIBRARY_PATH', '/home/aimane/humble_ws/src/VNAV_23/vnav_ws/install/mav_planning_msgs/lib:/home/aimane/humble_ws/src/VNAV_23/vnav_ws/install/mav_system_msgs/lib:/home/aimane/humble_ws/src/VNAV_23/vnav_ws/install/mav_state_machine_msgs/lib:/home/aimane/humble_ws/src/VNAV_23/vnav_ws/install/mav_msgs/lib:/opt/ros/humble/opt/rviz_ogre_vendor/lib:/opt/ros/humble/lib/x86_64-linux-gnu:/opt/ros/humble/lib'), ('HOME', '/home/aimane'), ('OLDPWD', '/home/aimane/humble_ws/src/VNAV_23/vnav_ws'), ('ROS_PYTHON_VERSION', '3'), ('ROS_DISTRO', 'humble'), ('_', '/usr/bin/colcon'), ('ROS_VERSION', '2'), ('TERM', 'xterm-256color'), ('ROS_LOCALHOST_ONLY', '0'), ('PATH', '/opt/ros/humble/bin:/usr/local/sbin:/usr/local/bin:/usr/sbin:/usr/bin:/sbin:/bin'), ('DISPLAY', ':1'), ('LANG', 'C.UTF-8'), ('AMENT_PREFIX_PATH', '/home/aimane/humble_ws/src/VNAV_23/vnav_ws/install/mav_planning_msgs:/home/aimane/humble_ws/src/VNAV_23/vnav_ws/install/mav_system_msgs:/home/aimane/humble_ws/src/VNAV_23/vnav_ws/install/mav_state_machine_msgs:/home/aimane/humble_ws/src/VNAV_23/vnav_ws/install/mav_msgs:/opt/ros/humble'), ('DEBIAN_FRONTEND', 'noninteractive'), ('PWD', '/home/aimane/humble_ws/src/VNAV_23/vnav_ws/build/mav_comm'), ('LC_ALL', 'C.UTF-8'), ('PYTHONPATH', '/home/aimane/humble_ws/src/VNAV_23/vnav_ws/install/mav_planning_msgs/local/lib/python3.10/dist-packages:/home/aimane/humble_ws/src/VNAV_23/vnav_ws/install/mav_msgs/local/lib/python3.10/dist-packages:/opt/ros/humble/lib/python3.10/site-packages:/opt/ros/humble/local/lib/python3.10/dist-packages'), ('COLCON', '1'), ('CMAKE_PREFIX_PATH', '/home/aimane/humble_ws/src/VNAV_23/vnav_ws/install/mav_planning_msgs:/home/aimane/humble_ws/src/VNAV_23/vnav_ws/install/mav_system_msgs:/home/aimane/humble_ws/src/VNAV_23/vnav_ws/install/mav_state_machine_msgs:/home/aimane/humble_ws/src/VNAV_23/vnav_ws/install/mav_msgs:/opt/ros/humble')]), 'shell': False}
[1.646156] (tesse_ros_bridge) StdoutLine: {'line': b'Installing key_teleop script to /home/aimane/humble_ws/src/VNAV_23/vnav_ws/install/tesse_ros_bridge/lib/tesse_ros_bridge\n'}
[1.646462] (tesse_ros_bridge) StdoutLine: {'line': b'Installing quadrotor_control_interface script to /home/aimane/humble_ws/src/VNAV_23/vnav_ws/install/tesse_ros_bridge/lib/tesse_ros_bridge\n'}
[1.646570] (tesse_ros_bridge) StdoutLine: {'line': b'Installing tesse_ros_node script to /home/aimane/humble_ws/src/VNAV_23/vnav_ws/install/tesse_ros_bridge/lib/tesse_ros_bridge\n'}
[1.647096] (tesse_ros_bridge) StdoutLine: {'line': b"writing list of installed files to '/home/aimane/humble_ws/src/VNAV_23/vnav_ws/build/tesse_ros_bridge/install.log'\n"}
[1.674671] (tesse_ros_bridge) CommandEnded: {'returncode': 0}
[1.682725] (tesse_ros_bridge) JobEnded: {'identifier': 'tesse_ros_bridge', 'rc': 0}
[1.694274] (mav_comm) CommandEnded: {'returncode': 0}
[1.694927] (mav_comm) JobProgress: {'identifier': 'mav_comm', 'progress': 'install'}
[1.695151] (mav_comm) Command: {'cmd': ['/usr/bin/cmake', '--install', '/home/aimane/humble_ws/src/VNAV_23/vnav_ws/build/mav_comm'], 'cwd': '/home/aimane/humble_ws/src/VNAV_23/vnav_ws/build/mav_comm', 'env': OrderedDict([('HOSTNAME', 'aimane'), ('SHLVL', '1'), ('LD_LIBRARY_PATH', '/home/aimane/humble_ws/src/VNAV_23/vnav_ws/install/mav_planning_msgs/lib:/home/aimane/humble_ws/src/VNAV_23/vnav_ws/install/mav_system_msgs/lib:/home/aimane/humble_ws/src/VNAV_23/vnav_ws/install/mav_state_machine_msgs/lib:/home/aimane/humble_ws/src/VNAV_23/vnav_ws/install/mav_msgs/lib:/opt/ros/humble/opt/rviz_ogre_vendor/lib:/opt/ros/humble/lib/x86_64-linux-gnu:/opt/ros/humble/lib'), ('HOME', '/home/aimane'), ('OLDPWD', '/home/aimane/humble_ws/src/VNAV_23/vnav_ws'), ('ROS_PYTHON_VERSION', '3'), ('ROS_DISTRO', 'humble'), ('_', '/usr/bin/colcon'), ('ROS_VERSION', '2'), ('TERM', 'xterm-256color'), ('ROS_LOCALHOST_ONLY', '0'), ('PATH', '/opt/ros/humble/bin:/usr/local/sbin:/usr/local/bin:/usr/sbin:/usr/bin:/sbin:/bin'), ('DISPLAY', ':1'), ('LANG', 'C.UTF-8'), ('AMENT_PREFIX_PATH', '/home/aimane/humble_ws/src/VNAV_23/vnav_ws/install/mav_planning_msgs:/home/aimane/humble_ws/src/VNAV_23/vnav_ws/install/mav_system_msgs:/home/aimane/humble_ws/src/VNAV_23/vnav_ws/install/mav_state_machine_msgs:/home/aimane/humble_ws/src/VNAV_23/vnav_ws/install/mav_msgs:/opt/ros/humble'), ('DEBIAN_FRONTEND', 'noninteractive'), ('PWD', '/home/aimane/humble_ws/src/VNAV_23/vnav_ws/build/mav_comm'), ('LC_ALL', 'C.UTF-8'), ('PYTHONPATH', '/home/aimane/humble_ws/src/VNAV_23/vnav_ws/install/mav_planning_msgs/local/lib/python3.10/dist-packages:/home/aimane/humble_ws/src/VNAV_23/vnav_ws/install/mav_msgs/local/lib/python3.10/dist-packages:/opt/ros/humble/lib/python3.10/site-packages:/opt/ros/humble/local/lib/python3.10/dist-packages'), ('COLCON', '1'), ('CMAKE_PREFIX_PATH', '/home/aimane/humble_ws/src/VNAV_23/vnav_ws/install/mav_planning_msgs:/home/aimane/humble_ws/src/VNAV_23/vnav_ws/install/mav_system_msgs:/home/aimane/humble_ws/src/VNAV_23/vnav_ws/install/mav_state_machine_msgs:/home/aimane/humble_ws/src/VNAV_23/vnav_ws/install/mav_msgs:/opt/ros/humble')]), 'shell': False}
[1.704331] (mav_comm) StdoutLine: {'line': b'-- Install configuration: ""\n'}
[1.704607] (mav_comm) StdoutLine: {'line': b'-- Up-to-date: /home/aimane/humble_ws/src/VNAV_23/vnav_ws/install/mav_comm/share/ament_index/resource_index/package_run_dependencies/mav_comm\n'}
[1.704812] (mav_comm) StdoutLine: {'line': b'-- Up-to-date: /home/aimane/humble_ws/src/VNAV_23/vnav_ws/install/mav_comm/share/ament_index/resource_index/parent_prefix_path/mav_comm\n'}
[1.705005] (mav_comm) StdoutLine: {'line': b'-- Up-to-date: /home/aimane/humble_ws/src/VNAV_23/vnav_ws/install/mav_comm/share/mav_comm/environment/ament_prefix_path.sh\n'}
[1.705140] (mav_comm) StdoutLine: {'line': b'-- Up-to-date: /home/aimane/humble_ws/src/VNAV_23/vnav_ws/install/mav_comm/share/mav_comm/environment/ament_prefix_path.dsv\n'}
[1.705244] (mav_comm) StdoutLine: {'line': b'-- Up-to-date: /home/aimane/humble_ws/src/VNAV_23/vnav_ws/install/mav_comm/share/mav_comm/environment/path.sh\n'}
[1.705394] (mav_comm) StdoutLine: {'line': b'-- Up-to-date: /home/aimane/humble_ws/src/VNAV_23/vnav_ws/install/mav_comm/share/mav_comm/environment/path.dsv\n'}
[1.705515] (mav_comm) StdoutLine: {'line': b'-- Up-to-date: /home/aimane/humble_ws/src/VNAV_23/vnav_ws/install/mav_comm/share/mav_comm/local_setup.bash\n'}
[1.705635] (mav_comm) StdoutLine: {'line': b'-- Up-to-date: /home/aimane/humble_ws/src/VNAV_23/vnav_ws/install/mav_comm/share/mav_comm/local_setup.sh\n'}
[1.705754] (mav_comm) StdoutLine: {'line': b'-- Up-to-date: /home/aimane/humble_ws/src/VNAV_23/vnav_ws/install/mav_comm/share/mav_comm/local_setup.zsh\n'}
[1.705925] (mav_comm) StdoutLine: {'line': b'-- Up-to-date: /home/aimane/humble_ws/src/VNAV_23/vnav_ws/install/mav_comm/share/mav_comm/local_setup.dsv\n'}
[1.706025] (mav_comm) StdoutLine: {'line': b'-- Installing: /home/aimane/humble_ws/src/VNAV_23/vnav_ws/install/mav_comm/share/mav_comm/package.dsv\n'}
[1.706121] (mav_comm) StdoutLine: {'line': b'-- Up-to-date: /home/aimane/humble_ws/src/VNAV_23/vnav_ws/install/mav_comm/share/ament_index/resource_index/packages/mav_comm\n'}
[1.706218] (mav_comm) StdoutLine: {'line': b'-- Up-to-date: /home/aimane/humble_ws/src/VNAV_23/vnav_ws/install/mav_comm/share/mav_comm/cmake/mav_commConfig.cmake\n'}
[1.706314] (mav_comm) StdoutLine: {'line': b'-- Up-to-date: /home/aimane/humble_ws/src/VNAV_23/vnav_ws/install/mav_comm/share/mav_comm/cmake/mav_commConfig-version.cmake\n'}
[1.706407] (-) TimerEvent: {}
[1.706516] (mav_comm) StdoutLine: {'line': b'-- Up-to-date: /home/aimane/humble_ws/src/VNAV_23/vnav_ws/install/mav_comm/share/mav_comm/package.xml\n'}
[1.707414] (mav_comm) CommandEnded: {'returncode': 0}
[1.722477] (mav_comm) JobEnded: {'identifier': 'mav_comm', 'rc': 0}
[1.806559] (-) TimerEvent: {}
[1.906857] (-) TimerEvent: {}
[2.007152] (-) TimerEvent: {}
[2.107443] (-) TimerEvent: {}
[2.207733] (-) TimerEvent: {}
[2.308038] (-) TimerEvent: {}
[2.408334] (-) TimerEvent: {}
[2.508638] (-) TimerEvent: {}
[2.608941] (-) TimerEvent: {}
[2.709217] (-) TimerEvent: {}
[2.809472] (-) TimerEvent: {}
[2.909799] (-) TimerEvent: {}
[3.010119] (-) TimerEvent: {}
[3.110410] (-) TimerEvent: {}
[3.210715] (-) TimerEvent: {}
[3.310996] (-) TimerEvent: {}
[3.411294] (-) TimerEvent: {}
[3.511587] (-) TimerEvent: {}
[3.611910] (-) TimerEvent: {}
[3.712234] (-) TimerEvent: {}
[3.812539] (-) TimerEvent: {}
[3.912850] (-) TimerEvent: {}
[4.013134] (-) TimerEvent: {}
[4.113428] (-) TimerEvent: {}
[4.213722] (-) TimerEvent: {}
[4.313991] (-) TimerEvent: {}
[4.414280] (-) TimerEvent: {}
[4.514573] (-) TimerEvent: {}
[4.614872] (-) TimerEvent: {}
[4.715169] (-) TimerEvent: {}
[4.815451] (-) TimerEvent: {}
[4.915745] (-) TimerEvent: {}
[5.016066] (-) TimerEvent: {}
[5.116366] (-) TimerEvent: {}
[5.216664] (-) TimerEvent: {}
[5.262244] (controller_pkg) StderrLine: {'line': b'In file included from \x1b[01m\x1b[K/usr/include/eigen3/Eigen/Core:164\x1b[m\x1b[K,\n'}
[5.262423] (controller_pkg) StderrLine: {'line': b'                 from \x1b[01m\x1b[K/usr/include/eigen3/Eigen/Dense:1\x1b[m\x1b[K,\n'}
[5.262489] (controller_pkg) StderrLine: {'line': b'                 from \x1b[01m\x1b[K/home/aimane/humble_ws/src/VNAV_23/vnav_ws/src/Lab3/controller_pkg/src/controller_node.cpp:37\x1b[m\x1b[K:\n'}
[5.262547] (controller_pkg) StderrLine: {'line': b'/usr/include/eigen3/Eigen/src/Core/GeneralProduct.h: In instantiation of \xe2\x80\x98\x1b[01m\x1b[Kconst Eigen::Product<Derived, OtherDerived> Eigen::MatrixBase<Derived>::operator*(const Eigen::MatrixBase<OtherDerived>&) const [with OtherDerived = Eigen::Matrix<double, 3, 3>; Derived = Eigen::CwiseBinaryOp<Eigen::internal::scalar_sum_op<double, double>, const Eigen::CwiseBinaryOp<Eigen::internal::scalar_sum_op<double, double>, const Eigen::CwiseBinaryOp<Eigen::internal::scalar_difference_op<double, double>, const Eigen::CwiseBinaryOp<Eigen::internal::scalar_product_op<double, double>, const Eigen::CwiseNullaryOp<Eigen::internal::scalar_constant_op<double>, const Eigen::Matrix<double, 3, 1> >, const Eigen::Matrix<double, 3, 1> >, const Eigen::CwiseBinaryOp<Eigen::internal::scalar_product_op<double, double>, const Eigen::CwiseNullaryOp<Eigen::internal::scalar_constant_op<double>, const Eigen::Matrix<double, 3, 1> >, const Eigen::Matrix<double, 3, 1> > >, const Eigen::CwiseBinaryOp<Eigen::internal::scalar_product_op<double, double>, const Eigen::CwiseNullaryOp<Eigen::internal::scalar_constant_op<double>, const Eigen::Matrix<double, 3, 1> >, const Eigen::Matrix<double, 3, 1> > >, const Eigen::CwiseBinaryOp<Eigen::internal::scalar_product_op<double, double>, const Eigen::CwiseNullaryOp<Eigen::internal::scalar_constant_op<double>, const Eigen::Matrix<double, 3, 1> >, const Eigen::Matrix<double, 3, 1> > >]\x1b[m\x1b[K\xe2\x80\x99:\n'}
[5.262620] (controller_pkg) StderrLine: {'line': b'\x1b[01m\x1b[K/home/aimane/humble_ws/src/VNAV_23/vnav_ws/src/Lab3/controller_pkg/src/controller_node.cpp:316:55:\x1b[m\x1b[K   required from here\n'}
[5.262675] (controller_pkg) StderrLine: {'line': b'\x1b[01m\x1b[K/usr/include/eigen3/Eigen/src/Core/GeneralProduct.h:419:3:\x1b[m\x1b[K \x1b[01;31m\x1b[Kerror: \x1b[m\x1b[Kstatic assertion failed: INVALID_MATRIX_PRODUCT\n'}
[5.262730] (controller_pkg) StderrLine: {'line': b'  419 |   \x1b[01;31m\x1b[KEIGEN_STATIC_ASSERT\x1b[m\x1b[K(ProductIsValid || SameSizes, INVALID_MATRIX_PRODUCT)\n'}
[5.262783] (controller_pkg) StderrLine: {'line': b'      |   \x1b[01;31m\x1b[K^~~~~~~~~~~~~~~~~~~\x1b[m\x1b[K\n'}
[5.262852] (controller_pkg) StderrLine: {'line': b'\x1b[01m\x1b[K/usr/include/eigen3/Eigen/src/Core/GeneralProduct.h:419:3:\x1b[m\x1b[K \x1b[01;36m\x1b[Knote: \x1b[m\x1b[K\xe2\x80\x98\x1b[01m\x1b[K(false || false)\x1b[m\x1b[K\xe2\x80\x99 evaluates to false\n'}
[5.316711] (-) TimerEvent: {}
[5.417025] (-) TimerEvent: {}
[5.517329] (-) TimerEvent: {}
[5.617628] (-) TimerEvent: {}
[5.717948] (-) TimerEvent: {}
[5.818296] (-) TimerEvent: {}
[5.918622] (-) TimerEvent: {}
[6.018957] (-) TimerEvent: {}
[6.119272] (-) TimerEvent: {}
[6.219567] (-) TimerEvent: {}
[6.319879] (-) TimerEvent: {}
[6.420174] (-) TimerEvent: {}
[6.520534] (-) TimerEvent: {}
[6.620848] (-) TimerEvent: {}
[6.721132] (-) TimerEvent: {}
[6.821421] (-) TimerEvent: {}
[6.921737] (-) TimerEvent: {}
[7.022019] (-) TimerEvent: {}
[7.122304] (-) TimerEvent: {}
[7.222588] (-) TimerEvent: {}
[7.322939] (-) TimerEvent: {}
[7.423216] (-) TimerEvent: {}
[7.523502] (-) TimerEvent: {}
[7.623787] (-) TimerEvent: {}
[7.724124] (-) TimerEvent: {}
[7.824432] (-) TimerEvent: {}
[7.924797] (-) TimerEvent: {}
[8.025064] (-) TimerEvent: {}
[8.125367] (-) TimerEvent: {}
[8.225646] (-) TimerEvent: {}
[8.325922] (-) TimerEvent: {}
[8.426232] (-) TimerEvent: {}
[8.442773] (controller_pkg) StderrLine: {'line': b'/usr/include/eigen3/Eigen/src/Core/GeneralProduct.h: In instantiation of \xe2\x80\x98\x1b[01m\x1b[Kconst Eigen::Product<Derived, OtherDerived, 1> Eigen::MatrixBase<Derived>::lazyProduct(const Eigen::MatrixBase<OtherDerived>&) const [with OtherDerived = Eigen::Matrix<double, 3, 3>; Derived = Eigen::CwiseBinaryOp<Eigen::internal::scalar_sum_op<double, double>, const Eigen::CwiseBinaryOp<Eigen::internal::scalar_sum_op<double, double>, const Eigen::CwiseBinaryOp<Eigen::internal::scalar_difference_op<double, double>, const Eigen::CwiseBinaryOp<Eigen::internal::scalar_product_op<double, double>, const Eigen::CwiseNullaryOp<Eigen::internal::scalar_constant_op<double>, const Eigen::Matrix<double, 3, 1> >, const Eigen::Matrix<double, 3, 1> >, const Eigen::CwiseBinaryOp<Eigen::internal::scalar_product_op<double, double>, const Eigen::CwiseNullaryOp<Eigen::internal::scalar_constant_op<double>, const Eigen::Matrix<double, 3, 1> >, const Eigen::Matrix<double, 3, 1> > >, const Eigen::CwiseBinaryOp<Eigen::internal::scalar_product_op<double, double>, const Eigen::CwiseNullaryOp<Eigen::internal::scalar_constant_op<double>, const Eigen::Matrix<double, 3, 1> >, const Eigen::Matrix<double, 3, 1> > >, const Eigen::CwiseBinaryOp<Eigen::internal::scalar_product_op<double, double>, const Eigen::CwiseNullaryOp<Eigen::internal::scalar_constant_op<double>, const Eigen::Matrix<double, 3, 1> >, const Eigen::Matrix<double, 3, 1> > >]\x1b[m\x1b[K\xe2\x80\x99:\n'}
[8.443068] (controller_pkg) StderrLine: {'line': b'\x1b[01m\x1b[K/usr/include/eigen3/Eigen/src/Core/ProductEvaluators.h:402:50:\x1b[m\x1b[K   required from \xe2\x80\x98\x1b[01m\x1b[Kstatic void Eigen::internal::generic_product_impl<Lhs, Rhs, Eigen::DenseShape, Eigen::DenseShape, 3>::evalTo(Dst&, const Lhs&, const Rhs&) [with Dst = Eigen::Matrix<double, 3, 3>; Lhs = Eigen::CwiseBinaryOp<Eigen::internal::scalar_sum_op<double, double>, const Eigen::CwiseBinaryOp<Eigen::internal::scalar_sum_op<double, double>, const Eigen::CwiseBinaryOp<Eigen::internal::scalar_difference_op<double, double>, const Eigen::CwiseBinaryOp<Eigen::internal::scalar_product_op<double, double>, const Eigen::CwiseNullaryOp<Eigen::internal::scalar_constant_op<double>, const Eigen::Matrix<double, 3, 1> >, const Eigen::Matrix<double, 3, 1> >, const Eigen::CwiseBinaryOp<Eigen::internal::scalar_product_op<double, double>, const Eigen::CwiseNullaryOp<Eigen::internal::scalar_constant_op<double>, const Eigen::Matrix<double, 3, 1> >, const Eigen::Matrix<double, 3, 1> > >, const Eigen::CwiseBinaryOp<Eigen::internal::scalar_product_op<double, double>, const Eigen::CwiseNullaryOp<Eigen::internal::scalar_constant_op<double>, const Eigen::Matrix<double, 3, 1> >, const Eigen::Matrix<double, 3, 1> > >, const Eigen::CwiseBinaryOp<Eigen::internal::scalar_product_op<double, double>, const Eigen::CwiseNullaryOp<Eigen::internal::scalar_constant_op<double>, const Eigen::Matrix<double, 3, 1> >, const Eigen::Matrix<double, 3, 1> > >; Rhs = Eigen::Matrix<double, 3, 3>]\x1b[m\x1b[K\xe2\x80\x99\n'}
[8.443160] (controller_pkg) StderrLine: {'line': b'\x1b[01m\x1b[K/usr/include/eigen3/Eigen/src/Core/ProductEvaluators.h:148:43:\x1b[m\x1b[K   required from \xe2\x80\x98\x1b[01m\x1b[Kstatic void Eigen::internal::Assignment<DstXprType, Eigen::Product<Lhs, Rhs, Options>, Eigen::internal::assign_op<Scalar, Scalar>, Eigen::internal::Dense2Dense, typename Eigen::internal::enable_if<((Options == Eigen::DefaultProduct) || (Options == Eigen::AliasFreeProduct))>::type>::run(DstXprType&, const SrcXprType&, const Eigen::internal::assign_op<Scalar, Scalar>&) [with DstXprType = Eigen::Matrix<double, 3, 3>; Lhs = Eigen::CwiseBinaryOp<Eigen::internal::scalar_sum_op<double, double>, const Eigen::CwiseBinaryOp<Eigen::internal::scalar_sum_op<double, double>, const Eigen::CwiseBinaryOp<Eigen::internal::scalar_difference_op<double, double>, const Eigen::CwiseBinaryOp<Eigen::internal::scalar_product_op<double, double>, const Eigen::CwiseNullaryOp<Eigen::internal::scalar_constant_op<double>, const Eigen::Matrix<double, 3, 1> >, const Eigen::Matrix<double, 3, 1> >, const Eigen::CwiseBinaryOp<Eigen::internal::scalar_product_op<double, double>, const Eigen::CwiseNullaryOp<Eigen::internal::scalar_constant_op<double>, const Eigen::Matrix<double, 3, 1> >, const Eigen::Matrix<double, 3, 1> > >, const Eigen::CwiseBinaryOp<Eigen::internal::scalar_product_op<double, double>, const Eigen::CwiseNullaryOp<Eigen::internal::scalar_constant_op<double>, const Eigen::Matrix<double, 3, 1> >, const Eigen::Matrix<double, 3, 1> > >, const Eigen::CwiseBinaryOp<Eigen::internal::scalar_product_op<double, double>, const Eigen::CwiseNullaryOp<Eigen::internal::scalar_constant_op<double>, const Eigen::Matrix<double, 3, 1> >, const Eigen::Matrix<double, 3, 1> > >; Rhs = Eigen::Matrix<double, 3, 3>; int Options = 0; Scalar = double; Eigen::internal::Assignment<DstXprType, Eigen::Product<Lhs, Rhs, Options>, Eigen::internal::assign_op<Scalar, Scalar>, Eigen::internal::Dense2Dense, typename Eigen::internal::enable_if<((Options == Eigen::DefaultProduct) || (Options == Eigen::AliasFreeProduct))>::type>::SrcXprType = Eigen::Product<Eigen::CwiseBinaryOp<Eigen::internal::scalar_sum_op<double, double>, const Eigen::CwiseBinaryOp<Eigen::internal::scalar_sum_op<double, double>, const Eigen::CwiseBinaryOp<Eigen::internal::scalar_difference_op<double, double>, const Eigen::CwiseBinaryOp<Eigen::internal::scalar_product_op<double, double>, const Eigen::CwiseNullaryOp<Eigen::internal::scalar_constant_op<double>, const Eigen::Matrix<double, 3, 1> >, const Eigen::Matrix<double, 3, 1> >, const Eigen::CwiseBinaryOp<Eigen::internal::scalar_product_op<double, double>, const Eigen::CwiseNullaryOp<Eigen::internal::scalar_constant_op<double>, const Eigen::Matrix<double, 3, 1> >, const Eigen::Matrix<double, 3, 1> > >, const Eigen::CwiseBinaryOp<Eigen::internal::scalar_product_op<double, double>, const Eigen::CwiseNullaryOp<Eigen::internal::scalar_constant_op<double>, const Eigen::Matrix<double, 3, 1> >, const Eigen::Matrix<double, 3, 1> > >, const Eigen::CwiseBinaryOp<Eigen::internal::scalar_product_op<double, double>, const Eigen::CwiseNullaryOp<Eigen::internal::scalar_constant_op<double>, const Eigen::Matrix<double, 3, 1> >, const Eigen::Matrix<double, 3, 1> > >, Eigen::Matrix<double, 3, 3>, 0>]\x1b[m\x1b[K\xe2\x80\x99\n'}
[8.443249] (controller_pkg) StderrLine: {'line': b'\x1b[01m\x1b[K/usr/include/eigen3/Eigen/src/Core/AssignEvaluator.h:890:49:\x1b[m\x1b[K   required from \xe2\x80\x98\x1b[01m\x1b[Kvoid Eigen::internal::call_assignment_no_alias(Dst&, const Src&, const Func&) [with Dst = Eigen::Matrix<double, 3, 3>; Src = Eigen::Product<Eigen::CwiseBinaryOp<Eigen::internal::scalar_sum_op<double, double>, const Eigen::CwiseBinaryOp<Eigen::internal::scalar_sum_op<double, double>, const Eigen::CwiseBinaryOp<Eigen::internal::scalar_difference_op<double, double>, const Eigen::CwiseBinaryOp<Eigen::internal::scalar_product_op<double, double>, const Eigen::CwiseNullaryOp<Eigen::internal::scalar_constant_op<double>, const Eigen::Matrix<double, 3, 1> >, const Eigen::Matrix<double, 3, 1> >, const Eigen::CwiseBinaryOp<Eigen::internal::scalar_product_op<double, double>, const Eigen::CwiseNullaryOp<Eigen::internal::scalar_constant_op<double>, const Eigen::Matrix<double, 3, 1> >, const Eigen::Matrix<double, 3, 1> > >, const Eigen::CwiseBinaryOp<Eigen::internal::scalar_product_op<double, double>, const Eigen::CwiseNullaryOp<Eigen::internal::scalar_constant_op<double>, const Eigen::Matrix<double, 3, 1> >, const Eigen::Matrix<double, 3, 1> > >, const Eigen::CwiseBinaryOp<Eigen::internal::scalar_product_op<double, double>, const Eigen::CwiseNullaryOp<Eigen::internal::scalar_constant_op<double>, const Eigen::Matrix<double, 3, 1> >, const Eigen::Matrix<double, 3, 1> > >, Eigen::Matrix<double, 3, 3>, 0>; Func = Eigen::internal::assign_op<double, double>]\x1b[m\x1b[K\xe2\x80\x99\n'}
[8.443315] (controller_pkg) StderrLine: {'line': b'\x1b[01m\x1b[K/usr/include/eigen3/Eigen/src/Core/PlainObjectBase.h:797:41:\x1b[m\x1b[K   required from \xe2\x80\x98\x1b[01m\x1b[KDerived& Eigen::PlainObjectBase<Derived>::_set_noalias(const Eigen::DenseBase<OtherDerived>&) [with OtherDerived = Eigen::Product<Eigen::CwiseBinaryOp<Eigen::internal::scalar_sum_op<double, double>, const Eigen::CwiseBinaryOp<Eigen::internal::scalar_sum_op<double, double>, const Eigen::CwiseBinaryOp<Eigen::internal::scalar_difference_op<double, double>, const Eigen::CwiseBinaryOp<Eigen::internal::scalar_product_op<double, double>, const Eigen::CwiseNullaryOp<Eigen::internal::scalar_constant_op<double>, const Eigen::Matrix<double, 3, 1> >, const Eigen::Matrix<double, 3, 1> >, const Eigen::CwiseBinaryOp<Eigen::internal::scalar_product_op<double, double>, const Eigen::CwiseNullaryOp<Eigen::internal::scalar_constant_op<double>, const Eigen::Matrix<double, 3, 1> >, const Eigen::Matrix<double, 3, 1> > >, const Eigen::CwiseBinaryOp<Eigen::internal::scalar_product_op<double, double>, const Eigen::CwiseNullaryOp<Eigen::internal::scalar_constant_op<double>, const Eigen::Matrix<double, 3, 1> >, const Eigen::Matrix<double, 3, 1> > >, const Eigen::CwiseBinaryOp<Eigen::internal::scalar_product_op<double, double>, const Eigen::CwiseNullaryOp<Eigen::internal::scalar_constant_op<double>, const Eigen::Matrix<double, 3, 1> >, const Eigen::Matrix<double, 3, 1> > >, Eigen::Matrix<double, 3, 3>, 0>; Derived = Eigen::Matrix<double, 3, 3>]\x1b[m\x1b[K\xe2\x80\x99\n'}
[8.443377] (controller_pkg) StderrLine: {'line': b'\x1b[01m\x1b[K/usr/include/eigen3/Eigen/src/Core/PlainObjectBase.h:883:25:\x1b[m\x1b[K   required from \xe2\x80\x98\x1b[01m\x1b[Kvoid Eigen::PlainObjectBase<Derived>::_init1(const Eigen::DenseBase<ElseDerived>&) [with T = Eigen::Product<Eigen::CwiseBinaryOp<Eigen::internal::scalar_sum_op<double, double>, const Eigen::CwiseBinaryOp<Eigen::internal::scalar_sum_op<double, double>, const Eigen::CwiseBinaryOp<Eigen::internal::scalar_difference_op<double, double>, const Eigen::CwiseBinaryOp<Eigen::internal::scalar_product_op<double, double>, const Eigen::CwiseNullaryOp<Eigen::internal::scalar_constant_op<double>, const Eigen::Matrix<double, 3, 1> >, const Eigen::Matrix<double, 3, 1> >, const Eigen::CwiseBinaryOp<Eigen::internal::scalar_product_op<double, double>, const Eigen::CwiseNullaryOp<Eigen::internal::scalar_constant_op<double>, const Eigen::Matrix<double, 3, 1> >, const Eigen::Matrix<double, 3, 1> > >, const Eigen::CwiseBinaryOp<Eigen::internal::scalar_product_op<double, double>, const Eigen::CwiseNullaryOp<Eigen::internal::scalar_constant_op<double>, const Eigen::Matrix<double, 3, 1> >, const Eigen::Matrix<double, 3, 1> > >, const Eigen::CwiseBinaryOp<Eigen::internal::scalar_product_op<double, double>, const Eigen::CwiseNullaryOp<Eigen::internal::scalar_constant_op<double>, const Eigen::Matrix<double, 3, 1> >, const Eigen::Matrix<double, 3, 1> > >, Eigen::Matrix<double, 3, 3>, 0>; OtherDerived = Eigen::Product<Eigen::CwiseBinaryOp<Eigen::internal::scalar_sum_op<double, double>, const Eigen::CwiseBinaryOp<Eigen::internal::scalar_sum_op<double, double>, const Eigen::CwiseBinaryOp<Eigen::internal::scalar_difference_op<double, double>, const Eigen::CwiseBinaryOp<Eigen::internal::scalar_product_op<double, double>, const Eigen::CwiseNullaryOp<Eigen::internal::scalar_constant_op<double>, const Eigen::Matrix<double, 3, 1> >, const Eigen::Matrix<double, 3, 1> >, const Eigen::CwiseBinaryOp<Eigen::internal::scalar_product_op<double, double>, const Eigen::CwiseNullaryOp<Eigen::internal::scalar_constant_op<double>, const Eigen::Matrix<double, 3, 1> >, const Eigen::Matrix<double, 3, 1> > >, const Eigen::CwiseBinaryOp<Eigen::internal::scalar_product_op<double, double>, const Eigen::CwiseNullaryOp<Eigen::internal::scalar_constant_op<double>, const Eigen::Matrix<double, 3, 1> >, const Eigen::Matrix<double, 3, 1> > >, const Eigen::CwiseBinaryOp<Eigen::internal::scalar_product_op<double, double>, const Eigen::CwiseNullaryOp<Eigen::internal::scalar_constant_op<double>, const Eigen::Matrix<double, 3, 1> >, const Eigen::Matrix<double, 3, 1> > >, Eigen::Matrix<double, 3, 3>, 0>; Derived = Eigen::Matrix<double, 3, 3>]\x1b[m\x1b[K\xe2\x80\x99\n'}
[8.443457] (controller_pkg) StderrLine: {'line': b'\x1b[01m\x1b[K/usr/include/eigen3/Eigen/src/Core/Matrix.h:332:31:\x1b[m\x1b[K   [ skipping 11 instantiation contexts, use -ftemplate-backtrace-limit=0 to disable ]\n'}
[8.443512] (controller_pkg) StderrLine: {'line': b'\x1b[01m\x1b[K/usr/include/eigen3/Eigen/src/Core/Matrix.h:332:31:\x1b[m\x1b[K   required from \xe2\x80\x98\x1b[01m\x1b[KEigen::Matrix<_Scalar, _Rows, _Cols, _Options, _MaxRows, _MaxCols>::Matrix(const T&) [with T = Eigen::Product<Eigen::Product<Eigen::CwiseBinaryOp<Eigen::internal::scalar_sum_op<double, double>, const Eigen::CwiseBinaryOp<Eigen::internal::scalar_sum_op<double, double>, const Eigen::CwiseBinaryOp<Eigen::internal::scalar_difference_op<double, double>, const Eigen::CwiseBinaryOp<Eigen::internal::scalar_product_op<double, double>, const Eigen::CwiseNullaryOp<Eigen::internal::scalar_constant_op<double>, const Eigen::Matrix<double, 3, 1> >, const Eigen::Matrix<double, 3, 1> >, const Eigen::CwiseBinaryOp<Eigen::internal::scalar_product_op<double, double>, const Eigen::CwiseNullaryOp<Eigen::internal::scalar_constant_op<double>, const Eigen::Matrix<double, 3, 1> >, const Eigen::Matrix<double, 3, 1> > >, const Eigen::CwiseBinaryOp<Eigen::internal::scalar_product_op<double, double>, const Eigen::CwiseNullaryOp<Eigen::internal::scalar_constant_op<double>, const Eigen::Matrix<double, 3, 1> >, const Eigen::Matrix<double, 3, 1> > >, const Eigen::CwiseBinaryOp<Eigen::internal::scalar_product_op<double, double>, const Eigen::CwiseNullaryOp<Eigen::internal::scalar_constant_op<double>, const Eigen::Matrix<double, 3, 1> >, const Eigen::Matrix<double, 3, 1> > >, Eigen::Matrix<double, 3, 3>, 0>, Eigen::Matrix<double, 3, 1>, 0>; _Scalar = double; int _Rows = 3; int _Cols = 1; int _Options = 0; int _MaxRows = 3; int _MaxCols = 1]\x1b[m\x1b[K\xe2\x80\x99\n'}
[8.443577] (controller_pkg) StderrLine: {'line': b'\x1b[01m\x1b[K/usr/include/eigen3/Eigen/src/Core/AssignEvaluator.h:850:41:\x1b[m\x1b[K   required from \xe2\x80\x98\x1b[01m\x1b[Kvoid Eigen::internal::call_assignment(Dst&, const Src&, const Func&, typename Eigen::internal::enable_if<Eigen::internal::evaluator_assume_aliasing<Src>::value, void*>::type) [with Dst = Eigen::Matrix<double, 3, 1>; Src = Eigen::Product<Eigen::Product<Eigen::CwiseBinaryOp<Eigen::internal::scalar_sum_op<double, double>, const Eigen::CwiseBinaryOp<Eigen::internal::scalar_sum_op<double, double>, const Eigen::CwiseBinaryOp<Eigen::internal::scalar_difference_op<double, double>, const Eigen::CwiseBinaryOp<Eigen::internal::scalar_product_op<double, double>, const Eigen::CwiseNullaryOp<Eigen::internal::scalar_constant_op<double>, const Eigen::Matrix<double, 3, 1> >, const Eigen::Matrix<double, 3, 1> >, const Eigen::CwiseBinaryOp<Eigen::internal::scalar_product_op<double, double>, const Eigen::CwiseNullaryOp<Eigen::internal::scalar_constant_op<double>, const Eigen::Matrix<double, 3, 1> >, const Eigen::Matrix<double, 3, 1> > >, const Eigen::CwiseBinaryOp<Eigen::internal::scalar_product_op<double, double>, const Eigen::CwiseNullaryOp<Eigen::internal::scalar_constant_op<double>, const Eigen::Matrix<double, 3, 1> >, const Eigen::Matrix<double, 3, 1> > >, const Eigen::CwiseBinaryOp<Eigen::internal::scalar_product_op<double, double>, const Eigen::CwiseNullaryOp<Eigen::internal::scalar_constant_op<double>, const Eigen::Matrix<double, 3, 1> >, const Eigen::Matrix<double, 3, 1> > >, Eigen::Matrix<double, 3, 3>, 0>, Eigen::Matrix<double, 3, 1>, 0>; Func = Eigen::internal::assign_op<double, double>; typename Eigen::internal::enable_if<Eigen::internal::evaluator_assume_aliasing<Src>::value, void*>::type = void*; typename Eigen::internal::evaluator_traits<SrcXprType>::Shape = Eigen::DenseShape]\x1b[m\x1b[K\xe2\x80\x99\n'}
[8.443658] (controller_pkg) StderrLine: {'line': b'\x1b[01m\x1b[K/usr/include/eigen3/Eigen/src/Core/AssignEvaluator.h:836:18:\x1b[m\x1b[K   required from \xe2\x80\x98\x1b[01m\x1b[Kvoid Eigen::internal::call_assignment(Dst&, const Src&) [with Dst = Eigen::Matrix<double, 3, 1>; Src = Eigen::Product<Eigen::Product<Eigen::CwiseBinaryOp<Eigen::internal::scalar_sum_op<double, double>, const Eigen::CwiseBinaryOp<Eigen::internal::scalar_sum_op<double, double>, const Eigen::CwiseBinaryOp<Eigen::internal::scalar_difference_op<double, double>, const Eigen::CwiseBinaryOp<Eigen::internal::scalar_product_op<double, double>, const Eigen::CwiseNullaryOp<Eigen::internal::scalar_constant_op<double>, const Eigen::Matrix<double, 3, 1> >, const Eigen::Matrix<double, 3, 1> >, const Eigen::CwiseBinaryOp<Eigen::internal::scalar_product_op<double, double>, const Eigen::CwiseNullaryOp<Eigen::internal::scalar_constant_op<double>, const Eigen::Matrix<double, 3, 1> >, const Eigen::Matrix<double, 3, 1> > >, const Eigen::CwiseBinaryOp<Eigen::internal::scalar_product_op<double, double>, const Eigen::CwiseNullaryOp<Eigen::internal::scalar_constant_op<double>, const Eigen::Matrix<double, 3, 1> >, const Eigen::Matrix<double, 3, 1> > >, const Eigen::CwiseBinaryOp<Eigen::internal::scalar_product_op<double, double>, const Eigen::CwiseNullaryOp<Eigen::internal::scalar_constant_op<double>, const Eigen::Matrix<double, 3, 1> >, const Eigen::Matrix<double, 3, 1> > >, Eigen::Matrix<double, 3, 3>, 0>, Eigen::Matrix<double, 3, 1>, 0>]\x1b[m\x1b[K\xe2\x80\x99\n'}
[8.443720] (controller_pkg) StderrLine: {'line': b'\x1b[01m\x1b[K/usr/include/eigen3/Eigen/src/Core/PlainObjectBase.h:779:32:\x1b[m\x1b[K   required from \xe2\x80\x98\x1b[01m\x1b[KDerived& Eigen::PlainObjectBase<Derived>::_set(const Eigen::DenseBase<OtherDerived>&) [with OtherDerived = Eigen::Product<Eigen::Product<Eigen::CwiseBinaryOp<Eigen::internal::scalar_sum_op<double, double>, const Eigen::CwiseBinaryOp<Eigen::internal::scalar_sum_op<double, double>, const Eigen::CwiseBinaryOp<Eigen::internal::scalar_difference_op<double, double>, const Eigen::CwiseBinaryOp<Eigen::internal::scalar_product_op<double, double>, const Eigen::CwiseNullaryOp<Eigen::internal::scalar_constant_op<double>, const Eigen::Matrix<double, 3, 1> >, const Eigen::Matrix<double, 3, 1> >, const Eigen::CwiseBinaryOp<Eigen::internal::scalar_product_op<double, double>, const Eigen::CwiseNullaryOp<Eigen::internal::scalar_constant_op<double>, const Eigen::Matrix<double, 3, 1> >, const Eigen::Matrix<double, 3, 1> > >, const Eigen::CwiseBinaryOp<Eigen::internal::scalar_product_op<double, double>, const Eigen::CwiseNullaryOp<Eigen::internal::scalar_constant_op<double>, const Eigen::Matrix<double, 3, 1> >, const Eigen::Matrix<double, 3, 1> > >, const Eigen::CwiseBinaryOp<Eigen::internal::scalar_product_op<double, double>, const Eigen::CwiseNullaryOp<Eigen::internal::scalar_constant_op<double>, const Eigen::Matrix<double, 3, 1> >, const Eigen::Matrix<double, 3, 1> > >, Eigen::Matrix<double, 3, 3>, 0>, Eigen::Matrix<double, 3, 1>, 0>; Derived = Eigen::Matrix<double, 3, 1>]\x1b[m\x1b[K\xe2\x80\x99\n'}
[8.443821] (controller_pkg) StderrLine: {'line': b'\x1b[01m\x1b[K/usr/include/eigen3/Eigen/src/Core/Matrix.h:225:24:\x1b[m\x1b[K   required from \xe2\x80\x98\x1b[01m\x1b[KEigen::Matrix<_Scalar, _Rows, _Cols, _Options, _MaxRows, _MaxCols>& Eigen::Matrix<_Scalar, _Rows, _Cols, _Options, _MaxRows, _MaxCols>::operator=(const Eigen::DenseBase<OtherDerived>&) [with OtherDerived = Eigen::Product<Eigen::Product<Eigen::CwiseBinaryOp<Eigen::internal::scalar_sum_op<double, double>, const Eigen::CwiseBinaryOp<Eigen::internal::scalar_sum_op<double, double>, const Eigen::CwiseBinaryOp<Eigen::internal::scalar_difference_op<double, double>, const Eigen::CwiseBinaryOp<Eigen::internal::scalar_product_op<double, double>, const Eigen::CwiseNullaryOp<Eigen::internal::scalar_constant_op<double>, const Eigen::Matrix<double, 3, 1> >, const Eigen::Matrix<double, 3, 1> >, const Eigen::CwiseBinaryOp<Eigen::internal::scalar_product_op<double, double>, const Eigen::CwiseNullaryOp<Eigen::internal::scalar_constant_op<double>, const Eigen::Matrix<double, 3, 1> >, const Eigen::Matrix<double, 3, 1> > >, const Eigen::CwiseBinaryOp<Eigen::internal::scalar_product_op<double, double>, const Eigen::CwiseNullaryOp<Eigen::internal::scalar_constant_op<double>, const Eigen::Matrix<double, 3, 1> >, const Eigen::Matrix<double, 3, 1> > >, const Eigen::CwiseBinaryOp<Eigen::internal::scalar_product_op<double, double>, const Eigen::CwiseNullaryOp<Eigen::internal::scalar_constant_op<double>, const Eigen::Matrix<double, 3, 1> >, const Eigen::Matrix<double, 3, 1> > >, Eigen::Matrix<double, 3, 3>, 0>, Eigen::Matrix<double, 3, 1>, 0>; _Scalar = double; int _Rows = 3; int _Cols = 1; int _Options = 0; int _MaxRows = 3; int _MaxCols = 1]\x1b[m\x1b[K\xe2\x80\x99\n'}
[8.443911] (controller_pkg) StderrLine: {'line': b'\x1b[01m\x1b[K/home/aimane/humble_ws/src/VNAV_23/vnav_ws/src/Lab3/controller_pkg/src/controller_node.cpp:316:59:\x1b[m\x1b[K   required from here\n'}
[8.443966] (controller_pkg) StderrLine: {'line': b'\x1b[01m\x1b[K/usr/include/eigen3/Eigen/src/Core/GeneralProduct.h:458:3:\x1b[m\x1b[K \x1b[01;31m\x1b[Kerror: \x1b[m\x1b[Kstatic assertion failed: INVALID_MATRIX_PRODUCT\n'}
[8.444020] (controller_pkg) StderrLine: {'line': b'  458 |   \x1b[01;31m\x1b[KEIGEN_STATIC_ASSERT\x1b[m\x1b[K(ProductIsValid || SameSizes, INVALID_MATRIX_PRODUCT)\n'}
[8.444074] (controller_pkg) StderrLine: {'line': b'      |   \x1b[01;31m\x1b[K^~~~~~~~~~~~~~~~~~~\x1b[m\x1b[K\n'}
[8.444126] (controller_pkg) StderrLine: {'line': b'\x1b[01m\x1b[K/usr/include/eigen3/Eigen/src/Core/GeneralProduct.h:458:3:\x1b[m\x1b[K \x1b[01;36m\x1b[Knote: \x1b[m\x1b[K\xe2\x80\x98\x1b[01m\x1b[K(false || false)\x1b[m\x1b[K\xe2\x80\x99 evaluates to false\n'}
[8.526335] (-) TimerEvent: {}
[8.626652] (-) TimerEvent: {}
[8.726976] (-) TimerEvent: {}
[8.788045] (controller_pkg) StderrLine: {'line': b'/usr/include/eigen3/Eigen/src/Core/CwiseBinaryOp.h: In instantiation of \xe2\x80\x98\x1b[01m\x1b[KEigen::CwiseBinaryOp<BinaryOp, Lhs, Rhs>::CwiseBinaryOp(const Lhs&, const Rhs&, const BinaryOp&) [with BinaryOp = Eigen::internal::scalar_product_op<double, double>; LhsType = const Eigen::Transpose<const Eigen::Block<const Eigen::Matrix<double, 3, 1>, 1, 1, false> >; RhsType = const Eigen::Block<const Eigen::Matrix<double, 3, 3>, 3, 1, true>; Eigen::CwiseBinaryOp<BinaryOp, Lhs, Rhs>::Lhs = Eigen::Transpose<const Eigen::Block<const Eigen::Matrix<double, 3, 1>, 1, 1, false> >; Eigen::CwiseBinaryOp<BinaryOp, Lhs, Rhs>::Rhs = Eigen::Block<const Eigen::Matrix<double, 3, 3>, 3, 1, true>]\x1b[m\x1b[K\xe2\x80\x99:\n'}
[8.788413] (controller_pkg) StderrLine: {'line': b'\x1b[01m\x1b[K/usr/include/eigen3/Eigen/src/plugins/MatrixCwiseBinaryOps.h:25:10:\x1b[m\x1b[K   required from \xe2\x80\x98\x1b[01m\x1b[Kconst Eigen::CwiseBinaryOp<Eigen::internal::scalar_product_op<typename Eigen::internal::traits<T>::Scalar, typename Eigen::internal::traits<OtherDerived>::Scalar>, const Derived, const OtherDerived> Eigen::MatrixBase<Derived>::cwiseProduct(const Eigen::MatrixBase<OtherDerived>&) const [with OtherDerived = Eigen::Block<const Eigen::Matrix<double, 3, 3>, 3, 1, true>; Derived = Eigen::Transpose<const Eigen::Block<const Eigen::Matrix<double, 3, 1>, 1, 1, false> >; typename Eigen::internal::traits<OtherDerived>::Scalar = double; typename Eigen::internal::traits<T>::Scalar = double]\x1b[m\x1b[K\xe2\x80\x99\n'}
[8.788498] (controller_pkg) StderrLine: {'line': b'\x1b[01m\x1b[K/usr/include/eigen3/Eigen/src/Core/ProductEvaluators.h:606:52:\x1b[m\x1b[K   required from \xe2\x80\x98\x1b[01m\x1b[Kconst CoeffReturnType Eigen::internal::product_evaluator<Eigen::Product<Lhs, Rhs, 1>, ProductTag, Eigen::DenseShape, Eigen::DenseShape>::coeff(Eigen::Index, Eigen::Index) const [with Lhs = Eigen::CwiseBinaryOp<Eigen::internal::scalar_sum_op<double, double>, const Eigen::CwiseBinaryOp<Eigen::internal::scalar_sum_op<double, double>, const Eigen::CwiseBinaryOp<Eigen::internal::scalar_difference_op<double, double>, const Eigen::CwiseBinaryOp<Eigen::internal::scalar_product_op<double, double>, const Eigen::CwiseNullaryOp<Eigen::internal::scalar_constant_op<double>, const Eigen::Matrix<double, 3, 1> >, const Eigen::Matrix<double, 3, 1> >, const Eigen::CwiseBinaryOp<Eigen::internal::scalar_product_op<double, double>, const Eigen::CwiseNullaryOp<Eigen::internal::scalar_constant_op<double>, const Eigen::Matrix<double, 3, 1> >, const Eigen::Matrix<double, 3, 1> > >, const Eigen::CwiseBinaryOp<Eigen::internal::scalar_product_op<double, double>, const Eigen::CwiseNullaryOp<Eigen::internal::scalar_constant_op<double>, const Eigen::Matrix<double, 3, 1> >, const Eigen::Matrix<double, 3, 1> > >, const Eigen::CwiseBinaryOp<Eigen::internal::scalar_product_op<double, double>, const Eigen::CwiseNullaryOp<Eigen::internal::scalar_constant_op<double>, const Eigen::Matrix<double, 3, 1> >, const Eigen::Matrix<double, 3, 1> > >; Rhs = Eigen::Matrix<double, 3, 3>; int ProductTag = 4; typename Eigen::internal::traits<typename Eigen::Product<Lhs, Rhs, 1>::Rhs>::Scalar = double; typename Eigen::Product<Lhs, Rhs, 1>::Rhs = Eigen::Matrix<double, 3, 3>; typename Eigen::internal::traits<typename Eigen::Product<Lhs, Rhs, 1>::Lhs>::Scalar = double; typename Eigen::Product<Lhs, Rhs, 1>::Lhs = Eigen::CwiseBinaryOp<Eigen::internal::scalar_sum_op<double, double>, const Eigen::CwiseBinaryOp<Eigen::internal::scalar_sum_op<double, double>, const Eigen::CwiseBinaryOp<Eigen::internal::scalar_difference_op<double, double>, const Eigen::CwiseBinaryOp<Eigen::internal::scalar_product_op<double, double>, const Eigen::CwiseNullaryOp<Eigen::internal::scalar_constant_op<double>, const Eigen::Matrix<double, 3, 1> >, const Eigen::Matrix<double, 3, 1> >, const Eigen::CwiseBinaryOp<Eigen::internal::scalar_product_op<double, double>, const Eigen::CwiseNullaryOp<Eigen::internal::scalar_constant_op<double>, const Eigen::Matrix<double, 3, 1> >, const Eigen::Matrix<double, 3, 1> > >, const Eigen::CwiseBinaryOp<Eigen::internal::scalar_product_op<double, double>, const Eigen::CwiseNullaryOp<Eigen::internal::scalar_constant_op<double>, const Eigen::Matrix<double, 3, 1> >, const Eigen::Matrix<double, 3, 1> > >, const Eigen::CwiseBinaryOp<Eigen::internal::scalar_product_op<double, double>, const Eigen::CwiseNullaryOp<Eigen::internal::scalar_constant_op<double>, const Eigen::Matrix<double, 3, 1> >, const Eigen::Matrix<double, 3, 1> > >; Eigen::internal::product_evaluator<Eigen::Product<Lhs, Rhs, 1>, ProductTag, Eigen::DenseShape, Eigen::DenseShape>::CoeffReturnType = double; Eigen::Index = long int]\x1b[m\x1b[K\xe2\x80\x99\n'}
[8.788610] (controller_pkg) StderrLine: {'line': b'\x1b[01m\x1b[K/usr/include/eigen3/Eigen/src/Core/AssignEvaluator.h:654:63:\x1b[m\x1b[K   required from \xe2\x80\x98\x1b[01m\x1b[Kvoid Eigen::internal::generic_dense_assignment_kernel<DstEvaluatorTypeT, SrcEvaluatorTypeT, Functor, Version>::assignCoeff(Eigen::Index, Eigen::Index) [with DstEvaluatorTypeT = Eigen::internal::evaluator<Eigen::Matrix<double, 3, 3> >; SrcEvaluatorTypeT = Eigen::internal::evaluator<Eigen::Product<Eigen::CwiseBinaryOp<Eigen::internal::scalar_sum_op<double, double>, const Eigen::CwiseBinaryOp<Eigen::internal::scalar_sum_op<double, double>, const Eigen::CwiseBinaryOp<Eigen::internal::scalar_difference_op<double, double>, const Eigen::CwiseBinaryOp<Eigen::internal::scalar_product_op<double, double>, const Eigen::CwiseNullaryOp<Eigen::internal::scalar_constant_op<double>, const Eigen::Matrix<double, 3, 1> >, const Eigen::Matrix<double, 3, 1> >, const Eigen::CwiseBinaryOp<Eigen::internal::scalar_product_op<double, double>, const Eigen::CwiseNullaryOp<Eigen::internal::scalar_constant_op<double>, const Eigen::Matrix<double, 3, 1> >, const Eigen::Matrix<double, 3, 1> > >, const Eigen::CwiseBinaryOp<Eigen::internal::scalar_product_op<double, double>, const Eigen::CwiseNullaryOp<Eigen::internal::scalar_constant_op<double>, const Eigen::Matrix<double, 3, 1> >, const Eigen::Matrix<double, 3, 1> > >, const Eigen::CwiseBinaryOp<Eigen::internal::scalar_product_op<double, double>, const Eigen::CwiseNullaryOp<Eigen::internal::scalar_constant_op<double>, const Eigen::Matrix<double, 3, 1> >, const Eigen::Matrix<double, 3, 1> > >, Eigen::Matrix<double, 3, 3>, 1> >; Functor = Eigen::internal::assign_op<double, double>; int Version = 0; Eigen::Index = long int]\x1b[m\x1b[K\xe2\x80\x99\n'}
[8.788688] (controller_pkg) StderrLine: {'line': b'\x1b[01m\x1b[K/usr/include/eigen3/Eigen/src/Core/AssignEvaluator.h:668:16:\x1b[m\x1b[K   required from \xe2\x80\x98\x1b[01m\x1b[Kvoid Eigen::internal::generic_dense_assignment_kernel<DstEvaluatorTypeT, SrcEvaluatorTypeT, Functor, Version>::assignCoeffByOuterInner(Eigen::Index, Eigen::Index) [with DstEvaluatorTypeT = Eigen::internal::evaluator<Eigen::Matrix<double, 3, 3> >; SrcEvaluatorTypeT = Eigen::internal::evaluator<Eigen::Product<Eigen::CwiseBinaryOp<Eigen::internal::scalar_sum_op<double, double>, const Eigen::CwiseBinaryOp<Eigen::internal::scalar_sum_op<double, double>, const Eigen::CwiseBinaryOp<Eigen::internal::scalar_difference_op<double, double>, const Eigen::CwiseBinaryOp<Eigen::internal::scalar_product_op<double, double>, const Eigen::CwiseNullaryOp<Eigen::internal::scalar_constant_op<double>, const Eigen::Matrix<double, 3, 1> >, const Eigen::Matrix<double, 3, 1> >, const Eigen::CwiseBinaryOp<Eigen::internal::scalar_product_op<double, double>, const Eigen::CwiseNullaryOp<Eigen::internal::scalar_constant_op<double>, const Eigen::Matrix<double, 3, 1> >, const Eigen::Matrix<double, 3, 1> > >, const Eigen::CwiseBinaryOp<Eigen::internal::scalar_product_op<double, double>, const Eigen::CwiseNullaryOp<Eigen::internal::scalar_constant_op<double>, const Eigen::Matrix<double, 3, 1> >, const Eigen::Matrix<double, 3, 1> > >, const Eigen::CwiseBinaryOp<Eigen::internal::scalar_product_op<double, double>, const Eigen::CwiseNullaryOp<Eigen::internal::scalar_constant_op<double>, const Eigen::Matrix<double, 3, 1> >, const Eigen::Matrix<double, 3, 1> > >, Eigen::Matrix<double, 3, 3>, 1> >; Functor = Eigen::internal::assign_op<double, double>; int Version = 0; Eigen::Index = long int]\x1b[m\x1b[K\xe2\x80\x99\n'}
[8.788766] (controller_pkg) StderrLine: {'line': b'\x1b[01m\x1b[K/usr/include/eigen3/Eigen/src/Core/AssignEvaluator.h:227:35:\x1b[m\x1b[K   required from \xe2\x80\x98\x1b[01m\x1b[Kstatic void Eigen::internal::copy_using_evaluator_DefaultTraversal_InnerUnrolling<Kernel, Index_, Stop>::run(Kernel&, Eigen::Index) [with Kernel = Eigen::internal::generic_dense_assignment_kernel<Eigen::internal::evaluator<Eigen::Matrix<double, 3, 3> >, Eigen::internal::evaluator<Eigen::Product<Eigen::CwiseBinaryOp<Eigen::internal::scalar_sum_op<double, double>, const Eigen::CwiseBinaryOp<Eigen::internal::scalar_sum_op<double, double>, const Eigen::CwiseBinaryOp<Eigen::internal::scalar_difference_op<double, double>, const Eigen::CwiseBinaryOp<Eigen::internal::scalar_product_op<double, double>, const Eigen::CwiseNullaryOp<Eigen::internal::scalar_constant_op<double>, const Eigen::Matrix<double, 3, 1> >, const Eigen::Matrix<double, 3, 1> >, const Eigen::CwiseBinaryOp<Eigen::internal::scalar_product_op<double, double>, const Eigen::CwiseNullaryOp<Eigen::internal::scalar_constant_op<double>, const Eigen::Matrix<double, 3, 1> >, const Eigen::Matrix<double, 3, 1> > >, const Eigen::CwiseBinaryOp<Eigen::internal::scalar_product_op<double, double>, const Eigen::CwiseNullaryOp<Eigen::internal::scalar_constant_op<double>, const Eigen::Matrix<double, 3, 1> >, const Eigen::Matrix<double, 3, 1> > >, const Eigen::CwiseBinaryOp<Eigen::internal::scalar_product_op<double, double>, const Eigen::CwiseNullaryOp<Eigen::internal::scalar_constant_op<double>, const Eigen::Matrix<double, 3, 1> >, const Eigen::Matrix<double, 3, 1> > >, Eigen::Matrix<double, 3, 3>, 1> >, Eigen::internal::assign_op<double, double>, 0>; int Index_ = 2; int Stop = 3; Eigen::Index = long int]\x1b[m\x1b[K\xe2\x80\x99\n'}
[8.788885] (controller_pkg) StderrLine: {'line': b'\x1b[01m\x1b[K/usr/include/eigen3/Eigen/src/Core/AssignEvaluator.h:600:101:\x1b[m\x1b[K   [ skipping 20 instantiation contexts, use -ftemplate-backtrace-limit=0 to disable ]\n'}
[8.789015] (controller_pkg) StderrLine: {'line': b'\x1b[01m\x1b[K/usr/include/eigen3/Eigen/src/Core/Matrix.h:332:31:\x1b[m\x1b[K   required from \xe2\x80\x98\x1b[01m\x1b[KEigen::Matrix<_Scalar, _Rows, _Cols, _Options, _MaxRows, _MaxCols>::Matrix(const T&) [with T = Eigen::Product<Eigen::Product<Eigen::CwiseBinaryOp<Eigen::internal::scalar_sum_op<double, double>, const Eigen::CwiseBinaryOp<Eigen::internal::scalar_sum_op<double, double>, const Eigen::CwiseBinaryOp<Eigen::internal::scalar_difference_op<double, double>, const Eigen::CwiseBinaryOp<Eigen::internal::scalar_product_op<double, double>, const Eigen::CwiseNullaryOp<Eigen::internal::scalar_constant_op<double>, const Eigen::Matrix<double, 3, 1> >, const Eigen::Matrix<double, 3, 1> >, const Eigen::CwiseBinaryOp<Eigen::internal::scalar_product_op<double, double>, const Eigen::CwiseNullaryOp<Eigen::internal::scalar_constant_op<double>, const Eigen::Matrix<double, 3, 1> >, const Eigen::Matrix<double, 3, 1> > >, const Eigen::CwiseBinaryOp<Eigen::internal::scalar_product_op<double, double>, const Eigen::CwiseNullaryOp<Eigen::internal::scalar_constant_op<double>, const Eigen::Matrix<double, 3, 1> >, const Eigen::Matrix<double, 3, 1> > >, const Eigen::CwiseBinaryOp<Eigen::internal::scalar_product_op<double, double>, const Eigen::CwiseNullaryOp<Eigen::internal::scalar_constant_op<double>, const Eigen::Matrix<double, 3, 1> >, const Eigen::Matrix<double, 3, 1> > >, Eigen::Matrix<double, 3, 3>, 0>, Eigen::Matrix<double, 3, 1>, 0>; _Scalar = double; int _Rows = 3; int _Cols = 1; int _Options = 0; int _MaxRows = 3; int _MaxCols = 1]\x1b[m\x1b[K\xe2\x80\x99\n'}
[8.789108] (controller_pkg) StderrLine: {'line': b'\x1b[01m\x1b[K/usr/include/eigen3/Eigen/src/Core/AssignEvaluator.h:850:41:\x1b[m\x1b[K   required from \xe2\x80\x98\x1b[01m\x1b[Kvoid Eigen::internal::call_assignment(Dst&, const Src&, const Func&, typename Eigen::internal::enable_if<Eigen::internal::evaluator_assume_aliasing<Src>::value, void*>::type) [with Dst = Eigen::Matrix<double, 3, 1>; Src = Eigen::Product<Eigen::Product<Eigen::CwiseBinaryOp<Eigen::internal::scalar_sum_op<double, double>, const Eigen::CwiseBinaryOp<Eigen::internal::scalar_sum_op<double, double>, const Eigen::CwiseBinaryOp<Eigen::internal::scalar_difference_op<double, double>, const Eigen::CwiseBinaryOp<Eigen::internal::scalar_product_op<double, double>, const Eigen::CwiseNullaryOp<Eigen::internal::scalar_constant_op<double>, const Eigen::Matrix<double, 3, 1> >, const Eigen::Matrix<double, 3, 1> >, const Eigen::CwiseBinaryOp<Eigen::internal::scalar_product_op<double, double>, const Eigen::CwiseNullaryOp<Eigen::internal::scalar_constant_op<double>, const Eigen::Matrix<double, 3, 1> >, const Eigen::Matrix<double, 3, 1> > >, const Eigen::CwiseBinaryOp<Eigen::internal::scalar_product_op<double, double>, const Eigen::CwiseNullaryOp<Eigen::internal::scalar_constant_op<double>, const Eigen::Matrix<double, 3, 1> >, const Eigen::Matrix<double, 3, 1> > >, const Eigen::CwiseBinaryOp<Eigen::internal::scalar_product_op<double, double>, const Eigen::CwiseNullaryOp<Eigen::internal::scalar_constant_op<double>, const Eigen::Matrix<double, 3, 1> >, const Eigen::Matrix<double, 3, 1> > >, Eigen::Matrix<double, 3, 3>, 0>, Eigen::Matrix<double, 3, 1>, 0>; Func = Eigen::internal::assign_op<double, double>; typename Eigen::internal::enable_if<Eigen::internal::evaluator_assume_aliasing<Src>::value, void*>::type = void*; typename Eigen::internal::evaluator_traits<SrcXprType>::Shape = Eigen::DenseShape]\x1b[m\x1b[K\xe2\x80\x99\n'}
[8.789191] (controller_pkg) StderrLine: {'line': b'\x1b[01m\x1b[K/usr/include/eigen3/Eigen/src/Core/AssignEvaluator.h:836:18:\x1b[m\x1b[K   required from \xe2\x80\x98\x1b[01m\x1b[Kvoid Eigen::internal::call_assignment(Dst&, const Src&) [with Dst = Eigen::Matrix<double, 3, 1>; Src = Eigen::Product<Eigen::Product<Eigen::CwiseBinaryOp<Eigen::internal::scalar_sum_op<double, double>, const Eigen::CwiseBinaryOp<Eigen::internal::scalar_sum_op<double, double>, const Eigen::CwiseBinaryOp<Eigen::internal::scalar_difference_op<double, double>, const Eigen::CwiseBinaryOp<Eigen::internal::scalar_product_op<double, double>, const Eigen::CwiseNullaryOp<Eigen::internal::scalar_constant_op<double>, const Eigen::Matrix<double, 3, 1> >, const Eigen::Matrix<double, 3, 1> >, const Eigen::CwiseBinaryOp<Eigen::internal::scalar_product_op<double, double>, const Eigen::CwiseNullaryOp<Eigen::internal::scalar_constant_op<double>, const Eigen::Matrix<double, 3, 1> >, const Eigen::Matrix<double, 3, 1> > >, const Eigen::CwiseBinaryOp<Eigen::internal::scalar_product_op<double, double>, const Eigen::CwiseNullaryOp<Eigen::internal::scalar_constant_op<double>, const Eigen::Matrix<double, 3, 1> >, const Eigen::Matrix<double, 3, 1> > >, const Eigen::CwiseBinaryOp<Eigen::internal::scalar_product_op<double, double>, const Eigen::CwiseNullaryOp<Eigen::internal::scalar_constant_op<double>, const Eigen::Matrix<double, 3, 1> >, const Eigen::Matrix<double, 3, 1> > >, Eigen::Matrix<double, 3, 3>, 0>, Eigen::Matrix<double, 3, 1>, 0>]\x1b[m\x1b[K\xe2\x80\x99\n'}
[8.789263] (controller_pkg) StderrLine: {'line': b'\x1b[01m\x1b[K/usr/include/eigen3/Eigen/src/Core/PlainObjectBase.h:779:32:\x1b[m\x1b[K   required from \xe2\x80\x98\x1b[01m\x1b[KDerived& Eigen::PlainObjectBase<Derived>::_set(const Eigen::DenseBase<OtherDerived>&) [with OtherDerived = Eigen::Product<Eigen::Product<Eigen::CwiseBinaryOp<Eigen::internal::scalar_sum_op<double, double>, const Eigen::CwiseBinaryOp<Eigen::internal::scalar_sum_op<double, double>, const Eigen::CwiseBinaryOp<Eigen::internal::scalar_difference_op<double, double>, const Eigen::CwiseBinaryOp<Eigen::internal::scalar_product_op<double, double>, const Eigen::CwiseNullaryOp<Eigen::internal::scalar_constant_op<double>, const Eigen::Matrix<double, 3, 1> >, const Eigen::Matrix<double, 3, 1> >, const Eigen::CwiseBinaryOp<Eigen::internal::scalar_product_op<double, double>, const Eigen::CwiseNullaryOp<Eigen::internal::scalar_constant_op<double>, const Eigen::Matrix<double, 3, 1> >, const Eigen::Matrix<double, 3, 1> > >, const Eigen::CwiseBinaryOp<Eigen::internal::scalar_product_op<double, double>, const Eigen::CwiseNullaryOp<Eigen::internal::scalar_constant_op<double>, const Eigen::Matrix<double, 3, 1> >, const Eigen::Matrix<double, 3, 1> > >, const Eigen::CwiseBinaryOp<Eigen::internal::scalar_product_op<double, double>, const Eigen::CwiseNullaryOp<Eigen::internal::scalar_constant_op<double>, const Eigen::Matrix<double, 3, 1> >, const Eigen::Matrix<double, 3, 1> > >, Eigen::Matrix<double, 3, 3>, 0>, Eigen::Matrix<double, 3, 1>, 0>; Derived = Eigen::Matrix<double, 3, 1>]\x1b[m\x1b[K\xe2\x80\x99\n'}
[8.789333] (controller_pkg) StderrLine: {'line': b'\x1b[01m\x1b[K/usr/include/eigen3/Eigen/src/Core/Matrix.h:225:24:\x1b[m\x1b[K   required from \xe2\x80\x98\x1b[01m\x1b[KEigen::Matrix<_Scalar, _Rows, _Cols, _Options, _MaxRows, _MaxCols>& Eigen::Matrix<_Scalar, _Rows, _Cols, _Options, _MaxRows, _MaxCols>::operator=(const Eigen::DenseBase<OtherDerived>&) [with OtherDerived = Eigen::Product<Eigen::Product<Eigen::CwiseBinaryOp<Eigen::internal::scalar_sum_op<double, double>, const Eigen::CwiseBinaryOp<Eigen::internal::scalar_sum_op<double, double>, const Eigen::CwiseBinaryOp<Eigen::internal::scalar_difference_op<double, double>, const Eigen::CwiseBinaryOp<Eigen::internal::scalar_product_op<double, double>, const Eigen::CwiseNullaryOp<Eigen::internal::scalar_constant_op<double>, const Eigen::Matrix<double, 3, 1> >, const Eigen::Matrix<double, 3, 1> >, const Eigen::CwiseBinaryOp<Eigen::internal::scalar_product_op<double, double>, const Eigen::CwiseNullaryOp<Eigen::internal::scalar_constant_op<double>, const Eigen::Matrix<double, 3, 1> >, const Eigen::Matrix<double, 3, 1> > >, const Eigen::CwiseBinaryOp<Eigen::internal::scalar_product_op<double, double>, const Eigen::CwiseNullaryOp<Eigen::internal::scalar_constant_op<double>, const Eigen::Matrix<double, 3, 1> >, const Eigen::Matrix<double, 3, 1> > >, const Eigen::CwiseBinaryOp<Eigen::internal::scalar_product_op<double, double>, const Eigen::CwiseNullaryOp<Eigen::internal::scalar_constant_op<double>, const Eigen::Matrix<double, 3, 1> >, const Eigen::Matrix<double, 3, 1> > >, Eigen::Matrix<double, 3, 3>, 0>, Eigen::Matrix<double, 3, 1>, 0>; _Scalar = double; int _Rows = 3; int _Cols = 1; int _Options = 0; int _MaxRows = 3; int _MaxCols = 1]\x1b[m\x1b[K\xe2\x80\x99\n'}
[8.789403] (controller_pkg) StderrLine: {'line': b'\x1b[01m\x1b[K/home/aimane/humble_ws/src/VNAV_23/vnav_ws/src/Lab3/controller_pkg/src/controller_node.cpp:316:59:\x1b[m\x1b[K   required from here\n'}
[8.789457] (controller_pkg) StderrLine: {'line': b'\x1b[01m\x1b[K/usr/include/eigen3/Eigen/src/Core/CwiseBinaryOp.h:115:7:\x1b[m\x1b[K \x1b[01;31m\x1b[Kerror: \x1b[m\x1b[Kstatic assertion failed: YOU_MIXED_MATRICES_OF_DIFFERENT_SIZES\n'}
[8.789511] (controller_pkg) StderrLine: {'line': b'  115 |       \x1b[01;31m\x1b[KEIGEN_STATIC_ASSERT_SAME_MATRIX_SIZE\x1b[m\x1b[K(Lhs, Rhs)\n'}
[8.789565] (controller_pkg) StderrLine: {'line': b'      |       \x1b[01;31m\x1b[K^~~~~~~~~~~~~~~~~~~~~~~~~~~~~~~~~~~~\x1b[m\x1b[K\n'}
[8.789617] (controller_pkg) StderrLine: {'line': b'\x1b[01m\x1b[K/usr/include/eigen3/Eigen/src/Core/CwiseBinaryOp.h:115:7:\x1b[m\x1b[K \x1b[01;36m\x1b[Knote: \x1b[m\x1b[K\xe2\x80\x98\x1b[01m\x1b[K(((((int)Eigen::internal::size_of_xpr_at_compile_time<Eigen::Transpose<const Eigen::Block<const Eigen::Matrix<double, 3, 1>, 1, 1, false> > >::ret) == 0) && (((int)Eigen::internal::size_of_xpr_at_compile_time<Eigen::Block<const Eigen::Matrix<double, 3, 3>, 3, 1, true> >::ret) == 0)) || ((((((int)Eigen::Transpose<const Eigen::Block<const Eigen::Matrix<double, 3, 1>, 1, 1, false> >::RowsAtCompileTime) == ((int)Eigen::Dynamic)) || (((int)Eigen::Block<const Eigen::Matrix<double, 3, 3>, 3, 1, true>::RowsAtCompileTime) == ((int)Eigen::Dynamic))) || (((int)Eigen::Transpose<const Eigen::Block<const Eigen::Matrix<double, 3, 1>, 1, 1, false> >::RowsAtCompileTime) == ((int)Eigen::Block<const Eigen::Matrix<double, 3, 3>, 3, 1, true>::RowsAtCompileTime))) && (((((int)Eigen::Transpose<const Eigen::Block<const Eigen::Matrix<double, 3, 1>, 1, 1, false> >::ColsAtCompileTime) == ((int)Eigen::Dynamic)) || (((int)Eigen::Block<const Eigen::Matrix<double, 3, 3>, 3, 1, true>::ColsAtCompileTime) == ((int)Eigen::Dynamic))) || (((int)Eigen::Transpose<const Eigen::Block<const Eigen::Matrix<double, 3, 1>, 1, 1, false> >::ColsAtCompileTime) == ((int)Eigen::Block<const Eigen::Matrix<double, 3, 3>, 3, 1, true>::ColsAtCompileTime)))))\x1b[m\x1b[K\xe2\x80\x99 evaluates to false\n'}
[8.827072] (-) TimerEvent: {}
[8.927366] (-) TimerEvent: {}
[9.027656] (-) TimerEvent: {}
[9.127953] (-) TimerEvent: {}
[9.228244] (-) TimerEvent: {}
[9.328517] (-) TimerEvent: {}
[9.428809] (-) TimerEvent: {}
[9.529201] (-) TimerEvent: {}
[9.629502] (-) TimerEvent: {}
[9.729813] (-) TimerEvent: {}
[9.830072] (-) TimerEvent: {}
[9.930391] (-) TimerEvent: {}
[10.030710] (-) TimerEvent: {}
[10.130959] (-) TimerEvent: {}
[10.231277] (-) TimerEvent: {}
[10.331602] (-) TimerEvent: {}
[10.431902] (-) TimerEvent: {}
[10.532183] (-) TimerEvent: {}
[10.632464] (-) TimerEvent: {}
[10.732788] (-) TimerEvent: {}
[10.804700] (controller_pkg) StderrLine: {'line': b'gmake[2]: *** [CMakeFiles/controller_node.dir/build.make:76: CMakeFiles/controller_node.dir/src/controller_node.cpp.o] Error 1\n'}
[10.805015] (controller_pkg) StderrLine: {'line': b'gmake[1]: *** [CMakeFiles/Makefile2:139: CMakeFiles/controller_node.dir/all] Error 2\n'}
[10.805313] (controller_pkg) StderrLine: {'line': b'gmake: *** [Makefile:146: all] Error 2\n'}
[10.807842] (controller_pkg) CommandEnded: {'returncode': 2}
[10.815120] (controller_pkg) JobEnded: {'identifier': 'controller_pkg', 'rc': 2}
[10.825663] (-) EventReactorShutdown: {}
