[0.000000] (-) TimerEvent: {}
[0.000124] (mav_msgs) JobQueued: {'identifier': 'mav_msgs', 'dependencies': OrderedDict()}
[0.000161] (mav_state_machine_msgs) JobQueued: {'identifier': 'mav_state_machine_msgs', 'dependencies': OrderedDict()}
[0.000196] (mav_system_msgs) JobQueued: {'identifier': 'mav_system_msgs', 'dependencies': OrderedDict()}
[0.000233] (tesse) JobQueued: {'identifier': 'tesse', 'dependencies': OrderedDict()}
[0.000255] (tesse_msgs) JobQueued: {'identifier': 'tesse_msgs', 'dependencies': OrderedDict()}
[0.000273] (tesse_ros_bridge) JobQueued: {'identifier': 'tesse_ros_bridge', 'dependencies': OrderedDict()}
[0.000290] (controller_pkg) JobQueued: {'identifier': 'controller_pkg', 'dependencies': OrderedDict([('mav_msgs', '/home/aimane/humble_ws/src/VNAV_23/vnav_ws/install/mav_msgs')])}
[0.000310] (mav_planning_msgs) JobQueued: {'identifier': 'mav_planning_msgs', 'dependencies': OrderedDict([('mav_msgs', '/home/aimane/humble_ws/src/VNAV_23/vnav_ws/install/mav_msgs')])}
[0.000329] (mav_comm) JobQueued: {'identifier': 'mav_comm', 'dependencies': OrderedDict([('mav_msgs', '/home/aimane/humble_ws/src/VNAV_23/vnav_ws/install/mav_msgs'), ('mav_state_machine_msgs', '/home/aimane/humble_ws/src/VNAV_23/vnav_ws/install/mav_state_machine_msgs'), ('mav_system_msgs', '/home/aimane/humble_ws/src/VNAV_23/vnav_ws/install/mav_system_msgs'), ('mav_planning_msgs', '/home/aimane/humble_ws/src/VNAV_23/vnav_ws/install/mav_planning_msgs')])}
[0.000357] (mav_msgs) JobStarted: {'identifier': 'mav_msgs'}
[0.009929] (mav_state_machine_msgs) JobStarted: {'identifier': 'mav_state_machine_msgs'}
[0.014156] (mav_system_msgs) JobStarted: {'identifier': 'mav_system_msgs'}
[0.018783] (tesse) JobStarted: {'identifier': 'tesse'}
[0.024893] (tesse_msgs) JobStarted: {'identifier': 'tesse_msgs'}
[0.028778] (tesse_ros_bridge) JobStarted: {'identifier': 'tesse_ros_bridge'}
[0.039320] (mav_msgs) JobProgress: {'identifier': 'mav_msgs', 'progress': 'cmake'}
[0.039875] (mav_msgs) JobProgress: {'identifier': 'mav_msgs', 'progress': 'build'}
[0.040544] (mav_msgs) Command: {'cmd': ['/usr/bin/cmake', '--build', '/home/aimane/humble_ws/src/VNAV_23/vnav_ws/build/mav_msgs', '--', '-j8', '-l8'], 'cwd': '/home/aimane/humble_ws/src/VNAV_23/vnav_ws/build/mav_msgs', 'env': OrderedDict([('HOSTNAME', 'aimane'), ('SHLVL', '1'), ('LD_LIBRARY_PATH', '/opt/ros/humble/opt/rviz_ogre_vendor/lib:/opt/ros/humble/lib/x86_64-linux-gnu:/opt/ros/humble/lib'), ('HOME', '/home/aimane'), ('OLDPWD', '/home/aimane/humble_ws/src/VNAV_23/vnav_ws'), ('ROS_PYTHON_VERSION', '3'), ('ROS_DISTRO', 'humble'), ('_', '/usr/bin/colcon'), ('ROS_VERSION', '2'), ('TERM', 'xterm-256color'), ('ROS_LOCALHOST_ONLY', '0'), ('PATH', '/opt/ros/humble/bin:/usr/local/sbin:/usr/local/bin:/usr/sbin:/usr/bin:/sbin:/bin'), ('DISPLAY', ':1'), ('LANG', 'C.UTF-8'), ('AMENT_PREFIX_PATH', '/opt/ros/humble'), ('DEBIAN_FRONTEND', 'noninteractive'), ('PWD', '/home/aimane/humble_ws/src/VNAV_23/vnav_ws/build/mav_msgs'), ('LC_ALL', 'C.UTF-8'), ('PYTHONPATH', '/opt/ros/humble/lib/python3.10/site-packages:/opt/ros/humble/local/lib/python3.10/dist-packages'), ('COLCON', '1'), ('CMAKE_PREFIX_PATH', '/opt/ros/humble')]), 'shell': False}
[0.099348] (-) TimerEvent: {}
[0.116509] (mav_state_machine_msgs) JobProgress: {'identifier': 'mav_state_machine_msgs', 'progress': 'cmake'}
[0.121071] (mav_state_machine_msgs) JobProgress: {'identifier': 'mav_state_machine_msgs', 'progress': 'build'}
[0.121176] (mav_state_machine_msgs) Command: {'cmd': ['/usr/bin/cmake', '--build', '/home/aimane/humble_ws/src/VNAV_23/vnav_ws/build/mav_state_machine_msgs', '--', '-j8', '-l8'], 'cwd': '/home/aimane/humble_ws/src/VNAV_23/vnav_ws/build/mav_state_machine_msgs', 'env': OrderedDict([('HOSTNAME', 'aimane'), ('SHLVL', '1'), ('LD_LIBRARY_PATH', '/opt/ros/humble/opt/rviz_ogre_vendor/lib:/opt/ros/humble/lib/x86_64-linux-gnu:/opt/ros/humble/lib'), ('HOME', '/home/aimane'), ('OLDPWD', '/home/aimane/humble_ws/src/VNAV_23/vnav_ws'), ('ROS_PYTHON_VERSION', '3'), ('ROS_DISTRO', 'humble'), ('_', '/usr/bin/colcon'), ('ROS_VERSION', '2'), ('TERM', 'xterm-256color'), ('ROS_LOCALHOST_ONLY', '0'), ('PATH', '/opt/ros/humble/bin:/usr/local/sbin:/usr/local/bin:/usr/sbin:/usr/bin:/sbin:/bin'), ('DISPLAY', ':1'), ('LANG', 'C.UTF-8'), ('AMENT_PREFIX_PATH', '/opt/ros/humble'), ('DEBIAN_FRONTEND', 'noninteractive'), ('PWD', '/home/aimane/humble_ws/src/VNAV_23/vnav_ws/build/mav_state_machine_msgs'), ('LC_ALL', 'C.UTF-8'), ('PYTHONPATH', '/opt/ros/humble/lib/python3.10/site-packages:/opt/ros/humble/local/lib/python3.10/dist-packages'), ('COLCON', '1'), ('CMAKE_PREFIX_PATH', '/opt/ros/humble')]), 'shell': False}
[0.124075] (mav_system_msgs) JobProgress: {'identifier': 'mav_system_msgs', 'progress': 'cmake'}
[0.124169] (mav_system_msgs) JobProgress: {'identifier': 'mav_system_msgs', 'progress': 'build'}
[0.124217] (mav_system_msgs) Command: {'cmd': ['/usr/bin/cmake', '--build', '/home/aimane/humble_ws/src/VNAV_23/vnav_ws/build/mav_system_msgs', '--', '-j8', '-l8'], 'cwd': '/home/aimane/humble_ws/src/VNAV_23/vnav_ws/build/mav_system_msgs', 'env': OrderedDict([('HOSTNAME', 'aimane'), ('SHLVL', '1'), ('LD_LIBRARY_PATH', '/opt/ros/humble/opt/rviz_ogre_vendor/lib:/opt/ros/humble/lib/x86_64-linux-gnu:/opt/ros/humble/lib'), ('HOME', '/home/aimane'), ('OLDPWD', '/home/aimane/humble_ws/src/VNAV_23/vnav_ws'), ('ROS_PYTHON_VERSION', '3'), ('ROS_DISTRO', 'humble'), ('_', '/usr/bin/colcon'), ('ROS_VERSION', '2'), ('TERM', 'xterm-256color'), ('ROS_LOCALHOST_ONLY', '0'), ('PATH', '/opt/ros/humble/bin:/usr/local/sbin:/usr/local/bin:/usr/sbin:/usr/bin:/sbin:/bin'), ('DISPLAY', ':1'), ('LANG', 'C.UTF-8'), ('AMENT_PREFIX_PATH', '/opt/ros/humble'), ('DEBIAN_FRONTEND', 'noninteractive'), ('PWD', '/home/aimane/humble_ws/src/VNAV_23/vnav_ws/build/mav_system_msgs'), ('LC_ALL', 'C.UTF-8'), ('PYTHONPATH', '/opt/ros/humble/lib/python3.10/site-packages:/opt/ros/humble/local/lib/python3.10/dist-packages'), ('COLCON', '1'), ('CMAKE_PREFIX_PATH', '/opt/ros/humble')]), 'shell': False}
[0.199452] (-) TimerEvent: {}
[0.299817] (-) TimerEvent: {}
[0.402224] (-) TimerEvent: {}
[0.502514] (-) TimerEvent: {}
[0.557945] (tesse_msgs) JobProgress: {'identifier': 'tesse_msgs', 'progress': 'cmake'}
[0.559179] (tesse_msgs) JobProgress: {'identifier': 'tesse_msgs', 'progress': 'build'}
[0.559701] (tesse_msgs) Command: {'cmd': ['/usr/bin/cmake', '--build', '/home/aimane/humble_ws/src/VNAV_23/vnav_ws/build/tesse_msgs', '--', '-j8', '-l8'], 'cwd': '/home/aimane/humble_ws/src/VNAV_23/vnav_ws/build/tesse_msgs', 'env': OrderedDict([('HOSTNAME', 'aimane'), ('SHLVL', '1'), ('LD_LIBRARY_PATH', '/opt/ros/humble/opt/rviz_ogre_vendor/lib:/opt/ros/humble/lib/x86_64-linux-gnu:/opt/ros/humble/lib'), ('HOME', '/home/aimane'), ('OLDPWD', '/home/aimane/humble_ws/src/VNAV_23/vnav_ws'), ('ROS_PYTHON_VERSION', '3'), ('ROS_DISTRO', 'humble'), ('_', '/usr/bin/colcon'), ('ROS_VERSION', '2'), ('TERM', 'xterm-256color'), ('ROS_LOCALHOST_ONLY', '0'), ('PATH', '/opt/ros/humble/bin:/usr/local/sbin:/usr/local/bin:/usr/sbin:/usr/bin:/sbin:/bin'), ('DISPLAY', ':1'), ('LANG', 'C.UTF-8'), ('AMENT_PREFIX_PATH', '/opt/ros/humble'), ('DEBIAN_FRONTEND', 'noninteractive'), ('PWD', '/home/aimane/humble_ws/src/VNAV_23/vnav_ws/build/tesse_msgs'), ('LC_ALL', 'C.UTF-8'), ('PYTHONPATH', '/opt/ros/humble/lib/python3.10/site-packages:/opt/ros/humble/local/lib/python3.10/dist-packages'), ('COLCON', '1'), ('CMAKE_PREFIX_PATH', '/opt/ros/humble')]), 'shell': False}
[0.561908] (mav_msgs) StdoutLine: {'line': b'[  1%] Built target mav_msgs__cpp\n'}
[0.577264] (mav_msgs) StdoutLine: {'line': b'[ 12%] Built target mav_msgs__rosidl_generator_c\n'}
[0.577470] (mav_msgs) StdoutLine: {'line': b'[ 12%] Built target ament_cmake_python_copy_mav_msgs\n'}
[0.578208] (mav_msgs) StdoutLine: {'line': b'[ 24%] Built target mav_msgs__rosidl_typesupport_cpp\n'}
[0.578868] (mav_msgs) StdoutLine: {'line': b'[ 35%] Built target mav_msgs__rosidl_typesupport_introspection_cpp\n'}
[0.579270] (mav_msgs) StdoutLine: {'line': b'[ 47%] Built target mav_msgs__rosidl_typesupport_introspection_c\n'}
[0.579414] (mav_msgs) StdoutLine: {'line': b'[ 58%] Built target mav_msgs__rosidl_typesupport_fastrtps_cpp\n'}
[0.579531] (mav_msgs) StdoutLine: {'line': b'[ 70%] Built target mav_msgs__rosidl_typesupport_c\n'}
[0.580214] (mav_msgs) StdoutLine: {'line': b'[ 81%] Built target mav_msgs__rosidl_typesupport_fastrtps_c\n'}
[0.580817] (mav_msgs) StdoutLine: {'line': b'[ 81%] Built target mav_msgs\n'}
[0.580962] (mav_msgs) StdoutLine: {'line': b'[ 82%] Built target mav_msgs__py\n'}
[0.581095] (mav_msgs) StdoutLine: {'line': b'[ 93%] Built target mav_msgs__rosidl_generator_py\n'}
[0.581233] (mav_msgs) StdoutLine: {'line': b'[ 95%] Built target mav_msgs__rosidl_typesupport_fastrtps_c__pyext\n'}
[0.581358] (mav_msgs) StdoutLine: {'line': b'[ 97%] Built target mav_msgs__rosidl_typesupport_c__pyext\n'}
[0.581481] (mav_msgs) StdoutLine: {'line': b'[100%] Built target mav_msgs__rosidl_typesupport_introspection_c__pyext\n'}
[0.581616] (mav_msgs) StdoutLine: {'line': b'running egg_info\n'}
[0.581736] (mav_msgs) StdoutLine: {'line': b'writing mav_msgs.egg-info/PKG-INFO\n'}
[0.581873] (mav_msgs) StdoutLine: {'line': b'writing dependency_links to mav_msgs.egg-info/dependency_links.txt\n'}
[0.581994] (mav_msgs) StdoutLine: {'line': b'writing top-level names to mav_msgs.egg-info/top_level.txt\n'}
[0.582126] (mav_msgs) StdoutLine: {'line': b"reading manifest file 'mav_msgs.egg-info/SOURCES.txt'\n"}
[0.582247] (mav_msgs) StdoutLine: {'line': b"writing manifest file 'mav_msgs.egg-info/SOURCES.txt'\n"}
[0.582369] (mav_msgs) StdoutLine: {'line': b'[100%] Built target ament_cmake_python_build_mav_msgs_egg\n'}
[0.582484] (mav_system_msgs) StdoutLine: {'line': b'[  3%] Built target mav_system_msgs__cpp\n'}
[0.582639] (mav_system_msgs) StdoutLine: {'line': b'[ 17%] Built target mav_system_msgs__rosidl_generator_c\n'}
[0.582760] (mav_system_msgs) StdoutLine: {'line': b'[ 31%] Built target mav_system_msgs__rosidl_typesupport_cpp\n'}
[0.582912] (mav_system_msgs) StdoutLine: {'line': b'[ 44%] Built target mav_system_msgs__rosidl_typesupport_introspection_cpp\n'}
[0.583036] (mav_system_msgs) StdoutLine: {'line': b'[ 58%] Built target mav_system_msgs__rosidl_typesupport_fastrtps_cpp\n'}
[0.583155] (mav_system_msgs) StdoutLine: {'line': b'[ 72%] Built target mav_system_msgs__rosidl_typesupport_introspection_c\n'}
[0.583282] (mav_system_msgs) StdoutLine: {'line': b'[ 86%] Built target mav_system_msgs__rosidl_typesupport_c\n'}
[0.583390] (mav_system_msgs) StdoutLine: {'line': b'[100%] Built target mav_system_msgs__rosidl_typesupport_fastrtps_c\n'}
[0.583494] (mav_system_msgs) StdoutLine: {'line': b'[100%] Built target mav_system_msgs\n'}
[0.583603] (mav_state_machine_msgs) StdoutLine: {'line': b'[  3%] Built target mav_state_machine_msgs__cpp\n'}
[0.583732] (mav_state_machine_msgs) StdoutLine: {'line': b'[ 17%] Built target mav_state_machine_msgs__rosidl_generator_c\n'}
[0.583861] (mav_state_machine_msgs) StdoutLine: {'line': b'[ 31%] Built target mav_state_machine_msgs__rosidl_typesupport_c\n'}
[0.583974] (mav_state_machine_msgs) StdoutLine: {'line': b'[ 44%] Built target mav_state_machine_msgs__rosidl_typesupport_cpp\n'}
[0.584077] (mav_state_machine_msgs) StdoutLine: {'line': b'[ 68%] Built target mav_state_machine_msgs__rosidl_typesupport_fastrtps_c\n'}
[0.584174] (mav_state_machine_msgs) StdoutLine: {'line': b'[ 72%] Built target mav_state_machine_msgs__rosidl_typesupport_fastrtps_cpp\n'}
[0.584271] (mav_state_machine_msgs) StdoutLine: {'line': b'[ 86%] Built target mav_state_machine_msgs__rosidl_typesupport_introspection_c\n'}
[0.584367] (mav_state_machine_msgs) StdoutLine: {'line': b'[100%] Built target mav_state_machine_msgs__rosidl_typesupport_introspection_cpp\n'}
[0.584466] (mav_state_machine_msgs) StdoutLine: {'line': b'[100%] Built target mav_state_machine_msgs\n'}
[0.602615] (-) TimerEvent: {}
[0.630636] (tesse_msgs) StdoutLine: {'line': b'[ 10%] Built target tesse_msgs__rosidl_generator_c\n'}
[0.631753] (tesse_msgs) StdoutLine: {'line': b'[ 12%] Built target tesse_msgs__cpp\n'}
[0.643930] (tesse_msgs) StdoutLine: {'line': b'[ 12%] Built target ament_cmake_python_copy_tesse_msgs\n'}
[0.673923] (tesse_msgs) StdoutLine: {'line': b'[ 34%] Built target tesse_msgs__rosidl_typesupport_introspection_c\n'}
[0.674176] (tesse_msgs) StdoutLine: {'line': b'[ 34%] Built target tesse_msgs__rosidl_typesupport_fastrtps_c\n'}
[0.674501] (tesse_msgs) StdoutLine: {'line': b'[ 45%] Built target tesse_msgs__rosidl_typesupport_introspection_cpp\n'}
[0.681512] (tesse_msgs) StdoutLine: {'line': b'[ 56%] Built target tesse_msgs__rosidl_typesupport_c\n'}
[0.683032] (tesse_msgs) StdoutLine: {'line': b'[ 67%] Built target tesse_msgs__rosidl_typesupport_cpp\n'}
[0.685004] (tesse_msgs) StdoutLine: {'line': b'[ 78%] Built target tesse_msgs__rosidl_typesupport_fastrtps_cpp\n'}
[0.702719] (-) TimerEvent: {}
[0.709969] (tesse_msgs) StdoutLine: {'line': b'[ 78%] Built target tesse_msgs\n'}
[0.733838] (tesse_msgs) StdoutLine: {'line': b'[ 80%] Built target tesse_msgs__py\n'}
[0.761122] (tesse_msgs) StdoutLine: {'line': b'[ 89%] Built target tesse_msgs__rosidl_generator_py\n'}
[0.792900] (tesse_msgs) StdoutLine: {'line': b'[ 92%] Built target tesse_msgs__rosidl_typesupport_c__pyext\n'}
[0.796970] (tesse_msgs) StdoutLine: {'line': b'[100%] Built target tesse_msgs__rosidl_typesupport_introspection_c__pyext\n'}
[0.797132] (tesse_msgs) StdoutLine: {'line': b'[100%] Built target tesse_msgs__rosidl_typesupport_fastrtps_c__pyext\n'}
[0.802851] (-) TimerEvent: {}
[0.896282] (mav_state_machine_msgs) CommandEnded: {'returncode': 0}
[0.897594] (mav_state_machine_msgs) JobProgress: {'identifier': 'mav_state_machine_msgs', 'progress': 'install'}
[0.902956] (-) TimerEvent: {}
[0.907825] (mav_state_machine_msgs) Command: {'cmd': ['/usr/bin/cmake', '--install', '/home/aimane/humble_ws/src/VNAV_23/vnav_ws/build/mav_state_machine_msgs'], 'cwd': '/home/aimane/humble_ws/src/VNAV_23/vnav_ws/build/mav_state_machine_msgs', 'env': OrderedDict([('HOSTNAME', 'aimane'), ('SHLVL', '1'), ('LD_LIBRARY_PATH', '/opt/ros/humble/opt/rviz_ogre_vendor/lib:/opt/ros/humble/lib/x86_64-linux-gnu:/opt/ros/humble/lib'), ('HOME', '/home/aimane'), ('OLDPWD', '/home/aimane/humble_ws/src/VNAV_23/vnav_ws'), ('ROS_PYTHON_VERSION', '3'), ('ROS_DISTRO', 'humble'), ('_', '/usr/bin/colcon'), ('ROS_VERSION', '2'), ('TERM', 'xterm-256color'), ('ROS_LOCALHOST_ONLY', '0'), ('PATH', '/opt/ros/humble/bin:/usr/local/sbin:/usr/local/bin:/usr/sbin:/usr/bin:/sbin:/bin'), ('DISPLAY', ':1'), ('LANG', 'C.UTF-8'), ('AMENT_PREFIX_PATH', '/opt/ros/humble'), ('DEBIAN_FRONTEND', 'noninteractive'), ('PWD', '/home/aimane/humble_ws/src/VNAV_23/vnav_ws/build/mav_state_machine_msgs'), ('LC_ALL', 'C.UTF-8'), ('PYTHONPATH', '/opt/ros/humble/lib/python3.10/site-packages:/opt/ros/humble/local/lib/python3.10/dist-packages'), ('COLCON', '1'), ('CMAKE_PREFIX_PATH', '/opt/ros/humble')]), 'shell': False}
[0.909336] (mav_system_msgs) CommandEnded: {'returncode': 0}
[0.910188] (mav_system_msgs) JobProgress: {'identifier': 'mav_system_msgs', 'progress': 'install'}
[0.910740] (mav_system_msgs) Command: {'cmd': ['/usr/bin/cmake', '--install', '/home/aimane/humble_ws/src/VNAV_23/vnav_ws/build/mav_system_msgs'], 'cwd': '/home/aimane/humble_ws/src/VNAV_23/vnav_ws/build/mav_system_msgs', 'env': OrderedDict([('HOSTNAME', 'aimane'), ('SHLVL', '1'), ('LD_LIBRARY_PATH', '/opt/ros/humble/opt/rviz_ogre_vendor/lib:/opt/ros/humble/lib/x86_64-linux-gnu:/opt/ros/humble/lib'), ('HOME', '/home/aimane'), ('OLDPWD', '/home/aimane/humble_ws/src/VNAV_23/vnav_ws'), ('ROS_PYTHON_VERSION', '3'), ('ROS_DISTRO', 'humble'), ('_', '/usr/bin/colcon'), ('ROS_VERSION', '2'), ('TERM', 'xterm-256color'), ('ROS_LOCALHOST_ONLY', '0'), ('PATH', '/opt/ros/humble/bin:/usr/local/sbin:/usr/local/bin:/usr/sbin:/usr/bin:/sbin:/bin'), ('DISPLAY', ':1'), ('LANG', 'C.UTF-8'), ('AMENT_PREFIX_PATH', '/opt/ros/humble'), ('DEBIAN_FRONTEND', 'noninteractive'), ('PWD', '/home/aimane/humble_ws/src/VNAV_23/vnav_ws/build/mav_system_msgs'), ('LC_ALL', 'C.UTF-8'), ('PYTHONPATH', '/opt/ros/humble/lib/python3.10/site-packages:/opt/ros/humble/local/lib/python3.10/dist-packages'), ('COLCON', '1'), ('CMAKE_PREFIX_PATH', '/opt/ros/humble')]), 'shell': False}
[0.912039] (mav_msgs) CommandEnded: {'returncode': 0}
[0.913010] (mav_msgs) JobProgress: {'identifier': 'mav_msgs', 'progress': 'install'}
[0.913610] (mav_msgs) Command: {'cmd': ['/usr/bin/cmake', '--install', '/home/aimane/humble_ws/src/VNAV_23/vnav_ws/build/mav_msgs'], 'cwd': '/home/aimane/humble_ws/src/VNAV_23/vnav_ws/build/mav_msgs', 'env': OrderedDict([('HOSTNAME', 'aimane'), ('SHLVL', '1'), ('LD_LIBRARY_PATH', '/opt/ros/humble/opt/rviz_ogre_vendor/lib:/opt/ros/humble/lib/x86_64-linux-gnu:/opt/ros/humble/lib'), ('HOME', '/home/aimane'), ('OLDPWD', '/home/aimane/humble_ws/src/VNAV_23/vnav_ws'), ('ROS_PYTHON_VERSION', '3'), ('ROS_DISTRO', 'humble'), ('_', '/usr/bin/colcon'), ('ROS_VERSION', '2'), ('TERM', 'xterm-256color'), ('ROS_LOCALHOST_ONLY', '0'), ('PATH', '/opt/ros/humble/bin:/usr/local/sbin:/usr/local/bin:/usr/sbin:/usr/bin:/sbin:/bin'), ('DISPLAY', ':1'), ('LANG', 'C.UTF-8'), ('AMENT_PREFIX_PATH', '/opt/ros/humble'), ('DEBIAN_FRONTEND', 'noninteractive'), ('PWD', '/home/aimane/humble_ws/src/VNAV_23/vnav_ws/build/mav_msgs'), ('LC_ALL', 'C.UTF-8'), ('PYTHONPATH', '/opt/ros/humble/lib/python3.10/site-packages:/opt/ros/humble/local/lib/python3.10/dist-packages'), ('COLCON', '1'), ('CMAKE_PREFIX_PATH', '/opt/ros/humble')]), 'shell': False}
[0.918628] (mav_state_machine_msgs) StdoutLine: {'line': b'-- Install configuration: ""\n'}
[0.919738] (mav_state_machine_msgs) StdoutLine: {'line': b'-- Up-to-date: /home/aimane/humble_ws/src/VNAV_23/vnav_ws/install/mav_state_machine_msgs/share/ament_index/resource_index/rosidl_interfaces/mav_state_machine_msgs\n'}
[0.920310] (mav_state_machine_msgs) StdoutLine: {'line': b'-- Up-to-date: /home/aimane/humble_ws/src/VNAV_23/vnav_ws/install/mav_state_machine_msgs/include/mav_state_machine_msgs/mav_state_machine_msgs\n'}
[0.920474] (mav_state_machine_msgs) StdoutLine: {'line': b'-- Up-to-date: /home/aimane/humble_ws/src/VNAV_23/vnav_ws/install/mav_state_machine_msgs/include/mav_state_machine_msgs/mav_state_machine_msgs/msg\n'}
[0.920713] (mav_state_machine_msgs) StdoutLine: {'line': b'-- Up-to-date: /home/aimane/humble_ws/src/VNAV_23/vnav_ws/install/mav_state_machine_msgs/include/mav_state_machine_msgs/mav_state_machine_msgs/msg/detail\n'}
[0.920866] (mav_state_machine_msgs) StdoutLine: {'line': b'-- Up-to-date: /home/aimane/humble_ws/src/VNAV_23/vnav_ws/install/mav_state_machine_msgs/include/mav_state_machine_msgs/mav_state_machine_msgs/msg/detail/start_stop_task__type_support.h\n'}
[0.921052] (mav_state_machine_msgs) StdoutLine: {'line': b'-- Up-to-date: /home/aimane/humble_ws/src/VNAV_23/vnav_ws/install/mav_state_machine_msgs/include/mav_state_machine_msgs/mav_state_machine_msgs/msg/detail/start_stop_task__functions.h\n'}
[0.921357] (mav_state_machine_msgs) StdoutLine: {'line': b'-- Up-to-date: /home/aimane/humble_ws/src/VNAV_23/vnav_ws/install/mav_state_machine_msgs/include/mav_state_machine_msgs/mav_state_machine_msgs/msg/detail/start_stop_task__functions.c\n'}
[0.921575] (mav_state_machine_msgs) StdoutLine: {'line': b'-- Up-to-date: /home/aimane/humble_ws/src/VNAV_23/vnav_ws/install/mav_state_machine_msgs/include/mav_state_machine_msgs/mav_state_machine_msgs/msg/detail/start_stop_task__struct.h\n'}
[0.921732] (mav_state_machine_msgs) StdoutLine: {'line': b'-- Up-to-date: /home/aimane/humble_ws/src/VNAV_23/vnav_ws/install/mav_state_machine_msgs/include/mav_state_machine_msgs/mav_state_machine_msgs/msg/start_stop_task.h\n'}
[0.921896] (mav_state_machine_msgs) StdoutLine: {'line': b'-- Up-to-date: /home/aimane/humble_ws/src/VNAV_23/vnav_ws/install/mav_state_machine_msgs/include/mav_state_machine_msgs/mav_state_machine_msgs/msg/rosidl_generator_c__visibility_control.h\n'}
[0.922139] (mav_state_machine_msgs) StdoutLine: {'line': b'-- Up-to-date: /home/aimane/humble_ws/src/VNAV_23/vnav_ws/install/mav_state_machine_msgs/include/mav_state_machine_msgs/mav_state_machine_msgs/srv\n'}
[0.922278] (mav_state_machine_msgs) StdoutLine: {'line': b'-- Up-to-date: /home/aimane/humble_ws/src/VNAV_23/vnav_ws/install/mav_state_machine_msgs/include/mav_state_machine_msgs/mav_state_machine_msgs/srv/run_task_service.h\n'}
[0.922538] (mav_state_machine_msgs) StdoutLine: {'line': b'-- Up-to-date: /home/aimane/humble_ws/src/VNAV_23/vnav_ws/install/mav_state_machine_msgs/include/mav_state_machine_msgs/mav_state_machine_msgs/srv/detail\n'}
[0.922921] (mav_state_machine_msgs) StdoutLine: {'line': b'-- Up-to-date: /home/aimane/humble_ws/src/VNAV_23/vnav_ws/install/mav_state_machine_msgs/include/mav_state_machine_msgs/mav_state_machine_msgs/srv/detail/run_task_service__struct.h\n'}
[0.923234] (mav_state_machine_msgs) StdoutLine: {'line': b'-- Up-to-date: /home/aimane/humble_ws/src/VNAV_23/vnav_ws/install/mav_state_machine_msgs/include/mav_state_machine_msgs/mav_state_machine_msgs/srv/detail/run_task_service__functions.h\n'}
[0.923633] (mav_state_machine_msgs) StdoutLine: {'line': b'-- Up-to-date: /home/aimane/humble_ws/src/VNAV_23/vnav_ws/install/mav_state_machine_msgs/include/mav_state_machine_msgs/mav_state_machine_msgs/srv/detail/run_task_service__functions.c\n'}
[0.924315] (mav_state_machine_msgs) StdoutLine: {'line': b'-- Up-to-date: /home/aimane/humble_ws/src/VNAV_23/vnav_ws/install/mav_state_machine_msgs/include/mav_state_machine_msgs/mav_state_machine_msgs/srv/detail/run_task_service__type_support.h\n'}
[0.924778] (mav_state_machine_msgs) StdoutLine: {'line': b'-- Up-to-date: /home/aimane/humble_ws/src/VNAV_23/vnav_ws/install/mav_state_machine_msgs/share/mav_state_machine_msgs/environment/library_path.sh\n'}
[0.925054] (mav_state_machine_msgs) StdoutLine: {'line': b'-- Up-to-date: /home/aimane/humble_ws/src/VNAV_23/vnav_ws/install/mav_state_machine_msgs/share/mav_state_machine_msgs/environment/library_path.dsv\n'}
[0.925326] (mav_state_machine_msgs) StdoutLine: {'line': b'-- Up-to-date: /home/aimane/humble_ws/src/VNAV_23/vnav_ws/install/mav_state_machine_msgs/lib/libmav_state_machine_msgs__rosidl_generator_c.so\n'}
[0.925611] (mav_state_machine_msgs) StdoutLine: {'line': b'-- Up-to-date: /home/aimane/humble_ws/src/VNAV_23/vnav_ws/install/mav_state_machine_msgs/include/mav_state_machine_msgs/mav_state_machine_msgs\n'}
[0.926154] (mav_state_machine_msgs) StdoutLine: {'line': b'-- Up-to-date: /home/aimane/humble_ws/src/VNAV_23/vnav_ws/install/mav_state_machine_msgs/include/mav_state_machine_msgs/mav_state_machine_msgs/msg\n'}
[0.926340] (mav_state_machine_msgs) StdoutLine: {'line': b'-- Up-to-date: /home/aimane/humble_ws/src/VNAV_23/vnav_ws/install/mav_state_machine_msgs/include/mav_state_machine_msgs/mav_state_machine_msgs/msg/detail\n'}
[0.926571] (mav_state_machine_msgs) StdoutLine: {'line': b'-- Up-to-date: /home/aimane/humble_ws/src/VNAV_23/vnav_ws/install/mav_state_machine_msgs/include/mav_state_machine_msgs/mav_state_machine_msgs/msg/detail/start_stop_task__rosidl_typesupport_fastrtps_c.h\n'}
[0.926825] (mav_state_machine_msgs) StdoutLine: {'line': b'-- Up-to-date: /home/aimane/humble_ws/src/VNAV_23/vnav_ws/install/mav_state_machine_msgs/include/mav_state_machine_msgs/mav_state_machine_msgs/msg/rosidl_typesupport_fastrtps_c__visibility_control.h\n'}
[0.927043] (mav_state_machine_msgs) StdoutLine: {'line': b'-- Up-to-date: /home/aimane/humble_ws/src/VNAV_23/vnav_ws/install/mav_state_machine_msgs/include/mav_state_machine_msgs/mav_state_machine_msgs/srv\n'}
[0.927977] (mav_state_machine_msgs) StdoutLine: {'line': b'-- Up-to-date: /home/aimane/humble_ws/src/VNAV_23/vnav_ws/install/mav_state_machine_msgs/include/mav_state_machine_msgs/mav_state_machine_msgs/srv/detail\n'}
[0.928495] (mav_state_machine_msgs) StdoutLine: {'line': b'-- Up-to-date: /home/aimane/humble_ws/src/VNAV_23/vnav_ws/install/mav_state_machine_msgs/include/mav_state_machine_msgs/mav_state_machine_msgs/srv/detail/run_task_service__rosidl_typesupport_fastrtps_c.h\n'}
[0.929987] (mav_state_machine_msgs) StdoutLine: {'line': b'-- Up-to-date: /home/aimane/humble_ws/src/VNAV_23/vnav_ws/install/mav_state_machine_msgs/lib/libmav_state_machine_msgs__rosidl_typesupport_fastrtps_c.so\n'}
[0.930352] (mav_state_machine_msgs) StdoutLine: {'line': b'-- Up-to-date: /home/aimane/humble_ws/src/VNAV_23/vnav_ws/install/mav_state_machine_msgs/include/mav_state_machine_msgs/mav_state_machine_msgs\n'}
[0.931025] (mav_state_machine_msgs) StdoutLine: {'line': b'-- Up-to-date: /home/aimane/humble_ws/src/VNAV_23/vnav_ws/install/mav_state_machine_msgs/include/mav_state_machine_msgs/mav_state_machine_msgs/msg\n'}
[0.931506] (mav_state_machine_msgs) StdoutLine: {'line': b'-- Up-to-date: /home/aimane/humble_ws/src/VNAV_23/vnav_ws/install/mav_state_machine_msgs/include/mav_state_machine_msgs/mav_state_machine_msgs/msg/detail\n'}
[0.931674] (mav_state_machine_msgs) StdoutLine: {'line': b'-- Up-to-date: /home/aimane/humble_ws/src/VNAV_23/vnav_ws/install/mav_state_machine_msgs/include/mav_state_machine_msgs/mav_state_machine_msgs/msg/detail/start_stop_task__builder.hpp\n'}
[0.931831] (mav_state_machine_msgs) StdoutLine: {'line': b'-- Up-to-date: /home/aimane/humble_ws/src/VNAV_23/vnav_ws/install/mav_state_machine_msgs/include/mav_state_machine_msgs/mav_state_machine_msgs/msg/detail/start_stop_task__traits.hpp\n'}
[0.931982] (mav_state_machine_msgs) StdoutLine: {'line': b'-- Up-to-date: /home/aimane/humble_ws/src/VNAV_23/vnav_ws/install/mav_state_machine_msgs/include/mav_state_machine_msgs/mav_state_machine_msgs/msg/detail/start_stop_task__struct.hpp\n'}
[0.932126] (mav_state_machine_msgs) StdoutLine: {'line': b'-- Up-to-date: /home/aimane/humble_ws/src/VNAV_23/vnav_ws/install/mav_state_machine_msgs/include/mav_state_machine_msgs/mav_state_machine_msgs/msg/detail/start_stop_task__type_support.hpp\n'}
[0.932267] (mav_state_machine_msgs) StdoutLine: {'line': b'-- Up-to-date: /home/aimane/humble_ws/src/VNAV_23/vnav_ws/install/mav_state_machine_msgs/include/mav_state_machine_msgs/mav_state_machine_msgs/msg/start_stop_task.hpp\n'}
[0.932673] (mav_state_machine_msgs) StdoutLine: {'line': b'-- Up-to-date: /home/aimane/humble_ws/src/VNAV_23/vnav_ws/install/mav_state_machine_msgs/include/mav_state_machine_msgs/mav_state_machine_msgs/msg/rosidl_generator_cpp__visibility_control.hpp\n'}
[0.933070] (mav_state_machine_msgs) StdoutLine: {'line': b'-- Up-to-date: /home/aimane/humble_ws/src/VNAV_23/vnav_ws/install/mav_state_machine_msgs/include/mav_state_machine_msgs/mav_state_machine_msgs/srv\n'}
[0.933232] (mav_state_machine_msgs) StdoutLine: {'line': b'-- Up-to-date: /home/aimane/humble_ws/src/VNAV_23/vnav_ws/install/mav_state_machine_msgs/include/mav_state_machine_msgs/mav_state_machine_msgs/srv/detail\n'}
[0.933486] (mav_state_machine_msgs) StdoutLine: {'line': b'-- Up-to-date: /home/aimane/humble_ws/src/VNAV_23/vnav_ws/install/mav_state_machine_msgs/include/mav_state_machine_msgs/mav_state_machine_msgs/srv/detail/run_task_service__traits.hpp\n'}
[0.933802] (mav_state_machine_msgs) StdoutLine: {'line': b'-- Up-to-date: /home/aimane/humble_ws/src/VNAV_23/vnav_ws/install/mav_state_machine_msgs/include/mav_state_machine_msgs/mav_state_machine_msgs/srv/detail/run_task_service__struct.hpp\n'}
[0.934388] (mav_system_msgs) StdoutLine: {'line': b'-- Install configuration: ""\n'}
[0.934999] (mav_state_machine_msgs) StdoutLine: {'line': b'-- Up-to-date: /home/aimane/humble_ws/src/VNAV_23/vnav_ws/install/mav_state_machine_msgs/include/mav_state_machine_msgs/mav_state_machine_msgs/srv/detail/run_task_service__builder.hpp\n'}
[0.935440] (mav_system_msgs) StdoutLine: {'line': b'-- Up-to-date: /home/aimane/humble_ws/src/VNAV_23/vnav_ws/install/mav_system_msgs/share/ament_index/resource_index/rosidl_interfaces/mav_system_msgs\n'}
[0.935685] (mav_system_msgs) StdoutLine: {'line': b'-- Up-to-date: /home/aimane/humble_ws/src/VNAV_23/vnav_ws/install/mav_system_msgs/include/mav_system_msgs/mav_system_msgs\n'}
[0.935924] (mav_state_machine_msgs) StdoutLine: {'line': b'-- Up-to-date: /home/aimane/humble_ws/src/VNAV_23/vnav_ws/install/mav_state_machine_msgs/include/mav_state_machine_msgs/mav_state_machine_msgs/srv/detail/run_task_service__type_support.hpp\n'}
[0.936078] (mav_state_machine_msgs) StdoutLine: {'line': b'-- Up-to-date: /home/aimane/humble_ws/src/VNAV_23/vnav_ws/install/mav_state_machine_msgs/include/mav_state_machine_msgs/mav_state_machine_msgs/srv/run_task_service.hpp\n'}
[0.936342] (mav_state_machine_msgs) StdoutLine: {'line': b'-- Up-to-date: /home/aimane/humble_ws/src/VNAV_23/vnav_ws/install/mav_state_machine_msgs/include/mav_state_machine_msgs/mav_state_machine_msgs\n'}
[0.936589] (mav_state_machine_msgs) StdoutLine: {'line': b'-- Up-to-date: /home/aimane/humble_ws/src/VNAV_23/vnav_ws/install/mav_state_machine_msgs/include/mav_state_machine_msgs/mav_state_machine_msgs/msg\n'}
[0.936875] (mav_state_machine_msgs) StdoutLine: {'line': b'-- Up-to-date: /home/aimane/humble_ws/src/VNAV_23/vnav_ws/install/mav_state_machine_msgs/include/mav_state_machine_msgs/mav_state_machine_msgs/msg/detail\n'}
[0.937032] (mav_state_machine_msgs) StdoutLine: {'line': b'-- Up-to-date: /home/aimane/humble_ws/src/VNAV_23/vnav_ws/install/mav_state_machine_msgs/include/mav_state_machine_msgs/mav_state_machine_msgs/msg/detail/dds_fastrtps\n'}
[0.937346] (mav_state_machine_msgs) StdoutLine: {'line': b'-- Up-to-date: /home/aimane/humble_ws/src/VNAV_23/vnav_ws/install/mav_state_machine_msgs/include/mav_state_machine_msgs/mav_state_machine_msgs/msg/detail/start_stop_task__rosidl_typesupport_fastrtps_cpp.hpp\n'}
[0.937526] (mav_system_msgs) StdoutLine: {'line': b'-- Up-to-date: /home/aimane/humble_ws/src/VNAV_23/vnav_ws/install/mav_system_msgs/include/mav_system_msgs/mav_system_msgs/msg\n'}
[0.937965] (mav_system_msgs) StdoutLine: {'line': b'-- Up-to-date: /home/aimane/humble_ws/src/VNAV_23/vnav_ws/install/mav_system_msgs/include/mav_system_msgs/mav_system_msgs/msg/process_info.h\n'}
[0.938439] (mav_system_msgs) StdoutLine: {'line': b'-- Up-to-date: /home/aimane/humble_ws/src/VNAV_23/vnav_ws/install/mav_system_msgs/include/mav_system_msgs/mav_system_msgs/msg/detail\n'}
[0.938590] (mav_state_machine_msgs) StdoutLine: {'line': b'-- Up-to-date: /home/aimane/humble_ws/src/VNAV_23/vnav_ws/install/mav_state_machine_msgs/include/mav_state_machine_msgs/mav_state_machine_msgs/msg/rosidl_typesupport_fastrtps_cpp__visibility_control.h\n'}
[0.939884] (mav_state_machine_msgs) StdoutLine: {'line': b'-- Up-to-date: /home/aimane/humble_ws/src/VNAV_23/vnav_ws/install/mav_state_machine_msgs/include/mav_state_machine_msgs/mav_state_machine_msgs/srv\n'}
[0.940262] (mav_system_msgs) StdoutLine: {'line': b'-- Up-to-date: /home/aimane/humble_ws/src/VNAV_23/vnav_ws/install/mav_system_msgs/include/mav_system_msgs/mav_system_msgs/msg/detail/process_info__functions.h\n'}
[0.940626] (mav_system_msgs) StdoutLine: {'line': b'-- Up-to-date: /home/aimane/humble_ws/src/VNAV_23/vnav_ws/install/mav_system_msgs/include/mav_system_msgs/mav_system_msgs/msg/detail/process_info__functions.c\n'}
[0.940766] (mav_system_msgs) StdoutLine: {'line': b'-- Up-to-date: /home/aimane/humble_ws/src/VNAV_23/vnav_ws/install/mav_system_msgs/include/mav_system_msgs/mav_system_msgs/msg/detail/cpu_info__functions.c\n'}
[0.940972] (mav_system_msgs) StdoutLine: {'line': b'-- Up-to-date: /home/aimane/humble_ws/src/VNAV_23/vnav_ws/install/mav_system_msgs/include/mav_system_msgs/mav_system_msgs/msg/detail/cpu_info__struct.h\n'}
[0.941522] (mav_system_msgs) StdoutLine: {'line': b'-- Up-to-date: /home/aimane/humble_ws/src/VNAV_23/vnav_ws/install/mav_system_msgs/include/mav_system_msgs/mav_system_msgs/msg/detail/cpu_info__type_support.h\n'}
[0.941668] (mav_state_machine_msgs) StdoutLine: {'line': b'-- Up-to-date: /home/aimane/humble_ws/src/VNAV_23/vnav_ws/install/mav_state_machine_msgs/include/mav_state_machine_msgs/mav_state_machine_msgs/srv/detail\n'}
[0.942044] (mav_state_machine_msgs) StdoutLine: {'line': b'-- Up-to-date: /home/aimane/humble_ws/src/VNAV_23/vnav_ws/install/mav_state_machine_msgs/include/mav_state_machine_msgs/mav_state_machine_msgs/srv/detail/dds_fastrtps\n'}
[0.942169] (mav_system_msgs) StdoutLine: {'line': b'-- Up-to-date: /home/aimane/humble_ws/src/VNAV_23/vnav_ws/install/mav_system_msgs/include/mav_system_msgs/mav_system_msgs/msg/detail/process_info__struct.h\n'}
[0.942289] (mav_system_msgs) StdoutLine: {'line': b'-- Up-to-date: /home/aimane/humble_ws/src/VNAV_23/vnav_ws/install/mav_system_msgs/include/mav_system_msgs/mav_system_msgs/msg/detail/process_info__type_support.h\n'}
[0.942404] (mav_state_machine_msgs) StdoutLine: {'line': b'-- Up-to-date: /home/aimane/humble_ws/src/VNAV_23/vnav_ws/install/mav_state_machine_msgs/include/mav_state_machine_msgs/mav_state_machine_msgs/srv/detail/run_task_service__rosidl_typesupport_fastrtps_cpp.hpp\n'}
[0.942592] (mav_system_msgs) StdoutLine: {'line': b'-- Up-to-date: /home/aimane/humble_ws/src/VNAV_23/vnav_ws/install/mav_system_msgs/include/mav_system_msgs/mav_system_msgs/msg/detail/cpu_info__functions.h\n'}
[0.942711] (mav_system_msgs) StdoutLine: {'line': b'-- Up-to-date: /home/aimane/humble_ws/src/VNAV_23/vnav_ws/install/mav_system_msgs/include/mav_system_msgs/mav_system_msgs/msg/cpu_info.h\n'}
[0.942920] (mav_system_msgs) StdoutLine: {'line': b'-- Up-to-date: /home/aimane/humble_ws/src/VNAV_23/vnav_ws/install/mav_system_msgs/include/mav_system_msgs/mav_system_msgs/msg/rosidl_generator_c__visibility_control.h\n'}
[0.943038] (mav_system_msgs) StdoutLine: {'line': b'-- Up-to-date: /home/aimane/humble_ws/src/VNAV_23/vnav_ws/install/mav_system_msgs/share/mav_system_msgs/environment/library_path.sh\n'}
[0.943151] (mav_system_msgs) StdoutLine: {'line': b'-- Up-to-date: /home/aimane/humble_ws/src/VNAV_23/vnav_ws/install/mav_system_msgs/share/mav_system_msgs/environment/library_path.dsv\n'}
[0.943259] (mav_state_machine_msgs) StdoutLine: {'line': b'-- Up-to-date: /home/aimane/humble_ws/src/VNAV_23/vnav_ws/install/mav_state_machine_msgs/lib/libmav_state_machine_msgs__rosidl_typesupport_fastrtps_cpp.so\n'}
[0.943372] (mav_system_msgs) StdoutLine: {'line': b'-- Up-to-date: /home/aimane/humble_ws/src/VNAV_23/vnav_ws/install/mav_system_msgs/lib/libmav_system_msgs__rosidl_generator_c.so\n'}
[0.943499] (mav_state_machine_msgs) StdoutLine: {'line': b'-- Up-to-date: /home/aimane/humble_ws/src/VNAV_23/vnav_ws/install/mav_state_machine_msgs/include/mav_state_machine_msgs/mav_state_machine_msgs\n'}
[0.943616] (mav_state_machine_msgs) StdoutLine: {'line': b'-- Up-to-date: /home/aimane/humble_ws/src/VNAV_23/vnav_ws/install/mav_state_machine_msgs/include/mav_state_machine_msgs/mav_state_machine_msgs/msg\n'}
[0.943758] (mav_state_machine_msgs) StdoutLine: {'line': b'-- Up-to-date: /home/aimane/humble_ws/src/VNAV_23/vnav_ws/install/mav_state_machine_msgs/include/mav_state_machine_msgs/mav_state_machine_msgs/msg/rosidl_typesupport_introspection_c__visibility_control.h\n'}
[0.943889] (mav_state_machine_msgs) StdoutLine: {'line': b'-- Up-to-date: /home/aimane/humble_ws/src/VNAV_23/vnav_ws/install/mav_state_machine_msgs/include/mav_state_machine_msgs/mav_state_machine_msgs/msg/detail\n'}
[0.944006] (mav_state_machine_msgs) StdoutLine: {'line': b'-- Up-to-date: /home/aimane/humble_ws/src/VNAV_23/vnav_ws/install/mav_state_machine_msgs/include/mav_state_machine_msgs/mav_state_machine_msgs/msg/detail/start_stop_task__rosidl_typesupport_introspection_c.h\n'}
[0.944129] (mav_system_msgs) StdoutLine: {'line': b'-- Up-to-date: /home/aimane/humble_ws/src/VNAV_23/vnav_ws/install/mav_system_msgs/include/mav_system_msgs/mav_system_msgs\n'}
[0.944255] (mav_system_msgs) StdoutLine: {'line': b'-- Up-to-date: /home/aimane/humble_ws/src/VNAV_23/vnav_ws/install/mav_system_msgs/include/mav_system_msgs/mav_system_msgs/msg\n'}
[0.944377] (mav_system_msgs) StdoutLine: {'line': b'-- Up-to-date: /home/aimane/humble_ws/src/VNAV_23/vnav_ws/install/mav_system_msgs/include/mav_system_msgs/mav_system_msgs/msg/detail\n'}
[0.944499] (mav_system_msgs) StdoutLine: {'line': b'-- Up-to-date: /home/aimane/humble_ws/src/VNAV_23/vnav_ws/install/mav_system_msgs/include/mav_system_msgs/mav_system_msgs/msg/detail/process_info__rosidl_typesupport_fastrtps_c.h\n'}
[0.944618] (mav_system_msgs) StdoutLine: {'line': b'-- Up-to-date: /home/aimane/humble_ws/src/VNAV_23/vnav_ws/install/mav_system_msgs/include/mav_system_msgs/mav_system_msgs/msg/detail/cpu_info__rosidl_typesupport_fastrtps_c.h\n'}
[0.944740] (mav_state_machine_msgs) StdoutLine: {'line': b'-- Up-to-date: /home/aimane/humble_ws/src/VNAV_23/vnav_ws/install/mav_state_machine_msgs/include/mav_state_machine_msgs/mav_state_machine_msgs/msg/detail/start_stop_task__type_support.c\n'}
[0.945395] (mav_state_machine_msgs) StdoutLine: {'line': b'-- Up-to-date: /home/aimane/humble_ws/src/VNAV_23/vnav_ws/install/mav_state_machine_msgs/include/mav_state_machine_msgs/mav_state_machine_msgs/srv\n'}
[0.945573] (mav_state_machine_msgs) StdoutLine: {'line': b'-- Up-to-date: /home/aimane/humble_ws/src/VNAV_23/vnav_ws/install/mav_state_machine_msgs/include/mav_state_machine_msgs/mav_state_machine_msgs/srv/detail\n'}
[0.945693] (mav_state_machine_msgs) StdoutLine: {'line': b'-- Up-to-date: /home/aimane/humble_ws/src/VNAV_23/vnav_ws/install/mav_state_machine_msgs/include/mav_state_machine_msgs/mav_state_machine_msgs/srv/detail/run_task_service__rosidl_typesupport_introspection_c.h\n'}
[0.945842] (mav_system_msgs) StdoutLine: {'line': b'-- Up-to-date: /home/aimane/humble_ws/src/VNAV_23/vnav_ws/install/mav_system_msgs/include/mav_system_msgs/mav_system_msgs/msg/rosidl_typesupport_fastrtps_c__visibility_control.h\n'}
[0.946218] (mav_state_machine_msgs) StdoutLine: {'line': b'-- Up-to-date: /home/aimane/humble_ws/src/VNAV_23/vnav_ws/install/mav_state_machine_msgs/include/mav_state_machine_msgs/mav_state_machine_msgs/srv/detail/run_task_service__type_support.c\n'}
[0.946352] (mav_system_msgs) StdoutLine: {'line': b'-- Up-to-date: /home/aimane/humble_ws/src/VNAV_23/vnav_ws/install/mav_system_msgs/lib/libmav_system_msgs__rosidl_typesupport_fastrtps_c.so\n'}
[0.946473] (mav_state_machine_msgs) StdoutLine: {'line': b'-- Up-to-date: /home/aimane/humble_ws/src/VNAV_23/vnav_ws/install/mav_state_machine_msgs/lib/libmav_state_machine_msgs__rosidl_typesupport_introspection_c.so\n'}
[0.946591] (mav_system_msgs) StdoutLine: {'line': b'-- Up-to-date: /home/aimane/humble_ws/src/VNAV_23/vnav_ws/install/mav_system_msgs/include/mav_system_msgs/mav_system_msgs\n'}
[0.946707] (mav_system_msgs) StdoutLine: {'line': b'-- Up-to-date: /home/aimane/humble_ws/src/VNAV_23/vnav_ws/install/mav_system_msgs/include/mav_system_msgs/mav_system_msgs/msg\n'}
[0.946958] (mav_state_machine_msgs) StdoutLine: {'line': b'-- Up-to-date: /home/aimane/humble_ws/src/VNAV_23/vnav_ws/install/mav_state_machine_msgs/lib/libmav_state_machine_msgs__rosidl_typesupport_c.so\n'}
[0.947081] (mav_system_msgs) StdoutLine: {'line': b'-- Up-to-date: /home/aimane/humble_ws/src/VNAV_23/vnav_ws/install/mav_system_msgs/include/mav_system_msgs/mav_system_msgs/msg/process_info.hpp\n'}
[0.947193] (mav_system_msgs) StdoutLine: {'line': b'-- Up-to-date: /home/aimane/humble_ws/src/VNAV_23/vnav_ws/install/mav_system_msgs/include/mav_system_msgs/mav_system_msgs/msg/detail\n'}
[0.947299] (mav_system_msgs) StdoutLine: {'line': b'-- Up-to-date: /home/aimane/humble_ws/src/VNAV_23/vnav_ws/install/mav_system_msgs/include/mav_system_msgs/mav_system_msgs/msg/detail/process_info__traits.hpp\n'}
[0.947405] (mav_system_msgs) StdoutLine: {'line': b'-- Up-to-date: /home/aimane/humble_ws/src/VNAV_23/vnav_ws/install/mav_system_msgs/include/mav_system_msgs/mav_system_msgs/msg/detail/cpu_info__traits.hpp\n'}
[0.947510] (mav_system_msgs) StdoutLine: {'line': b'-- Up-to-date: /home/aimane/humble_ws/src/VNAV_23/vnav_ws/install/mav_system_msgs/include/mav_system_msgs/mav_system_msgs/msg/detail/cpu_info__builder.hpp\n'}
[0.947617] (mav_msgs) StdoutLine: {'line': b'-- Install configuration: ""\n'}
[0.947768] (mav_system_msgs) StdoutLine: {'line': b'-- Up-to-date: /home/aimane/humble_ws/src/VNAV_23/vnav_ws/install/mav_system_msgs/include/mav_system_msgs/mav_system_msgs/msg/detail/process_info__struct.hpp\n'}
[0.947920] (mav_system_msgs) StdoutLine: {'line': b'-- Up-to-date: /home/aimane/humble_ws/src/VNAV_23/vnav_ws/install/mav_system_msgs/include/mav_system_msgs/mav_system_msgs/msg/detail/process_info__builder.hpp\n'}
[0.948028] (mav_system_msgs) StdoutLine: {'line': b'-- Up-to-date: /home/aimane/humble_ws/src/VNAV_23/vnav_ws/install/mav_system_msgs/include/mav_system_msgs/mav_system_msgs/msg/detail/process_info__type_support.hpp\n'}
[0.948134] (mav_system_msgs) StdoutLine: {'line': b'-- Up-to-date: /home/aimane/humble_ws/src/VNAV_23/vnav_ws/install/mav_system_msgs/include/mav_system_msgs/mav_system_msgs/msg/detail/cpu_info__type_support.hpp\n'}
[0.948239] (mav_msgs) StdoutLine: {'line': b'-- Up-to-date: /home/aimane/humble_ws/src/VNAV_23/vnav_ws/install/mav_msgs/share/ament_index/resource_index/rosidl_interfaces/mav_msgs\n'}
[0.948481] (mav_state_machine_msgs) StdoutLine: {'line': b'-- Up-to-date: /home/aimane/humble_ws/src/VNAV_23/vnav_ws/install/mav_state_machine_msgs/include/mav_state_machine_msgs/mav_state_machine_msgs\n'}
[0.948624] (mav_state_machine_msgs) StdoutLine: {'line': b'-- Up-to-date: /home/aimane/humble_ws/src/VNAV_23/vnav_ws/install/mav_state_machine_msgs/include/mav_state_machine_msgs/mav_state_machine_msgs/msg\n'}
[0.948741] (mav_state_machine_msgs) StdoutLine: {'line': b'-- Up-to-date: /home/aimane/humble_ws/src/VNAV_23/vnav_ws/install/mav_state_machine_msgs/include/mav_state_machine_msgs/mav_state_machine_msgs/msg/detail\n'}
[0.948921] (mav_state_machine_msgs) StdoutLine: {'line': b'-- Up-to-date: /home/aimane/humble_ws/src/VNAV_23/vnav_ws/install/mav_state_machine_msgs/include/mav_state_machine_msgs/mav_state_machine_msgs/msg/detail/start_stop_task__rosidl_typesupport_introspection_cpp.hpp\n'}
[0.948994] (mav_system_msgs) StdoutLine: {'line': b'-- Up-to-date: /home/aimane/humble_ws/src/VNAV_23/vnav_ws/install/mav_system_msgs/include/mav_system_msgs/mav_system_msgs/msg/detail/cpu_info__struct.hpp\n'}
[0.949065] (mav_system_msgs) StdoutLine: {'line': b'-- Up-to-date: /home/aimane/humble_ws/src/VNAV_23/vnav_ws/install/mav_system_msgs/include/mav_system_msgs/mav_system_msgs/msg/cpu_info.hpp\n'}
[0.949130] (mav_system_msgs) StdoutLine: {'line': b'-- Up-to-date: /home/aimane/humble_ws/src/VNAV_23/vnav_ws/install/mav_system_msgs/include/mav_system_msgs/mav_system_msgs/msg/rosidl_generator_cpp__visibility_control.hpp\n'}
[0.949194] (mav_state_machine_msgs) StdoutLine: {'line': b'-- Up-to-date: /home/aimane/humble_ws/src/VNAV_23/vnav_ws/install/mav_state_machine_msgs/include/mav_state_machine_msgs/mav_state_machine_msgs/msg/detail/start_stop_task__type_support.cpp\n'}
[0.949259] (mav_msgs) StdoutLine: {'line': b'-- Up-to-date: /home/aimane/humble_ws/src/VNAV_23/vnav_ws/install/mav_msgs/include/mav_msgs/mav_msgs\n'}
[0.949362] (mav_msgs) StdoutLine: {'line': b'-- Up-to-date: /home/aimane/humble_ws/src/VNAV_23/vnav_ws/install/mav_msgs/include/mav_msgs/mav_msgs/msg\n'}
[0.949428] (mav_msgs) StdoutLine: {'line': b'-- Up-to-date: /home/aimane/humble_ws/src/VNAV_23/vnav_ws/install/mav_msgs/include/mav_msgs/mav_msgs/msg/actuators.h\n'}
[0.949492] (mav_msgs) StdoutLine: {'line': b'-- Up-to-date: /home/aimane/humble_ws/src/VNAV_23/vnav_ws/install/mav_msgs/include/mav_msgs/mav_msgs/msg/detail\n'}
[0.949554] (mav_state_machine_msgs) StdoutLine: {'line': b'-- Up-to-date: /home/aimane/humble_ws/src/VNAV_23/vnav_ws/install/mav_state_machine_msgs/include/mav_state_machine_msgs/mav_state_machine_msgs/srv\n'}
[0.949618] (mav_state_machine_msgs) StdoutLine: {'line': b'-- Up-to-date: /home/aimane/humble_ws/src/VNAV_23/vnav_ws/install/mav_state_machine_msgs/include/mav_state_machine_msgs/mav_state_machine_msgs/srv/detail\n'}
[0.949681] (mav_system_msgs) StdoutLine: {'line': b'-- Up-to-date: /home/aimane/humble_ws/src/VNAV_23/vnav_ws/install/mav_system_msgs/include/mav_system_msgs/mav_system_msgs\n'}
[0.949744] (mav_system_msgs) StdoutLine: {'line': b'-- Up-to-date: /home/aimane/humble_ws/src/VNAV_23/vnav_ws/install/mav_system_msgs/include/mav_system_msgs/mav_system_msgs/msg\n'}
[0.949828] (mav_system_msgs) StdoutLine: {'line': b'-- Up-to-date: /home/aimane/humble_ws/src/VNAV_23/vnav_ws/install/mav_system_msgs/include/mav_system_msgs/mav_system_msgs/msg/detail\n'}
[0.949902] (mav_state_machine_msgs) StdoutLine: {'line': b'-- Up-to-date: /home/aimane/humble_ws/src/VNAV_23/vnav_ws/install/mav_state_machine_msgs/include/mav_state_machine_msgs/mav_state_machine_msgs/srv/detail/run_task_service__rosidl_typesupport_introspection_cpp.hpp\n'}
[0.949972] (mav_state_machine_msgs) StdoutLine: {'line': b'-- Up-to-date: /home/aimane/humble_ws/src/VNAV_23/vnav_ws/install/mav_state_machine_msgs/include/mav_state_machine_msgs/mav_state_machine_msgs/srv/detail/run_task_service__type_support.cpp\n'}
[0.950037] (mav_system_msgs) StdoutLine: {'line': b'-- Up-to-date: /home/aimane/humble_ws/src/VNAV_23/vnav_ws/install/mav_system_msgs/include/mav_system_msgs/mav_system_msgs/msg/detail/dds_fastrtps\n'}
[0.950346] (mav_system_msgs) StdoutLine: {'line': b'-- Up-to-date: /home/aimane/humble_ws/src/VNAV_23/vnav_ws/install/mav_system_msgs/include/mav_system_msgs/mav_system_msgs/msg/detail/process_info__rosidl_typesupport_fastrtps_cpp.hpp\n'}
[0.950482] (mav_system_msgs) StdoutLine: {'line': b'-- Up-to-date: /home/aimane/humble_ws/src/VNAV_23/vnav_ws/install/mav_system_msgs/include/mav_system_msgs/mav_system_msgs/msg/detail/cpu_info__rosidl_typesupport_fastrtps_cpp.hpp\n'}
[0.950593] (mav_system_msgs) StdoutLine: {'line': b'-- Up-to-date: /home/aimane/humble_ws/src/VNAV_23/vnav_ws/install/mav_system_msgs/include/mav_system_msgs/mav_system_msgs/msg/rosidl_typesupport_fastrtps_cpp__visibility_control.h\n'}
[0.950700] (mav_msgs) StdoutLine: {'line': b'-- Up-to-date: /home/aimane/humble_ws/src/VNAV_23/vnav_ws/install/mav_msgs/include/mav_msgs/mav_msgs/msg/detail/attitude_thrust__struct.h\n'}
[0.950832] (mav_msgs) StdoutLine: {'line': b'-- Up-to-date: /home/aimane/humble_ws/src/VNAV_23/vnav_ws/install/mav_msgs/include/mav_msgs/mav_msgs/msg/detail/roll_pitch_yawrate_thrust__functions.h\n'}
[0.950949] (mav_state_machine_msgs) StdoutLine: {'line': b'-- Up-to-date: /home/aimane/humble_ws/src/VNAV_23/vnav_ws/install/mav_state_machine_msgs/lib/libmav_state_machine_msgs__rosidl_typesupport_introspection_cpp.so\n'}
[0.951063] (mav_msgs) StdoutLine: {'line': b'-- Up-to-date: /home/aimane/humble_ws/src/VNAV_23/vnav_ws/install/mav_msgs/include/mav_msgs/mav_msgs/msg/detail/rate_thrust__struct.h\n'}
[0.951169] (mav_msgs) StdoutLine: {'line': b'-- Up-to-date: /home/aimane/humble_ws/src/VNAV_23/vnav_ws/install/mav_msgs/include/mav_msgs/mav_msgs/msg/detail/filtered_sensor_data__type_support.h\n'}
[0.951275] (mav_msgs) StdoutLine: {'line': b'-- Up-to-date: /home/aimane/humble_ws/src/VNAV_23/vnav_ws/install/mav_msgs/include/mav_msgs/mav_msgs/msg/detail/roll_pitch_yawrate_thrust__type_support.h\n'}
[0.951381] (mav_msgs) StdoutLine: {'line': b'-- Up-to-date: /home/aimane/humble_ws/src/VNAV_23/vnav_ws/install/mav_msgs/include/mav_msgs/mav_msgs/msg/detail/actuators__functions.h\n'}
[0.951486] (mav_msgs) StdoutLine: {'line': b'-- Up-to-date: /home/aimane/humble_ws/src/VNAV_23/vnav_ws/install/mav_msgs/include/mav_msgs/mav_msgs/msg/detail/rate_thrust__functions.c\n'}
[0.951591] (mav_msgs) StdoutLine: {'line': b'-- Up-to-date: /home/aimane/humble_ws/src/VNAV_23/vnav_ws/install/mav_msgs/include/mav_msgs/mav_msgs/msg/detail/roll_pitch_yawrate_thrust__struct.h\n'}
[0.951697] (mav_msgs) StdoutLine: {'line': b'-- Up-to-date: /home/aimane/humble_ws/src/VNAV_23/vnav_ws/install/mav_msgs/include/mav_msgs/mav_msgs/msg/detail/status__functions.c\n'}
[0.951828] (mav_msgs) StdoutLine: {'line': b'-- Up-to-date: /home/aimane/humble_ws/src/VNAV_23/vnav_ws/install/mav_msgs/include/mav_msgs/mav_msgs/msg/detail/attitude_thrust__type_support.h\n'}
[0.952003] (mav_msgs) StdoutLine: {'line': b'-- Up-to-date: /home/aimane/humble_ws/src/VNAV_23/vnav_ws/install/mav_msgs/include/mav_msgs/mav_msgs/msg/detail/filtered_sensor_data__functions.c\n'}
[0.952120] (mav_msgs) StdoutLine: {'line': b'-- Up-to-date: /home/aimane/humble_ws/src/VNAV_23/vnav_ws/install/mav_msgs/include/mav_msgs/mav_msgs/msg/detail/actuators__type_support.h\n'}
[0.952226] (mav_msgs) StdoutLine: {'line': b'-- Up-to-date: /home/aimane/humble_ws/src/VNAV_23/vnav_ws/install/mav_msgs/include/mav_msgs/mav_msgs/msg/detail/status__type_support.h\n'}
[0.952331] (mav_msgs) StdoutLine: {'line': b'-- Up-to-date: /home/aimane/humble_ws/src/VNAV_23/vnav_ws/install/mav_msgs/include/mav_msgs/mav_msgs/msg/detail/actuators__struct.h\n'}
[0.952436] (mav_system_msgs) StdoutLine: {'line': b'-- Up-to-date: /home/aimane/humble_ws/src/VNAV_23/vnav_ws/install/mav_system_msgs/lib/libmav_system_msgs__rosidl_typesupport_fastrtps_cpp.so\n'}
[0.952599] (mav_msgs) StdoutLine: {'line': b'-- Up-to-date: /home/aimane/humble_ws/src/VNAV_23/vnav_ws/install/mav_msgs/include/mav_msgs/mav_msgs/msg/detail/attitude_thrust__functions.h\n'}
[0.952733] (mav_msgs) StdoutLine: {'line': b'-- Up-to-date: /home/aimane/humble_ws/src/VNAV_23/vnav_ws/install/mav_msgs/include/mav_msgs/mav_msgs/msg/detail/gps_waypoint__type_support.h\n'}
[0.952844] (mav_msgs) StdoutLine: {'line': b'-- Up-to-date: /home/aimane/humble_ws/src/VNAV_23/vnav_ws/install/mav_msgs/include/mav_msgs/mav_msgs/msg/detail/torque_thrust__type_support.h\n'}
[0.953009] (mav_msgs) StdoutLine: {'line': b'-- Up-to-date: /home/aimane/humble_ws/src/VNAV_23/vnav_ws/install/mav_msgs/include/mav_msgs/mav_msgs/msg/detail/gps_waypoint__struct.h\n'}
[0.953077] (mav_msgs) StdoutLine: {'line': b'-- Up-to-date: /home/aimane/humble_ws/src/VNAV_23/vnav_ws/install/mav_msgs/include/mav_msgs/mav_msgs/msg/detail/rate_thrust__functions.h\n'}
[0.953142] (mav_msgs) StdoutLine: {'line': b'-- Up-to-date: /home/aimane/humble_ws/src/VNAV_23/vnav_ws/install/mav_msgs/include/mav_msgs/mav_msgs/msg/detail/status__functions.h\n'}
[0.953205] (mav_msgs) StdoutLine: {'line': b'-- Up-to-date: /home/aimane/humble_ws/src/VNAV_23/vnav_ws/install/mav_msgs/include/mav_msgs/mav_msgs/msg/detail/roll_pitch_yawrate_thrust__functions.c\n'}
[0.953268] (mav_msgs) StdoutLine: {'line': b'-- Up-to-date: /home/aimane/humble_ws/src/VNAV_23/vnav_ws/install/mav_msgs/include/mav_msgs/mav_msgs/msg/detail/attitude_thrust__functions.c\n'}
[0.953332] (mav_msgs) StdoutLine: {'line': b'-- Up-to-date: /home/aimane/humble_ws/src/VNAV_23/vnav_ws/install/mav_msgs/include/mav_msgs/mav_msgs/msg/detail/gps_waypoint__functions.c\n'}
[0.953395] (mav_msgs) StdoutLine: {'line': b'-- Up-to-date: /home/aimane/humble_ws/src/VNAV_23/vnav_ws/install/mav_msgs/include/mav_msgs/mav_msgs/msg/detail/torque_thrust__functions.c\n'}
[0.953459] (mav_msgs) StdoutLine: {'line': b'-- Up-to-date: /home/aimane/humble_ws/src/VNAV_23/vnav_ws/install/mav_msgs/include/mav_msgs/mav_msgs/msg/detail/torque_thrust__functions.h\n'}
[0.953522] (mav_state_machine_msgs) StdoutLine: {'line': b'-- Up-to-date: /home/aimane/humble_ws/src/VNAV_23/vnav_ws/install/mav_state_machine_msgs/lib/libmav_state_machine_msgs__rosidl_typesupport_cpp.so\n'}
[0.953625] (mav_state_machine_msgs) StdoutLine: {'line': b'-- Up-to-date: /home/aimane/humble_ws/src/VNAV_23/vnav_ws/install/mav_state_machine_msgs/share/mav_state_machine_msgs/msg/StartStopTask.idl\n'}
[0.953689] (mav_state_machine_msgs) StdoutLine: {'line': b'-- Up-to-date: /home/aimane/humble_ws/src/VNAV_23/vnav_ws/install/mav_state_machine_msgs/share/mav_state_machine_msgs/srv/RunTaskService.idl\n'}
[0.953752] (mav_state_machine_msgs) StdoutLine: {'line': b'-- Up-to-date: /home/aimane/humble_ws/src/VNAV_23/vnav_ws/install/mav_state_machine_msgs/share/mav_state_machine_msgs/msg/StartStopTask.msg\n'}
[0.953834] (mav_state_machine_msgs) StdoutLine: {'line': b'-- Up-to-date: /home/aimane/humble_ws/src/VNAV_23/vnav_ws/install/mav_state_machine_msgs/share/mav_state_machine_msgs/srv/RunTaskService.srv\n'}
[0.953902] (mav_system_msgs) StdoutLine: {'line': b'-- Up-to-date: /home/aimane/humble_ws/src/VNAV_23/vnav_ws/install/mav_system_msgs/include/mav_system_msgs/mav_system_msgs\n'}
[0.954003] (mav_system_msgs) StdoutLine: {'line': b'-- Up-to-date: /home/aimane/humble_ws/src/VNAV_23/vnav_ws/install/mav_system_msgs/include/mav_system_msgs/mav_system_msgs/msg\n'}
[0.954070] (mav_system_msgs) StdoutLine: {'line': b'-- Up-to-date: /home/aimane/humble_ws/src/VNAV_23/vnav_ws/install/mav_system_msgs/include/mav_system_msgs/mav_system_msgs/msg/rosidl_typesupport_introspection_c__visibility_control.h\n'}
[0.954135] (mav_state_machine_msgs) StdoutLine: {'line': b'-- Up-to-date: /home/aimane/humble_ws/src/VNAV_23/vnav_ws/install/mav_state_machine_msgs/share/mav_state_machine_msgs/srv/RunTaskService_Request.msg\n'}
[0.954198] (tesse_msgs) StdoutLine: {'line': b'running egg_info\n'}
[0.954269] (mav_msgs) StdoutLine: {'line': b'-- Up-to-date: /home/aimane/humble_ws/src/VNAV_23/vnav_ws/install/mav_msgs/include/mav_msgs/mav_msgs/msg/detail/gps_waypoint__functions.h\n'}
[0.954377] (mav_state_machine_msgs) StdoutLine: {'line': b'-- Up-to-date: /home/aimane/humble_ws/src/VNAV_23/vnav_ws/install/mav_state_machine_msgs/share/mav_state_machine_msgs/srv/RunTaskService_Response.msg\n'}
[0.954554] (mav_state_machine_msgs) StdoutLine: {'line': b'-- Up-to-date: /home/aimane/humble_ws/src/VNAV_23/vnav_ws/install/mav_state_machine_msgs/share/ament_index/resource_index/package_run_dependencies/mav_state_machine_msgs\n'}
[0.954623] (mav_state_machine_msgs) StdoutLine: {'line': b'-- Up-to-date: /home/aimane/humble_ws/src/VNAV_23/vnav_ws/install/mav_state_machine_msgs/share/ament_index/resource_index/parent_prefix_path/mav_state_machine_msgs\n'}
[0.954687] (mav_system_msgs) StdoutLine: {'line': b'-- Up-to-date: /home/aimane/humble_ws/src/VNAV_23/vnav_ws/install/mav_system_msgs/include/mav_system_msgs/mav_system_msgs/msg/detail\n'}
[0.954752] (mav_system_msgs) StdoutLine: {'line': b'-- Up-to-date: /home/aimane/humble_ws/src/VNAV_23/vnav_ws/install/mav_system_msgs/include/mav_system_msgs/mav_system_msgs/msg/detail/process_info__type_support.c\n'}
[0.954897] (mav_system_msgs) StdoutLine: {'line': b'-- Up-to-date: /home/aimane/humble_ws/src/VNAV_23/vnav_ws/install/mav_system_msgs/include/mav_system_msgs/mav_system_msgs/msg/detail/cpu_info__rosidl_typesupport_introspection_c.h\n'}
[0.954966] (mav_system_msgs) StdoutLine: {'line': b'-- Up-to-date: /home/aimane/humble_ws/src/VNAV_23/vnav_ws/install/mav_system_msgs/include/mav_system_msgs/mav_system_msgs/msg/detail/cpu_info__type_support.c\n'}
[0.955029] (mav_system_msgs) StdoutLine: {'line': b'-- Up-to-date: /home/aimane/humble_ws/src/VNAV_23/vnav_ws/install/mav_system_msgs/include/mav_system_msgs/mav_system_msgs/msg/detail/process_info__rosidl_typesupport_introspection_c.h\n'}
[0.955092] (mav_msgs) StdoutLine: {'line': b'-- Up-to-date: /home/aimane/humble_ws/src/VNAV_23/vnav_ws/install/mav_msgs/include/mav_msgs/mav_msgs/msg/detail/rate_thrust__type_support.h\n'}
[0.955167] (mav_msgs) StdoutLine: {'line': b'-- Up-to-date: /home/aimane/humble_ws/src/VNAV_23/vnav_ws/install/mav_msgs/include/mav_msgs/mav_msgs/msg/detail/filtered_sensor_data__struct.h\n'}
[0.955231] (mav_msgs) StdoutLine: {'line': b'-- Up-to-date: /home/aimane/humble_ws/src/VNAV_23/vnav_ws/install/mav_msgs/include/mav_msgs/mav_msgs/msg/detail/status__struct.h\n'}
[0.955293] (mav_msgs) StdoutLine: {'line': b'-- Up-to-date: /home/aimane/humble_ws/src/VNAV_23/vnav_ws/install/mav_msgs/include/mav_msgs/mav_msgs/msg/detail/torque_thrust__struct.h\n'}
[0.955356] (mav_msgs) StdoutLine: {'line': b'-- Up-to-date: /home/aimane/humble_ws/src/VNAV_23/vnav_ws/install/mav_msgs/include/mav_msgs/mav_msgs/msg/detail/actuators__functions.c\n'}
[0.955418] (mav_msgs) StdoutLine: {'line': b'-- Up-to-date: /home/aimane/humble_ws/src/VNAV_23/vnav_ws/install/mav_msgs/include/mav_msgs/mav_msgs/msg/detail/filtered_sensor_data__functions.h\n'}
[0.955480] (mav_msgs) StdoutLine: {'line': b'-- Up-to-date: /home/aimane/humble_ws/src/VNAV_23/vnav_ws/install/mav_msgs/include/mav_msgs/mav_msgs/msg/filtered_sensor_data.h\n'}
[0.955543] (mav_msgs) StdoutLine: {'line': b'-- Up-to-date: /home/aimane/humble_ws/src/VNAV_23/vnav_ws/install/mav_msgs/include/mav_msgs/mav_msgs/msg/torque_thrust.h\n'}
[0.955608] (mav_msgs) StdoutLine: {'line': b'-- Up-to-date: /home/aimane/humble_ws/src/VNAV_23/vnav_ws/install/mav_msgs/include/mav_msgs/mav_msgs/msg/rate_thrust.h\n'}
[0.955671] (mav_msgs) StdoutLine: {'line': b'-- Up-to-date: /home/aimane/humble_ws/src/VNAV_23/vnav_ws/install/mav_msgs/include/mav_msgs/mav_msgs/msg/gps_waypoint.h\n'}
[0.955733] (mav_msgs) StdoutLine: {'line': b'-- Up-to-date: /home/aimane/humble_ws/src/VNAV_23/vnav_ws/install/mav_msgs/include/mav_msgs/mav_msgs/msg/status.h\n'}
[0.955807] (tesse_msgs) StdoutLine: {'line': b'writing tesse_msgs.egg-info/PKG-INFO\n'}
[0.955895] (mav_state_machine_msgs) StdoutLine: {'line': b'-- Up-to-date: /home/aimane/humble_ws/src/VNAV_23/vnav_ws/install/mav_state_machine_msgs/share/mav_state_machine_msgs/environment/ament_prefix_path.sh\n'}
[0.956015] (mav_system_msgs) StdoutLine: {'line': b'-- Up-to-date: /home/aimane/humble_ws/src/VNAV_23/vnav_ws/install/mav_system_msgs/lib/libmav_system_msgs__rosidl_typesupport_introspection_c.so\n'}
[0.956182] (mav_system_msgs) StdoutLine: {'line': b'-- Up-to-date: /home/aimane/humble_ws/src/VNAV_23/vnav_ws/install/mav_system_msgs/lib/libmav_system_msgs__rosidl_typesupport_c.so\n'}
[0.956248] (mav_msgs) StdoutLine: {'line': b'-- Up-to-date: /home/aimane/humble_ws/src/VNAV_23/vnav_ws/install/mav_msgs/include/mav_msgs/mav_msgs/msg/attitude_thrust.h\n'}
[0.956354] (mav_msgs) StdoutLine: {'line': b'-- Up-to-date: /home/aimane/humble_ws/src/VNAV_23/vnav_ws/install/mav_msgs/include/mav_msgs/mav_msgs/msg/roll_pitch_yawrate_thrust.h\n'}
[0.956446] (mav_msgs) StdoutLine: {'line': b'-- Up-to-date: /home/aimane/humble_ws/src/VNAV_23/vnav_ws/install/mav_msgs/include/mav_msgs/mav_msgs/msg/rosidl_generator_c__visibility_control.h\n'}
[0.956515] (tesse_msgs) StdoutLine: {'line': b'writing dependency_links to tesse_msgs.egg-info/dependency_links.txt\n'}
[0.956582] (mav_state_machine_msgs) StdoutLine: {'line': b'-- Up-to-date: /home/aimane/humble_ws/src/VNAV_23/vnav_ws/install/mav_state_machine_msgs/share/mav_state_machine_msgs/environment/ament_prefix_path.dsv\n'}
[0.956648] (mav_state_machine_msgs) StdoutLine: {'line': b'-- Up-to-date: /home/aimane/humble_ws/src/VNAV_23/vnav_ws/install/mav_state_machine_msgs/share/mav_state_machine_msgs/environment/path.sh\n'}
[0.956713] (mav_state_machine_msgs) StdoutLine: {'line': b'-- Up-to-date: /home/aimane/humble_ws/src/VNAV_23/vnav_ws/install/mav_state_machine_msgs/share/mav_state_machine_msgs/environment/path.dsv\n'}
[0.956776] (mav_state_machine_msgs) StdoutLine: {'line': b'-- Up-to-date: /home/aimane/humble_ws/src/VNAV_23/vnav_ws/install/mav_state_machine_msgs/share/mav_state_machine_msgs/local_setup.bash\n'}
[0.956858] (mav_state_machine_msgs) StdoutLine: {'line': b'-- Up-to-date: /home/aimane/humble_ws/src/VNAV_23/vnav_ws/install/mav_state_machine_msgs/share/mav_state_machine_msgs/local_setup.sh\n'}
[0.956928] (mav_state_machine_msgs) StdoutLine: {'line': b'-- Up-to-date: /home/aimane/humble_ws/src/VNAV_23/vnav_ws/install/mav_state_machine_msgs/share/mav_state_machine_msgs/local_setup.zsh\n'}
[0.956991] (mav_state_machine_msgs) StdoutLine: {'line': b'-- Up-to-date: /home/aimane/humble_ws/src/VNAV_23/vnav_ws/install/mav_state_machine_msgs/share/mav_state_machine_msgs/local_setup.dsv\n'}
[0.957053] (mav_state_machine_msgs) StdoutLine: {'line': b'-- Installing: /home/aimane/humble_ws/src/VNAV_23/vnav_ws/install/mav_state_machine_msgs/share/mav_state_machine_msgs/package.dsv\n'}
[0.957146] (mav_system_msgs) StdoutLine: {'line': b'-- Up-to-date: /home/aimane/humble_ws/src/VNAV_23/vnav_ws/install/mav_system_msgs/include/mav_system_msgs/mav_system_msgs\n'}
[0.957447] (mav_system_msgs) StdoutLine: {'line': b'-- Up-to-date: /home/aimane/humble_ws/src/VNAV_23/vnav_ws/install/mav_system_msgs/include/mav_system_msgs/mav_system_msgs/msg\n'}
[0.957513] (mav_system_msgs) StdoutLine: {'line': b'-- Up-to-date: /home/aimane/humble_ws/src/VNAV_23/vnav_ws/install/mav_system_msgs/include/mav_system_msgs/mav_system_msgs/msg/detail\n'}
[0.957576] (tesse_msgs) StdoutLine: {'line': b'writing top-level names to tesse_msgs.egg-info/top_level.txt\n'}
[0.957685] (mav_msgs) StdoutLine: {'line': b'-- Up-to-date: /home/aimane/humble_ws/src/VNAV_23/vnav_ws/install/mav_msgs/share/mav_msgs/environment/library_path.sh\n'}
[0.957754] (mav_msgs) StdoutLine: {'line': b'-- Up-to-date: /home/aimane/humble_ws/src/VNAV_23/vnav_ws/install/mav_msgs/share/mav_msgs/environment/library_path.dsv\n'}
[0.957833] (mav_system_msgs) StdoutLine: {'line': b'-- Up-to-date: /home/aimane/humble_ws/src/VNAV_23/vnav_ws/install/mav_system_msgs/include/mav_system_msgs/mav_system_msgs/msg/detail/process_info__rosidl_typesupport_introspection_cpp.hpp\n'}
[0.957905] (mav_state_machine_msgs) StdoutLine: {'line': b'-- Up-to-date: /home/aimane/humble_ws/src/VNAV_23/vnav_ws/install/mav_state_machine_msgs/share/ament_index/resource_index/packages/mav_state_machine_msgs\n'}
[0.957976] (mav_state_machine_msgs) StdoutLine: {'line': b'-- Up-to-date: /home/aimane/humble_ws/src/VNAV_23/vnav_ws/install/mav_state_machine_msgs/share/mav_state_machine_msgs/cmake/export_mav_state_machine_msgs__rosidl_generator_cExport.cmake\n'}
[0.958086] (mav_state_machine_msgs) StdoutLine: {'line': b'-- Up-to-date: /home/aimane/humble_ws/src/VNAV_23/vnav_ws/install/mav_state_machine_msgs/share/mav_state_machine_msgs/cmake/export_mav_state_machine_msgs__rosidl_generator_cExport-noconfig.cmake\n'}
[0.958150] (mav_state_machine_msgs) StdoutLine: {'line': b'-- Up-to-date: /home/aimane/humble_ws/src/VNAV_23/vnav_ws/install/mav_state_machine_msgs/share/mav_state_machine_msgs/cmake/export_mav_state_machine_msgs__rosidl_typesupport_fastrtps_cExport.cmake\n'}
[0.958214] (mav_state_machine_msgs) StdoutLine: {'line': b'-- Up-to-date: /home/aimane/humble_ws/src/VNAV_23/vnav_ws/install/mav_state_machine_msgs/share/mav_state_machine_msgs/cmake/export_mav_state_machine_msgs__rosidl_typesupport_fastrtps_cExport-noconfig.cmake\n'}
[0.958278] (mav_system_msgs) StdoutLine: {'line': b'-- Up-to-date: /home/aimane/humble_ws/src/VNAV_23/vnav_ws/install/mav_system_msgs/include/mav_system_msgs/mav_system_msgs/msg/detail/cpu_info__rosidl_typesupport_introspection_cpp.hpp\n'}
[0.958342] (mav_system_msgs) StdoutLine: {'line': b'-- Up-to-date: /home/aimane/humble_ws/src/VNAV_23/vnav_ws/install/mav_system_msgs/include/mav_system_msgs/mav_system_msgs/msg/detail/process_info__type_support.cpp\n'}
[0.958406] (mav_system_msgs) StdoutLine: {'line': b'-- Up-to-date: /home/aimane/humble_ws/src/VNAV_23/vnav_ws/install/mav_system_msgs/include/mav_system_msgs/mav_system_msgs/msg/detail/cpu_info__type_support.cpp\n'}
[0.958469] (mav_system_msgs) StdoutLine: {'line': b'-- Up-to-date: /home/aimane/humble_ws/src/VNAV_23/vnav_ws/install/mav_system_msgs/lib/libmav_system_msgs__rosidl_typesupport_introspection_cpp.so\n'}
[0.958532] (mav_msgs) StdoutLine: {'line': b'-- Up-to-date: /home/aimane/humble_ws/src/VNAV_23/vnav_ws/install/mav_msgs/lib/libmav_msgs__rosidl_generator_c.so\n'}
[0.958636] (mav_msgs) StdoutLine: {'line': b'-- Up-to-date: /home/aimane/humble_ws/src/VNAV_23/vnav_ws/install/mav_msgs/include/mav_msgs/mav_msgs\n'}
[0.958699] (mav_msgs) StdoutLine: {'line': b'-- Up-to-date: /home/aimane/humble_ws/src/VNAV_23/vnav_ws/install/mav_msgs/include/mav_msgs/mav_msgs/msg\n'}
[0.958760] (mav_msgs) StdoutLine: {'line': b'-- Up-to-date: /home/aimane/humble_ws/src/VNAV_23/vnav_ws/install/mav_msgs/include/mav_msgs/mav_msgs/msg/detail\n'}
[0.958869] (mav_msgs) StdoutLine: {'line': b'-- Up-to-date: /home/aimane/humble_ws/src/VNAV_23/vnav_ws/install/mav_msgs/include/mav_msgs/mav_msgs/msg/detail/actuators__rosidl_typesupport_fastrtps_c.h\n'}
[0.958939] (mav_msgs) StdoutLine: {'line': b'-- Up-to-date: /home/aimane/humble_ws/src/VNAV_23/vnav_ws/install/mav_msgs/include/mav_msgs/mav_msgs/msg/detail/rate_thrust__rosidl_typesupport_fastrtps_c.h\n'}
[0.959065] (mav_msgs) StdoutLine: {'line': b'-- Up-to-date: /home/aimane/humble_ws/src/VNAV_23/vnav_ws/install/mav_msgs/include/mav_msgs/mav_msgs/msg/detail/status__rosidl_typesupport_fastrtps_c.h\n'}
[0.959131] (mav_state_machine_msgs) StdoutLine: {'line': b'-- Up-to-date: /home/aimane/humble_ws/src/VNAV_23/vnav_ws/install/mav_state_machine_msgs/share/mav_state_machine_msgs/cmake/export_mav_state_machine_msgs__rosidl_generator_cppExport.cmake\n'}
[0.959219] (mav_msgs) StdoutLine: {'line': b'-- Up-to-date: /home/aimane/humble_ws/src/VNAV_23/vnav_ws/install/mav_msgs/include/mav_msgs/mav_msgs/msg/detail/filtered_sensor_data__rosidl_typesupport_fastrtps_c.h\n'}
[0.959283] (mav_msgs) StdoutLine: {'line': b'-- Up-to-date: /home/aimane/humble_ws/src/VNAV_23/vnav_ws/install/mav_msgs/include/mav_msgs/mav_msgs/msg/detail/gps_waypoint__rosidl_typesupport_fastrtps_c.h\n'}
[0.959346] (mav_state_machine_msgs) StdoutLine: {'line': b'-- Up-to-date: /home/aimane/humble_ws/src/VNAV_23/vnav_ws/install/mav_state_machine_msgs/share/mav_state_machine_msgs/cmake/export_mav_state_machine_msgs__rosidl_typesupport_fastrtps_cppExport.cmake\n'}
[0.959410] (mav_msgs) StdoutLine: {'line': b'-- Up-to-date: /home/aimane/humble_ws/src/VNAV_23/vnav_ws/install/mav_msgs/include/mav_msgs/mav_msgs/msg/detail/roll_pitch_yawrate_thrust__rosidl_typesupport_fastrtps_c.h\n'}
[0.959501] (mav_system_msgs) StdoutLine: {'line': b'-- Up-to-date: /home/aimane/humble_ws/src/VNAV_23/vnav_ws/install/mav_system_msgs/lib/libmav_system_msgs__rosidl_typesupport_cpp.so\n'}
[0.959605] (mav_state_machine_msgs) StdoutLine: {'line': b'-- Up-to-date: /home/aimane/humble_ws/src/VNAV_23/vnav_ws/install/mav_state_machine_msgs/share/mav_state_machine_msgs/cmake/export_mav_state_machine_msgs__rosidl_typesupport_fastrtps_cppExport-noconfig.cmake\n'}
[0.959671] (mav_msgs) StdoutLine: {'line': b'-- Up-to-date: /home/aimane/humble_ws/src/VNAV_23/vnav_ws/install/mav_msgs/include/mav_msgs/mav_msgs/msg/detail/attitude_thrust__rosidl_typesupport_fastrtps_c.h\n'}
[0.959735] (mav_msgs) StdoutLine: {'line': b'-- Up-to-date: /home/aimane/humble_ws/src/VNAV_23/vnav_ws/install/mav_msgs/include/mav_msgs/mav_msgs/msg/detail/torque_thrust__rosidl_typesupport_fastrtps_c.h\n'}
[0.959811] (mav_msgs) StdoutLine: {'line': b'-- Up-to-date: /home/aimane/humble_ws/src/VNAV_23/vnav_ws/install/mav_msgs/include/mav_msgs/mav_msgs/msg/rosidl_typesupport_fastrtps_c__visibility_control.h\n'}
[0.959883] (mav_system_msgs) StdoutLine: {'line': b'-- Up-to-date: /home/aimane/humble_ws/src/VNAV_23/vnav_ws/install/mav_system_msgs/share/mav_system_msgs/msg/CpuInfo.idl\n'}
[0.959952] (mav_system_msgs) StdoutLine: {'line': b'-- Up-to-date: /home/aimane/humble_ws/src/VNAV_23/vnav_ws/install/mav_system_msgs/share/mav_system_msgs/msg/ProcessInfo.idl\n'}
[0.960013] (mav_system_msgs) StdoutLine: {'line': b'-- Up-to-date: /home/aimane/humble_ws/src/VNAV_23/vnav_ws/install/mav_system_msgs/share/mav_system_msgs/msg/CpuInfo.msg\n'}
[0.960074] (mav_msgs) StdoutLine: {'line': b'-- Up-to-date: /home/aimane/humble_ws/src/VNAV_23/vnav_ws/install/mav_msgs/lib/libmav_msgs__rosidl_typesupport_fastrtps_c.so\n'}
[0.960135] (mav_system_msgs) StdoutLine: {'line': b'-- Up-to-date: /home/aimane/humble_ws/src/VNAV_23/vnav_ws/install/mav_system_msgs/share/mav_system_msgs/msg/ProcessInfo.msg\n'}
[0.960295] (mav_system_msgs) StdoutLine: {'line': b'-- Up-to-date: /home/aimane/humble_ws/src/VNAV_23/vnav_ws/install/mav_system_msgs/share/ament_index/resource_index/package_run_dependencies/mav_system_msgs\n'}
[0.960401] (mav_state_machine_msgs) StdoutLine: {'line': b'-- Up-to-date: /home/aimane/humble_ws/src/VNAV_23/vnav_ws/install/mav_state_machine_msgs/share/mav_state_machine_msgs/cmake/mav_state_machine_msgs__rosidl_typesupport_introspection_cExport.cmake\n'}
[0.960532] (mav_state_machine_msgs) StdoutLine: {'line': b'-- Up-to-date: /home/aimane/humble_ws/src/VNAV_23/vnav_ws/install/mav_state_machine_msgs/share/mav_state_machine_msgs/cmake/mav_state_machine_msgs__rosidl_typesupport_introspection_cExport-noconfig.cmake\n'}
[0.960599] (mav_state_machine_msgs) StdoutLine: {'line': b'-- Up-to-date: /home/aimane/humble_ws/src/VNAV_23/vnav_ws/install/mav_state_machine_msgs/share/mav_state_machine_msgs/cmake/mav_state_machine_msgs__rosidl_typesupport_cExport.cmake\n'}
[0.960662] (mav_system_msgs) StdoutLine: {'line': b'-- Up-to-date: /home/aimane/humble_ws/src/VNAV_23/vnav_ws/install/mav_system_msgs/share/ament_index/resource_index/parent_prefix_path/mav_system_msgs\n'}
[0.960726] (mav_msgs) StdoutLine: {'line': b'-- Up-to-date: /home/aimane/humble_ws/src/VNAV_23/vnav_ws/install/mav_msgs/include/mav_msgs/mav_msgs\n'}
[0.960801] (mav_msgs) StdoutLine: {'line': b'-- Up-to-date: /home/aimane/humble_ws/src/VNAV_23/vnav_ws/install/mav_msgs/include/mav_msgs/mav_msgs/msg\n'}
[0.960873] (mav_system_msgs) StdoutLine: {'line': b'-- Up-to-date: /home/aimane/humble_ws/src/VNAV_23/vnav_ws/install/mav_system_msgs/share/mav_system_msgs/environment/ament_prefix_path.sh\n'}
[0.960942] (mav_system_msgs) StdoutLine: {'line': b'-- Up-to-date: /home/aimane/humble_ws/src/VNAV_23/vnav_ws/install/mav_system_msgs/share/mav_system_msgs/environment/ament_prefix_path.dsv\n'}
[0.961005] (mav_msgs) StdoutLine: {'line': b'-- Up-to-date: /home/aimane/humble_ws/src/VNAV_23/vnav_ws/install/mav_msgs/include/mav_msgs/mav_msgs/msg/rosidl_typesupport_introspection_c__visibility_control.h\n'}
[0.961099] (mav_system_msgs) StdoutLine: {'line': b'-- Up-to-date: /home/aimane/humble_ws/src/VNAV_23/vnav_ws/install/mav_system_msgs/share/mav_system_msgs/environment/path.sh\n'}
[0.961162] (mav_state_machine_msgs) StdoutLine: {'line': b'-- Up-to-date: /home/aimane/humble_ws/src/VNAV_23/vnav_ws/install/mav_state_machine_msgs/share/mav_state_machine_msgs/cmake/mav_state_machine_msgs__rosidl_typesupport_cExport-noconfig.cmake\n'}
[0.961236] (mav_state_machine_msgs) StdoutLine: {'line': b'-- Up-to-date: /home/aimane/humble_ws/src/VNAV_23/vnav_ws/install/mav_state_machine_msgs/share/mav_state_machine_msgs/cmake/mav_state_machine_msgs__rosidl_typesupport_introspection_cppExport.cmake\n'}
[0.961301] (mav_state_machine_msgs) StdoutLine: {'line': b'-- Up-to-date: /home/aimane/humble_ws/src/VNAV_23/vnav_ws/install/mav_state_machine_msgs/share/mav_state_machine_msgs/cmake/mav_state_machine_msgs__rosidl_typesupport_introspection_cppExport-noconfig.cmake\n'}
[0.961367] (mav_state_machine_msgs) StdoutLine: {'line': b'-- Up-to-date: /home/aimane/humble_ws/src/VNAV_23/vnav_ws/install/mav_state_machine_msgs/share/mav_state_machine_msgs/cmake/mav_state_machine_msgs__rosidl_typesupport_cppExport.cmake\n'}
[0.961430] (mav_state_machine_msgs) StdoutLine: {'line': b'-- Up-to-date: /home/aimane/humble_ws/src/VNAV_23/vnav_ws/install/mav_state_machine_msgs/share/mav_state_machine_msgs/cmake/mav_state_machine_msgs__rosidl_typesupport_cppExport-noconfig.cmake\n'}
[0.961493] (mav_msgs) StdoutLine: {'line': b'-- Up-to-date: /home/aimane/humble_ws/src/VNAV_23/vnav_ws/install/mav_msgs/include/mav_msgs/mav_msgs/msg/detail\n'}
[0.961556] (mav_msgs) StdoutLine: {'line': b'-- Up-to-date: /home/aimane/humble_ws/src/VNAV_23/vnav_ws/install/mav_msgs/include/mav_msgs/mav_msgs/msg/detail/torque_thrust__rosidl_typesupport_introspection_c.h\n'}
[0.961619] (mav_msgs) StdoutLine: {'line': b'-- Up-to-date: /home/aimane/humble_ws/src/VNAV_23/vnav_ws/install/mav_msgs/include/mav_msgs/mav_msgs/msg/detail/status__rosidl_typesupport_introspection_c.h\n'}
[0.961683] (mav_system_msgs) StdoutLine: {'line': b'-- Up-to-date: /home/aimane/humble_ws/src/VNAV_23/vnav_ws/install/mav_system_msgs/share/mav_system_msgs/environment/path.dsv\n'}
[0.961746] (mav_system_msgs) StdoutLine: {'line': b'-- Up-to-date: /home/aimane/humble_ws/src/VNAV_23/vnav_ws/install/mav_system_msgs/share/mav_system_msgs/local_setup.bash\n'}
[0.961846] (mav_msgs) StdoutLine: {'line': b'-- Up-to-date: /home/aimane/humble_ws/src/VNAV_23/vnav_ws/install/mav_msgs/include/mav_msgs/mav_msgs/msg/detail/status__type_support.c\n'}
[0.961920] (mav_state_machine_msgs) StdoutLine: {'line': b'-- Up-to-date: /home/aimane/humble_ws/src/VNAV_23/vnav_ws/install/mav_state_machine_msgs/share/mav_state_machine_msgs/cmake/rosidl_cmake-extras.cmake\n'}
[0.961989] (mav_state_machine_msgs) StdoutLine: {'line': b'-- Up-to-date: /home/aimane/humble_ws/src/VNAV_23/vnav_ws/install/mav_state_machine_msgs/share/mav_state_machine_msgs/cmake/ament_cmake_export_dependencies-extras.cmake\n'}
[0.962054] (mav_msgs) StdoutLine: {'line': b'-- Up-to-date: /home/aimane/humble_ws/src/VNAV_23/vnav_ws/install/mav_msgs/include/mav_msgs/mav_msgs/msg/detail/attitude_thrust__type_support.c\n'}
[0.962117] (mav_msgs) StdoutLine: {'line': b'-- Up-to-date: /home/aimane/humble_ws/src/VNAV_23/vnav_ws/install/mav_msgs/include/mav_msgs/mav_msgs/msg/detail/roll_pitch_yawrate_thrust__rosidl_typesupport_introspection_c.h\n'}
[0.962179] (mav_msgs) StdoutLine: {'line': b'-- Up-to-date: /home/aimane/humble_ws/src/VNAV_23/vnav_ws/install/mav_msgs/include/mav_msgs/mav_msgs/msg/detail/attitude_thrust__rosidl_typesupport_introspection_c.h\n'}
[0.962329] (mav_state_machine_msgs) StdoutLine: {'line': b'-- Up-to-date: /home/aimane/humble_ws/src/VNAV_23/vnav_ws/install/mav_state_machine_msgs/share/mav_state_machine_msgs/cmake/ament_cmake_export_include_directories-extras.cmake\n'}
[0.962397] (mav_state_machine_msgs) StdoutLine: {'line': b'-- Up-to-date: /home/aimane/humble_ws/src/VNAV_23/vnav_ws/install/mav_state_machine_msgs/share/mav_state_machine_msgs/cmake/ament_cmake_export_libraries-extras.cmake\n'}
[0.962487] (mav_system_msgs) StdoutLine: {'line': b'-- Up-to-date: /home/aimane/humble_ws/src/VNAV_23/vnav_ws/install/mav_system_msgs/share/mav_system_msgs/local_setup.sh\n'}
[0.962587] (mav_system_msgs) StdoutLine: {'line': b'-- Up-to-date: /home/aimane/humble_ws/src/VNAV_23/vnav_ws/install/mav_system_msgs/share/mav_system_msgs/local_setup.zsh\n'}
[0.962650] (mav_system_msgs) StdoutLine: {'line': b'-- Up-to-date: /home/aimane/humble_ws/src/VNAV_23/vnav_ws/install/mav_system_msgs/share/mav_system_msgs/local_setup.dsv\n'}
[0.962712] (mav_system_msgs) StdoutLine: {'line': b'-- Installing: /home/aimane/humble_ws/src/VNAV_23/vnav_ws/install/mav_system_msgs/share/mav_system_msgs/package.dsv\n'}
[0.962814] (mav_state_machine_msgs) StdoutLine: {'line': b'-- Up-to-date: /home/aimane/humble_ws/src/VNAV_23/vnav_ws/install/mav_state_machine_msgs/share/mav_state_machine_msgs/cmake/ament_cmake_export_targets-extras.cmake\n'}
[0.962891] (mav_state_machine_msgs) StdoutLine: {'line': b'-- Up-to-date: /home/aimane/humble_ws/src/VNAV_23/vnav_ws/install/mav_state_machine_msgs/share/mav_state_machine_msgs/cmake/rosidl_cmake_export_typesupport_targets-extras.cmake\n'}
[0.962955] (mav_msgs) StdoutLine: {'line': b'-- Up-to-date: /home/aimane/humble_ws/src/VNAV_23/vnav_ws/install/mav_msgs/include/mav_msgs/mav_msgs/msg/detail/actuators__rosidl_typesupport_introspection_c.h\n'}
[0.963025] (mav_msgs) StdoutLine: {'line': b'-- Up-to-date: /home/aimane/humble_ws/src/VNAV_23/vnav_ws/install/mav_msgs/include/mav_msgs/mav_msgs/msg/detail/filtered_sensor_data__type_support.c\n'}
[0.963088] (mav_msgs) StdoutLine: {'line': b'-- Up-to-date: /home/aimane/humble_ws/src/VNAV_23/vnav_ws/install/mav_msgs/include/mav_msgs/mav_msgs/msg/detail/rate_thrust__rosidl_typesupport_introspection_c.h\n'}
[0.963150] (mav_msgs) StdoutLine: {'line': b'-- Up-to-date: /home/aimane/humble_ws/src/VNAV_23/vnav_ws/install/mav_msgs/include/mav_msgs/mav_msgs/msg/detail/roll_pitch_yawrate_thrust__type_support.c\n'}
[0.963212] (mav_msgs) StdoutLine: {'line': b'-- Up-to-date: /home/aimane/humble_ws/src/VNAV_23/vnav_ws/install/mav_msgs/include/mav_msgs/mav_msgs/msg/detail/gps_waypoint__rosidl_typesupport_introspection_c.h\n'}
[0.963273] (mav_msgs) StdoutLine: {'line': b'-- Up-to-date: /home/aimane/humble_ws/src/VNAV_23/vnav_ws/install/mav_msgs/include/mav_msgs/mav_msgs/msg/detail/torque_thrust__type_support.c\n'}
[0.963335] (mav_msgs) StdoutLine: {'line': b'-- Up-to-date: /home/aimane/humble_ws/src/VNAV_23/vnav_ws/install/mav_msgs/include/mav_msgs/mav_msgs/msg/detail/rate_thrust__type_support.c\n'}
[0.963397] (mav_msgs) StdoutLine: {'line': b'-- Up-to-date: /home/aimane/humble_ws/src/VNAV_23/vnav_ws/install/mav_msgs/include/mav_msgs/mav_msgs/msg/detail/actuators__type_support.c\n'}
[0.963459] (mav_msgs) StdoutLine: {'line': b'-- Up-to-date: /home/aimane/humble_ws/src/VNAV_23/vnav_ws/install/mav_msgs/include/mav_msgs/mav_msgs/msg/detail/filtered_sensor_data__rosidl_typesupport_introspection_c.h\n'}
[0.963521] (mav_msgs) StdoutLine: {'line': b'-- Up-to-date: /home/aimane/humble_ws/src/VNAV_23/vnav_ws/install/mav_msgs/include/mav_msgs/mav_msgs/msg/detail/gps_waypoint__type_support.c\n'}
[0.963594] (mav_system_msgs) StdoutLine: {'line': b'-- Up-to-date: /home/aimane/humble_ws/src/VNAV_23/vnav_ws/install/mav_system_msgs/share/ament_index/resource_index/packages/mav_system_msgs\n'}
[0.963671] (tesse_msgs) StdoutLine: {'line': b"reading manifest file 'tesse_msgs.egg-info/SOURCES.txt'\n"}
[0.963742] (mav_state_machine_msgs) StdoutLine: {'line': b'-- Up-to-date: /home/aimane/humble_ws/src/VNAV_23/vnav_ws/install/mav_state_machine_msgs/share/mav_state_machine_msgs/cmake/rosidl_cmake_export_typesupport_libraries-extras.cmake\n'}
[0.963888] (mav_state_machine_msgs) StdoutLine: {'line': b'-- Up-to-date: /home/aimane/humble_ws/src/VNAV_23/vnav_ws/install/mav_state_machine_msgs/share/mav_state_machine_msgs/cmake/mav_state_machine_msgsConfig.cmake\n'}
[0.963957] (mav_state_machine_msgs) StdoutLine: {'line': b'-- Up-to-date: /home/aimane/humble_ws/src/VNAV_23/vnav_ws/install/mav_state_machine_msgs/share/mav_state_machine_msgs/cmake/mav_state_machine_msgsConfig-version.cmake\n'}
[0.964044] (mav_state_machine_msgs) StdoutLine: {'line': b'-- Up-to-date: /home/aimane/humble_ws/src/VNAV_23/vnav_ws/install/mav_state_machine_msgs/share/mav_state_machine_msgs/package.xml\n'}
[0.964108] (mav_msgs) StdoutLine: {'line': b'-- Up-to-date: /home/aimane/humble_ws/src/VNAV_23/vnav_ws/install/mav_msgs/lib/libmav_msgs__rosidl_typesupport_introspection_c.so\n'}
[0.964198] (mav_system_msgs) StdoutLine: {'line': b'-- Up-to-date: /home/aimane/humble_ws/src/VNAV_23/vnav_ws/install/mav_system_msgs/share/mav_system_msgs/cmake/export_mav_system_msgs__rosidl_generator_cExport.cmake\n'}
[0.964267] (mav_system_msgs) StdoutLine: {'line': b'-- Up-to-date: /home/aimane/humble_ws/src/VNAV_23/vnav_ws/install/mav_system_msgs/share/mav_system_msgs/cmake/export_mav_system_msgs__rosidl_generator_cExport-noconfig.cmake\n'}
[0.964331] (mav_system_msgs) StdoutLine: {'line': b'-- Up-to-date: /home/aimane/humble_ws/src/VNAV_23/vnav_ws/install/mav_system_msgs/share/mav_system_msgs/cmake/export_mav_system_msgs__rosidl_typesupport_fastrtps_cExport.cmake\n'}
[0.964398] (mav_system_msgs) StdoutLine: {'line': b'-- Up-to-date: /home/aimane/humble_ws/src/VNAV_23/vnav_ws/install/mav_system_msgs/share/mav_system_msgs/cmake/export_mav_system_msgs__rosidl_typesupport_fastrtps_cExport-noconfig.cmake\n'}
[0.964461] (mav_system_msgs) StdoutLine: {'line': b'-- Up-to-date: /home/aimane/humble_ws/src/VNAV_23/vnav_ws/install/mav_system_msgs/share/mav_system_msgs/cmake/export_mav_system_msgs__rosidl_generator_cppExport.cmake\n'}
[0.964524] (mav_msgs) StdoutLine: {'line': b'-- Up-to-date: /home/aimane/humble_ws/src/VNAV_23/vnav_ws/install/mav_msgs/lib/libmav_msgs__rosidl_typesupport_c.so\n'}
[0.964587] (mav_system_msgs) StdoutLine: {'line': b'-- Up-to-date: /home/aimane/humble_ws/src/VNAV_23/vnav_ws/install/mav_system_msgs/share/mav_system_msgs/cmake/export_mav_system_msgs__rosidl_typesupport_fastrtps_cppExport.cmake\n'}
[0.964650] (mav_system_msgs) StdoutLine: {'line': b'-- Up-to-date: /home/aimane/humble_ws/src/VNAV_23/vnav_ws/install/mav_system_msgs/share/mav_system_msgs/cmake/export_mav_system_msgs__rosidl_typesupport_fastrtps_cppExport-noconfig.cmake\n'}
[0.964713] (mav_msgs) StdoutLine: {'line': b'-- Up-to-date: /home/aimane/humble_ws/src/VNAV_23/vnav_ws/install/mav_msgs/include/mav_msgs/mav_msgs\n'}
[0.964775] (mav_msgs) StdoutLine: {'line': b'-- Up-to-date: /home/aimane/humble_ws/src/VNAV_23/vnav_ws/install/mav_msgs/include/mav_msgs/mav_msgs/msg\n'}
[0.964860] (tesse_msgs) StdoutLine: {'line': b"writing manifest file 'tesse_msgs.egg-info/SOURCES.txt'\n"}
[0.964933] (mav_msgs) StdoutLine: {'line': b'-- Up-to-date: /home/aimane/humble_ws/src/VNAV_23/vnav_ws/install/mav_msgs/include/mav_msgs/mav_msgs/msg/status.hpp\n'}
[0.964997] (mav_msgs) StdoutLine: {'line': b'-- Up-to-date: /home/aimane/humble_ws/src/VNAV_23/vnav_ws/install/mav_msgs/include/mav_msgs/mav_msgs/msg/roll_pitch_yawrate_thrust.hpp\n'}
[0.965060] (mav_msgs) StdoutLine: {'line': b'-- Up-to-date: /home/aimane/humble_ws/src/VNAV_23/vnav_ws/install/mav_msgs/include/mav_msgs/mav_msgs/msg/detail\n'}
[0.965122] (mav_msgs) StdoutLine: {'line': b'-- Up-to-date: /home/aimane/humble_ws/src/VNAV_23/vnav_ws/install/mav_msgs/include/mav_msgs/mav_msgs/msg/detail/gps_waypoint__builder.hpp\n'}
[0.965184] (mav_msgs) StdoutLine: {'line': b'-- Up-to-date: /home/aimane/humble_ws/src/VNAV_23/vnav_ws/install/mav_msgs/include/mav_msgs/mav_msgs/msg/detail/rate_thrust__struct.hpp\n'}
[0.965246] (mav_system_msgs) StdoutLine: {'line': b'-- Up-to-date: /home/aimane/humble_ws/src/VNAV_23/vnav_ws/install/mav_system_msgs/share/mav_system_msgs/cmake/mav_system_msgs__rosidl_typesupport_introspection_cExport.cmake\n'}
[0.965314] (mav_system_msgs) StdoutLine: {'line': b'-- Up-to-date: /home/aimane/humble_ws/src/VNAV_23/vnav_ws/install/mav_system_msgs/share/mav_system_msgs/cmake/mav_system_msgs__rosidl_typesupport_introspection_cExport-noconfig.cmake\n'}
[0.965377] (mav_system_msgs) StdoutLine: {'line': b'-- Up-to-date: /home/aimane/humble_ws/src/VNAV_23/vnav_ws/install/mav_system_msgs/share/mav_system_msgs/cmake/mav_system_msgs__rosidl_typesupport_cExport.cmake\n'}
[0.965540] (mav_system_msgs) StdoutLine: {'line': b'-- Up-to-date: /home/aimane/humble_ws/src/VNAV_23/vnav_ws/install/mav_system_msgs/share/mav_system_msgs/cmake/mav_system_msgs__rosidl_typesupport_cExport-noconfig.cmake\n'}
[0.965605] (mav_msgs) StdoutLine: {'line': b'-- Up-to-date: /home/aimane/humble_ws/src/VNAV_23/vnav_ws/install/mav_msgs/include/mav_msgs/mav_msgs/msg/detail/actuators__type_support.hpp\n'}
[0.965669] (mav_system_msgs) StdoutLine: {'line': b'-- Up-to-date: /home/aimane/humble_ws/src/VNAV_23/vnav_ws/install/mav_system_msgs/share/mav_system_msgs/cmake/mav_system_msgs__rosidl_typesupport_introspection_cppExport.cmake\n'}
[0.965732] (mav_system_msgs) StdoutLine: {'line': b'-- Up-to-date: /home/aimane/humble_ws/src/VNAV_23/vnav_ws/install/mav_system_msgs/share/mav_system_msgs/cmake/mav_system_msgs__rosidl_typesupport_introspection_cppExport-noconfig.cmake\n'}
[0.965832] (mav_system_msgs) StdoutLine: {'line': b'-- Up-to-date: /home/aimane/humble_ws/src/VNAV_23/vnav_ws/install/mav_system_msgs/share/mav_system_msgs/cmake/mav_system_msgs__rosidl_typesupport_cppExport.cmake\n'}
[0.965907] (mav_msgs) StdoutLine: {'line': b'-- Up-to-date: /home/aimane/humble_ws/src/VNAV_23/vnav_ws/install/mav_msgs/include/mav_msgs/mav_msgs/msg/detail/torque_thrust__type_support.hpp\n'}
[0.965974] (mav_msgs) StdoutLine: {'line': b'-- Up-to-date: /home/aimane/humble_ws/src/VNAV_23/vnav_ws/install/mav_msgs/include/mav_msgs/mav_msgs/msg/detail/status__traits.hpp\n'}
[0.966037] (mav_msgs) StdoutLine: {'line': b'-- Up-to-date: /home/aimane/humble_ws/src/VNAV_23/vnav_ws/install/mav_msgs/include/mav_msgs/mav_msgs/msg/detail/torque_thrust__traits.hpp\n'}
[0.966099] (mav_msgs) StdoutLine: {'line': b'-- Up-to-date: /home/aimane/humble_ws/src/VNAV_23/vnav_ws/install/mav_msgs/include/mav_msgs/mav_msgs/msg/detail/rate_thrust__traits.hpp\n'}
[0.966160] (mav_msgs) StdoutLine: {'line': b'-- Up-to-date: /home/aimane/humble_ws/src/VNAV_23/vnav_ws/install/mav_msgs/include/mav_msgs/mav_msgs/msg/detail/filtered_sensor_data__type_support.hpp\n'}
[0.966221] (mav_msgs) StdoutLine: {'line': b'-- Up-to-date: /home/aimane/humble_ws/src/VNAV_23/vnav_ws/install/mav_msgs/include/mav_msgs/mav_msgs/msg/detail/actuators__builder.hpp\n'}
[0.966283] (mav_msgs) StdoutLine: {'line': b'-- Up-to-date: /home/aimane/humble_ws/src/VNAV_23/vnav_ws/install/mav_msgs/include/mav_msgs/mav_msgs/msg/detail/filtered_sensor_data__builder.hpp\n'}
[0.966344] (mav_msgs) StdoutLine: {'line': b'-- Up-to-date: /home/aimane/humble_ws/src/VNAV_23/vnav_ws/install/mav_msgs/include/mav_msgs/mav_msgs/msg/detail/actuators__traits.hpp\n'}
[0.966410] (mav_msgs) StdoutLine: {'line': b'-- Up-to-date: /home/aimane/humble_ws/src/VNAV_23/vnav_ws/install/mav_msgs/include/mav_msgs/mav_msgs/msg/detail/roll_pitch_yawrate_thrust__builder.hpp\n'}
[0.966472] (mav_msgs) StdoutLine: {'line': b'-- Up-to-date: /home/aimane/humble_ws/src/VNAV_23/vnav_ws/install/mav_msgs/include/mav_msgs/mav_msgs/msg/detail/rate_thrust__type_support.hpp\n'}
[0.966532] (mav_msgs) StdoutLine: {'line': b'-- Up-to-date: /home/aimane/humble_ws/src/VNAV_23/vnav_ws/install/mav_msgs/include/mav_msgs/mav_msgs/msg/detail/roll_pitch_yawrate_thrust__type_support.hpp\n'}
[0.966594] (mav_msgs) StdoutLine: {'line': b'-- Up-to-date: /home/aimane/humble_ws/src/VNAV_23/vnav_ws/install/mav_msgs/include/mav_msgs/mav_msgs/msg/detail/status__type_support.hpp\n'}
[0.966655] (mav_msgs) StdoutLine: {'line': b'-- Up-to-date: /home/aimane/humble_ws/src/VNAV_23/vnav_ws/install/mav_msgs/include/mav_msgs/mav_msgs/msg/detail/attitude_thrust__type_support.hpp\n'}
[0.966716] (mav_msgs) StdoutLine: {'line': b'-- Up-to-date: /home/aimane/humble_ws/src/VNAV_23/vnav_ws/install/mav_msgs/include/mav_msgs/mav_msgs/msg/detail/torque_thrust__struct.hpp\n'}
[0.966777] (mav_msgs) StdoutLine: {'line': b'-- Up-to-date: /home/aimane/humble_ws/src/VNAV_23/vnav_ws/install/mav_msgs/include/mav_msgs/mav_msgs/msg/detail/status__struct.hpp\n'}
[0.966895] (mav_msgs) StdoutLine: {'line': b'-- Up-to-date: /home/aimane/humble_ws/src/VNAV_23/vnav_ws/install/mav_msgs/include/mav_msgs/mav_msgs/msg/detail/attitude_thrust__builder.hpp\n'}
[0.966968] (mav_msgs) StdoutLine: {'line': b'-- Up-to-date: /home/aimane/humble_ws/src/VNAV_23/vnav_ws/install/mav_msgs/include/mav_msgs/mav_msgs/msg/detail/roll_pitch_yawrate_thrust__struct.hpp\n'}
[0.967032] (mav_system_msgs) StdoutLine: {'line': b'-- Up-to-date: /home/aimane/humble_ws/src/VNAV_23/vnav_ws/install/mav_system_msgs/share/mav_system_msgs/cmake/mav_system_msgs__rosidl_typesupport_cppExport-noconfig.cmake\n'}
[0.967115] (mav_system_msgs) StdoutLine: {'line': b'-- Up-to-date: /home/aimane/humble_ws/src/VNAV_23/vnav_ws/install/mav_system_msgs/share/mav_system_msgs/cmake/rosidl_cmake-extras.cmake\n'}
[0.967179] (mav_system_msgs) StdoutLine: {'line': b'-- Up-to-date: /home/aimane/humble_ws/src/VNAV_23/vnav_ws/install/mav_system_msgs/share/mav_system_msgs/cmake/ament_cmake_export_dependencies-extras.cmake\n'}
[0.967241] (mav_system_msgs) StdoutLine: {'line': b'-- Up-to-date: /home/aimane/humble_ws/src/VNAV_23/vnav_ws/install/mav_system_msgs/share/mav_system_msgs/cmake/ament_cmake_export_include_directories-extras.cmake\n'}
[0.967303] (mav_system_msgs) StdoutLine: {'line': b'-- Up-to-date: /home/aimane/humble_ws/src/VNAV_23/vnav_ws/install/mav_system_msgs/share/mav_system_msgs/cmake/ament_cmake_export_libraries-extras.cmake\n'}
[0.967366] (mav_system_msgs) StdoutLine: {'line': b'-- Up-to-date: /home/aimane/humble_ws/src/VNAV_23/vnav_ws/install/mav_system_msgs/share/mav_system_msgs/cmake/ament_cmake_export_targets-extras.cmake\n'}
[0.967427] (mav_system_msgs) StdoutLine: {'line': b'-- Up-to-date: /home/aimane/humble_ws/src/VNAV_23/vnav_ws/install/mav_system_msgs/share/mav_system_msgs/cmake/rosidl_cmake_export_typesupport_targets-extras.cmake\n'}
[0.967490] (mav_system_msgs) StdoutLine: {'line': b'-- Up-to-date: /home/aimane/humble_ws/src/VNAV_23/vnav_ws/install/mav_system_msgs/share/mav_system_msgs/cmake/rosidl_cmake_export_typesupport_libraries-extras.cmake\n'}
[0.967553] (mav_msgs) StdoutLine: {'line': b'-- Up-to-date: /home/aimane/humble_ws/src/VNAV_23/vnav_ws/install/mav_msgs/include/mav_msgs/mav_msgs/msg/detail/gps_waypoint__traits.hpp\n'}
[0.967615] (mav_system_msgs) StdoutLine: {'line': b'-- Up-to-date: /home/aimane/humble_ws/src/VNAV_23/vnav_ws/install/mav_system_msgs/share/mav_system_msgs/cmake/mav_system_msgsConfig.cmake\n'}
[0.967678] (mav_system_msgs) StdoutLine: {'line': b'-- Up-to-date: /home/aimane/humble_ws/src/VNAV_23/vnav_ws/install/mav_system_msgs/share/mav_system_msgs/cmake/mav_system_msgsConfig-version.cmake\n'}
[0.967868] (mav_system_msgs) StdoutLine: {'line': b'-- Up-to-date: /home/aimane/humble_ws/src/VNAV_23/vnav_ws/install/mav_system_msgs/share/mav_system_msgs/package.xml\n'}
[0.967938] (mav_msgs) StdoutLine: {'line': b'-- Up-to-date: /home/aimane/humble_ws/src/VNAV_23/vnav_ws/install/mav_msgs/include/mav_msgs/mav_msgs/msg/detail/gps_waypoint__type_support.hpp\n'}
[0.968007] (mav_msgs) StdoutLine: {'line': b'-- Up-to-date: /home/aimane/humble_ws/src/VNAV_23/vnav_ws/install/mav_msgs/include/mav_msgs/mav_msgs/msg/detail/filtered_sensor_data__struct.hpp\n'}
[0.968101] (mav_msgs) StdoutLine: {'line': b'-- Up-to-date: /home/aimane/humble_ws/src/VNAV_23/vnav_ws/install/mav_msgs/include/mav_msgs/mav_msgs/msg/detail/gps_waypoint__struct.hpp\n'}
[0.968164] (mav_msgs) StdoutLine: {'line': b'-- Up-to-date: /home/aimane/humble_ws/src/VNAV_23/vnav_ws/install/mav_msgs/include/mav_msgs/mav_msgs/msg/detail/roll_pitch_yawrate_thrust__traits.hpp\n'}
[0.968227] (mav_msgs) StdoutLine: {'line': b'-- Up-to-date: /home/aimane/humble_ws/src/VNAV_23/vnav_ws/install/mav_msgs/include/mav_msgs/mav_msgs/msg/detail/status__builder.hpp\n'}
[0.968288] (mav_msgs) StdoutLine: {'line': b'-- Up-to-date: /home/aimane/humble_ws/src/VNAV_23/vnav_ws/install/mav_msgs/include/mav_msgs/mav_msgs/msg/detail/attitude_thrust__traits.hpp\n'}
[0.968349] (mav_msgs) StdoutLine: {'line': b'-- Up-to-date: /home/aimane/humble_ws/src/VNAV_23/vnav_ws/install/mav_msgs/include/mav_msgs/mav_msgs/msg/detail/torque_thrust__builder.hpp\n'}
[0.968450] (mav_msgs) StdoutLine: {'line': b'-- Up-to-date: /home/aimane/humble_ws/src/VNAV_23/vnav_ws/install/mav_msgs/include/mav_msgs/mav_msgs/msg/detail/actuators__struct.hpp\n'}
[0.968512] (mav_msgs) StdoutLine: {'line': b'-- Up-to-date: /home/aimane/humble_ws/src/VNAV_23/vnav_ws/install/mav_msgs/include/mav_msgs/mav_msgs/msg/detail/filtered_sensor_data__traits.hpp\n'}
[0.968574] (mav_msgs) StdoutLine: {'line': b'-- Up-to-date: /home/aimane/humble_ws/src/VNAV_23/vnav_ws/install/mav_msgs/include/mav_msgs/mav_msgs/msg/detail/rate_thrust__builder.hpp\n'}
[0.968636] (mav_msgs) StdoutLine: {'line': b'-- Up-to-date: /home/aimane/humble_ws/src/VNAV_23/vnav_ws/install/mav_msgs/include/mav_msgs/mav_msgs/msg/detail/attitude_thrust__struct.hpp\n'}
[0.968700] (mav_state_machine_msgs) CommandEnded: {'returncode': 0}
[0.968966] (mav_msgs) StdoutLine: {'line': b'-- Up-to-date: /home/aimane/humble_ws/src/VNAV_23/vnav_ws/install/mav_msgs/include/mav_msgs/mav_msgs/msg/torque_thrust.hpp\n'}
[0.969049] (mav_msgs) StdoutLine: {'line': b'-- Up-to-date: /home/aimane/humble_ws/src/VNAV_23/vnav_ws/install/mav_msgs/include/mav_msgs/mav_msgs/msg/rate_thrust.hpp\n'}
[0.969115] (mav_msgs) StdoutLine: {'line': b'-- Up-to-date: /home/aimane/humble_ws/src/VNAV_23/vnav_ws/install/mav_msgs/include/mav_msgs/mav_msgs/msg/attitude_thrust.hpp\n'}
[0.969176] (mav_msgs) StdoutLine: {'line': b'-- Up-to-date: /home/aimane/humble_ws/src/VNAV_23/vnav_ws/install/mav_msgs/include/mav_msgs/mav_msgs/msg/filtered_sensor_data.hpp\n'}
[0.969237] (mav_msgs) StdoutLine: {'line': b'-- Up-to-date: /home/aimane/humble_ws/src/VNAV_23/vnav_ws/install/mav_msgs/include/mav_msgs/mav_msgs/msg/gps_waypoint.hpp\n'}
[0.969297] (mav_msgs) StdoutLine: {'line': b'-- Up-to-date: /home/aimane/humble_ws/src/VNAV_23/vnav_ws/install/mav_msgs/include/mav_msgs/mav_msgs/msg/actuators.hpp\n'}
[0.969357] (mav_msgs) StdoutLine: {'line': b'-- Up-to-date: /home/aimane/humble_ws/src/VNAV_23/vnav_ws/install/mav_msgs/include/mav_msgs/mav_msgs/msg/rosidl_generator_cpp__visibility_control.hpp\n'}
[0.969424] (mav_msgs) StdoutLine: {'line': b'-- Up-to-date: /home/aimane/humble_ws/src/VNAV_23/vnav_ws/install/mav_msgs/include/mav_msgs/mav_msgs\n'}
[0.969485] (mav_msgs) StdoutLine: {'line': b'-- Up-to-date: /home/aimane/humble_ws/src/VNAV_23/vnav_ws/install/mav_msgs/include/mav_msgs/mav_msgs/msg\n'}
[0.969544] (mav_msgs) StdoutLine: {'line': b'-- Up-to-date: /home/aimane/humble_ws/src/VNAV_23/vnav_ws/install/mav_msgs/include/mav_msgs/mav_msgs/msg/detail\n'}
[0.969604] (mav_msgs) StdoutLine: {'line': b'-- Up-to-date: /home/aimane/humble_ws/src/VNAV_23/vnav_ws/install/mav_msgs/include/mav_msgs/mav_msgs/msg/detail/gps_waypoint__rosidl_typesupport_fastrtps_cpp.hpp\n'}
[0.969664] (mav_msgs) StdoutLine: {'line': b'-- Up-to-date: /home/aimane/humble_ws/src/VNAV_23/vnav_ws/install/mav_msgs/include/mav_msgs/mav_msgs/msg/detail/dds_fastrtps\n'}
[0.969724] (mav_msgs) StdoutLine: {'line': b'-- Up-to-date: /home/aimane/humble_ws/src/VNAV_23/vnav_ws/install/mav_msgs/include/mav_msgs/mav_msgs/msg/detail/status__rosidl_typesupport_fastrtps_cpp.hpp\n'}
[0.969784] (mav_msgs) StdoutLine: {'line': b'-- Up-to-date: /home/aimane/humble_ws/src/VNAV_23/vnav_ws/install/mav_msgs/include/mav_msgs/mav_msgs/msg/detail/actuators__rosidl_typesupport_fastrtps_cpp.hpp\n'}
[0.969865] (mav_msgs) StdoutLine: {'line': b'-- Up-to-date: /home/aimane/humble_ws/src/VNAV_23/vnav_ws/install/mav_msgs/include/mav_msgs/mav_msgs/msg/detail/roll_pitch_yawrate_thrust__rosidl_typesupport_fastrtps_cpp.hpp\n'}
[0.969928] (mav_msgs) StdoutLine: {'line': b'-- Up-to-date: /home/aimane/humble_ws/src/VNAV_23/vnav_ws/install/mav_msgs/include/mav_msgs/mav_msgs/msg/detail/attitude_thrust__rosidl_typesupport_fastrtps_cpp.hpp\n'}
[0.969989] (mav_msgs) StdoutLine: {'line': b'-- Up-to-date: /home/aimane/humble_ws/src/VNAV_23/vnav_ws/install/mav_msgs/include/mav_msgs/mav_msgs/msg/detail/rate_thrust__rosidl_typesupport_fastrtps_cpp.hpp\n'}
[0.970049] (mav_msgs) StdoutLine: {'line': b'-- Up-to-date: /home/aimane/humble_ws/src/VNAV_23/vnav_ws/install/mav_msgs/include/mav_msgs/mav_msgs/msg/detail/torque_thrust__rosidl_typesupport_fastrtps_cpp.hpp\n'}
[0.970114] (mav_msgs) StdoutLine: {'line': b'-- Up-to-date: /home/aimane/humble_ws/src/VNAV_23/vnav_ws/install/mav_msgs/include/mav_msgs/mav_msgs/msg/detail/filtered_sensor_data__rosidl_typesupport_fastrtps_cpp.hpp\n'}
[0.970174] (mav_msgs) StdoutLine: {'line': b'-- Up-to-date: /home/aimane/humble_ws/src/VNAV_23/vnav_ws/install/mav_msgs/include/mav_msgs/mav_msgs/msg/rosidl_typesupport_fastrtps_cpp__visibility_control.h\n'}
[0.970393] (mav_msgs) StdoutLine: {'line': b'-- Up-to-date: /home/aimane/humble_ws/src/VNAV_23/vnav_ws/install/mav_msgs/lib/libmav_msgs__rosidl_typesupport_fastrtps_cpp.so\n'}
[0.970540] (mav_msgs) StdoutLine: {'line': b'-- Up-to-date: /home/aimane/humble_ws/src/VNAV_23/vnav_ws/install/mav_msgs/include/mav_msgs/mav_msgs\n'}
[0.970686] (mav_msgs) StdoutLine: {'line': b'-- Up-to-date: /home/aimane/humble_ws/src/VNAV_23/vnav_ws/install/mav_msgs/include/mav_msgs/mav_msgs/msg\n'}
[0.970859] (mav_msgs) StdoutLine: {'line': b'-- Up-to-date: /home/aimane/humble_ws/src/VNAV_23/vnav_ws/install/mav_msgs/include/mav_msgs/mav_msgs/msg/detail\n'}
[0.971048] (mav_msgs) StdoutLine: {'line': b'-- Up-to-date: /home/aimane/humble_ws/src/VNAV_23/vnav_ws/install/mav_msgs/include/mav_msgs/mav_msgs/msg/detail/status__type_support.cpp\n'}
[0.971208] (mav_msgs) StdoutLine: {'line': b'-- Up-to-date: /home/aimane/humble_ws/src/VNAV_23/vnav_ws/install/mav_msgs/include/mav_msgs/mav_msgs/msg/detail/filtered_sensor_data__rosidl_typesupport_introspection_cpp.hpp\n'}
[0.971363] (mav_msgs) StdoutLine: {'line': b'-- Up-to-date: /home/aimane/humble_ws/src/VNAV_23/vnav_ws/install/mav_msgs/include/mav_msgs/mav_msgs/msg/detail/gps_waypoint__type_support.cpp\n'}
[0.971499] (mav_msgs) StdoutLine: {'line': b'-- Up-to-date: /home/aimane/humble_ws/src/VNAV_23/vnav_ws/install/mav_msgs/include/mav_msgs/mav_msgs/msg/detail/attitude_thrust__type_support.cpp\n'}
[0.971646] (mav_msgs) StdoutLine: {'line': b'-- Up-to-date: /home/aimane/humble_ws/src/VNAV_23/vnav_ws/install/mav_msgs/include/mav_msgs/mav_msgs/msg/detail/rate_thrust__type_support.cpp\n'}
[0.971780] (mav_msgs) StdoutLine: {'line': b'-- Up-to-date: /home/aimane/humble_ws/src/VNAV_23/vnav_ws/install/mav_msgs/include/mav_msgs/mav_msgs/msg/detail/status__rosidl_typesupport_introspection_cpp.hpp\n'}
[0.971894] (mav_msgs) StdoutLine: {'line': b'-- Up-to-date: /home/aimane/humble_ws/src/VNAV_23/vnav_ws/install/mav_msgs/include/mav_msgs/mav_msgs/msg/detail/rate_thrust__rosidl_typesupport_introspection_cpp.hpp\n'}
[0.971970] (mav_msgs) StdoutLine: {'line': b'-- Up-to-date: /home/aimane/humble_ws/src/VNAV_23/vnav_ws/install/mav_msgs/include/mav_msgs/mav_msgs/msg/detail/gps_waypoint__rosidl_typesupport_introspection_cpp.hpp\n'}
[0.972034] (mav_msgs) StdoutLine: {'line': b'-- Up-to-date: /home/aimane/humble_ws/src/VNAV_23/vnav_ws/install/mav_msgs/include/mav_msgs/mav_msgs/msg/detail/roll_pitch_yawrate_thrust__rosidl_typesupport_introspection_cpp.hpp\n'}
[0.972110] (mav_msgs) StdoutLine: {'line': b'-- Up-to-date: /home/aimane/humble_ws/src/VNAV_23/vnav_ws/install/mav_msgs/include/mav_msgs/mav_msgs/msg/detail/filtered_sensor_data__type_support.cpp\n'}
[0.972174] (mav_msgs) StdoutLine: {'line': b'-- Up-to-date: /home/aimane/humble_ws/src/VNAV_23/vnav_ws/install/mav_msgs/include/mav_msgs/mav_msgs/msg/detail/attitude_thrust__rosidl_typesupport_introspection_cpp.hpp\n'}
[0.972237] (mav_msgs) StdoutLine: {'line': b'-- Up-to-date: /home/aimane/humble_ws/src/VNAV_23/vnav_ws/install/mav_msgs/include/mav_msgs/mav_msgs/msg/detail/actuators__rosidl_typesupport_introspection_cpp.hpp\n'}
[0.972299] (mav_msgs) StdoutLine: {'line': b'-- Up-to-date: /home/aimane/humble_ws/src/VNAV_23/vnav_ws/install/mav_msgs/include/mav_msgs/mav_msgs/msg/detail/actuators__type_support.cpp\n'}
[0.972362] (mav_msgs) StdoutLine: {'line': b'-- Up-to-date: /home/aimane/humble_ws/src/VNAV_23/vnav_ws/install/mav_msgs/include/mav_msgs/mav_msgs/msg/detail/torque_thrust__rosidl_typesupport_introspection_cpp.hpp\n'}
[0.972635] (mav_msgs) StdoutLine: {'line': b'-- Up-to-date: /home/aimane/humble_ws/src/VNAV_23/vnav_ws/install/mav_msgs/include/mav_msgs/mav_msgs/msg/detail/torque_thrust__type_support.cpp\n'}
[0.972699] (mav_msgs) StdoutLine: {'line': b'-- Up-to-date: /home/aimane/humble_ws/src/VNAV_23/vnav_ws/install/mav_msgs/include/mav_msgs/mav_msgs/msg/detail/roll_pitch_yawrate_thrust__type_support.cpp\n'}
[0.972761] (mav_msgs) StdoutLine: {'line': b'-- Up-to-date: /home/aimane/humble_ws/src/VNAV_23/vnav_ws/install/mav_msgs/lib/libmav_msgs__rosidl_typesupport_introspection_cpp.so\n'}
[0.972868] (mav_msgs) StdoutLine: {'line': b'-- Up-to-date: /home/aimane/humble_ws/src/VNAV_23/vnav_ws/install/mav_msgs/lib/libmav_msgs__rosidl_typesupport_cpp.so\n'}
[0.972936] (mav_msgs) StdoutLine: {'line': b'-- Up-to-date: /home/aimane/humble_ws/src/VNAV_23/vnav_ws/install/mav_msgs/share/mav_msgs/environment/pythonpath.sh\n'}
[0.972998] (mav_msgs) StdoutLine: {'line': b'-- Up-to-date: /home/aimane/humble_ws/src/VNAV_23/vnav_ws/install/mav_msgs/share/mav_msgs/environment/pythonpath.dsv\n'}
[0.973060] (mav_msgs) StdoutLine: {'line': b'-- Up-to-date: /home/aimane/humble_ws/src/VNAV_23/vnav_ws/install/mav_msgs/local/lib/python3.10/dist-packages/mav_msgs-3.3.3-py3.10.egg-info\n'}
[0.973123] (mav_msgs) StdoutLine: {'line': b'-- Installing: /home/aimane/humble_ws/src/VNAV_23/vnav_ws/install/mav_msgs/local/lib/python3.10/dist-packages/mav_msgs-3.3.3-py3.10.egg-info/SOURCES.txt\n'}
[0.973185] (mav_msgs) StdoutLine: {'line': b'-- Installing: /home/aimane/humble_ws/src/VNAV_23/vnav_ws/install/mav_msgs/local/lib/python3.10/dist-packages/mav_msgs-3.3.3-py3.10.egg-info/top_level.txt\n'}
[0.973247] (mav_msgs) StdoutLine: {'line': b'-- Installing: /home/aimane/humble_ws/src/VNAV_23/vnav_ws/install/mav_msgs/local/lib/python3.10/dist-packages/mav_msgs-3.3.3-py3.10.egg-info/PKG-INFO\n'}
[0.973309] (mav_msgs) StdoutLine: {'line': b'-- Installing: /home/aimane/humble_ws/src/VNAV_23/vnav_ws/install/mav_msgs/local/lib/python3.10/dist-packages/mav_msgs-3.3.3-py3.10.egg-info/dependency_links.txt\n'}
[0.973417] (mav_msgs) StdoutLine: {'line': b'-- Up-to-date: /home/aimane/humble_ws/src/VNAV_23/vnav_ws/install/mav_msgs/local/lib/python3.10/dist-packages/mav_msgs\n'}
[0.973481] (mav_msgs) StdoutLine: {'line': b'-- Up-to-date: /home/aimane/humble_ws/src/VNAV_23/vnav_ws/install/mav_msgs/local/lib/python3.10/dist-packages/mav_msgs/_mav_msgs_s.ep.rosidl_typesupport_c.c\n'}
[0.973542] (mav_msgs) StdoutLine: {'line': b'-- Up-to-date: /home/aimane/humble_ws/src/VNAV_23/vnav_ws/install/mav_msgs/local/lib/python3.10/dist-packages/mav_msgs/libmav_msgs__rosidl_generator_py.so\n'}
[0.973603] (mav_msgs) StdoutLine: {'line': b'-- Up-to-date: /home/aimane/humble_ws/src/VNAV_23/vnav_ws/install/mav_msgs/local/lib/python3.10/dist-packages/mav_msgs/_mav_msgs_s.ep.rosidl_typesupport_introspection_c.c\n'}
[0.973664] (mav_msgs) StdoutLine: {'line': b'-- Up-to-date: /home/aimane/humble_ws/src/VNAV_23/vnav_ws/install/mav_msgs/local/lib/python3.10/dist-packages/mav_msgs/_mav_msgs_s.ep.rosidl_typesupport_fastrtps_c.c\n'}
[0.973724] (mav_msgs) StdoutLine: {'line': b'-- Up-to-date: /home/aimane/humble_ws/src/VNAV_23/vnav_ws/install/mav_msgs/local/lib/python3.10/dist-packages/mav_msgs/msg\n'}
[0.973785] (mav_msgs) StdoutLine: {'line': b'-- Up-to-date: /home/aimane/humble_ws/src/VNAV_23/vnav_ws/install/mav_msgs/local/lib/python3.10/dist-packages/mav_msgs/msg/_actuators_s.c\n'}
[0.973866] (mav_msgs) StdoutLine: {'line': b'-- Up-to-date: /home/aimane/humble_ws/src/VNAV_23/vnav_ws/install/mav_msgs/local/lib/python3.10/dist-packages/mav_msgs/msg/_actuators.py\n'}
[0.973928] (mav_msgs) StdoutLine: {'line': b'-- Up-to-date: /home/aimane/humble_ws/src/VNAV_23/vnav_ws/install/mav_msgs/local/lib/python3.10/dist-packages/mav_msgs/msg/_attitude_thrust_s.c\n'}
[0.973989] (mav_msgs) StdoutLine: {'line': b'-- Up-to-date: /home/aimane/humble_ws/src/VNAV_23/vnav_ws/install/mav_msgs/local/lib/python3.10/dist-packages/mav_msgs/msg/_gps_waypoint_s.c\n'}
[0.974051] (mav_msgs) StdoutLine: {'line': b'-- Up-to-date: /home/aimane/humble_ws/src/VNAV_23/vnav_ws/install/mav_msgs/local/lib/python3.10/dist-packages/mav_msgs/msg/_rate_thrust.py\n'}
[0.974217] (mav_msgs) StdoutLine: {'line': b'-- Up-to-date: /home/aimane/humble_ws/src/VNAV_23/vnav_ws/install/mav_msgs/local/lib/python3.10/dist-packages/mav_msgs/msg/_torque_thrust.py\n'}
[0.974280] (mav_msgs) StdoutLine: {'line': b'-- Up-to-date: /home/aimane/humble_ws/src/VNAV_23/vnav_ws/install/mav_msgs/local/lib/python3.10/dist-packages/mav_msgs/msg/_roll_pitch_yawrate_thrust_s.c\n'}
[0.974341] (mav_msgs) StdoutLine: {'line': b'-- Up-to-date: /home/aimane/humble_ws/src/VNAV_23/vnav_ws/install/mav_msgs/local/lib/python3.10/dist-packages/mav_msgs/msg/_status.py\n'}
[0.974401] (mav_msgs) StdoutLine: {'line': b'-- Up-to-date: /home/aimane/humble_ws/src/VNAV_23/vnav_ws/install/mav_msgs/local/lib/python3.10/dist-packages/mav_msgs/msg/_gps_waypoint.py\n'}
[0.974462] (mav_msgs) StdoutLine: {'line': b'-- Up-to-date: /home/aimane/humble_ws/src/VNAV_23/vnav_ws/install/mav_msgs/local/lib/python3.10/dist-packages/mav_msgs/msg/_roll_pitch_yawrate_thrust.py\n'}
[0.974521] (mav_msgs) StdoutLine: {'line': b'-- Up-to-date: /home/aimane/humble_ws/src/VNAV_23/vnav_ws/install/mav_msgs/local/lib/python3.10/dist-packages/mav_msgs/msg/_status_s.c\n'}
[0.974581] (mav_msgs) StdoutLine: {'line': b'-- Up-to-date: /home/aimane/humble_ws/src/VNAV_23/vnav_ws/install/mav_msgs/local/lib/python3.10/dist-packages/mav_msgs/msg/__init__.py\n'}
[0.974640] (mav_msgs) StdoutLine: {'line': b'-- Up-to-date: /home/aimane/humble_ws/src/VNAV_23/vnav_ws/install/mav_msgs/local/lib/python3.10/dist-packages/mav_msgs/msg/_filtered_sensor_data_s.c\n'}
[0.974701] (mav_msgs) StdoutLine: {'line': b'-- Up-to-date: /home/aimane/humble_ws/src/VNAV_23/vnav_ws/install/mav_msgs/local/lib/python3.10/dist-packages/mav_msgs/msg/_rate_thrust_s.c\n'}
[0.974761] (mav_msgs) StdoutLine: {'line': b'-- Up-to-date: /home/aimane/humble_ws/src/VNAV_23/vnav_ws/install/mav_msgs/local/lib/python3.10/dist-packages/mav_msgs/msg/_filtered_sensor_data.py\n'}
[0.974859] (mav_msgs) StdoutLine: {'line': b'-- Up-to-date: /home/aimane/humble_ws/src/VNAV_23/vnav_ws/install/mav_msgs/local/lib/python3.10/dist-packages/mav_msgs/msg/_torque_thrust_s.c\n'}
[0.974925] (mav_msgs) StdoutLine: {'line': b'-- Up-to-date: /home/aimane/humble_ws/src/VNAV_23/vnav_ws/install/mav_msgs/local/lib/python3.10/dist-packages/mav_msgs/msg/_attitude_thrust.py\n'}
[0.974985] (mav_msgs) StdoutLine: {'line': b'-- Up-to-date: /home/aimane/humble_ws/src/VNAV_23/vnav_ws/install/mav_msgs/local/lib/python3.10/dist-packages/mav_msgs/__init__.py\n'}
[0.975045] (mav_msgs) StdoutLine: {'line': b'-- Up-to-date: /home/aimane/humble_ws/src/VNAV_23/vnav_ws/install/mav_msgs/local/lib/python3.10/dist-packages/mav_msgs/mav_msgs_s__rosidl_typesupport_fastrtps_c.cpython-310-x86_64-linux-gnu.so\n'}
[0.975107] (mav_msgs) StdoutLine: {'line': b'-- Up-to-date: /home/aimane/humble_ws/src/VNAV_23/vnav_ws/install/mav_msgs/local/lib/python3.10/dist-packages/mav_msgs/mav_msgs_s__rosidl_typesupport_introspection_c.cpython-310-x86_64-linux-gnu.so\n'}
[0.975169] (mav_msgs) StdoutLine: {'line': b'-- Up-to-date: /home/aimane/humble_ws/src/VNAV_23/vnav_ws/install/mav_msgs/local/lib/python3.10/dist-packages/mav_msgs/mav_msgs_s__rosidl_typesupport_c.cpython-310-x86_64-linux-gnu.so\n'}
[0.982771] (tesse_msgs) StdoutLine: {'line': b'[100%] Built target ament_cmake_python_build_tesse_msgs_egg\n'}
[0.987492] (mav_msgs) StdoutLine: {'line': b"Listing '/home/aimane/humble_ws/src/VNAV_23/vnav_ws/install/mav_msgs/local/lib/python3.10/dist-packages/mav_msgs'...\n"}
[0.987833] (mav_msgs) StdoutLine: {'line': b"Listing '/home/aimane/humble_ws/src/VNAV_23/vnav_ws/install/mav_msgs/local/lib/python3.10/dist-packages/mav_msgs/msg'...\n"}
[0.993691] (mav_msgs) StdoutLine: {'line': b'-- Up-to-date: /home/aimane/humble_ws/src/VNAV_23/vnav_ws/install/mav_msgs/local/lib/python3.10/dist-packages/mav_msgs/mav_msgs_s__rosidl_typesupport_fastrtps_c.cpython-310-x86_64-linux-gnu.so\n'}
[0.994333] (mav_msgs) StdoutLine: {'line': b'-- Up-to-date: /home/aimane/humble_ws/src/VNAV_23/vnav_ws/install/mav_msgs/local/lib/python3.10/dist-packages/mav_msgs/mav_msgs_s__rosidl_typesupport_introspection_c.cpython-310-x86_64-linux-gnu.so\n'}
[0.994851] (mav_msgs) StdoutLine: {'line': b'-- Up-to-date: /home/aimane/humble_ws/src/VNAV_23/vnav_ws/install/mav_msgs/local/lib/python3.10/dist-packages/mav_msgs/mav_msgs_s__rosidl_typesupport_c.cpython-310-x86_64-linux-gnu.so\n'}
[0.995305] (mav_msgs) StdoutLine: {'line': b'-- Up-to-date: /home/aimane/humble_ws/src/VNAV_23/vnav_ws/install/mav_msgs/lib/libmav_msgs__rosidl_generator_py.so\n'}
[0.997081] (mav_msgs) StdoutLine: {'line': b'-- Up-to-date: /home/aimane/humble_ws/src/VNAV_23/vnav_ws/install/mav_msgs/share/mav_msgs/msg/Actuators.idl\n'}
[0.997475] (mav_msgs) StdoutLine: {'line': b'-- Up-to-date: /home/aimane/humble_ws/src/VNAV_23/vnav_ws/install/mav_msgs/share/mav_msgs/msg/AttitudeThrust.idl\n'}
[0.997612] (mav_msgs) StdoutLine: {'line': b'-- Up-to-date: /home/aimane/humble_ws/src/VNAV_23/vnav_ws/install/mav_msgs/share/mav_msgs/msg/FilteredSensorData.idl\n'}
[0.997731] (mav_msgs) StdoutLine: {'line': b'-- Up-to-date: /home/aimane/humble_ws/src/VNAV_23/vnav_ws/install/mav_msgs/share/mav_msgs/msg/GpsWaypoint.idl\n'}
[0.997946] (mav_msgs) StdoutLine: {'line': b'-- Up-to-date: /home/aimane/humble_ws/src/VNAV_23/vnav_ws/install/mav_msgs/share/mav_msgs/msg/RateThrust.idl\n'}
[0.998134] (mav_msgs) StdoutLine: {'line': b'-- Up-to-date: /home/aimane/humble_ws/src/VNAV_23/vnav_ws/install/mav_msgs/share/mav_msgs/msg/RollPitchYawrateThrust.idl\n'}
[0.998251] (mav_msgs) StdoutLine: {'line': b'-- Up-to-date: /home/aimane/humble_ws/src/VNAV_23/vnav_ws/install/mav_msgs/share/mav_msgs/msg/Status.idl\n'}
[0.998367] (mav_msgs) StdoutLine: {'line': b'-- Up-to-date: /home/aimane/humble_ws/src/VNAV_23/vnav_ws/install/mav_msgs/share/mav_msgs/msg/TorqueThrust.idl\n'}
[0.998480] (mav_msgs) StdoutLine: {'line': b'-- Up-to-date: /home/aimane/humble_ws/src/VNAV_23/vnav_ws/install/mav_msgs/share/mav_msgs/msg/Actuators.msg\n'}
[0.998753] (mav_msgs) StdoutLine: {'line': b'-- Up-to-date: /home/aimane/humble_ws/src/VNAV_23/vnav_ws/install/mav_msgs/share/mav_msgs/msg/AttitudeThrust.msg\n'}
[0.998885] (mav_msgs) StdoutLine: {'line': b'-- Up-to-date: /home/aimane/humble_ws/src/VNAV_23/vnav_ws/install/mav_msgs/share/mav_msgs/msg/FilteredSensorData.msg\n'}
[0.998996] (mav_msgs) StdoutLine: {'line': b'-- Up-to-date: /home/aimane/humble_ws/src/VNAV_23/vnav_ws/install/mav_msgs/share/mav_msgs/msg/GpsWaypoint.msg\n'}
[0.999104] (mav_msgs) StdoutLine: {'line': b'-- Up-to-date: /home/aimane/humble_ws/src/VNAV_23/vnav_ws/install/mav_msgs/share/mav_msgs/msg/RateThrust.msg\n'}
[0.999217] (mav_msgs) StdoutLine: {'line': b'-- Up-to-date: /home/aimane/humble_ws/src/VNAV_23/vnav_ws/install/mav_msgs/share/mav_msgs/msg/RollPitchYawrateThrust.msg\n'}
[0.999334] (mav_msgs) StdoutLine: {'line': b'-- Up-to-date: /home/aimane/humble_ws/src/VNAV_23/vnav_ws/install/mav_msgs/share/mav_msgs/msg/Status.msg\n'}
[0.999450] (mav_msgs) StdoutLine: {'line': b'-- Up-to-date: /home/aimane/humble_ws/src/VNAV_23/vnav_ws/install/mav_msgs/share/mav_msgs/msg/TorqueThrust.msg\n'}
[0.999565] (mav_msgs) StdoutLine: {'line': b'-- Up-to-date: /home/aimane/humble_ws/src/VNAV_23/vnav_ws/install/mav_msgs/include/mav_msgs\n'}
[0.999679] (mav_msgs) StdoutLine: {'line': b'-- Up-to-date: /home/aimane/humble_ws/src/VNAV_23/vnav_ws/install/mav_msgs/include/mav_msgs/default_topics.hpp\n'}
[0.999801] (mav_msgs) StdoutLine: {'line': b'-- Up-to-date: /home/aimane/humble_ws/src/VNAV_23/vnav_ws/install/mav_msgs/include/mav_msgs/conversions.hpp\n'}
[1.000089] (mav_msgs) StdoutLine: {'line': b'-- Up-to-date: /home/aimane/humble_ws/src/VNAV_23/vnav_ws/install/mav_msgs/include/mav_msgs/common.hpp\n'}
[1.000207] (mav_msgs) StdoutLine: {'line': b'-- Up-to-date: /home/aimane/humble_ws/src/VNAV_23/vnav_ws/install/mav_msgs/include/mav_msgs/default_values.hpp\n'}
[1.000321] (mav_msgs) StdoutLine: {'line': b'-- Up-to-date: /home/aimane/humble_ws/src/VNAV_23/vnav_ws/install/mav_msgs/include/mav_msgs/eigen_mav_msgs.hpp\n'}
[1.000524] (mav_msgs) StdoutLine: {'line': b'-- Up-to-date: /home/aimane/humble_ws/src/VNAV_23/vnav_ws/install/mav_msgs/share/ament_index/resource_index/package_run_dependencies/mav_msgs\n'}
[1.000641] (mav_msgs) StdoutLine: {'line': b'-- Up-to-date: /home/aimane/humble_ws/src/VNAV_23/vnav_ws/install/mav_msgs/share/ament_index/resource_index/parent_prefix_path/mav_msgs\n'}
[1.000756] (mav_msgs) StdoutLine: {'line': b'-- Up-to-date: /home/aimane/humble_ws/src/VNAV_23/vnav_ws/install/mav_msgs/share/mav_msgs/environment/ament_prefix_path.sh\n'}
[1.001144] (mav_msgs) StdoutLine: {'line': b'-- Up-to-date: /home/aimane/humble_ws/src/VNAV_23/vnav_ws/install/mav_msgs/share/mav_msgs/environment/ament_prefix_path.dsv\n'}
[1.001269] (mav_msgs) StdoutLine: {'line': b'-- Up-to-date: /home/aimane/humble_ws/src/VNAV_23/vnav_ws/install/mav_msgs/share/mav_msgs/environment/path.sh\n'}
[1.001387] (mav_msgs) StdoutLine: {'line': b'-- Up-to-date: /home/aimane/humble_ws/src/VNAV_23/vnav_ws/install/mav_msgs/share/mav_msgs/environment/path.dsv\n'}
[1.001612] (mav_msgs) StdoutLine: {'line': b'-- Up-to-date: /home/aimane/humble_ws/src/VNAV_23/vnav_ws/install/mav_msgs/share/mav_msgs/local_setup.bash\n'}
[1.001732] (mav_msgs) StdoutLine: {'line': b'-- Up-to-date: /home/aimane/humble_ws/src/VNAV_23/vnav_ws/install/mav_msgs/share/mav_msgs/local_setup.sh\n'}
[1.001971] (mav_msgs) StdoutLine: {'line': b'-- Up-to-date: /home/aimane/humble_ws/src/VNAV_23/vnav_ws/install/mav_msgs/share/mav_msgs/local_setup.zsh\n'}
[1.002093] (mav_msgs) StdoutLine: {'line': b'-- Up-to-date: /home/aimane/humble_ws/src/VNAV_23/vnav_ws/install/mav_msgs/share/mav_msgs/local_setup.dsv\n'}
[1.002208] (mav_msgs) StdoutLine: {'line': b'-- Installing: /home/aimane/humble_ws/src/VNAV_23/vnav_ws/install/mav_msgs/share/mav_msgs/package.dsv\n'}
[1.002324] (mav_msgs) StdoutLine: {'line': b'-- Up-to-date: /home/aimane/humble_ws/src/VNAV_23/vnav_ws/install/mav_msgs/share/ament_index/resource_index/packages/mav_msgs\n'}
[1.002440] (mav_msgs) StdoutLine: {'line': b'-- Up-to-date: /home/aimane/humble_ws/src/VNAV_23/vnav_ws/install/mav_msgs/share/mav_msgs/cmake/export_mav_msgs__rosidl_generator_cExport.cmake\n'}
[1.002557] (mav_msgs) StdoutLine: {'line': b'-- Up-to-date: /home/aimane/humble_ws/src/VNAV_23/vnav_ws/install/mav_msgs/share/mav_msgs/cmake/export_mav_msgs__rosidl_generator_cExport-noconfig.cmake\n'}
[1.002673] (mav_msgs) StdoutLine: {'line': b'-- Up-to-date: /home/aimane/humble_ws/src/VNAV_23/vnav_ws/install/mav_msgs/share/mav_msgs/cmake/export_mav_msgs__rosidl_typesupport_fastrtps_cExport.cmake\n'}
[1.002845] (mav_msgs) StdoutLine: {'line': b'-- Up-to-date: /home/aimane/humble_ws/src/VNAV_23/vnav_ws/install/mav_msgs/share/mav_msgs/cmake/export_mav_msgs__rosidl_typesupport_fastrtps_cExport-noconfig.cmake\n'}
[1.002980] (-) TimerEvent: {}
[1.003220] (mav_msgs) StdoutLine: {'line': b'-- Up-to-date: /home/aimane/humble_ws/src/VNAV_23/vnav_ws/install/mav_msgs/share/mav_msgs/cmake/mav_msgs__rosidl_typesupport_introspection_cExport.cmake\n'}
[1.003379] (mav_msgs) StdoutLine: {'line': b'-- Up-to-date: /home/aimane/humble_ws/src/VNAV_23/vnav_ws/install/mav_msgs/share/mav_msgs/cmake/mav_msgs__rosidl_typesupport_introspection_cExport-noconfig.cmake\n'}
[1.003510] (mav_msgs) StdoutLine: {'line': b'-- Up-to-date: /home/aimane/humble_ws/src/VNAV_23/vnav_ws/install/mav_msgs/share/mav_msgs/cmake/mav_msgs__rosidl_typesupport_cExport.cmake\n'}
[1.003634] (mav_msgs) StdoutLine: {'line': b'-- Up-to-date: /home/aimane/humble_ws/src/VNAV_23/vnav_ws/install/mav_msgs/share/mav_msgs/cmake/mav_msgs__rosidl_typesupport_cExport-noconfig.cmake\n'}
[1.003758] (mav_msgs) StdoutLine: {'line': b'-- Up-to-date: /home/aimane/humble_ws/src/VNAV_23/vnav_ws/install/mav_msgs/share/mav_msgs/cmake/export_mav_msgs__rosidl_generator_cppExport.cmake\n'}
[1.003992] (mav_msgs) StdoutLine: {'line': b'-- Up-to-date: /home/aimane/humble_ws/src/VNAV_23/vnav_ws/install/mav_msgs/share/mav_msgs/cmake/export_mav_msgs__rosidl_typesupport_fastrtps_cppExport.cmake\n'}
[1.004122] (mav_msgs) StdoutLine: {'line': b'-- Up-to-date: /home/aimane/humble_ws/src/VNAV_23/vnav_ws/install/mav_msgs/share/mav_msgs/cmake/export_mav_msgs__rosidl_typesupport_fastrtps_cppExport-noconfig.cmake\n'}
[1.004278] (mav_msgs) StdoutLine: {'line': b'-- Up-to-date: /home/aimane/humble_ws/src/VNAV_23/vnav_ws/install/mav_msgs/share/mav_msgs/cmake/mav_msgs__rosidl_typesupport_introspection_cppExport.cmake\n'}
[1.004543] (mav_msgs) StdoutLine: {'line': b'-- Up-to-date: /home/aimane/humble_ws/src/VNAV_23/vnav_ws/install/mav_msgs/share/mav_msgs/cmake/mav_msgs__rosidl_typesupport_introspection_cppExport-noconfig.cmake\n'}
[1.004739] (mav_msgs) StdoutLine: {'line': b'-- Up-to-date: /home/aimane/humble_ws/src/VNAV_23/vnav_ws/install/mav_msgs/share/mav_msgs/cmake/mav_msgs__rosidl_typesupport_cppExport.cmake\n'}
[1.004934] (mav_msgs) StdoutLine: {'line': b'-- Up-to-date: /home/aimane/humble_ws/src/VNAV_23/vnav_ws/install/mav_msgs/share/mav_msgs/cmake/mav_msgs__rosidl_typesupport_cppExport-noconfig.cmake\n'}
[1.005068] (mav_msgs) StdoutLine: {'line': b'-- Up-to-date: /home/aimane/humble_ws/src/VNAV_23/vnav_ws/install/mav_msgs/share/mav_msgs/cmake/export_mav_msgs__rosidl_generator_pyExport.cmake\n'}
[1.005203] (mav_msgs) StdoutLine: {'line': b'-- Up-to-date: /home/aimane/humble_ws/src/VNAV_23/vnav_ws/install/mav_msgs/share/mav_msgs/cmake/export_mav_msgs__rosidl_generator_pyExport-noconfig.cmake\n'}
[1.005312] (mav_msgs) StdoutLine: {'line': b'-- Up-to-date: /home/aimane/humble_ws/src/VNAV_23/vnav_ws/install/mav_msgs/share/mav_msgs/cmake/rosidl_cmake-extras.cmake\n'}
[1.005455] (mav_msgs) StdoutLine: {'line': b'-- Up-to-date: /home/aimane/humble_ws/src/VNAV_23/vnav_ws/install/mav_msgs/share/mav_msgs/cmake/ament_cmake_export_dependencies-extras.cmake\n'}
[1.005564] (mav_msgs) StdoutLine: {'line': b'-- Up-to-date: /home/aimane/humble_ws/src/VNAV_23/vnav_ws/install/mav_msgs/share/mav_msgs/cmake/ament_cmake_export_include_directories-extras.cmake\n'}
[1.005670] (mav_msgs) StdoutLine: {'line': b'-- Up-to-date: /home/aimane/humble_ws/src/VNAV_23/vnav_ws/install/mav_msgs/share/mav_msgs/cmake/ament_cmake_export_libraries-extras.cmake\n'}
[1.005778] (mav_msgs) StdoutLine: {'line': b'-- Up-to-date: /home/aimane/humble_ws/src/VNAV_23/vnav_ws/install/mav_msgs/share/mav_msgs/cmake/ament_cmake_export_targets-extras.cmake\n'}
[1.006127] (mav_msgs) StdoutLine: {'line': b'-- Up-to-date: /home/aimane/humble_ws/src/VNAV_23/vnav_ws/install/mav_msgs/share/mav_msgs/cmake/rosidl_cmake_export_typesupport_targets-extras.cmake\n'}
[1.006444] (mav_msgs) StdoutLine: {'line': b'-- Up-to-date: /home/aimane/humble_ws/src/VNAV_23/vnav_ws/install/mav_msgs/share/mav_msgs/cmake/rosidl_cmake_export_typesupport_libraries-extras.cmake\n'}
[1.006627] (mav_msgs) StdoutLine: {'line': b'-- Up-to-date: /home/aimane/humble_ws/src/VNAV_23/vnav_ws/install/mav_msgs/share/mav_msgs/cmake/mav_msgsConfig.cmake\n'}
[1.006819] (mav_msgs) StdoutLine: {'line': b'-- Up-to-date: /home/aimane/humble_ws/src/VNAV_23/vnav_ws/install/mav_msgs/share/mav_msgs/cmake/mav_msgsConfig-version.cmake\n'}
[1.007054] (mav_msgs) StdoutLine: {'line': b'-- Up-to-date: /home/aimane/humble_ws/src/VNAV_23/vnav_ws/install/mav_msgs/share/mav_msgs/package.xml\n'}
[1.015608] (mav_state_machine_msgs) JobEnded: {'identifier': 'mav_state_machine_msgs', 'rc': 0}
[1.018084] (mav_system_msgs) CommandEnded: {'returncode': 0}
[1.045384] (mav_system_msgs) JobEnded: {'identifier': 'mav_system_msgs', 'rc': 0}
[1.045872] (tesse_msgs) CommandEnded: {'returncode': 0}
[1.046491] (tesse_msgs) JobProgress: {'identifier': 'tesse_msgs', 'progress': 'install'}
[1.046850] (tesse_msgs) Command: {'cmd': ['/usr/bin/cmake', '--install', '/home/aimane/humble_ws/src/VNAV_23/vnav_ws/build/tesse_msgs'], 'cwd': '/home/aimane/humble_ws/src/VNAV_23/vnav_ws/build/tesse_msgs', 'env': OrderedDict([('HOSTNAME', 'aimane'), ('SHLVL', '1'), ('LD_LIBRARY_PATH', '/opt/ros/humble/opt/rviz_ogre_vendor/lib:/opt/ros/humble/lib/x86_64-linux-gnu:/opt/ros/humble/lib'), ('HOME', '/home/aimane'), ('OLDPWD', '/home/aimane/humble_ws/src/VNAV_23/vnav_ws'), ('ROS_PYTHON_VERSION', '3'), ('ROS_DISTRO', 'humble'), ('_', '/usr/bin/colcon'), ('ROS_VERSION', '2'), ('TERM', 'xterm-256color'), ('ROS_LOCALHOST_ONLY', '0'), ('PATH', '/opt/ros/humble/bin:/usr/local/sbin:/usr/local/bin:/usr/sbin:/usr/bin:/sbin:/bin'), ('DISPLAY', ':1'), ('LANG', 'C.UTF-8'), ('AMENT_PREFIX_PATH', '/opt/ros/humble'), ('DEBIAN_FRONTEND', 'noninteractive'), ('PWD', '/home/aimane/humble_ws/src/VNAV_23/vnav_ws/build/tesse_msgs'), ('LC_ALL', 'C.UTF-8'), ('PYTHONPATH', '/opt/ros/humble/lib/python3.10/site-packages:/opt/ros/humble/local/lib/python3.10/dist-packages'), ('COLCON', '1'), ('CMAKE_PREFIX_PATH', '/opt/ros/humble')]), 'shell': False}
[1.048027] (mav_msgs) CommandEnded: {'returncode': 0}
[1.070344] (mav_msgs) JobEnded: {'identifier': 'mav_msgs', 'rc': 0}
[1.072658] (mav_planning_msgs) JobStarted: {'identifier': 'mav_planning_msgs'}
[1.072837] (tesse_msgs) StdoutLine: {'line': b'-- Install configuration: ""\n'}
[1.073024] (tesse_msgs) StdoutLine: {'line': b'-- Up-to-date: /home/aimane/humble_ws/src/VNAV_23/vnav_ws/install/tesse_msgs/share/ament_index/resource_index/rosidl_interfaces/tesse_msgs\n'}
[1.073151] (tesse_msgs) StdoutLine: {'line': b'-- Up-to-date: /home/aimane/humble_ws/src/VNAV_23/vnav_ws/install/tesse_msgs/include/tesse_msgs/tesse_msgs\n'}
[1.073275] (tesse_msgs) StdoutLine: {'line': b'-- Up-to-date: /home/aimane/humble_ws/src/VNAV_23/vnav_ws/install/tesse_msgs/include/tesse_msgs/tesse_msgs/msg\n'}
[1.073425] (tesse_msgs) StdoutLine: {'line': b'-- Up-to-date: /home/aimane/humble_ws/src/VNAV_23/vnav_ws/install/tesse_msgs/include/tesse_msgs/tesse_msgs/msg/detail\n'}
[1.073569] (tesse_msgs) StdoutLine: {'line': b'-- Up-to-date: /home/aimane/humble_ws/src/VNAV_23/vnav_ws/install/tesse_msgs/include/tesse_msgs/tesse_msgs/msg/detail/collision_stats__type_support.h\n'}
[1.073736] (tesse_msgs) StdoutLine: {'line': b'-- Up-to-date: /home/aimane/humble_ws/src/VNAV_23/vnav_ws/install/tesse_msgs/include/tesse_msgs/tesse_msgs/msg/detail/collision_stats__functions.h\n'}
[1.073917] (tesse_msgs) StdoutLine: {'line': b'-- Up-to-date: /home/aimane/humble_ws/src/VNAV_23/vnav_ws/install/tesse_msgs/include/tesse_msgs/tesse_msgs/msg/detail/collision_stats__functions.c\n'}
[1.074057] (tesse_msgs) StdoutLine: {'line': b'-- Up-to-date: /home/aimane/humble_ws/src/VNAV_23/vnav_ws/install/tesse_msgs/include/tesse_msgs/tesse_msgs/msg/detail/collision_stats__struct.h\n'}
[1.074191] (tesse_msgs) StdoutLine: {'line': b'-- Up-to-date: /home/aimane/humble_ws/src/VNAV_23/vnav_ws/install/tesse_msgs/include/tesse_msgs/tesse_msgs/msg/collision_stats.h\n'}
[1.075076] (tesse_msgs) StdoutLine: {'line': b'-- Up-to-date: /home/aimane/humble_ws/src/VNAV_23/vnav_ws/install/tesse_msgs/include/tesse_msgs/tesse_msgs/msg/rosidl_generator_c__visibility_control.h\n'}
[1.075352] (tesse_msgs) StdoutLine: {'line': b'-- Up-to-date: /home/aimane/humble_ws/src/VNAV_23/vnav_ws/install/tesse_msgs/include/tesse_msgs/tesse_msgs/srv\n'}
[1.075566] (tesse_msgs) StdoutLine: {'line': b'-- Up-to-date: /home/aimane/humble_ws/src/VNAV_23/vnav_ws/install/tesse_msgs/include/tesse_msgs/tesse_msgs/srv/reposition_request_service.h\n'}
[1.075870] (tesse_msgs) StdoutLine: {'line': b'-- Up-to-date: /home/aimane/humble_ws/src/VNAV_23/vnav_ws/install/tesse_msgs/include/tesse_msgs/tesse_msgs/srv/detail\n'}
[1.076033] (tesse_msgs) StdoutLine: {'line': b'-- Up-to-date: /home/aimane/humble_ws/src/VNAV_23/vnav_ws/install/tesse_msgs/include/tesse_msgs/tesse_msgs/srv/detail/scene_request_service__type_support.h\n'}
[1.076176] (tesse_msgs) StdoutLine: {'line': b'-- Up-to-date: /home/aimane/humble_ws/src/VNAV_23/vnav_ws/install/tesse_msgs/include/tesse_msgs/tesse_msgs/srv/detail/reposition_request_service__functions.h\n'}
[1.076310] (tesse_msgs) StdoutLine: {'line': b'-- Up-to-date: /home/aimane/humble_ws/src/VNAV_23/vnav_ws/install/tesse_msgs/include/tesse_msgs/tesse_msgs/srv/detail/object_spawn_request_service__functions.c\n'}
[1.076422] (tesse_msgs) StdoutLine: {'line': b'-- Up-to-date: /home/aimane/humble_ws/src/VNAV_23/vnav_ws/install/tesse_msgs/include/tesse_msgs/tesse_msgs/srv/detail/object_spawn_request_service__type_support.h\n'}
[1.076561] (tesse_msgs) StdoutLine: {'line': b'-- Up-to-date: /home/aimane/humble_ws/src/VNAV_23/vnav_ws/install/tesse_msgs/include/tesse_msgs/tesse_msgs/srv/detail/reposition_request_service__functions.c\n'}
[1.076675] (tesse_msgs) StdoutLine: {'line': b'-- Up-to-date: /home/aimane/humble_ws/src/VNAV_23/vnav_ws/install/tesse_msgs/include/tesse_msgs/tesse_msgs/srv/detail/scene_request_service__functions.h\n'}
[1.076943] (tesse_msgs) StdoutLine: {'line': b'-- Up-to-date: /home/aimane/humble_ws/src/VNAV_23/vnav_ws/install/tesse_msgs/include/tesse_msgs/tesse_msgs/srv/detail/scene_request_service__functions.c\n'}
[1.077214] (tesse_msgs) StdoutLine: {'line': b'-- Up-to-date: /home/aimane/humble_ws/src/VNAV_23/vnav_ws/install/tesse_msgs/include/tesse_msgs/tesse_msgs/srv/detail/object_spawn_request_service__struct.h\n'}
[1.077485] (tesse_msgs) StdoutLine: {'line': b'-- Up-to-date: /home/aimane/humble_ws/src/VNAV_23/vnav_ws/install/tesse_msgs/include/tesse_msgs/tesse_msgs/srv/detail/reposition_request_service__type_support.h\n'}
[1.077677] (tesse_msgs) StdoutLine: {'line': b'-- Up-to-date: /home/aimane/humble_ws/src/VNAV_23/vnav_ws/install/tesse_msgs/include/tesse_msgs/tesse_msgs/srv/detail/object_spawn_request_service__functions.h\n'}
[1.077851] (tesse_msgs) StdoutLine: {'line': b'-- Up-to-date: /home/aimane/humble_ws/src/VNAV_23/vnav_ws/install/tesse_msgs/include/tesse_msgs/tesse_msgs/srv/detail/reposition_request_service__struct.h\n'}
[1.078007] (tesse_msgs) StdoutLine: {'line': b'-- Up-to-date: /home/aimane/humble_ws/src/VNAV_23/vnav_ws/install/tesse_msgs/include/tesse_msgs/tesse_msgs/srv/detail/scene_request_service__struct.h\n'}
[1.078155] (tesse_msgs) StdoutLine: {'line': b'-- Up-to-date: /home/aimane/humble_ws/src/VNAV_23/vnav_ws/install/tesse_msgs/include/tesse_msgs/tesse_msgs/srv/object_spawn_request_service.h\n'}
[1.078346] (tesse_msgs) StdoutLine: {'line': b'-- Up-to-date: /home/aimane/humble_ws/src/VNAV_23/vnav_ws/install/tesse_msgs/include/tesse_msgs/tesse_msgs/srv/scene_request_service.h\n'}
[1.078545] (tesse_msgs) StdoutLine: {'line': b'-- Up-to-date: /home/aimane/humble_ws/src/VNAV_23/vnav_ws/install/tesse_msgs/share/tesse_msgs/environment/library_path.sh\n'}
[1.078813] (tesse_msgs) StdoutLine: {'line': b'-- Up-to-date: /home/aimane/humble_ws/src/VNAV_23/vnav_ws/install/tesse_msgs/share/tesse_msgs/environment/library_path.dsv\n'}
[1.078991] (tesse_msgs) StdoutLine: {'line': b'-- Up-to-date: /home/aimane/humble_ws/src/VNAV_23/vnav_ws/install/tesse_msgs/lib/libtesse_msgs__rosidl_generator_c.so\n'}
[1.079142] (tesse_msgs) StdoutLine: {'line': b'-- Up-to-date: /home/aimane/humble_ws/src/VNAV_23/vnav_ws/install/tesse_msgs/include/tesse_msgs/tesse_msgs\n'}
[1.079315] (tesse_msgs) StdoutLine: {'line': b'-- Up-to-date: /home/aimane/humble_ws/src/VNAV_23/vnav_ws/install/tesse_msgs/include/tesse_msgs/tesse_msgs/msg\n'}
[1.079473] (tesse_msgs) StdoutLine: {'line': b'-- Up-to-date: /home/aimane/humble_ws/src/VNAV_23/vnav_ws/install/tesse_msgs/include/tesse_msgs/tesse_msgs/msg/detail\n'}
[1.079592] (tesse_msgs) StdoutLine: {'line': b'-- Up-to-date: /home/aimane/humble_ws/src/VNAV_23/vnav_ws/install/tesse_msgs/include/tesse_msgs/tesse_msgs/msg/detail/collision_stats__rosidl_typesupport_fastrtps_c.h\n'}
[1.079708] (tesse_msgs) StdoutLine: {'line': b'-- Up-to-date: /home/aimane/humble_ws/src/VNAV_23/vnav_ws/install/tesse_msgs/include/tesse_msgs/tesse_msgs/msg/rosidl_typesupport_fastrtps_c__visibility_control.h\n'}
[1.079859] (tesse_msgs) StdoutLine: {'line': b'-- Up-to-date: /home/aimane/humble_ws/src/VNAV_23/vnav_ws/install/tesse_msgs/include/tesse_msgs/tesse_msgs/srv\n'}
[1.080021] (tesse_msgs) StdoutLine: {'line': b'-- Up-to-date: /home/aimane/humble_ws/src/VNAV_23/vnav_ws/install/tesse_msgs/include/tesse_msgs/tesse_msgs/srv/detail\n'}
[1.080155] (tesse_msgs) StdoutLine: {'line': b'-- Up-to-date: /home/aimane/humble_ws/src/VNAV_23/vnav_ws/install/tesse_msgs/include/tesse_msgs/tesse_msgs/srv/detail/object_spawn_request_service__rosidl_typesupport_fastrtps_c.h\n'}
[1.080279] (tesse_msgs) StdoutLine: {'line': b'-- Up-to-date: /home/aimane/humble_ws/src/VNAV_23/vnav_ws/install/tesse_msgs/include/tesse_msgs/tesse_msgs/srv/detail/reposition_request_service__rosidl_typesupport_fastrtps_c.h\n'}
[1.080470] (tesse_msgs) StdoutLine: {'line': b'-- Up-to-date: /home/aimane/humble_ws/src/VNAV_23/vnav_ws/install/tesse_msgs/include/tesse_msgs/tesse_msgs/srv/detail/scene_request_service__rosidl_typesupport_fastrtps_c.h\n'}
[1.080604] (tesse_msgs) StdoutLine: {'line': b'-- Up-to-date: /home/aimane/humble_ws/src/VNAV_23/vnav_ws/install/tesse_msgs/lib/libtesse_msgs__rosidl_typesupport_fastrtps_c.so\n'}
[1.080756] (tesse_msgs) StdoutLine: {'line': b'-- Up-to-date: /home/aimane/humble_ws/src/VNAV_23/vnav_ws/install/tesse_msgs/include/tesse_msgs/tesse_msgs\n'}
[1.080971] (tesse_msgs) StdoutLine: {'line': b'-- Up-to-date: /home/aimane/humble_ws/src/VNAV_23/vnav_ws/install/tesse_msgs/include/tesse_msgs/tesse_msgs/msg\n'}
[1.081120] (tesse_msgs) StdoutLine: {'line': b'-- Up-to-date: /home/aimane/humble_ws/src/VNAV_23/vnav_ws/install/tesse_msgs/include/tesse_msgs/tesse_msgs/msg/collision_stats.hpp\n'}
[1.081256] (tesse_msgs) StdoutLine: {'line': b'-- Up-to-date: /home/aimane/humble_ws/src/VNAV_23/vnav_ws/install/tesse_msgs/include/tesse_msgs/tesse_msgs/msg/detail\n'}
[1.081385] (tesse_msgs) StdoutLine: {'line': b'-- Up-to-date: /home/aimane/humble_ws/src/VNAV_23/vnav_ws/install/tesse_msgs/include/tesse_msgs/tesse_msgs/msg/detail/collision_stats__builder.hpp\n'}
[1.081513] (tesse_msgs) StdoutLine: {'line': b'-- Up-to-date: /home/aimane/humble_ws/src/VNAV_23/vnav_ws/install/tesse_msgs/include/tesse_msgs/tesse_msgs/msg/detail/collision_stats__struct.hpp\n'}
[1.081633] (tesse_msgs) StdoutLine: {'line': b'-- Up-to-date: /home/aimane/humble_ws/src/VNAV_23/vnav_ws/install/tesse_msgs/include/tesse_msgs/tesse_msgs/msg/detail/collision_stats__type_support.hpp\n'}
[1.081753] (tesse_msgs) StdoutLine: {'line': b'-- Up-to-date: /home/aimane/humble_ws/src/VNAV_23/vnav_ws/install/tesse_msgs/include/tesse_msgs/tesse_msgs/msg/detail/collision_stats__traits.hpp\n'}
[1.082008] (tesse_msgs) StdoutLine: {'line': b'-- Up-to-date: /home/aimane/humble_ws/src/VNAV_23/vnav_ws/install/tesse_msgs/include/tesse_msgs/tesse_msgs/msg/rosidl_generator_cpp__visibility_control.hpp\n'}
[1.082171] (tesse_msgs) StdoutLine: {'line': b'-- Up-to-date: /home/aimane/humble_ws/src/VNAV_23/vnav_ws/install/tesse_msgs/include/tesse_msgs/tesse_msgs/srv\n'}
[1.082294] (tesse_msgs) StdoutLine: {'line': b'-- Up-to-date: /home/aimane/humble_ws/src/VNAV_23/vnav_ws/install/tesse_msgs/include/tesse_msgs/tesse_msgs/srv/object_spawn_request_service.hpp\n'}
[1.082417] (tesse_msgs) StdoutLine: {'line': b'-- Up-to-date: /home/aimane/humble_ws/src/VNAV_23/vnav_ws/install/tesse_msgs/include/tesse_msgs/tesse_msgs/srv/detail\n'}
[1.082537] (tesse_msgs) StdoutLine: {'line': b'-- Up-to-date: /home/aimane/humble_ws/src/VNAV_23/vnav_ws/install/tesse_msgs/include/tesse_msgs/tesse_msgs/srv/detail/object_spawn_request_service__traits.hpp\n'}
[1.082674] (tesse_msgs) StdoutLine: {'line': b'-- Up-to-date: /home/aimane/humble_ws/src/VNAV_23/vnav_ws/install/tesse_msgs/include/tesse_msgs/tesse_msgs/srv/detail/scene_request_service__builder.hpp\n'}
[1.082806] (tesse_msgs) StdoutLine: {'line': b'-- Up-to-date: /home/aimane/humble_ws/src/VNAV_23/vnav_ws/install/tesse_msgs/include/tesse_msgs/tesse_msgs/srv/detail/reposition_request_service__builder.hpp\n'}
[1.083021] (tesse_msgs) StdoutLine: {'line': b'-- Up-to-date: /home/aimane/humble_ws/src/VNAV_23/vnav_ws/install/tesse_msgs/include/tesse_msgs/tesse_msgs/srv/detail/scene_request_service__struct.hpp\n'}
[1.083159] (tesse_msgs) StdoutLine: {'line': b'-- Up-to-date: /home/aimane/humble_ws/src/VNAV_23/vnav_ws/install/tesse_msgs/include/tesse_msgs/tesse_msgs/srv/detail/scene_request_service__type_support.hpp\n'}
[1.083296] (tesse_msgs) StdoutLine: {'line': b'-- Up-to-date: /home/aimane/humble_ws/src/VNAV_23/vnav_ws/install/tesse_msgs/include/tesse_msgs/tesse_msgs/srv/detail/scene_request_service__traits.hpp\n'}
[1.083436] (tesse_msgs) StdoutLine: {'line': b'-- Up-to-date: /home/aimane/humble_ws/src/VNAV_23/vnav_ws/install/tesse_msgs/include/tesse_msgs/tesse_msgs/srv/detail/reposition_request_service__type_support.hpp\n'}
[1.083612] (tesse_msgs) StdoutLine: {'line': b'-- Up-to-date: /home/aimane/humble_ws/src/VNAV_23/vnav_ws/install/tesse_msgs/include/tesse_msgs/tesse_msgs/srv/detail/object_spawn_request_service__type_support.hpp\n'}
[1.083738] (tesse_msgs) StdoutLine: {'line': b'-- Up-to-date: /home/aimane/humble_ws/src/VNAV_23/vnav_ws/install/tesse_msgs/include/tesse_msgs/tesse_msgs/srv/detail/reposition_request_service__traits.hpp\n'}
[1.083946] (tesse_msgs) StdoutLine: {'line': b'-- Up-to-date: /home/aimane/humble_ws/src/VNAV_23/vnav_ws/install/tesse_msgs/include/tesse_msgs/tesse_msgs/srv/detail/reposition_request_service__struct.hpp\n'}
[1.084133] (tesse_msgs) StdoutLine: {'line': b'-- Up-to-date: /home/aimane/humble_ws/src/VNAV_23/vnav_ws/install/tesse_msgs/include/tesse_msgs/tesse_msgs/srv/detail/object_spawn_request_service__struct.hpp\n'}
[1.084269] (tesse_msgs) StdoutLine: {'line': b'-- Up-to-date: /home/aimane/humble_ws/src/VNAV_23/vnav_ws/install/tesse_msgs/include/tesse_msgs/tesse_msgs/srv/detail/object_spawn_request_service__builder.hpp\n'}
[1.084420] (tesse_msgs) StdoutLine: {'line': b'-- Up-to-date: /home/aimane/humble_ws/src/VNAV_23/vnav_ws/install/tesse_msgs/include/tesse_msgs/tesse_msgs/srv/scene_request_service.hpp\n'}
[1.084551] (tesse_msgs) StdoutLine: {'line': b'-- Up-to-date: /home/aimane/humble_ws/src/VNAV_23/vnav_ws/install/tesse_msgs/include/tesse_msgs/tesse_msgs/srv/reposition_request_service.hpp\n'}
[1.084704] (tesse_msgs) StdoutLine: {'line': b'-- Up-to-date: /home/aimane/humble_ws/src/VNAV_23/vnav_ws/install/tesse_msgs/include/tesse_msgs/tesse_msgs\n'}
[1.084852] (tesse_msgs) StdoutLine: {'line': b'-- Up-to-date: /home/aimane/humble_ws/src/VNAV_23/vnav_ws/install/tesse_msgs/include/tesse_msgs/tesse_msgs/msg\n'}
[1.084974] (tesse_msgs) StdoutLine: {'line': b'-- Up-to-date: /home/aimane/humble_ws/src/VNAV_23/vnav_ws/install/tesse_msgs/include/tesse_msgs/tesse_msgs/msg/detail\n'}
[1.085084] (tesse_msgs) StdoutLine: {'line': b'-- Up-to-date: /home/aimane/humble_ws/src/VNAV_23/vnav_ws/install/tesse_msgs/include/tesse_msgs/tesse_msgs/msg/detail/dds_fastrtps\n'}
[1.085192] (tesse_msgs) StdoutLine: {'line': b'-- Up-to-date: /home/aimane/humble_ws/src/VNAV_23/vnav_ws/install/tesse_msgs/include/tesse_msgs/tesse_msgs/msg/detail/collision_stats__rosidl_typesupport_fastrtps_cpp.hpp\n'}
[1.085308] (tesse_msgs) StdoutLine: {'line': b'-- Up-to-date: /home/aimane/humble_ws/src/VNAV_23/vnav_ws/install/tesse_msgs/include/tesse_msgs/tesse_msgs/msg/rosidl_typesupport_fastrtps_cpp__visibility_control.h\n'}
[1.085425] (tesse_msgs) StdoutLine: {'line': b'-- Up-to-date: /home/aimane/humble_ws/src/VNAV_23/vnav_ws/install/tesse_msgs/include/tesse_msgs/tesse_msgs/srv\n'}
[1.085541] (tesse_msgs) StdoutLine: {'line': b'-- Up-to-date: /home/aimane/humble_ws/src/VNAV_23/vnav_ws/install/tesse_msgs/include/tesse_msgs/tesse_msgs/srv/detail\n'}
[1.085657] (tesse_msgs) StdoutLine: {'line': b'-- Up-to-date: /home/aimane/humble_ws/src/VNAV_23/vnav_ws/install/tesse_msgs/include/tesse_msgs/tesse_msgs/srv/detail/dds_fastrtps\n'}
[1.085772] (tesse_msgs) StdoutLine: {'line': b'-- Up-to-date: /home/aimane/humble_ws/src/VNAV_23/vnav_ws/install/tesse_msgs/include/tesse_msgs/tesse_msgs/srv/detail/reposition_request_service__rosidl_typesupport_fastrtps_cpp.hpp\n'}
[1.085962] (tesse_msgs) StdoutLine: {'line': b'-- Up-to-date: /home/aimane/humble_ws/src/VNAV_23/vnav_ws/install/tesse_msgs/include/tesse_msgs/tesse_msgs/srv/detail/object_spawn_request_service__rosidl_typesupport_fastrtps_cpp.hpp\n'}
[1.086136] (tesse_msgs) StdoutLine: {'line': b'-- Up-to-date: /home/aimane/humble_ws/src/VNAV_23/vnav_ws/install/tesse_msgs/include/tesse_msgs/tesse_msgs/srv/detail/scene_request_service__rosidl_typesupport_fastrtps_cpp.hpp\n'}
[1.086257] (tesse_msgs) StdoutLine: {'line': b'-- Up-to-date: /home/aimane/humble_ws/src/VNAV_23/vnav_ws/install/tesse_msgs/lib/libtesse_msgs__rosidl_typesupport_fastrtps_cpp.so\n'}
[1.086375] (tesse_msgs) StdoutLine: {'line': b'-- Up-to-date: /home/aimane/humble_ws/src/VNAV_23/vnav_ws/install/tesse_msgs/include/tesse_msgs/tesse_msgs\n'}
[1.086516] (tesse_msgs) StdoutLine: {'line': b'-- Up-to-date: /home/aimane/humble_ws/src/VNAV_23/vnav_ws/install/tesse_msgs/include/tesse_msgs/tesse_msgs/msg\n'}
[1.086636] (tesse_msgs) StdoutLine: {'line': b'-- Up-to-date: /home/aimane/humble_ws/src/VNAV_23/vnav_ws/install/tesse_msgs/include/tesse_msgs/tesse_msgs/msg/rosidl_typesupport_introspection_c__visibility_control.h\n'}
[1.086758] (tesse_msgs) StdoutLine: {'line': b'-- Up-to-date: /home/aimane/humble_ws/src/VNAV_23/vnav_ws/install/tesse_msgs/include/tesse_msgs/tesse_msgs/msg/detail\n'}
[1.087153] (tesse_msgs) StdoutLine: {'line': b'-- Up-to-date: /home/aimane/humble_ws/src/VNAV_23/vnav_ws/install/tesse_msgs/include/tesse_msgs/tesse_msgs/msg/detail/collision_stats__type_support.c\n'}
[1.087297] (tesse_msgs) StdoutLine: {'line': b'-- Up-to-date: /home/aimane/humble_ws/src/VNAV_23/vnav_ws/install/tesse_msgs/include/tesse_msgs/tesse_msgs/msg/detail/collision_stats__rosidl_typesupport_introspection_c.h\n'}
[1.087416] (tesse_msgs) StdoutLine: {'line': b'-- Up-to-date: /home/aimane/humble_ws/src/VNAV_23/vnav_ws/install/tesse_msgs/include/tesse_msgs/tesse_msgs/srv\n'}
[1.087532] (tesse_msgs) StdoutLine: {'line': b'-- Up-to-date: /home/aimane/humble_ws/src/VNAV_23/vnav_ws/install/tesse_msgs/include/tesse_msgs/tesse_msgs/srv/detail\n'}
[1.087652] (tesse_msgs) StdoutLine: {'line': b'-- Up-to-date: /home/aimane/humble_ws/src/VNAV_23/vnav_ws/install/tesse_msgs/include/tesse_msgs/tesse_msgs/srv/detail/object_spawn_request_service__type_support.c\n'}
[1.087768] (tesse_msgs) StdoutLine: {'line': b'-- Up-to-date: /home/aimane/humble_ws/src/VNAV_23/vnav_ws/install/tesse_msgs/include/tesse_msgs/tesse_msgs/srv/detail/scene_request_service__type_support.c\n'}
[1.087952] (tesse_msgs) StdoutLine: {'line': b'-- Up-to-date: /home/aimane/humble_ws/src/VNAV_23/vnav_ws/install/tesse_msgs/include/tesse_msgs/tesse_msgs/srv/detail/scene_request_service__rosidl_typesupport_introspection_c.h\n'}
[1.088088] (tesse_msgs) StdoutLine: {'line': b'-- Up-to-date: /home/aimane/humble_ws/src/VNAV_23/vnav_ws/install/tesse_msgs/include/tesse_msgs/tesse_msgs/srv/detail/reposition_request_service__rosidl_typesupport_introspection_c.h\n'}
[1.088208] (tesse_msgs) StdoutLine: {'line': b'-- Up-to-date: /home/aimane/humble_ws/src/VNAV_23/vnav_ws/install/tesse_msgs/include/tesse_msgs/tesse_msgs/srv/detail/object_spawn_request_service__rosidl_typesupport_introspection_c.h\n'}
[1.088327] (tesse_msgs) StdoutLine: {'line': b'-- Up-to-date: /home/aimane/humble_ws/src/VNAV_23/vnav_ws/install/tesse_msgs/include/tesse_msgs/tesse_msgs/srv/detail/reposition_request_service__type_support.c\n'}
[1.088455] (tesse_msgs) StdoutLine: {'line': b'-- Up-to-date: /home/aimane/humble_ws/src/VNAV_23/vnav_ws/install/tesse_msgs/lib/libtesse_msgs__rosidl_typesupport_introspection_c.so\n'}
[1.088575] (tesse_msgs) StdoutLine: {'line': b'-- Up-to-date: /home/aimane/humble_ws/src/VNAV_23/vnav_ws/install/tesse_msgs/lib/libtesse_msgs__rosidl_typesupport_c.so\n'}
[1.088695] (tesse_msgs) StdoutLine: {'line': b'-- Up-to-date: /home/aimane/humble_ws/src/VNAV_23/vnav_ws/install/tesse_msgs/include/tesse_msgs/tesse_msgs\n'}
[1.088821] (tesse_msgs) StdoutLine: {'line': b'-- Up-to-date: /home/aimane/humble_ws/src/VNAV_23/vnav_ws/install/tesse_msgs/include/tesse_msgs/tesse_msgs/msg\n'}
[1.089000] (tesse_msgs) StdoutLine: {'line': b'-- Up-to-date: /home/aimane/humble_ws/src/VNAV_23/vnav_ws/install/tesse_msgs/include/tesse_msgs/tesse_msgs/msg/detail\n'}
[1.089123] (tesse_msgs) StdoutLine: {'line': b'-- Up-to-date: /home/aimane/humble_ws/src/VNAV_23/vnav_ws/install/tesse_msgs/include/tesse_msgs/tesse_msgs/msg/detail/collision_stats__rosidl_typesupport_introspection_cpp.hpp\n'}
[1.089241] (tesse_msgs) StdoutLine: {'line': b'-- Up-to-date: /home/aimane/humble_ws/src/VNAV_23/vnav_ws/install/tesse_msgs/include/tesse_msgs/tesse_msgs/msg/detail/collision_stats__type_support.cpp\n'}
[1.089361] (tesse_msgs) StdoutLine: {'line': b'-- Up-to-date: /home/aimane/humble_ws/src/VNAV_23/vnav_ws/install/tesse_msgs/include/tesse_msgs/tesse_msgs/srv\n'}
[1.089500] (tesse_msgs) StdoutLine: {'line': b'-- Up-to-date: /home/aimane/humble_ws/src/VNAV_23/vnav_ws/install/tesse_msgs/include/tesse_msgs/tesse_msgs/srv/detail\n'}
[1.089617] (tesse_msgs) StdoutLine: {'line': b'-- Up-to-date: /home/aimane/humble_ws/src/VNAV_23/vnav_ws/install/tesse_msgs/include/tesse_msgs/tesse_msgs/srv/detail/object_spawn_request_service__type_support.cpp\n'}
[1.089736] (tesse_msgs) StdoutLine: {'line': b'-- Up-to-date: /home/aimane/humble_ws/src/VNAV_23/vnav_ws/install/tesse_msgs/include/tesse_msgs/tesse_msgs/srv/detail/scene_request_service__rosidl_typesupport_introspection_cpp.hpp\n'}
[1.089912] (tesse_msgs) StdoutLine: {'line': b'-- Up-to-date: /home/aimane/humble_ws/src/VNAV_23/vnav_ws/install/tesse_msgs/include/tesse_msgs/tesse_msgs/srv/detail/reposition_request_service__rosidl_typesupport_introspection_cpp.hpp\n'}
[1.090074] (tesse_msgs) StdoutLine: {'line': b'-- Up-to-date: /home/aimane/humble_ws/src/VNAV_23/vnav_ws/install/tesse_msgs/include/tesse_msgs/tesse_msgs/srv/detail/scene_request_service__type_support.cpp\n'}
[1.090220] (tesse_msgs) StdoutLine: {'line': b'-- Up-to-date: /home/aimane/humble_ws/src/VNAV_23/vnav_ws/install/tesse_msgs/include/tesse_msgs/tesse_msgs/srv/detail/reposition_request_service__type_support.cpp\n'}
[1.090326] (tesse_msgs) StdoutLine: {'line': b'-- Up-to-date: /home/aimane/humble_ws/src/VNAV_23/vnav_ws/install/tesse_msgs/include/tesse_msgs/tesse_msgs/srv/detail/object_spawn_request_service__rosidl_typesupport_introspection_cpp.hpp\n'}
[1.090429] (tesse_msgs) StdoutLine: {'line': b'-- Up-to-date: /home/aimane/humble_ws/src/VNAV_23/vnav_ws/install/tesse_msgs/lib/libtesse_msgs__rosidl_typesupport_introspection_cpp.so\n'}
[1.090535] (tesse_msgs) StdoutLine: {'line': b'-- Up-to-date: /home/aimane/humble_ws/src/VNAV_23/vnav_ws/install/tesse_msgs/lib/libtesse_msgs__rosidl_typesupport_cpp.so\n'}
[1.090657] (tesse_msgs) StdoutLine: {'line': b'-- Up-to-date: /home/aimane/humble_ws/src/VNAV_23/vnav_ws/install/tesse_msgs/share/tesse_msgs/environment/pythonpath.sh\n'}
[1.090780] (tesse_msgs) StdoutLine: {'line': b'-- Up-to-date: /home/aimane/humble_ws/src/VNAV_23/vnav_ws/install/tesse_msgs/share/tesse_msgs/environment/pythonpath.dsv\n'}
[1.090971] (tesse_msgs) StdoutLine: {'line': b'-- Up-to-date: /home/aimane/humble_ws/src/VNAV_23/vnav_ws/install/tesse_msgs/local/lib/python3.10/dist-packages/tesse_msgs-0.0.0-py3.10.egg-info\n'}
[1.091106] (tesse_msgs) StdoutLine: {'line': b'-- Installing: /home/aimane/humble_ws/src/VNAV_23/vnav_ws/install/tesse_msgs/local/lib/python3.10/dist-packages/tesse_msgs-0.0.0-py3.10.egg-info/SOURCES.txt\n'}
[1.091241] (tesse_msgs) StdoutLine: {'line': b'-- Installing: /home/aimane/humble_ws/src/VNAV_23/vnav_ws/install/tesse_msgs/local/lib/python3.10/dist-packages/tesse_msgs-0.0.0-py3.10.egg-info/top_level.txt\n'}
[1.091375] (tesse_msgs) StdoutLine: {'line': b'-- Installing: /home/aimane/humble_ws/src/VNAV_23/vnav_ws/install/tesse_msgs/local/lib/python3.10/dist-packages/tesse_msgs-0.0.0-py3.10.egg-info/PKG-INFO\n'}
[1.091505] (tesse_msgs) StdoutLine: {'line': b'-- Installing: /home/aimane/humble_ws/src/VNAV_23/vnav_ws/install/tesse_msgs/local/lib/python3.10/dist-packages/tesse_msgs-0.0.0-py3.10.egg-info/dependency_links.txt\n'}
[1.091639] (tesse_msgs) StdoutLine: {'line': b'-- Up-to-date: /home/aimane/humble_ws/src/VNAV_23/vnav_ws/install/tesse_msgs/local/lib/python3.10/dist-packages/tesse_msgs\n'}
[1.091771] (tesse_msgs) StdoutLine: {'line': b'-- Up-to-date: /home/aimane/humble_ws/src/VNAV_23/vnav_ws/install/tesse_msgs/local/lib/python3.10/dist-packages/tesse_msgs/libtesse_msgs__rosidl_generator_py.so\n'}
[1.091984] (tesse_msgs) StdoutLine: {'line': b'-- Up-to-date: /home/aimane/humble_ws/src/VNAV_23/vnav_ws/install/tesse_msgs/local/lib/python3.10/dist-packages/tesse_msgs/tesse_msgs_s__rosidl_typesupport_fastrtps_c.cpython-310-x86_64-linux-gnu.so\n'}
[1.092154] (tesse_msgs) StdoutLine: {'line': b'-- Up-to-date: /home/aimane/humble_ws/src/VNAV_23/vnav_ws/install/tesse_msgs/local/lib/python3.10/dist-packages/tesse_msgs/_tesse_msgs_s.ep.rosidl_typesupport_c.c\n'}
[1.092301] (tesse_msgs) StdoutLine: {'line': b'-- Up-to-date: /home/aimane/humble_ws/src/VNAV_23/vnav_ws/install/tesse_msgs/local/lib/python3.10/dist-packages/tesse_msgs/msg\n'}
[1.092438] (tesse_msgs) StdoutLine: {'line': b'-- Up-to-date: /home/aimane/humble_ws/src/VNAV_23/vnav_ws/install/tesse_msgs/local/lib/python3.10/dist-packages/tesse_msgs/msg/_collision_stats_s.c\n'}
[1.092594] (tesse_msgs) StdoutLine: {'line': b'-- Up-to-date: /home/aimane/humble_ws/src/VNAV_23/vnav_ws/install/tesse_msgs/local/lib/python3.10/dist-packages/tesse_msgs/msg/__init__.py\n'}
[1.092730] (tesse_msgs) StdoutLine: {'line': b'-- Up-to-date: /home/aimane/humble_ws/src/VNAV_23/vnav_ws/install/tesse_msgs/local/lib/python3.10/dist-packages/tesse_msgs/msg/_collision_stats.py\n'}
[1.092919] (tesse_msgs) StdoutLine: {'line': b'-- Up-to-date: /home/aimane/humble_ws/src/VNAV_23/vnav_ws/install/tesse_msgs/local/lib/python3.10/dist-packages/tesse_msgs/_tesse_msgs_s.ep.rosidl_typesupport_fastrtps_c.c\n'}
[1.093097] (tesse_msgs) StdoutLine: {'line': b'-- Up-to-date: /home/aimane/humble_ws/src/VNAV_23/vnav_ws/install/tesse_msgs/local/lib/python3.10/dist-packages/tesse_msgs/__init__.py\n'}
[1.093229] (tesse_msgs) StdoutLine: {'line': b'-- Up-to-date: /home/aimane/humble_ws/src/VNAV_23/vnav_ws/install/tesse_msgs/local/lib/python3.10/dist-packages/tesse_msgs/tesse_msgs_s__rosidl_typesupport_c.cpython-310-x86_64-linux-gnu.so\n'}
[1.093365] (tesse_msgs) StdoutLine: {'line': b'-- Up-to-date: /home/aimane/humble_ws/src/VNAV_23/vnav_ws/install/tesse_msgs/local/lib/python3.10/dist-packages/tesse_msgs/srv\n'}
[1.093504] (tesse_msgs) StdoutLine: {'line': b'-- Up-to-date: /home/aimane/humble_ws/src/VNAV_23/vnav_ws/install/tesse_msgs/local/lib/python3.10/dist-packages/tesse_msgs/srv/_scene_request_service.py\n'}
[1.093639] (tesse_msgs) StdoutLine: {'line': b'-- Up-to-date: /home/aimane/humble_ws/src/VNAV_23/vnav_ws/install/tesse_msgs/local/lib/python3.10/dist-packages/tesse_msgs/srv/_reposition_request_service.py\n'}
[1.093773] (tesse_msgs) StdoutLine: {'line': b'-- Up-to-date: /home/aimane/humble_ws/src/VNAV_23/vnav_ws/install/tesse_msgs/local/lib/python3.10/dist-packages/tesse_msgs/srv/_scene_request_service_s.c\n'}
[1.093986] (tesse_msgs) StdoutLine: {'line': b'-- Up-to-date: /home/aimane/humble_ws/src/VNAV_23/vnav_ws/install/tesse_msgs/local/lib/python3.10/dist-packages/tesse_msgs/srv/__init__.py\n'}
[1.094178] (tesse_msgs) StdoutLine: {'line': b'-- Up-to-date: /home/aimane/humble_ws/src/VNAV_23/vnav_ws/install/tesse_msgs/local/lib/python3.10/dist-packages/tesse_msgs/srv/_object_spawn_request_service_s.c\n'}
[1.094331] (tesse_msgs) StdoutLine: {'line': b'-- Up-to-date: /home/aimane/humble_ws/src/VNAV_23/vnav_ws/install/tesse_msgs/local/lib/python3.10/dist-packages/tesse_msgs/srv/_object_spawn_request_service.py\n'}
[1.094463] (tesse_msgs) StdoutLine: {'line': b'-- Up-to-date: /home/aimane/humble_ws/src/VNAV_23/vnav_ws/install/tesse_msgs/local/lib/python3.10/dist-packages/tesse_msgs/srv/_reposition_request_service_s.c\n'}
[1.094599] (tesse_msgs) StdoutLine: {'line': b'-- Up-to-date: /home/aimane/humble_ws/src/VNAV_23/vnav_ws/install/tesse_msgs/local/lib/python3.10/dist-packages/tesse_msgs/_tesse_msgs_s.ep.rosidl_typesupport_introspection_c.c\n'}
[1.094733] (tesse_msgs) StdoutLine: {'line': b'-- Up-to-date: /home/aimane/humble_ws/src/VNAV_23/vnav_ws/install/tesse_msgs/local/lib/python3.10/dist-packages/tesse_msgs/tesse_msgs_s__rosidl_typesupport_introspection_c.cpython-310-x86_64-linux-gnu.so\n'}
[1.097204] (controller_pkg) JobStarted: {'identifier': 'controller_pkg'}
[1.103097] (-) TimerEvent: {}
[1.104976] (tesse) Command: {'cmd': ['/usr/bin/python3', '-W', 'ignore:setup.py install is deprecated', '-W', 'ignore:easy_install command is deprecated', 'setup.py', 'egg_info', '--egg-base', '../../../build/tesse', 'build', '--build-base', '/home/aimane/humble_ws/src/VNAV_23/vnav_ws/build/tesse/build', 'install', '--record', '/home/aimane/humble_ws/src/VNAV_23/vnav_ws/build/tesse/install.log', '--single-version-externally-managed'], 'cwd': '/home/aimane/humble_ws/src/VNAV_23/vnav_ws/src/Lab3/tesse-interface', 'env': {'HOSTNAME': 'aimane', 'SHLVL': '1', 'LD_LIBRARY_PATH': '/opt/ros/humble/opt/rviz_ogre_vendor/lib:/opt/ros/humble/lib/x86_64-linux-gnu:/opt/ros/humble/lib', 'HOME': '/home/aimane', 'OLDPWD': '/home/aimane/humble_ws/src/VNAV_23/vnav_ws', 'ROS_PYTHON_VERSION': '3', 'ROS_DISTRO': 'humble', '_': '/usr/bin/colcon', 'ROS_VERSION': '2', 'TERM': 'xterm-256color', 'ROS_LOCALHOST_ONLY': '0', 'PATH': '/opt/ros/humble/bin:/usr/local/sbin:/usr/local/bin:/usr/sbin:/usr/bin:/sbin:/bin', 'DISPLAY': ':1', 'LANG': 'C.UTF-8', 'AMENT_PREFIX_PATH': '/opt/ros/humble', 'DEBIAN_FRONTEND': 'noninteractive', 'PWD': '/home/aimane/humble_ws/src/VNAV_23/vnav_ws/build/tesse', 'LC_ALL': 'C.UTF-8', 'PYTHONPATH': '/home/aimane/humble_ws/src/VNAV_23/vnav_ws/build/tesse/prefix_override:/usr/lib/python3/dist-packages/colcon_core/task/python/colcon_distutils_commands:/home/aimane/humble_ws/src/VNAV_23/vnav_ws/install/tesse/lib/python3.10/site-packages:/opt/ros/humble/lib/python3.10/site-packages:/opt/ros/humble/local/lib/python3.10/dist-packages', 'COLCON': '1'}, 'shell': False}
[1.108624] (mav_planning_msgs) JobProgress: {'identifier': 'mav_planning_msgs', 'progress': 'cmake'}
[1.109514] (mav_planning_msgs) JobProgress: {'identifier': 'mav_planning_msgs', 'progress': 'build'}
[1.110164] (mav_planning_msgs) Command: {'cmd': ['/usr/bin/cmake', '--build', '/home/aimane/humble_ws/src/VNAV_23/vnav_ws/build/mav_planning_msgs', '--', '-j8', '-l8'], 'cwd': '/home/aimane/humble_ws/src/VNAV_23/vnav_ws/build/mav_planning_msgs', 'env': OrderedDict([('HOSTNAME', 'aimane'), ('SHLVL', '1'), ('LD_LIBRARY_PATH', '/home/aimane/humble_ws/src/VNAV_23/vnav_ws/install/mav_msgs/lib:/opt/ros/humble/opt/rviz_ogre_vendor/lib:/opt/ros/humble/lib/x86_64-linux-gnu:/opt/ros/humble/lib'), ('HOME', '/home/aimane'), ('OLDPWD', '/home/aimane/humble_ws/src/VNAV_23/vnav_ws'), ('ROS_PYTHON_VERSION', '3'), ('ROS_DISTRO', 'humble'), ('_', '/usr/bin/colcon'), ('ROS_VERSION', '2'), ('TERM', 'xterm-256color'), ('ROS_LOCALHOST_ONLY', '0'), ('PATH', '/opt/ros/humble/bin:/usr/local/sbin:/usr/local/bin:/usr/sbin:/usr/bin:/sbin:/bin'), ('DISPLAY', ':1'), ('LANG', 'C.UTF-8'), ('AMENT_PREFIX_PATH', '/home/aimane/humble_ws/src/VNAV_23/vnav_ws/install/mav_msgs:/opt/ros/humble'), ('DEBIAN_FRONTEND', 'noninteractive'), ('PWD', '/home/aimane/humble_ws/src/VNAV_23/vnav_ws/build/mav_planning_msgs'), ('LC_ALL', 'C.UTF-8'), ('PYTHONPATH', '/home/aimane/humble_ws/src/VNAV_23/vnav_ws/install/mav_msgs/local/lib/python3.10/dist-packages:/opt/ros/humble/lib/python3.10/site-packages:/opt/ros/humble/local/lib/python3.10/dist-packages'), ('COLCON', '1'), ('CMAKE_PREFIX_PATH', '/home/aimane/humble_ws/src/VNAV_23/vnav_ws/install/mav_msgs:/opt/ros/humble')]), 'shell': False}
[1.113270] (controller_pkg) JobProgress: {'identifier': 'controller_pkg', 'progress': 'cmake'}
[1.114583] (controller_pkg) JobProgress: {'identifier': 'controller_pkg', 'progress': 'build'}
[1.115170] (controller_pkg) Command: {'cmd': ['/usr/bin/cmake', '--build', '/home/aimane/humble_ws/src/VNAV_23/vnav_ws/build/controller_pkg', '--', '-j8', '-l8'], 'cwd': '/home/aimane/humble_ws/src/VNAV_23/vnav_ws/build/controller_pkg', 'env': OrderedDict([('HOSTNAME', 'aimane'), ('SHLVL', '1'), ('LD_LIBRARY_PATH', '/home/aimane/humble_ws/src/VNAV_23/vnav_ws/install/mav_msgs/lib:/opt/ros/humble/opt/rviz_ogre_vendor/lib:/opt/ros/humble/lib/x86_64-linux-gnu:/opt/ros/humble/lib'), ('HOME', '/home/aimane'), ('OLDPWD', '/home/aimane/humble_ws/src/VNAV_23/vnav_ws'), ('ROS_PYTHON_VERSION', '3'), ('ROS_DISTRO', 'humble'), ('_', '/usr/bin/colcon'), ('ROS_VERSION', '2'), ('TERM', 'xterm-256color'), ('ROS_LOCALHOST_ONLY', '0'), ('PATH', '/opt/ros/humble/bin:/usr/local/sbin:/usr/local/bin:/usr/sbin:/usr/bin:/sbin:/bin'), ('DISPLAY', ':1'), ('LANG', 'C.UTF-8'), ('AMENT_PREFIX_PATH', '/home/aimane/humble_ws/src/VNAV_23/vnav_ws/install/mav_msgs:/opt/ros/humble'), ('DEBIAN_FRONTEND', 'noninteractive'), ('PWD', '/home/aimane/humble_ws/src/VNAV_23/vnav_ws/build/controller_pkg'), ('LC_ALL', 'C.UTF-8'), ('PYTHONPATH', '/home/aimane/humble_ws/src/VNAV_23/vnav_ws/install/mav_msgs/local/lib/python3.10/dist-packages:/opt/ros/humble/lib/python3.10/site-packages:/opt/ros/humble/local/lib/python3.10/dist-packages'), ('COLCON', '1'), ('CMAKE_PREFIX_PATH', '/home/aimane/humble_ws/src/VNAV_23/vnav_ws/install/mav_msgs:/opt/ros/humble')]), 'shell': False}
[1.125767] (tesse_msgs) StdoutLine: {'line': b"Listing '/home/aimane/humble_ws/src/VNAV_23/vnav_ws/install/tesse_msgs/local/lib/python3.10/dist-packages/tesse_msgs'...\n"}
[1.126072] (tesse_msgs) StdoutLine: {'line': b"Listing '/home/aimane/humble_ws/src/VNAV_23/vnav_ws/install/tesse_msgs/local/lib/python3.10/dist-packages/tesse_msgs/msg'...\n"}
[1.126235] (tesse_msgs) StdoutLine: {'line': b"Listing '/home/aimane/humble_ws/src/VNAV_23/vnav_ws/install/tesse_msgs/local/lib/python3.10/dist-packages/tesse_msgs/srv'...\n"}
[1.133443] (tesse_msgs) StdoutLine: {'line': b'-- Up-to-date: /home/aimane/humble_ws/src/VNAV_23/vnav_ws/install/tesse_msgs/local/lib/python3.10/dist-packages/tesse_msgs/tesse_msgs_s__rosidl_typesupport_fastrtps_c.cpython-310-x86_64-linux-gnu.so\n'}
[1.134116] (tesse_msgs) StdoutLine: {'line': b'-- Up-to-date: /home/aimane/humble_ws/src/VNAV_23/vnav_ws/install/tesse_msgs/local/lib/python3.10/dist-packages/tesse_msgs/tesse_msgs_s__rosidl_typesupport_introspection_c.cpython-310-x86_64-linux-gnu.so\n'}
[1.134776] (tesse_msgs) StdoutLine: {'line': b'-- Up-to-date: /home/aimane/humble_ws/src/VNAV_23/vnav_ws/install/tesse_msgs/local/lib/python3.10/dist-packages/tesse_msgs/tesse_msgs_s__rosidl_typesupport_c.cpython-310-x86_64-linux-gnu.so\n'}
[1.135424] (tesse_msgs) StdoutLine: {'line': b'-- Up-to-date: /home/aimane/humble_ws/src/VNAV_23/vnav_ws/install/tesse_msgs/lib/libtesse_msgs__rosidl_generator_py.so\n'}
[1.135808] (tesse_msgs) StdoutLine: {'line': b'-- Up-to-date: /home/aimane/humble_ws/src/VNAV_23/vnav_ws/install/tesse_msgs/share/tesse_msgs/msg/CollisionStats.idl\n'}
[1.136089] (tesse_msgs) StdoutLine: {'line': b'-- Up-to-date: /home/aimane/humble_ws/src/VNAV_23/vnav_ws/install/tesse_msgs/share/tesse_msgs/srv/ObjectSpawnRequestService.idl\n'}
[1.136230] (tesse_msgs) StdoutLine: {'line': b'-- Up-to-date: /home/aimane/humble_ws/src/VNAV_23/vnav_ws/install/tesse_msgs/share/tesse_msgs/srv/RepositionRequestService.idl\n'}
[1.136433] (tesse_msgs) StdoutLine: {'line': b'-- Up-to-date: /home/aimane/humble_ws/src/VNAV_23/vnav_ws/install/tesse_msgs/share/tesse_msgs/srv/SceneRequestService.idl\n'}
[1.136594] (tesse_msgs) StdoutLine: {'line': b'-- Up-to-date: /home/aimane/humble_ws/src/VNAV_23/vnav_ws/install/tesse_msgs/share/tesse_msgs/msg/CollisionStats.msg\n'}
[1.136770] (tesse_msgs) StdoutLine: {'line': b'-- Up-to-date: /home/aimane/humble_ws/src/VNAV_23/vnav_ws/install/tesse_msgs/share/tesse_msgs/srv/ObjectSpawnRequestService.srv\n'}
[1.136967] (tesse_msgs) StdoutLine: {'line': b'-- Up-to-date: /home/aimane/humble_ws/src/VNAV_23/vnav_ws/install/tesse_msgs/share/tesse_msgs/srv/ObjectSpawnRequestService_Request.msg\n'}
[1.137125] (tesse_msgs) StdoutLine: {'line': b'-- Up-to-date: /home/aimane/humble_ws/src/VNAV_23/vnav_ws/install/tesse_msgs/share/tesse_msgs/srv/ObjectSpawnRequestService_Response.msg\n'}
[1.137304] (tesse_msgs) StdoutLine: {'line': b'-- Up-to-date: /home/aimane/humble_ws/src/VNAV_23/vnav_ws/install/tesse_msgs/share/tesse_msgs/srv/RepositionRequestService.srv\n'}
[1.137457] (tesse_msgs) StdoutLine: {'line': b'-- Up-to-date: /home/aimane/humble_ws/src/VNAV_23/vnav_ws/install/tesse_msgs/share/tesse_msgs/srv/RepositionRequestService_Request.msg\n'}
[1.137610] (tesse_msgs) StdoutLine: {'line': b'-- Up-to-date: /home/aimane/humble_ws/src/VNAV_23/vnav_ws/install/tesse_msgs/share/tesse_msgs/srv/RepositionRequestService_Response.msg\n'}
[1.137775] (tesse_msgs) StdoutLine: {'line': b'-- Up-to-date: /home/aimane/humble_ws/src/VNAV_23/vnav_ws/install/tesse_msgs/share/tesse_msgs/srv/SceneRequestService.srv\n'}
[1.137966] (tesse_msgs) StdoutLine: {'line': b'-- Up-to-date: /home/aimane/humble_ws/src/VNAV_23/vnav_ws/install/tesse_msgs/share/tesse_msgs/srv/SceneRequestService_Request.msg\n'}
[1.138133] (tesse_msgs) StdoutLine: {'line': b'-- Up-to-date: /home/aimane/humble_ws/src/VNAV_23/vnav_ws/install/tesse_msgs/share/tesse_msgs/srv/SceneRequestService_Response.msg\n'}
[1.138309] (tesse_msgs) StdoutLine: {'line': b'-- Up-to-date: /home/aimane/humble_ws/src/VNAV_23/vnav_ws/install/tesse_msgs/share/ament_index/resource_index/package_run_dependencies/tesse_msgs\n'}
[1.138466] (tesse_msgs) StdoutLine: {'line': b'-- Up-to-date: /home/aimane/humble_ws/src/VNAV_23/vnav_ws/install/tesse_msgs/share/ament_index/resource_index/parent_prefix_path/tesse_msgs\n'}
[1.138614] (tesse_msgs) StdoutLine: {'line': b'-- Up-to-date: /home/aimane/humble_ws/src/VNAV_23/vnav_ws/install/tesse_msgs/share/tesse_msgs/environment/ament_prefix_path.sh\n'}
[1.138779] (tesse_msgs) StdoutLine: {'line': b'-- Up-to-date: /home/aimane/humble_ws/src/VNAV_23/vnav_ws/install/tesse_msgs/share/tesse_msgs/environment/ament_prefix_path.dsv\n'}
[1.138917] (tesse_msgs) StdoutLine: {'line': b'-- Up-to-date: /home/aimane/humble_ws/src/VNAV_23/vnav_ws/install/tesse_msgs/share/tesse_msgs/environment/path.sh\n'}
[1.139098] (tesse_msgs) StdoutLine: {'line': b'-- Up-to-date: /home/aimane/humble_ws/src/VNAV_23/vnav_ws/install/tesse_msgs/share/tesse_msgs/environment/path.dsv\n'}
[1.139223] (tesse_msgs) StdoutLine: {'line': b'-- Up-to-date: /home/aimane/humble_ws/src/VNAV_23/vnav_ws/install/tesse_msgs/share/tesse_msgs/local_setup.bash\n'}
[1.139365] (tesse_msgs) StdoutLine: {'line': b'-- Up-to-date: /home/aimane/humble_ws/src/VNAV_23/vnav_ws/install/tesse_msgs/share/tesse_msgs/local_setup.sh\n'}
[1.139510] (tesse_msgs) StdoutLine: {'line': b'-- Up-to-date: /home/aimane/humble_ws/src/VNAV_23/vnav_ws/install/tesse_msgs/share/tesse_msgs/local_setup.zsh\n'}
[1.139660] (tesse_msgs) StdoutLine: {'line': b'-- Up-to-date: /home/aimane/humble_ws/src/VNAV_23/vnav_ws/install/tesse_msgs/share/tesse_msgs/local_setup.dsv\n'}
[1.139816] (tesse_msgs) StdoutLine: {'line': b'-- Installing: /home/aimane/humble_ws/src/VNAV_23/vnav_ws/install/tesse_msgs/share/tesse_msgs/package.dsv\n'}
[1.139952] (tesse_msgs) StdoutLine: {'line': b'-- Up-to-date: /home/aimane/humble_ws/src/VNAV_23/vnav_ws/install/tesse_msgs/share/ament_index/resource_index/packages/tesse_msgs\n'}
[1.140124] (tesse_msgs) StdoutLine: {'line': b'-- Up-to-date: /home/aimane/humble_ws/src/VNAV_23/vnav_ws/install/tesse_msgs/share/tesse_msgs/cmake/export_tesse_msgs__rosidl_generator_cExport.cmake\n'}
[1.140269] (tesse_msgs) StdoutLine: {'line': b'-- Up-to-date: /home/aimane/humble_ws/src/VNAV_23/vnav_ws/install/tesse_msgs/share/tesse_msgs/cmake/export_tesse_msgs__rosidl_generator_cExport-noconfig.cmake\n'}
[1.140406] (tesse_msgs) StdoutLine: {'line': b'-- Up-to-date: /home/aimane/humble_ws/src/VNAV_23/vnav_ws/install/tesse_msgs/share/tesse_msgs/cmake/export_tesse_msgs__rosidl_typesupport_fastrtps_cExport.cmake\n'}
[1.140615] (tesse_msgs) StdoutLine: {'line': b'-- Up-to-date: /home/aimane/humble_ws/src/VNAV_23/vnav_ws/install/tesse_msgs/share/tesse_msgs/cmake/export_tesse_msgs__rosidl_typesupport_fastrtps_cExport-noconfig.cmake\n'}
[1.140780] (tesse_msgs) StdoutLine: {'line': b'-- Up-to-date: /home/aimane/humble_ws/src/VNAV_23/vnav_ws/install/tesse_msgs/share/tesse_msgs/cmake/export_tesse_msgs__rosidl_generator_cppExport.cmake\n'}
[1.140953] (tesse_msgs) StdoutLine: {'line': b'-- Up-to-date: /home/aimane/humble_ws/src/VNAV_23/vnav_ws/install/tesse_msgs/share/tesse_msgs/cmake/export_tesse_msgs__rosidl_typesupport_fastrtps_cppExport.cmake\n'}
[1.141105] (tesse_msgs) StdoutLine: {'line': b'-- Up-to-date: /home/aimane/humble_ws/src/VNAV_23/vnav_ws/install/tesse_msgs/share/tesse_msgs/cmake/export_tesse_msgs__rosidl_typesupport_fastrtps_cppExport-noconfig.cmake\n'}
[1.141262] (tesse_msgs) StdoutLine: {'line': b'-- Up-to-date: /home/aimane/humble_ws/src/VNAV_23/vnav_ws/install/tesse_msgs/share/tesse_msgs/cmake/tesse_msgs__rosidl_typesupport_introspection_cExport.cmake\n'}
[1.141405] (tesse_msgs) StdoutLine: {'line': b'-- Up-to-date: /home/aimane/humble_ws/src/VNAV_23/vnav_ws/install/tesse_msgs/share/tesse_msgs/cmake/tesse_msgs__rosidl_typesupport_introspection_cExport-noconfig.cmake\n'}
[1.141566] (tesse_msgs) StdoutLine: {'line': b'-- Up-to-date: /home/aimane/humble_ws/src/VNAV_23/vnav_ws/install/tesse_msgs/share/tesse_msgs/cmake/tesse_msgs__rosidl_typesupport_cExport.cmake\n'}
[1.141735] (tesse_msgs) StdoutLine: {'line': b'-- Up-to-date: /home/aimane/humble_ws/src/VNAV_23/vnav_ws/install/tesse_msgs/share/tesse_msgs/cmake/tesse_msgs__rosidl_typesupport_cExport-noconfig.cmake\n'}
[1.141916] (tesse_msgs) StdoutLine: {'line': b'-- Up-to-date: /home/aimane/humble_ws/src/VNAV_23/vnav_ws/install/tesse_msgs/share/tesse_msgs/cmake/tesse_msgs__rosidl_typesupport_introspection_cppExport.cmake\n'}
[1.142099] (tesse_msgs) StdoutLine: {'line': b'-- Up-to-date: /home/aimane/humble_ws/src/VNAV_23/vnav_ws/install/tesse_msgs/share/tesse_msgs/cmake/tesse_msgs__rosidl_typesupport_introspection_cppExport-noconfig.cmake\n'}
[1.142274] (tesse_msgs) StdoutLine: {'line': b'-- Up-to-date: /home/aimane/humble_ws/src/VNAV_23/vnav_ws/install/tesse_msgs/share/tesse_msgs/cmake/tesse_msgs__rosidl_typesupport_cppExport.cmake\n'}
[1.142431] (tesse_msgs) StdoutLine: {'line': b'-- Up-to-date: /home/aimane/humble_ws/src/VNAV_23/vnav_ws/install/tesse_msgs/share/tesse_msgs/cmake/tesse_msgs__rosidl_typesupport_cppExport-noconfig.cmake\n'}
[1.142622] (tesse_msgs) StdoutLine: {'line': b'-- Up-to-date: /home/aimane/humble_ws/src/VNAV_23/vnav_ws/install/tesse_msgs/share/tesse_msgs/cmake/export_tesse_msgs__rosidl_generator_pyExport.cmake\n'}
[1.142752] (tesse_msgs) StdoutLine: {'line': b'-- Up-to-date: /home/aimane/humble_ws/src/VNAV_23/vnav_ws/install/tesse_msgs/share/tesse_msgs/cmake/export_tesse_msgs__rosidl_generator_pyExport-noconfig.cmake\n'}
[1.142903] (tesse_msgs) StdoutLine: {'line': b'-- Up-to-date: /home/aimane/humble_ws/src/VNAV_23/vnav_ws/install/tesse_msgs/share/tesse_msgs/cmake/rosidl_cmake-extras.cmake\n'}
[1.143029] (tesse_msgs) StdoutLine: {'line': b'-- Up-to-date: /home/aimane/humble_ws/src/VNAV_23/vnav_ws/install/tesse_msgs/share/tesse_msgs/cmake/ament_cmake_export_dependencies-extras.cmake\n'}
[1.143165] (tesse_msgs) StdoutLine: {'line': b'-- Up-to-date: /home/aimane/humble_ws/src/VNAV_23/vnav_ws/install/tesse_msgs/share/tesse_msgs/cmake/ament_cmake_export_include_directories-extras.cmake\n'}
[1.143292] (tesse_msgs) StdoutLine: {'line': b'-- Up-to-date: /home/aimane/humble_ws/src/VNAV_23/vnav_ws/install/tesse_msgs/share/tesse_msgs/cmake/ament_cmake_export_libraries-extras.cmake\n'}
[1.143441] (tesse_msgs) StdoutLine: {'line': b'-- Up-to-date: /home/aimane/humble_ws/src/VNAV_23/vnav_ws/install/tesse_msgs/share/tesse_msgs/cmake/ament_cmake_export_targets-extras.cmake\n'}
[1.143567] (tesse_msgs) StdoutLine: {'line': b'-- Up-to-date: /home/aimane/humble_ws/src/VNAV_23/vnav_ws/install/tesse_msgs/share/tesse_msgs/cmake/rosidl_cmake_export_typesupport_targets-extras.cmake\n'}
[1.143692] (tesse_msgs) StdoutLine: {'line': b'-- Up-to-date: /home/aimane/humble_ws/src/VNAV_23/vnav_ws/install/tesse_msgs/share/tesse_msgs/cmake/rosidl_cmake_export_typesupport_libraries-extras.cmake\n'}
[1.143824] (tesse_msgs) StdoutLine: {'line': b'-- Up-to-date: /home/aimane/humble_ws/src/VNAV_23/vnav_ws/install/tesse_msgs/share/tesse_msgs/cmake/tesse_msgsConfig.cmake\n'}
[1.143958] (tesse_msgs) StdoutLine: {'line': b'-- Up-to-date: /home/aimane/humble_ws/src/VNAV_23/vnav_ws/install/tesse_msgs/share/tesse_msgs/cmake/tesse_msgsConfig-version.cmake\n'}
[1.144083] (tesse_msgs) StdoutLine: {'line': b'-- Up-to-date: /home/aimane/humble_ws/src/VNAV_23/vnav_ws/install/tesse_msgs/share/tesse_msgs/package.xml\n'}
[1.146113] (tesse_msgs) CommandEnded: {'returncode': 0}
[1.177335] (tesse_msgs) JobEnded: {'identifier': 'tesse_msgs', 'rc': 0}
[1.192408] (controller_pkg) StdoutLine: {'line': b'\x1b[35m\x1b[1mConsolidate compiler generated dependencies of target controller_node\x1b[0m\n'}
[1.203203] (-) TimerEvent: {}
[1.203537] (mav_planning_msgs) StdoutLine: {'line': b'[  0%] Built target mav_planning_msgs__cpp\n'}
[1.215859] (mav_planning_msgs) StdoutLine: {'line': b'[  0%] Built target ament_cmake_python_copy_mav_planning_msgs\n'}
[1.218986] (controller_pkg) StdoutLine: {'line': b'[ 50%] Built target traj_publisher\n'}
[1.221523] (mav_planning_msgs) StdoutLine: {'line': b'[ 12%] Built target mav_planning_msgs__rosidl_generator_c\n'}
[1.234845] (controller_pkg) StdoutLine: {'line': b'[ 75%] \x1b[32mBuilding CXX object CMakeFiles/controller_node.dir/src/controller_node.cpp.o\x1b[0m\n'}
[1.270689] (mav_planning_msgs) StdoutLine: {'line': b'[ 24%] Built target mav_planning_msgs__rosidl_typesupport_cpp\n'}
[1.277573] (mav_planning_msgs) StdoutLine: {'line': b'[ 38%] Built target mav_planning_msgs__rosidl_typesupport_fastrtps_c\n'}
[1.280631] (mav_planning_msgs) StdoutLine: {'line': b'[ 48%] Built target mav_planning_msgs__rosidl_typesupport_introspection_cpp\n'}
[1.286000] (mav_planning_msgs) StdoutLine: {'line': b'[ 60%] Built target mav_planning_msgs__rosidl_typesupport_c\n'}
[1.287542] (mav_planning_msgs) StdoutLine: {'line': b'[ 71%] Built target mav_planning_msgs__rosidl_typesupport_fastrtps_cpp\n'}
[1.292454] (mav_planning_msgs) StdoutLine: {'line': b'[ 83%] Built target mav_planning_msgs__rosidl_typesupport_introspection_c\n'}
[1.303306] (-) TimerEvent: {}
[1.318492] (mav_planning_msgs) StdoutLine: {'line': b'[ 83%] Built target mav_planning_msgs\n'}
[1.345587] (mav_planning_msgs) StdoutLine: {'line': b'[ 84%] Built target mav_planning_msgs__py\n'}
[1.376993] (mav_planning_msgs) StdoutLine: {'line': b'[ 95%] Built target mav_planning_msgs__rosidl_generator_py\n'}
[1.403414] (-) TimerEvent: {}
[1.415975] (mav_planning_msgs) StdoutLine: {'line': b'[100%] Built target mav_planning_msgs__rosidl_typesupport_introspection_c__pyext\n'}
[1.416203] (mav_planning_msgs) StdoutLine: {'line': b'[100%] Built target mav_planning_msgs__rosidl_typesupport_c__pyext\n'}
[1.416332] (mav_planning_msgs) StdoutLine: {'line': b'[100%] Built target mav_planning_msgs__rosidl_typesupport_fastrtps_c__pyext\n'}
[1.442551] (tesse_ros_bridge) Command: {'cmd': ['/usr/bin/python3', '-W', 'ignore:setup.py install is deprecated', '-W', 'ignore:easy_install command is deprecated', 'setup.py', 'egg_info', '--egg-base', '../../../build/tesse_ros_bridge', 'build', '--build-base', '/home/aimane/humble_ws/src/VNAV_23/vnav_ws/build/tesse_ros_bridge/build', 'install', '--record', '/home/aimane/humble_ws/src/VNAV_23/vnav_ws/build/tesse_ros_bridge/install.log', '--single-version-externally-managed', 'install_data'], 'cwd': '/home/aimane/humble_ws/src/VNAV_23/vnav_ws/src/Lab3/tesse_ros_bridge', 'env': {'HOSTNAME': 'aimane', 'SHLVL': '1', 'LD_LIBRARY_PATH': '/opt/ros/humble/opt/rviz_ogre_vendor/lib:/opt/ros/humble/lib/x86_64-linux-gnu:/opt/ros/humble/lib', 'HOME': '/home/aimane', 'OLDPWD': '/home/aimane/humble_ws/src/VNAV_23/vnav_ws', 'ROS_PYTHON_VERSION': '3', 'ROS_DISTRO': 'humble', '_': '/usr/bin/colcon', 'ROS_VERSION': '2', 'TERM': 'xterm-256color', 'ROS_LOCALHOST_ONLY': '0', 'PATH': '/opt/ros/humble/bin:/usr/local/sbin:/usr/local/bin:/usr/sbin:/usr/bin:/sbin:/bin', 'DISPLAY': ':1', 'LANG': 'C.UTF-8', 'AMENT_PREFIX_PATH': '/opt/ros/humble', 'DEBIAN_FRONTEND': 'noninteractive', 'PWD': '/home/aimane/humble_ws/src/VNAV_23/vnav_ws/build/tesse_ros_bridge', 'LC_ALL': 'C.UTF-8', 'PYTHONPATH': '/home/aimane/humble_ws/src/VNAV_23/vnav_ws/build/tesse_ros_bridge/prefix_override:/usr/lib/python3/dist-packages/colcon_core/task/python/colcon_distutils_commands:/home/aimane/humble_ws/src/VNAV_23/vnav_ws/install/tesse_ros_bridge/lib/python3.10/site-packages:/opt/ros/humble/lib/python3.10/site-packages:/opt/ros/humble/local/lib/python3.10/dist-packages', 'COLCON': '1'}, 'shell': False}
[1.503519] (-) TimerEvent: {}
[1.526720] (mav_planning_msgs) StdoutLine: {'line': b'running egg_info\n'}
[1.527593] (mav_planning_msgs) StdoutLine: {'line': b'writing mav_planning_msgs.egg-info/PKG-INFO\n'}
[1.527885] (mav_planning_msgs) StdoutLine: {'line': b'writing dependency_links to mav_planning_msgs.egg-info/dependency_links.txt\n'}
[1.528092] (tesse) StdoutLine: {'line': b'running egg_info\n'}
[1.528280] (mav_planning_msgs) StdoutLine: {'line': b'writing top-level names to mav_planning_msgs.egg-info/top_level.txt\n'}
[1.528721] (tesse) StdoutLine: {'line': b'writing ../../../build/tesse/tesse.egg-info/PKG-INFO\n'}
[1.528969] (tesse) StdoutLine: {'line': b'writing dependency_links to ../../../build/tesse/tesse.egg-info/dependency_links.txt\n'}
[1.529184] (tesse) StdoutLine: {'line': b'writing requirements to ../../../build/tesse/tesse.egg-info/requires.txt\n'}
[1.529359] (tesse) StdoutLine: {'line': b'writing top-level names to ../../../build/tesse/tesse.egg-info/top_level.txt\n'}
[1.532082] (tesse) StdoutLine: {'line': b"reading manifest file '../../../build/tesse/tesse.egg-info/SOURCES.txt'\n"}
[1.532327] (mav_planning_msgs) StdoutLine: {'line': b"reading manifest file 'mav_planning_msgs.egg-info/SOURCES.txt'\n"}
[1.532518] (tesse) StdoutLine: {'line': b"adding license file 'LICENSE'\n"}
[1.533555] (tesse) StdoutLine: {'line': b"writing manifest file '../../../build/tesse/tesse.egg-info/SOURCES.txt'\n"}
[1.533767] (tesse) StdoutLine: {'line': b'running build\n'}
[1.533979] (tesse) StdoutLine: {'line': b'running build_py\n'}
[1.534101] (mav_planning_msgs) StdoutLine: {'line': b"writing manifest file 'mav_planning_msgs.egg-info/SOURCES.txt'\n"}
[1.534299] (tesse) StdoutLine: {'line': b'running install\n'}
[1.534642] (tesse) StdoutLine: {'line': b'running install_lib\n'}
[1.536438] (tesse) StdoutLine: {'line': b'running install_egg_info\n'}
[1.538570] (tesse) StdoutLine: {'line': b"removing '/home/aimane/humble_ws/src/VNAV_23/vnav_ws/install/tesse/lib/python3.10/site-packages/tesse-0.1.2-py3.10.egg-info' (and everything under it)\n"}
[1.538857] (tesse) StdoutLine: {'line': b'Copying ../../../build/tesse/tesse.egg-info to /home/aimane/humble_ws/src/VNAV_23/vnav_ws/install/tesse/lib/python3.10/site-packages/tesse-0.1.2-py3.10.egg-info\n'}
[1.539659] (tesse) StdoutLine: {'line': b'running install_scripts\n'}
[1.563091] (tesse) StdoutLine: {'line': b"writing list of installed files to '/home/aimane/humble_ws/src/VNAV_23/vnav_ws/build/tesse/install.log'\n"}
[1.566432] (mav_planning_msgs) StdoutLine: {'line': b'[100%] Built target ament_cmake_python_build_mav_planning_msgs_egg\n'}
[1.581817] (mav_planning_msgs) CommandEnded: {'returncode': 0}
[1.582705] (mav_planning_msgs) JobProgress: {'identifier': 'mav_planning_msgs', 'progress': 'install'}
[1.583270] (mav_planning_msgs) Command: {'cmd': ['/usr/bin/cmake', '--install', '/home/aimane/humble_ws/src/VNAV_23/vnav_ws/build/mav_planning_msgs'], 'cwd': '/home/aimane/humble_ws/src/VNAV_23/vnav_ws/build/mav_planning_msgs', 'env': OrderedDict([('HOSTNAME', 'aimane'), ('SHLVL', '1'), ('LD_LIBRARY_PATH', '/home/aimane/humble_ws/src/VNAV_23/vnav_ws/install/mav_msgs/lib:/opt/ros/humble/opt/rviz_ogre_vendor/lib:/opt/ros/humble/lib/x86_64-linux-gnu:/opt/ros/humble/lib'), ('HOME', '/home/aimane'), ('OLDPWD', '/home/aimane/humble_ws/src/VNAV_23/vnav_ws'), ('ROS_PYTHON_VERSION', '3'), ('ROS_DISTRO', 'humble'), ('_', '/usr/bin/colcon'), ('ROS_VERSION', '2'), ('TERM', 'xterm-256color'), ('ROS_LOCALHOST_ONLY', '0'), ('PATH', '/opt/ros/humble/bin:/usr/local/sbin:/usr/local/bin:/usr/sbin:/usr/bin:/sbin:/bin'), ('DISPLAY', ':1'), ('LANG', 'C.UTF-8'), ('AMENT_PREFIX_PATH', '/home/aimane/humble_ws/src/VNAV_23/vnav_ws/install/mav_msgs:/opt/ros/humble'), ('DEBIAN_FRONTEND', 'noninteractive'), ('PWD', '/home/aimane/humble_ws/src/VNAV_23/vnav_ws/build/mav_planning_msgs'), ('LC_ALL', 'C.UTF-8'), ('PYTHONPATH', '/home/aimane/humble_ws/src/VNAV_23/vnav_ws/install/mav_msgs/local/lib/python3.10/dist-packages:/opt/ros/humble/lib/python3.10/site-packages:/opt/ros/humble/local/lib/python3.10/dist-packages'), ('COLCON', '1'), ('CMAKE_PREFIX_PATH', '/home/aimane/humble_ws/src/VNAV_23/vnav_ws/install/mav_msgs:/opt/ros/humble')]), 'shell': False}
[1.593033] (tesse) CommandEnded: {'returncode': 0}
[1.593451] (mav_planning_msgs) StdoutLine: {'line': b'-- Install configuration: ""\n'}
[1.593544] (mav_planning_msgs) StdoutLine: {'line': b'-- Up-to-date: /home/aimane/humble_ws/src/VNAV_23/vnav_ws/install/mav_planning_msgs/share/ament_index/resource_index/rosidl_interfaces/mav_planning_msgs\n'}
[1.593679] (mav_planning_msgs) StdoutLine: {'line': b'-- Up-to-date: /home/aimane/humble_ws/src/VNAV_23/vnav_ws/install/mav_planning_msgs/include/mav_planning_msgs/mav_planning_msgs\n'}
[1.593748] (mav_planning_msgs) StdoutLine: {'line': b'-- Up-to-date: /home/aimane/humble_ws/src/VNAV_23/vnav_ws/install/mav_planning_msgs/include/mav_planning_msgs/mav_planning_msgs/msg\n'}
[1.594019] (mav_planning_msgs) StdoutLine: {'line': b'-- Up-to-date: /home/aimane/humble_ws/src/VNAV_23/vnav_ws/install/mav_planning_msgs/include/mav_planning_msgs/mav_planning_msgs/msg/point2_d.h\n'}
[1.594095] (mav_planning_msgs) StdoutLine: {'line': b'-- Up-to-date: /home/aimane/humble_ws/src/VNAV_23/vnav_ws/install/mav_planning_msgs/include/mav_planning_msgs/mav_planning_msgs/msg/polynomial_segment.h\n'}
[1.594271] (mav_planning_msgs) StdoutLine: {'line': b'-- Up-to-date: /home/aimane/humble_ws/src/VNAV_23/vnav_ws/install/mav_planning_msgs/include/mav_planning_msgs/mav_planning_msgs/msg/polynomial_segment4_d.h\n'}
[1.594340] (mav_planning_msgs) StdoutLine: {'line': b'-- Up-to-date: /home/aimane/humble_ws/src/VNAV_23/vnav_ws/install/mav_planning_msgs/include/mav_planning_msgs/mav_planning_msgs/msg/detail\n'}
[1.594404] (mav_planning_msgs) StdoutLine: {'line': b'-- Up-to-date: /home/aimane/humble_ws/src/VNAV_23/vnav_ws/install/mav_planning_msgs/include/mav_planning_msgs/mav_planning_msgs/msg/detail/point_cloud_with_pose__struct.h\n'}
[1.594467] (mav_planning_msgs) StdoutLine: {'line': b'-- Up-to-date: /home/aimane/humble_ws/src/VNAV_23/vnav_ws/install/mav_planning_msgs/include/mav_planning_msgs/mav_planning_msgs/msg/detail/polygon_with_holes_stamped__functions.h\n'}
[1.594530] (mav_planning_msgs) StdoutLine: {'line': b'-- Up-to-date: /home/aimane/humble_ws/src/VNAV_23/vnav_ws/install/mav_planning_msgs/include/mav_planning_msgs/mav_planning_msgs/msg/detail/polynomial_trajectory__functions.c\n'}
[1.594593] (mav_planning_msgs) StdoutLine: {'line': b'-- Up-to-date: /home/aimane/humble_ws/src/VNAV_23/vnav_ws/install/mav_planning_msgs/include/mav_planning_msgs/mav_planning_msgs/msg/detail/polygon2_d__struct.h\n'}
[1.594655] (mav_planning_msgs) StdoutLine: {'line': b'-- Up-to-date: /home/aimane/humble_ws/src/VNAV_23/vnav_ws/install/mav_planning_msgs/include/mav_planning_msgs/mav_planning_msgs/msg/detail/polygon_with_holes__type_support.h\n'}
[1.594717] (mav_planning_msgs) StdoutLine: {'line': b'-- Up-to-date: /home/aimane/humble_ws/src/VNAV_23/vnav_ws/install/mav_planning_msgs/include/mav_planning_msgs/mav_planning_msgs/msg/detail/polynomial_segment__functions.h\n'}
[1.594780] (mav_planning_msgs) StdoutLine: {'line': b'-- Up-to-date: /home/aimane/humble_ws/src/VNAV_23/vnav_ws/install/mav_planning_msgs/include/mav_planning_msgs/mav_planning_msgs/msg/detail/point2_d__struct.h\n'}
[1.594857] (mav_planning_msgs) StdoutLine: {'line': b'-- Up-to-date: /home/aimane/humble_ws/src/VNAV_23/vnav_ws/install/mav_planning_msgs/include/mav_planning_msgs/mav_planning_msgs/msg/detail/polygon_with_holes_stamped__struct.h\n'}
[1.594923] (mav_planning_msgs) StdoutLine: {'line': b'-- Up-to-date: /home/aimane/humble_ws/src/VNAV_23/vnav_ws/install/mav_planning_msgs/include/mav_planning_msgs/mav_planning_msgs/msg/detail/polynomial_trajectory4_d__functions.c\n'}
[1.594985] (mav_planning_msgs) StdoutLine: {'line': b'-- Up-to-date: /home/aimane/humble_ws/src/VNAV_23/vnav_ws/install/mav_planning_msgs/include/mav_planning_msgs/mav_planning_msgs/msg/detail/polygon_with_holes__struct.h\n'}
[1.595048] (mav_planning_msgs) StdoutLine: {'line': b'-- Up-to-date: /home/aimane/humble_ws/src/VNAV_23/vnav_ws/install/mav_planning_msgs/include/mav_planning_msgs/mav_planning_msgs/msg/detail/polygon_with_holes__functions.h\n'}
[1.595319] (mav_planning_msgs) StdoutLine: {'line': b'-- Up-to-date: /home/aimane/humble_ws/src/VNAV_23/vnav_ws/install/mav_planning_msgs/include/mav_planning_msgs/mav_planning_msgs/msg/detail/polynomial_trajectory__type_support.h\n'}
[1.595385] (mav_planning_msgs) StdoutLine: {'line': b'-- Up-to-date: /home/aimane/humble_ws/src/VNAV_23/vnav_ws/install/mav_planning_msgs/include/mav_planning_msgs/mav_planning_msgs/msg/detail/point_cloud_with_pose__type_support.h\n'}
[1.595523] (mav_planning_msgs) StdoutLine: {'line': b'-- Up-to-date: /home/aimane/humble_ws/src/VNAV_23/vnav_ws/install/mav_planning_msgs/include/mav_planning_msgs/mav_planning_msgs/msg/detail/polynomial_segment4_d__functions.h\n'}
[1.595587] (mav_planning_msgs) StdoutLine: {'line': b'-- Up-to-date: /home/aimane/humble_ws/src/VNAV_23/vnav_ws/install/mav_planning_msgs/include/mav_planning_msgs/mav_planning_msgs/msg/detail/polynomial_segment__type_support.h\n'}
[1.595650] (mav_planning_msgs) StdoutLine: {'line': b'-- Up-to-date: /home/aimane/humble_ws/src/VNAV_23/vnav_ws/install/mav_planning_msgs/include/mav_planning_msgs/mav_planning_msgs/msg/detail/polygon2_d__functions.h\n'}
[1.595712] (mav_planning_msgs) StdoutLine: {'line': b'-- Up-to-date: /home/aimane/humble_ws/src/VNAV_23/vnav_ws/install/mav_planning_msgs/include/mav_planning_msgs/mav_planning_msgs/msg/detail/polynomial_segment4_d__type_support.h\n'}
[1.595775] (mav_planning_msgs) StdoutLine: {'line': b'-- Up-to-date: /home/aimane/humble_ws/src/VNAV_23/vnav_ws/install/mav_planning_msgs/include/mav_planning_msgs/mav_planning_msgs/msg/detail/point2_d__type_support.h\n'}
[1.595866] (mav_planning_msgs) StdoutLine: {'line': b'-- Up-to-date: /home/aimane/humble_ws/src/VNAV_23/vnav_ws/install/mav_planning_msgs/include/mav_planning_msgs/mav_planning_msgs/msg/detail/point_cloud_with_pose__functions.c\n'}
[1.595934] (mav_planning_msgs) StdoutLine: {'line': b'-- Up-to-date: /home/aimane/humble_ws/src/VNAV_23/vnav_ws/install/mav_planning_msgs/include/mav_planning_msgs/mav_planning_msgs/msg/detail/polygon_with_holes__functions.c\n'}
[1.595997] (mav_planning_msgs) StdoutLine: {'line': b'-- Up-to-date: /home/aimane/humble_ws/src/VNAV_23/vnav_ws/install/mav_planning_msgs/include/mav_planning_msgs/mav_planning_msgs/msg/detail/polygon_with_holes_stamped__type_support.h\n'}
[1.596096] (mav_planning_msgs) StdoutLine: {'line': b'-- Up-to-date: /home/aimane/humble_ws/src/VNAV_23/vnav_ws/install/mav_planning_msgs/include/mav_planning_msgs/mav_planning_msgs/msg/detail/point_cloud_with_pose__functions.h\n'}
[1.596163] (mav_planning_msgs) StdoutLine: {'line': b'-- Up-to-date: /home/aimane/humble_ws/src/VNAV_23/vnav_ws/install/mav_planning_msgs/include/mav_planning_msgs/mav_planning_msgs/msg/detail/polynomial_trajectory4_d__struct.h\n'}
[1.596226] (mav_planning_msgs) StdoutLine: {'line': b'-- Up-to-date: /home/aimane/humble_ws/src/VNAV_23/vnav_ws/install/mav_planning_msgs/include/mav_planning_msgs/mav_planning_msgs/msg/detail/polynomial_segment4_d__struct.h\n'}
[1.596289] (mav_planning_msgs) StdoutLine: {'line': b'-- Up-to-date: /home/aimane/humble_ws/src/VNAV_23/vnav_ws/install/mav_planning_msgs/include/mav_planning_msgs/mav_planning_msgs/msg/detail/point2_d__functions.c\n'}
[1.596351] (mav_planning_msgs) StdoutLine: {'line': b'-- Up-to-date: /home/aimane/humble_ws/src/VNAV_23/vnav_ws/install/mav_planning_msgs/include/mav_planning_msgs/mav_planning_msgs/msg/detail/polynomial_segment__struct.h\n'}
[1.596414] (mav_planning_msgs) StdoutLine: {'line': b'-- Up-to-date: /home/aimane/humble_ws/src/VNAV_23/vnav_ws/install/mav_planning_msgs/include/mav_planning_msgs/mav_planning_msgs/msg/detail/polynomial_trajectory4_d__type_support.h\n'}
[1.596477] (mav_planning_msgs) StdoutLine: {'line': b'-- Up-to-date: /home/aimane/humble_ws/src/VNAV_23/vnav_ws/install/mav_planning_msgs/include/mav_planning_msgs/mav_planning_msgs/msg/detail/polynomial_trajectory4_d__functions.h\n'}
[1.596538] (mav_planning_msgs) StdoutLine: {'line': b'-- Up-to-date: /home/aimane/humble_ws/src/VNAV_23/vnav_ws/install/mav_planning_msgs/include/mav_planning_msgs/mav_planning_msgs/msg/detail/polynomial_segment__functions.c\n'}
[1.596600] (mav_planning_msgs) StdoutLine: {'line': b'-- Up-to-date: /home/aimane/humble_ws/src/VNAV_23/vnav_ws/install/mav_planning_msgs/include/mav_planning_msgs/mav_planning_msgs/msg/detail/polygon2_d__type_support.h\n'}
[1.596748] (mav_planning_msgs) StdoutLine: {'line': b'-- Up-to-date: /home/aimane/humble_ws/src/VNAV_23/vnav_ws/install/mav_planning_msgs/include/mav_planning_msgs/mav_planning_msgs/msg/detail/polynomial_segment4_d__functions.c\n'}
[1.596924] (mav_planning_msgs) StdoutLine: {'line': b'-- Up-to-date: /home/aimane/humble_ws/src/VNAV_23/vnav_ws/install/mav_planning_msgs/include/mav_planning_msgs/mav_planning_msgs/msg/detail/polynomial_trajectory__functions.h\n'}
[1.596999] (mav_planning_msgs) StdoutLine: {'line': b'-- Up-to-date: /home/aimane/humble_ws/src/VNAV_23/vnav_ws/install/mav_planning_msgs/include/mav_planning_msgs/mav_planning_msgs/msg/detail/polynomial_trajectory__struct.h\n'}
[1.597063] (mav_planning_msgs) StdoutLine: {'line': b'-- Up-to-date: /home/aimane/humble_ws/src/VNAV_23/vnav_ws/install/mav_planning_msgs/include/mav_planning_msgs/mav_planning_msgs/msg/detail/polygon2_d__functions.c\n'}
[1.597183] (mav_planning_msgs) StdoutLine: {'line': b'-- Up-to-date: /home/aimane/humble_ws/src/VNAV_23/vnav_ws/install/mav_planning_msgs/include/mav_planning_msgs/mav_planning_msgs/msg/detail/polygon_with_holes_stamped__functions.c\n'}
[1.597247] (mav_planning_msgs) StdoutLine: {'line': b'-- Up-to-date: /home/aimane/humble_ws/src/VNAV_23/vnav_ws/install/mav_planning_msgs/include/mav_planning_msgs/mav_planning_msgs/msg/detail/point2_d__functions.h\n'}
[1.597312] (mav_planning_msgs) StdoutLine: {'line': b'-- Up-to-date: /home/aimane/humble_ws/src/VNAV_23/vnav_ws/install/mav_planning_msgs/include/mav_planning_msgs/mav_planning_msgs/msg/polynomial_trajectory.h\n'}
[1.597378] (mav_planning_msgs) StdoutLine: {'line': b'-- Up-to-date: /home/aimane/humble_ws/src/VNAV_23/vnav_ws/install/mav_planning_msgs/include/mav_planning_msgs/mav_planning_msgs/msg/polygon2_d.h\n'}
[1.597462] (mav_planning_msgs) StdoutLine: {'line': b'-- Up-to-date: /home/aimane/humble_ws/src/VNAV_23/vnav_ws/install/mav_planning_msgs/include/mav_planning_msgs/mav_planning_msgs/msg/polygon_with_holes_stamped.h\n'}
[1.597524] (mav_planning_msgs) StdoutLine: {'line': b'-- Up-to-date: /home/aimane/humble_ws/src/VNAV_23/vnav_ws/install/mav_planning_msgs/include/mav_planning_msgs/mav_planning_msgs/msg/polygon_with_holes.h\n'}
[1.597585] (mav_planning_msgs) StdoutLine: {'line': b'-- Up-to-date: /home/aimane/humble_ws/src/VNAV_23/vnav_ws/install/mav_planning_msgs/include/mav_planning_msgs/mav_planning_msgs/msg/polynomial_trajectory4_d.h\n'}
[1.597646] (mav_planning_msgs) StdoutLine: {'line': b'-- Up-to-date: /home/aimane/humble_ws/src/VNAV_23/vnav_ws/install/mav_planning_msgs/include/mav_planning_msgs/mav_planning_msgs/msg/point_cloud_with_pose.h\n'}
[1.597707] (mav_planning_msgs) StdoutLine: {'line': b'-- Up-to-date: /home/aimane/humble_ws/src/VNAV_23/vnav_ws/install/mav_planning_msgs/include/mav_planning_msgs/mav_planning_msgs/msg/rosidl_generator_c__visibility_control.h\n'}
[1.597768] (mav_planning_msgs) StdoutLine: {'line': b'-- Up-to-date: /home/aimane/humble_ws/src/VNAV_23/vnav_ws/install/mav_planning_msgs/include/mav_planning_msgs/mav_planning_msgs/srv\n'}
[1.597841] (mav_planning_msgs) StdoutLine: {'line': b'-- Up-to-date: /home/aimane/humble_ws/src/VNAV_23/vnav_ws/install/mav_planning_msgs/include/mav_planning_msgs/mav_planning_msgs/srv/change_name_service.h\n'}
[1.597960] (mav_planning_msgs) StdoutLine: {'line': b'-- Up-to-date: /home/aimane/humble_ws/src/VNAV_23/vnav_ws/install/mav_planning_msgs/include/mav_planning_msgs/mav_planning_msgs/srv/detail\n'}
[1.598028] (mav_planning_msgs) StdoutLine: {'line': b'-- Up-to-date: /home/aimane/humble_ws/src/VNAV_23/vnav_ws/install/mav_planning_msgs/include/mav_planning_msgs/mav_planning_msgs/srv/detail/planner_service__type_support.h\n'}
[1.598090] (mav_planning_msgs) StdoutLine: {'line': b'-- Up-to-date: /home/aimane/humble_ws/src/VNAV_23/vnav_ws/install/mav_planning_msgs/include/mav_planning_msgs/mav_planning_msgs/srv/detail/planner_service__struct.h\n'}
[1.598151] (mav_planning_msgs) StdoutLine: {'line': b'-- Up-to-date: /home/aimane/humble_ws/src/VNAV_23/vnav_ws/install/mav_planning_msgs/include/mav_planning_msgs/mav_planning_msgs/srv/detail/polygon_service__functions.c\n'}
[1.598378] (mav_planning_msgs) StdoutLine: {'line': b'-- Up-to-date: /home/aimane/humble_ws/src/VNAV_23/vnav_ws/install/mav_planning_msgs/include/mav_planning_msgs/mav_planning_msgs/srv/detail/planner_service__functions.h\n'}
[1.598442] (mav_planning_msgs) StdoutLine: {'line': b'-- Up-to-date: /home/aimane/humble_ws/src/VNAV_23/vnav_ws/install/mav_planning_msgs/include/mav_planning_msgs/mav_planning_msgs/srv/detail/change_name_service__struct.h\n'}
[1.598503] (mav_planning_msgs) StdoutLine: {'line': b'-- Up-to-date: /home/aimane/humble_ws/src/VNAV_23/vnav_ws/install/mav_planning_msgs/include/mav_planning_msgs/mav_planning_msgs/srv/detail/change_name_service__type_support.h\n'}
[1.598564] (mav_planning_msgs) StdoutLine: {'line': b'-- Up-to-date: /home/aimane/humble_ws/src/VNAV_23/vnav_ws/install/mav_planning_msgs/include/mav_planning_msgs/mav_planning_msgs/srv/detail/change_name_service__functions.c\n'}
[1.598625] (mav_planning_msgs) StdoutLine: {'line': b'-- Up-to-date: /home/aimane/humble_ws/src/VNAV_23/vnav_ws/install/mav_planning_msgs/include/mav_planning_msgs/mav_planning_msgs/srv/detail/change_name_service__functions.h\n'}
[1.598686] (mav_planning_msgs) StdoutLine: {'line': b'-- Up-to-date: /home/aimane/humble_ws/src/VNAV_23/vnav_ws/install/mav_planning_msgs/include/mav_planning_msgs/mav_planning_msgs/srv/detail/polygon_service__functions.h\n'}
[1.598748] (mav_planning_msgs) StdoutLine: {'line': b'-- Up-to-date: /home/aimane/humble_ws/src/VNAV_23/vnav_ws/install/mav_planning_msgs/include/mav_planning_msgs/mav_planning_msgs/srv/detail/polygon_service__struct.h\n'}
[1.598886] (mav_planning_msgs) StdoutLine: {'line': b'-- Up-to-date: /home/aimane/humble_ws/src/VNAV_23/vnav_ws/install/mav_planning_msgs/include/mav_planning_msgs/mav_planning_msgs/srv/detail/planner_service__functions.c\n'}
[1.598959] (mav_planning_msgs) StdoutLine: {'line': b'-- Up-to-date: /home/aimane/humble_ws/src/VNAV_23/vnav_ws/install/mav_planning_msgs/include/mav_planning_msgs/mav_planning_msgs/srv/detail/polygon_service__type_support.h\n'}
[1.599021] (mav_planning_msgs) StdoutLine: {'line': b'-- Up-to-date: /home/aimane/humble_ws/src/VNAV_23/vnav_ws/install/mav_planning_msgs/include/mav_planning_msgs/mav_planning_msgs/srv/polygon_service.h\n'}
[1.599084] (mav_planning_msgs) StdoutLine: {'line': b'-- Up-to-date: /home/aimane/humble_ws/src/VNAV_23/vnav_ws/install/mav_planning_msgs/include/mav_planning_msgs/mav_planning_msgs/srv/planner_service.h\n'}
[1.599181] (mav_planning_msgs) StdoutLine: {'line': b'-- Up-to-date: /home/aimane/humble_ws/src/VNAV_23/vnav_ws/install/mav_planning_msgs/share/mav_planning_msgs/environment/library_path.sh\n'}
[1.599245] (mav_planning_msgs) StdoutLine: {'line': b'-- Up-to-date: /home/aimane/humble_ws/src/VNAV_23/vnav_ws/install/mav_planning_msgs/share/mav_planning_msgs/environment/library_path.dsv\n'}
[1.599307] (mav_planning_msgs) StdoutLine: {'line': b'-- Up-to-date: /home/aimane/humble_ws/src/VNAV_23/vnav_ws/install/mav_planning_msgs/lib/libmav_planning_msgs__rosidl_generator_c.so\n'}
[1.599368] (mav_planning_msgs) StdoutLine: {'line': b'-- Up-to-date: /home/aimane/humble_ws/src/VNAV_23/vnav_ws/install/mav_planning_msgs/include/mav_planning_msgs/mav_planning_msgs\n'}
[1.599430] (mav_planning_msgs) StdoutLine: {'line': b'-- Up-to-date: /home/aimane/humble_ws/src/VNAV_23/vnav_ws/install/mav_planning_msgs/include/mav_planning_msgs/mav_planning_msgs/msg\n'}
[1.599491] (mav_planning_msgs) StdoutLine: {'line': b'-- Up-to-date: /home/aimane/humble_ws/src/VNAV_23/vnav_ws/install/mav_planning_msgs/include/mav_planning_msgs/mav_planning_msgs/msg/detail\n'}
[1.599551] (mav_planning_msgs) StdoutLine: {'line': b'-- Up-to-date: /home/aimane/humble_ws/src/VNAV_23/vnav_ws/install/mav_planning_msgs/include/mav_planning_msgs/mav_planning_msgs/msg/detail/polynomial_trajectory4_d__rosidl_typesupport_fastrtps_c.h\n'}
[1.599613] (mav_planning_msgs) StdoutLine: {'line': b'-- Up-to-date: /home/aimane/humble_ws/src/VNAV_23/vnav_ws/install/mav_planning_msgs/include/mav_planning_msgs/mav_planning_msgs/msg/detail/polygon2_d__rosidl_typesupport_fastrtps_c.h\n'}
[1.599839] (mav_planning_msgs) StdoutLine: {'line': b'-- Up-to-date: /home/aimane/humble_ws/src/VNAV_23/vnav_ws/install/mav_planning_msgs/include/mav_planning_msgs/mav_planning_msgs/msg/detail/polygon_with_holes__rosidl_typesupport_fastrtps_c.h\n'}
[1.599963] (mav_planning_msgs) StdoutLine: {'line': b'-- Up-to-date: /home/aimane/humble_ws/src/VNAV_23/vnav_ws/install/mav_planning_msgs/include/mav_planning_msgs/mav_planning_msgs/msg/detail/point_cloud_with_pose__rosidl_typesupport_fastrtps_c.h\n'}
[1.600028] (mav_planning_msgs) StdoutLine: {'line': b'-- Up-to-date: /home/aimane/humble_ws/src/VNAV_23/vnav_ws/install/mav_planning_msgs/include/mav_planning_msgs/mav_planning_msgs/msg/detail/polynomial_segment__rosidl_typesupport_fastrtps_c.h\n'}
[1.600091] (mav_planning_msgs) StdoutLine: {'line': b'-- Up-to-date: /home/aimane/humble_ws/src/VNAV_23/vnav_ws/install/mav_planning_msgs/include/mav_planning_msgs/mav_planning_msgs/msg/detail/polynomial_trajectory__rosidl_typesupport_fastrtps_c.h\n'}
[1.600201] (mav_planning_msgs) StdoutLine: {'line': b'-- Up-to-date: /home/aimane/humble_ws/src/VNAV_23/vnav_ws/install/mav_planning_msgs/include/mav_planning_msgs/mav_planning_msgs/msg/detail/polynomial_segment4_d__rosidl_typesupport_fastrtps_c.h\n'}
[1.600289] (mav_planning_msgs) StdoutLine: {'line': b'-- Up-to-date: /home/aimane/humble_ws/src/VNAV_23/vnav_ws/install/mav_planning_msgs/include/mav_planning_msgs/mav_planning_msgs/msg/detail/point2_d__rosidl_typesupport_fastrtps_c.h\n'}
[1.600374] (mav_planning_msgs) StdoutLine: {'line': b'-- Up-to-date: /home/aimane/humble_ws/src/VNAV_23/vnav_ws/install/mav_planning_msgs/include/mav_planning_msgs/mav_planning_msgs/msg/detail/polygon_with_holes_stamped__rosidl_typesupport_fastrtps_c.h\n'}
[1.600491] (mav_planning_msgs) StdoutLine: {'line': b'-- Up-to-date: /home/aimane/humble_ws/src/VNAV_23/vnav_ws/install/mav_planning_msgs/include/mav_planning_msgs/mav_planning_msgs/msg/rosidl_typesupport_fastrtps_c__visibility_control.h\n'}
[1.600605] (mav_planning_msgs) StdoutLine: {'line': b'-- Up-to-date: /home/aimane/humble_ws/src/VNAV_23/vnav_ws/install/mav_planning_msgs/include/mav_planning_msgs/mav_planning_msgs/srv\n'}
[1.600719] (mav_planning_msgs) StdoutLine: {'line': b'-- Up-to-date: /home/aimane/humble_ws/src/VNAV_23/vnav_ws/install/mav_planning_msgs/include/mav_planning_msgs/mav_planning_msgs/srv/detail\n'}
[1.600844] (mav_planning_msgs) StdoutLine: {'line': b'-- Up-to-date: /home/aimane/humble_ws/src/VNAV_23/vnav_ws/install/mav_planning_msgs/include/mav_planning_msgs/mav_planning_msgs/srv/detail/planner_service__rosidl_typesupport_fastrtps_c.h\n'}
[1.600965] (mav_planning_msgs) StdoutLine: {'line': b'-- Up-to-date: /home/aimane/humble_ws/src/VNAV_23/vnav_ws/install/mav_planning_msgs/include/mav_planning_msgs/mav_planning_msgs/srv/detail/polygon_service__rosidl_typesupport_fastrtps_c.h\n'}
[1.601079] (mav_planning_msgs) StdoutLine: {'line': b'-- Up-to-date: /home/aimane/humble_ws/src/VNAV_23/vnav_ws/install/mav_planning_msgs/include/mav_planning_msgs/mav_planning_msgs/srv/detail/change_name_service__rosidl_typesupport_fastrtps_c.h\n'}
[1.601193] (mav_planning_msgs) StdoutLine: {'line': b'-- Up-to-date: /home/aimane/humble_ws/src/VNAV_23/vnav_ws/install/mav_planning_msgs/lib/libmav_planning_msgs__rosidl_typesupport_fastrtps_c.so\n'}
[1.601307] (mav_planning_msgs) StdoutLine: {'line': b'-- Up-to-date: /home/aimane/humble_ws/src/VNAV_23/vnav_ws/install/mav_planning_msgs/include/mav_planning_msgs/mav_planning_msgs\n'}
[1.601425] (mav_planning_msgs) StdoutLine: {'line': b'-- Up-to-date: /home/aimane/humble_ws/src/VNAV_23/vnav_ws/install/mav_planning_msgs/include/mav_planning_msgs/mav_planning_msgs/msg\n'}
[1.601543] (mav_planning_msgs) StdoutLine: {'line': b'-- Up-to-date: /home/aimane/humble_ws/src/VNAV_23/vnav_ws/install/mav_planning_msgs/include/mav_planning_msgs/mav_planning_msgs/msg/rosidl_typesupport_introspection_c__visibility_control.h\n'}
[1.602145] (mav_planning_msgs) StdoutLine: {'line': b'-- Up-to-date: /home/aimane/humble_ws/src/VNAV_23/vnav_ws/install/mav_planning_msgs/include/mav_planning_msgs/mav_planning_msgs/msg/detail\n'}
[1.602405] (mav_planning_msgs) StdoutLine: {'line': b'-- Up-to-date: /home/aimane/humble_ws/src/VNAV_23/vnav_ws/install/mav_planning_msgs/include/mav_planning_msgs/mav_planning_msgs/msg/detail/polynomial_trajectory4_d__type_support.c\n'}
[1.602526] (mav_planning_msgs) StdoutLine: {'line': b'-- Up-to-date: /home/aimane/humble_ws/src/VNAV_23/vnav_ws/install/mav_planning_msgs/include/mav_planning_msgs/mav_planning_msgs/msg/detail/polynomial_trajectory__rosidl_typesupport_introspection_c.h\n'}
[1.602643] (mav_planning_msgs) StdoutLine: {'line': b'-- Up-to-date: /home/aimane/humble_ws/src/VNAV_23/vnav_ws/install/mav_planning_msgs/include/mav_planning_msgs/mav_planning_msgs/msg/detail/polynomial_trajectory4_d__rosidl_typesupport_introspection_c.h\n'}
[1.602758] (mav_planning_msgs) StdoutLine: {'line': b'-- Up-to-date: /home/aimane/humble_ws/src/VNAV_23/vnav_ws/install/mav_planning_msgs/include/mav_planning_msgs/mav_planning_msgs/msg/detail/polygon_with_holes_stamped__rosidl_typesupport_introspection_c.h\n'}
[1.602894] (mav_planning_msgs) StdoutLine: {'line': b'-- Up-to-date: /home/aimane/humble_ws/src/VNAV_23/vnav_ws/install/mav_planning_msgs/include/mav_planning_msgs/mav_planning_msgs/msg/detail/polygon_with_holes_stamped__type_support.c\n'}
[1.603155] (mav_planning_msgs) StdoutLine: {'line': b'-- Up-to-date: /home/aimane/humble_ws/src/VNAV_23/vnav_ws/install/mav_planning_msgs/include/mav_planning_msgs/mav_planning_msgs/msg/detail/polynomial_segment4_d__rosidl_typesupport_introspection_c.h\n'}
[1.603274] (mav_planning_msgs) StdoutLine: {'line': b'-- Up-to-date: /home/aimane/humble_ws/src/VNAV_23/vnav_ws/install/mav_planning_msgs/include/mav_planning_msgs/mav_planning_msgs/msg/detail/polynomial_segment__type_support.c\n'}
[1.603389] (mav_planning_msgs) StdoutLine: {'line': b'-- Up-to-date: /home/aimane/humble_ws/src/VNAV_23/vnav_ws/install/mav_planning_msgs/include/mav_planning_msgs/mav_planning_msgs/msg/detail/point2_d__rosidl_typesupport_introspection_c.h\n'}
[1.603503] (mav_planning_msgs) StdoutLine: {'line': b'-- Up-to-date: /home/aimane/humble_ws/src/VNAV_23/vnav_ws/install/mav_planning_msgs/include/mav_planning_msgs/mav_planning_msgs/msg/detail/polygon2_d__type_support.c\n'}
[1.603613] (-) TimerEvent: {}
[1.603834] (mav_planning_msgs) StdoutLine: {'line': b'-- Up-to-date: /home/aimane/humble_ws/src/VNAV_23/vnav_ws/install/mav_planning_msgs/include/mav_planning_msgs/mav_planning_msgs/msg/detail/polygon2_d__rosidl_typesupport_introspection_c.h\n'}
[1.604001] (mav_planning_msgs) StdoutLine: {'line': b'-- Up-to-date: /home/aimane/humble_ws/src/VNAV_23/vnav_ws/install/mav_planning_msgs/include/mav_planning_msgs/mav_planning_msgs/msg/detail/point_cloud_with_pose__rosidl_typesupport_introspection_c.h\n'}
[1.604117] (mav_planning_msgs) StdoutLine: {'line': b'-- Up-to-date: /home/aimane/humble_ws/src/VNAV_23/vnav_ws/install/mav_planning_msgs/include/mav_planning_msgs/mav_planning_msgs/msg/detail/point_cloud_with_pose__type_support.c\n'}
[1.604220] (mav_planning_msgs) StdoutLine: {'line': b'-- Up-to-date: /home/aimane/humble_ws/src/VNAV_23/vnav_ws/install/mav_planning_msgs/include/mav_planning_msgs/mav_planning_msgs/msg/detail/polygon_with_holes__type_support.c\n'}
[1.604329] (mav_planning_msgs) StdoutLine: {'line': b'-- Up-to-date: /home/aimane/humble_ws/src/VNAV_23/vnav_ws/install/mav_planning_msgs/include/mav_planning_msgs/mav_planning_msgs/msg/detail/point2_d__type_support.c\n'}
[1.604432] (mav_planning_msgs) StdoutLine: {'line': b'-- Up-to-date: /home/aimane/humble_ws/src/VNAV_23/vnav_ws/install/mav_planning_msgs/include/mav_planning_msgs/mav_planning_msgs/msg/detail/polynomial_trajectory__type_support.c\n'}
[1.604538] (mav_planning_msgs) StdoutLine: {'line': b'-- Up-to-date: /home/aimane/humble_ws/src/VNAV_23/vnav_ws/install/mav_planning_msgs/include/mav_planning_msgs/mav_planning_msgs/msg/detail/polygon_with_holes__rosidl_typesupport_introspection_c.h\n'}
[1.604649] (mav_planning_msgs) StdoutLine: {'line': b'-- Up-to-date: /home/aimane/humble_ws/src/VNAV_23/vnav_ws/install/mav_planning_msgs/include/mav_planning_msgs/mav_planning_msgs/msg/detail/polynomial_segment4_d__type_support.c\n'}
[1.605485] (mav_planning_msgs) StdoutLine: {'line': b'-- Up-to-date: /home/aimane/humble_ws/src/VNAV_23/vnav_ws/install/mav_planning_msgs/include/mav_planning_msgs/mav_planning_msgs/msg/detail/polynomial_segment__rosidl_typesupport_introspection_c.h\n'}
[1.605760] (mav_planning_msgs) StdoutLine: {'line': b'-- Up-to-date: /home/aimane/humble_ws/src/VNAV_23/vnav_ws/install/mav_planning_msgs/include/mav_planning_msgs/mav_planning_msgs/srv\n'}
[1.606030] (mav_planning_msgs) StdoutLine: {'line': b'-- Up-to-date: /home/aimane/humble_ws/src/VNAV_23/vnav_ws/install/mav_planning_msgs/include/mav_planning_msgs/mav_planning_msgs/srv/detail\n'}
[1.606281] (mav_planning_msgs) StdoutLine: {'line': b'-- Up-to-date: /home/aimane/humble_ws/src/VNAV_23/vnav_ws/install/mav_planning_msgs/include/mav_planning_msgs/mav_planning_msgs/srv/detail/change_name_service__rosidl_typesupport_introspection_c.h\n'}
[1.606928] (mav_planning_msgs) StdoutLine: {'line': b'-- Up-to-date: /home/aimane/humble_ws/src/VNAV_23/vnav_ws/install/mav_planning_msgs/include/mav_planning_msgs/mav_planning_msgs/srv/detail/planner_service__rosidl_typesupport_introspection_c.h\n'}
[1.607631] (mav_planning_msgs) StdoutLine: {'line': b'-- Up-to-date: /home/aimane/humble_ws/src/VNAV_23/vnav_ws/install/mav_planning_msgs/include/mav_planning_msgs/mav_planning_msgs/srv/detail/change_name_service__type_support.c\n'}
[1.607869] (mav_planning_msgs) StdoutLine: {'line': b'-- Up-to-date: /home/aimane/humble_ws/src/VNAV_23/vnav_ws/install/mav_planning_msgs/include/mav_planning_msgs/mav_planning_msgs/srv/detail/polygon_service__type_support.c\n'}
[1.608214] (mav_planning_msgs) StdoutLine: {'line': b'-- Up-to-date: /home/aimane/humble_ws/src/VNAV_23/vnav_ws/install/mav_planning_msgs/include/mav_planning_msgs/mav_planning_msgs/srv/detail/polygon_service__rosidl_typesupport_introspection_c.h\n'}
[1.608414] (mav_planning_msgs) StdoutLine: {'line': b'-- Up-to-date: /home/aimane/humble_ws/src/VNAV_23/vnav_ws/install/mav_planning_msgs/include/mav_planning_msgs/mav_planning_msgs/srv/detail/planner_service__type_support.c\n'}
[1.608725] (mav_planning_msgs) StdoutLine: {'line': b'-- Up-to-date: /home/aimane/humble_ws/src/VNAV_23/vnav_ws/install/mav_planning_msgs/lib/libmav_planning_msgs__rosidl_typesupport_introspection_c.so\n'}
[1.608998] (mav_planning_msgs) StdoutLine: {'line': b'-- Up-to-date: /home/aimane/humble_ws/src/VNAV_23/vnav_ws/install/mav_planning_msgs/lib/libmav_planning_msgs__rosidl_typesupport_c.so\n'}
[1.609195] (mav_planning_msgs) StdoutLine: {'line': b'-- Up-to-date: /home/aimane/humble_ws/src/VNAV_23/vnav_ws/install/mav_planning_msgs/include/mav_planning_msgs/mav_planning_msgs\n'}
[1.609421] (mav_planning_msgs) StdoutLine: {'line': b'-- Up-to-date: /home/aimane/humble_ws/src/VNAV_23/vnav_ws/install/mav_planning_msgs/include/mav_planning_msgs/mav_planning_msgs/msg\n'}
[1.609646] (mav_planning_msgs) StdoutLine: {'line': b'-- Up-to-date: /home/aimane/humble_ws/src/VNAV_23/vnav_ws/install/mav_planning_msgs/include/mav_planning_msgs/mav_planning_msgs/msg/polynomial_trajectory.hpp\n'}
[1.609837] (mav_planning_msgs) StdoutLine: {'line': b'-- Up-to-date: /home/aimane/humble_ws/src/VNAV_23/vnav_ws/install/mav_planning_msgs/include/mav_planning_msgs/mav_planning_msgs/msg/point2_d.hpp\n'}
[1.610561] (mav_planning_msgs) StdoutLine: {'line': b'-- Up-to-date: /home/aimane/humble_ws/src/VNAV_23/vnav_ws/install/mav_planning_msgs/include/mav_planning_msgs/mav_planning_msgs/msg/detail\n'}
[1.610890] (mav_planning_msgs) StdoutLine: {'line': b'-- Up-to-date: /home/aimane/humble_ws/src/VNAV_23/vnav_ws/install/mav_planning_msgs/include/mav_planning_msgs/mav_planning_msgs/msg/detail/polynomial_segment4_d__traits.hpp\n'}
[1.611141] (mav_planning_msgs) StdoutLine: {'line': b'-- Up-to-date: /home/aimane/humble_ws/src/VNAV_23/vnav_ws/install/mav_planning_msgs/include/mav_planning_msgs/mav_planning_msgs/msg/detail/polynomial_segment__traits.hpp\n'}
[1.611278] (mav_planning_msgs) StdoutLine: {'line': b'-- Up-to-date: /home/aimane/humble_ws/src/VNAV_23/vnav_ws/install/mav_planning_msgs/include/mav_planning_msgs/mav_planning_msgs/msg/detail/polynomial_segment4_d__struct.hpp\n'}
[1.611391] (mav_planning_msgs) StdoutLine: {'line': b'-- Up-to-date: /home/aimane/humble_ws/src/VNAV_23/vnav_ws/install/mav_planning_msgs/include/mav_planning_msgs/mav_planning_msgs/msg/detail/polynomial_trajectory__traits.hpp\n'}
[1.611553] (mav_planning_msgs) StdoutLine: {'line': b'-- Up-to-date: /home/aimane/humble_ws/src/VNAV_23/vnav_ws/install/mav_planning_msgs/include/mav_planning_msgs/mav_planning_msgs/msg/detail/polynomial_trajectory4_d__struct.hpp\n'}
[1.611719] (mav_planning_msgs) StdoutLine: {'line': b'-- Up-to-date: /home/aimane/humble_ws/src/VNAV_23/vnav_ws/install/mav_planning_msgs/include/mav_planning_msgs/mav_planning_msgs/msg/detail/polygon2_d__traits.hpp\n'}
[1.611901] (mav_planning_msgs) StdoutLine: {'line': b'-- Up-to-date: /home/aimane/humble_ws/src/VNAV_23/vnav_ws/install/mav_planning_msgs/include/mav_planning_msgs/mav_planning_msgs/msg/detail/polygon2_d__builder.hpp\n'}
[1.612130] (mav_planning_msgs) StdoutLine: {'line': b'-- Up-to-date: /home/aimane/humble_ws/src/VNAV_23/vnav_ws/install/mav_planning_msgs/include/mav_planning_msgs/mav_planning_msgs/msg/detail/polygon_with_holes_stamped__struct.hpp\n'}
[1.612317] (mav_planning_msgs) StdoutLine: {'line': b'-- Up-to-date: /home/aimane/humble_ws/src/VNAV_23/vnav_ws/install/mav_planning_msgs/include/mav_planning_msgs/mav_planning_msgs/msg/detail/polynomial_trajectory__type_support.hpp\n'}
[1.612615] (mav_planning_msgs) StdoutLine: {'line': b'-- Up-to-date: /home/aimane/humble_ws/src/VNAV_23/vnav_ws/install/mav_planning_msgs/include/mav_planning_msgs/mav_planning_msgs/msg/detail/polynomial_trajectory__struct.hpp\n'}
[1.612852] (mav_planning_msgs) StdoutLine: {'line': b'-- Up-to-date: /home/aimane/humble_ws/src/VNAV_23/vnav_ws/install/mav_planning_msgs/include/mav_planning_msgs/mav_planning_msgs/msg/detail/polygon_with_holes__traits.hpp\n'}
[1.613337] (mav_planning_msgs) StdoutLine: {'line': b'-- Up-to-date: /home/aimane/humble_ws/src/VNAV_23/vnav_ws/install/mav_planning_msgs/include/mav_planning_msgs/mav_planning_msgs/msg/detail/polynomial_segment__builder.hpp\n'}
[1.613639] (mav_planning_msgs) StdoutLine: {'line': b'-- Up-to-date: /home/aimane/humble_ws/src/VNAV_23/vnav_ws/install/mav_planning_msgs/include/mav_planning_msgs/mav_planning_msgs/msg/detail/polygon2_d__type_support.hpp\n'}
[1.613917] (mav_planning_msgs) StdoutLine: {'line': b'-- Up-to-date: /home/aimane/humble_ws/src/VNAV_23/vnav_ws/install/mav_planning_msgs/include/mav_planning_msgs/mav_planning_msgs/msg/detail/point_cloud_with_pose__type_support.hpp\n'}
[1.614120] (mav_planning_msgs) StdoutLine: {'line': b'-- Up-to-date: /home/aimane/humble_ws/src/VNAV_23/vnav_ws/install/mav_planning_msgs/include/mav_planning_msgs/mav_planning_msgs/msg/detail/point_cloud_with_pose__struct.hpp\n'}
[1.614245] (mav_planning_msgs) StdoutLine: {'line': b'-- Up-to-date: /home/aimane/humble_ws/src/VNAV_23/vnav_ws/install/mav_planning_msgs/include/mav_planning_msgs/mav_planning_msgs/msg/detail/polygon_with_holes__type_support.hpp\n'}
[1.614353] (mav_planning_msgs) StdoutLine: {'line': b'-- Up-to-date: /home/aimane/humble_ws/src/VNAV_23/vnav_ws/install/mav_planning_msgs/include/mav_planning_msgs/mav_planning_msgs/msg/detail/polynomial_trajectory__builder.hpp\n'}
[1.614461] (mav_planning_msgs) StdoutLine: {'line': b'-- Up-to-date: /home/aimane/humble_ws/src/VNAV_23/vnav_ws/install/mav_planning_msgs/include/mav_planning_msgs/mav_planning_msgs/msg/detail/point_cloud_with_pose__traits.hpp\n'}
[1.614727] (mav_planning_msgs) StdoutLine: {'line': b'-- Up-to-date: /home/aimane/humble_ws/src/VNAV_23/vnav_ws/install/mav_planning_msgs/include/mav_planning_msgs/mav_planning_msgs/msg/detail/polynomial_trajectory4_d__type_support.hpp\n'}
[1.614971] (mav_planning_msgs) StdoutLine: {'line': b'-- Up-to-date: /home/aimane/humble_ws/src/VNAV_23/vnav_ws/install/mav_planning_msgs/include/mav_planning_msgs/mav_planning_msgs/msg/detail/polygon2_d__struct.hpp\n'}
[1.615163] (mav_planning_msgs) StdoutLine: {'line': b'-- Up-to-date: /home/aimane/humble_ws/src/VNAV_23/vnav_ws/install/mav_planning_msgs/include/mav_planning_msgs/mav_planning_msgs/msg/detail/polygon_with_holes__struct.hpp\n'}
[1.615293] (mav_planning_msgs) StdoutLine: {'line': b'-- Up-to-date: /home/aimane/humble_ws/src/VNAV_23/vnav_ws/install/mav_planning_msgs/include/mav_planning_msgs/mav_planning_msgs/msg/detail/polynomial_trajectory4_d__traits.hpp\n'}
[1.615403] (mav_planning_msgs) StdoutLine: {'line': b'-- Up-to-date: /home/aimane/humble_ws/src/VNAV_23/vnav_ws/install/mav_planning_msgs/include/mav_planning_msgs/mav_planning_msgs/msg/detail/point2_d__builder.hpp\n'}
[1.615505] (mav_planning_msgs) StdoutLine: {'line': b'-- Up-to-date: /home/aimane/humble_ws/src/VNAV_23/vnav_ws/install/mav_planning_msgs/include/mav_planning_msgs/mav_planning_msgs/msg/detail/polygon_with_holes_stamped__traits.hpp\n'}
[1.615610] (mav_planning_msgs) StdoutLine: {'line': b'-- Up-to-date: /home/aimane/humble_ws/src/VNAV_23/vnav_ws/install/mav_planning_msgs/include/mav_planning_msgs/mav_planning_msgs/msg/detail/point2_d__type_support.hpp\n'}
[1.615734] (mav_planning_msgs) StdoutLine: {'line': b'-- Up-to-date: /home/aimane/humble_ws/src/VNAV_23/vnav_ws/install/mav_planning_msgs/include/mav_planning_msgs/mav_planning_msgs/msg/detail/point2_d__struct.hpp\n'}
[1.615940] (mav_planning_msgs) StdoutLine: {'line': b'-- Up-to-date: /home/aimane/humble_ws/src/VNAV_23/vnav_ws/install/mav_planning_msgs/include/mav_planning_msgs/mav_planning_msgs/msg/detail/polygon_with_holes__builder.hpp\n'}
[1.616092] (mav_planning_msgs) StdoutLine: {'line': b'-- Up-to-date: /home/aimane/humble_ws/src/VNAV_23/vnav_ws/install/mav_planning_msgs/include/mav_planning_msgs/mav_planning_msgs/msg/detail/polynomial_segment__struct.hpp\n'}
[1.616237] (mav_planning_msgs) StdoutLine: {'line': b'-- Up-to-date: /home/aimane/humble_ws/src/VNAV_23/vnav_ws/install/mav_planning_msgs/include/mav_planning_msgs/mav_planning_msgs/msg/detail/polynomial_trajectory4_d__builder.hpp\n'}
[1.616383] (mav_planning_msgs) StdoutLine: {'line': b'-- Up-to-date: /home/aimane/humble_ws/src/VNAV_23/vnav_ws/install/mav_planning_msgs/include/mav_planning_msgs/mav_planning_msgs/msg/detail/polynomial_segment4_d__type_support.hpp\n'}
[1.616516] (mav_planning_msgs) StdoutLine: {'line': b'-- Up-to-date: /home/aimane/humble_ws/src/VNAV_23/vnav_ws/install/mav_planning_msgs/include/mav_planning_msgs/mav_planning_msgs/msg/detail/polynomial_segment__type_support.hpp\n'}
[1.616621] (mav_planning_msgs) StdoutLine: {'line': b'-- Up-to-date: /home/aimane/humble_ws/src/VNAV_23/vnav_ws/install/mav_planning_msgs/include/mav_planning_msgs/mav_planning_msgs/msg/detail/point2_d__traits.hpp\n'}
[1.616722] (mav_planning_msgs) StdoutLine: {'line': b'-- Up-to-date: /home/aimane/humble_ws/src/VNAV_23/vnav_ws/install/mav_planning_msgs/include/mav_planning_msgs/mav_planning_msgs/msg/detail/polygon_with_holes_stamped__builder.hpp\n'}
[1.616858] (mav_planning_msgs) StdoutLine: {'line': b'-- Up-to-date: /home/aimane/humble_ws/src/VNAV_23/vnav_ws/install/mav_planning_msgs/include/mav_planning_msgs/mav_planning_msgs/msg/detail/polygon_with_holes_stamped__type_support.hpp\n'}
[1.616970] (mav_planning_msgs) StdoutLine: {'line': b'-- Up-to-date: /home/aimane/humble_ws/src/VNAV_23/vnav_ws/install/mav_planning_msgs/include/mav_planning_msgs/mav_planning_msgs/msg/detail/polynomial_segment4_d__builder.hpp\n'}
[1.617082] (mav_planning_msgs) StdoutLine: {'line': b'-- Up-to-date: /home/aimane/humble_ws/src/VNAV_23/vnav_ws/install/mav_planning_msgs/include/mav_planning_msgs/mav_planning_msgs/msg/detail/point_cloud_with_pose__builder.hpp\n'}
[1.617231] (mav_planning_msgs) StdoutLine: {'line': b'-- Up-to-date: /home/aimane/humble_ws/src/VNAV_23/vnav_ws/install/mav_planning_msgs/include/mav_planning_msgs/mav_planning_msgs/msg/polynomial_segment4_d.hpp\n'}
[1.617547] (mav_planning_msgs) StdoutLine: {'line': b'-- Up-to-date: /home/aimane/humble_ws/src/VNAV_23/vnav_ws/install/mav_planning_msgs/include/mav_planning_msgs/mav_planning_msgs/msg/polynomial_segment.hpp\n'}
[1.618246] (mav_planning_msgs) StdoutLine: {'line': b'-- Up-to-date: /home/aimane/humble_ws/src/VNAV_23/vnav_ws/install/mav_planning_msgs/include/mav_planning_msgs/mav_planning_msgs/msg/polygon2_d.hpp\n'}
[1.618374] (mav_planning_msgs) StdoutLine: {'line': b'-- Up-to-date: /home/aimane/humble_ws/src/VNAV_23/vnav_ws/install/mav_planning_msgs/include/mav_planning_msgs/mav_planning_msgs/msg/point_cloud_with_pose.hpp\n'}
[1.618510] (mav_planning_msgs) StdoutLine: {'line': b'-- Up-to-date: /home/aimane/humble_ws/src/VNAV_23/vnav_ws/install/mav_planning_msgs/include/mav_planning_msgs/mav_planning_msgs/msg/polynomial_trajectory4_d.hpp\n'}
[1.619301] (mav_planning_msgs) StdoutLine: {'line': b'-- Up-to-date: /home/aimane/humble_ws/src/VNAV_23/vnav_ws/install/mav_planning_msgs/include/mav_planning_msgs/mav_planning_msgs/msg/polygon_with_holes_stamped.hpp\n'}
[1.619450] (mav_planning_msgs) StdoutLine: {'line': b'-- Up-to-date: /home/aimane/humble_ws/src/VNAV_23/vnav_ws/install/mav_planning_msgs/include/mav_planning_msgs/mav_planning_msgs/msg/polygon_with_holes.hpp\n'}
[1.619602] (mav_planning_msgs) StdoutLine: {'line': b'-- Up-to-date: /home/aimane/humble_ws/src/VNAV_23/vnav_ws/install/mav_planning_msgs/include/mav_planning_msgs/mav_planning_msgs/msg/rosidl_generator_cpp__visibility_control.hpp\n'}
[1.619751] (mav_planning_msgs) StdoutLine: {'line': b'-- Up-to-date: /home/aimane/humble_ws/src/VNAV_23/vnav_ws/install/mav_planning_msgs/include/mav_planning_msgs/mav_planning_msgs/srv\n'}
[1.619918] (mav_planning_msgs) StdoutLine: {'line': b'-- Up-to-date: /home/aimane/humble_ws/src/VNAV_23/vnav_ws/install/mav_planning_msgs/include/mav_planning_msgs/mav_planning_msgs/srv/detail\n'}
[1.620107] (mav_planning_msgs) StdoutLine: {'line': b'-- Up-to-date: /home/aimane/humble_ws/src/VNAV_23/vnav_ws/install/mav_planning_msgs/include/mav_planning_msgs/mav_planning_msgs/srv/detail/planner_service__type_support.hpp\n'}
[1.620260] (mav_planning_msgs) StdoutLine: {'line': b'-- Up-to-date: /home/aimane/humble_ws/src/VNAV_23/vnav_ws/install/mav_planning_msgs/include/mav_planning_msgs/mav_planning_msgs/srv/detail/change_name_service__struct.hpp\n'}
[1.620404] (mav_planning_msgs) StdoutLine: {'line': b'-- Up-to-date: /home/aimane/humble_ws/src/VNAV_23/vnav_ws/install/mav_planning_msgs/include/mav_planning_msgs/mav_planning_msgs/srv/detail/planner_service__traits.hpp\n'}
[1.620530] (mav_planning_msgs) StdoutLine: {'line': b'-- Up-to-date: /home/aimane/humble_ws/src/VNAV_23/vnav_ws/install/mav_planning_msgs/include/mav_planning_msgs/mav_planning_msgs/srv/detail/polygon_service__struct.hpp\n'}
[1.620639] (mav_planning_msgs) StdoutLine: {'line': b'-- Up-to-date: /home/aimane/humble_ws/src/VNAV_23/vnav_ws/install/mav_planning_msgs/include/mav_planning_msgs/mav_planning_msgs/srv/detail/polygon_service__traits.hpp\n'}
[1.620750] (mav_planning_msgs) StdoutLine: {'line': b'-- Up-to-date: /home/aimane/humble_ws/src/VNAV_23/vnav_ws/install/mav_planning_msgs/include/mav_planning_msgs/mav_planning_msgs/srv/detail/change_name_service__builder.hpp\n'}
[1.620877] (mav_planning_msgs) StdoutLine: {'line': b'-- Up-to-date: /home/aimane/humble_ws/src/VNAV_23/vnav_ws/install/mav_planning_msgs/include/mav_planning_msgs/mav_planning_msgs/srv/detail/planner_service__struct.hpp\n'}
[1.620987] (mav_planning_msgs) StdoutLine: {'line': b'-- Up-to-date: /home/aimane/humble_ws/src/VNAV_23/vnav_ws/install/mav_planning_msgs/include/mav_planning_msgs/mav_planning_msgs/srv/detail/change_name_service__traits.hpp\n'}
[1.621130] (mav_planning_msgs) StdoutLine: {'line': b'-- Up-to-date: /home/aimane/humble_ws/src/VNAV_23/vnav_ws/install/mav_planning_msgs/include/mav_planning_msgs/mav_planning_msgs/srv/detail/change_name_service__type_support.hpp\n'}
[1.621279] (mav_planning_msgs) StdoutLine: {'line': b'-- Up-to-date: /home/aimane/humble_ws/src/VNAV_23/vnav_ws/install/mav_planning_msgs/include/mav_planning_msgs/mav_planning_msgs/srv/detail/polygon_service__builder.hpp\n'}
[1.621423] (mav_planning_msgs) StdoutLine: {'line': b'-- Up-to-date: /home/aimane/humble_ws/src/VNAV_23/vnav_ws/install/mav_planning_msgs/include/mav_planning_msgs/mav_planning_msgs/srv/detail/polygon_service__type_support.hpp\n'}
[1.621942] (mav_planning_msgs) StdoutLine: {'line': b'-- Up-to-date: /home/aimane/humble_ws/src/VNAV_23/vnav_ws/install/mav_planning_msgs/include/mav_planning_msgs/mav_planning_msgs/srv/detail/planner_service__builder.hpp\n'}
[1.622115] (mav_planning_msgs) StdoutLine: {'line': b'-- Up-to-date: /home/aimane/humble_ws/src/VNAV_23/vnav_ws/install/mav_planning_msgs/include/mav_planning_msgs/mav_planning_msgs/srv/change_name_service.hpp\n'}
[1.622262] (mav_planning_msgs) StdoutLine: {'line': b'-- Up-to-date: /home/aimane/humble_ws/src/VNAV_23/vnav_ws/install/mav_planning_msgs/include/mav_planning_msgs/mav_planning_msgs/srv/polygon_service.hpp\n'}
[1.622420] (mav_planning_msgs) StdoutLine: {'line': b'-- Up-to-date: /home/aimane/humble_ws/src/VNAV_23/vnav_ws/install/mav_planning_msgs/include/mav_planning_msgs/mav_planning_msgs/srv/planner_service.hpp\n'}
[1.622554] (mav_planning_msgs) StdoutLine: {'line': b'-- Up-to-date: /home/aimane/humble_ws/src/VNAV_23/vnav_ws/install/mav_planning_msgs/include/mav_planning_msgs/mav_planning_msgs\n'}
[1.622697] (mav_planning_msgs) StdoutLine: {'line': b'-- Up-to-date: /home/aimane/humble_ws/src/VNAV_23/vnav_ws/install/mav_planning_msgs/include/mav_planning_msgs/mav_planning_msgs/msg\n'}
[1.622911] (mav_planning_msgs) StdoutLine: {'line': b'-- Up-to-date: /home/aimane/humble_ws/src/VNAV_23/vnav_ws/install/mav_planning_msgs/include/mav_planning_msgs/mav_planning_msgs/msg/detail\n'}
[1.623082] (mav_planning_msgs) StdoutLine: {'line': b'-- Up-to-date: /home/aimane/humble_ws/src/VNAV_23/vnav_ws/install/mav_planning_msgs/include/mav_planning_msgs/mav_planning_msgs/msg/detail/polygon_with_holes_stamped__rosidl_typesupport_fastrtps_cpp.hpp\n'}
[1.623240] (mav_planning_msgs) StdoutLine: {'line': b'-- Up-to-date: /home/aimane/humble_ws/src/VNAV_23/vnav_ws/install/mav_planning_msgs/include/mav_planning_msgs/mav_planning_msgs/msg/detail/polygon2_d__rosidl_typesupport_fastrtps_cpp.hpp\n'}
[1.623393] (mav_planning_msgs) StdoutLine: {'line': b'-- Up-to-date: /home/aimane/humble_ws/src/VNAV_23/vnav_ws/install/mav_planning_msgs/include/mav_planning_msgs/mav_planning_msgs/msg/detail/dds_fastrtps\n'}
[1.623541] (mav_planning_msgs) StdoutLine: {'line': b'-- Up-to-date: /home/aimane/humble_ws/src/VNAV_23/vnav_ws/install/mav_planning_msgs/include/mav_planning_msgs/mav_planning_msgs/msg/detail/polynomial_trajectory4_d__rosidl_typesupport_fastrtps_cpp.hpp\n'}
[1.623718] (mav_planning_msgs) StdoutLine: {'line': b'-- Up-to-date: /home/aimane/humble_ws/src/VNAV_23/vnav_ws/install/mav_planning_msgs/include/mav_planning_msgs/mav_planning_msgs/msg/detail/point_cloud_with_pose__rosidl_typesupport_fastrtps_cpp.hpp\n'}
[1.624070] (mav_planning_msgs) StdoutLine: {'line': b'-- Up-to-date: /home/aimane/humble_ws/src/VNAV_23/vnav_ws/install/mav_planning_msgs/include/mav_planning_msgs/mav_planning_msgs/msg/detail/polynomial_segment4_d__rosidl_typesupport_fastrtps_cpp.hpp\n'}
[1.624414] (mav_planning_msgs) StdoutLine: {'line': b'-- Up-to-date: /home/aimane/humble_ws/src/VNAV_23/vnav_ws/install/mav_planning_msgs/include/mav_planning_msgs/mav_planning_msgs/msg/detail/polynomial_segment__rosidl_typesupport_fastrtps_cpp.hpp\n'}
[1.624629] (mav_planning_msgs) StdoutLine: {'line': b'-- Up-to-date: /home/aimane/humble_ws/src/VNAV_23/vnav_ws/install/mav_planning_msgs/include/mav_planning_msgs/mav_planning_msgs/msg/detail/polygon_with_holes__rosidl_typesupport_fastrtps_cpp.hpp\n'}
[1.624993] (mav_planning_msgs) StdoutLine: {'line': b'-- Up-to-date: /home/aimane/humble_ws/src/VNAV_23/vnav_ws/install/mav_planning_msgs/include/mav_planning_msgs/mav_planning_msgs/msg/detail/polynomial_trajectory__rosidl_typesupport_fastrtps_cpp.hpp\n'}
[1.625151] (mav_planning_msgs) StdoutLine: {'line': b'-- Up-to-date: /home/aimane/humble_ws/src/VNAV_23/vnav_ws/install/mav_planning_msgs/include/mav_planning_msgs/mav_planning_msgs/msg/detail/point2_d__rosidl_typesupport_fastrtps_cpp.hpp\n'}
[1.625551] (mav_planning_msgs) StdoutLine: {'line': b'-- Up-to-date: /home/aimane/humble_ws/src/VNAV_23/vnav_ws/install/mav_planning_msgs/include/mav_planning_msgs/mav_planning_msgs/msg/rosidl_typesupport_fastrtps_cpp__visibility_control.h\n'}
[1.625736] (mav_planning_msgs) StdoutLine: {'line': b'-- Up-to-date: /home/aimane/humble_ws/src/VNAV_23/vnav_ws/install/mav_planning_msgs/include/mav_planning_msgs/mav_planning_msgs/srv\n'}
[1.625907] (mav_planning_msgs) StdoutLine: {'line': b'-- Up-to-date: /home/aimane/humble_ws/src/VNAV_23/vnav_ws/install/mav_planning_msgs/include/mav_planning_msgs/mav_planning_msgs/srv/detail\n'}
[1.627002] (mav_planning_msgs) StdoutLine: {'line': b'-- Up-to-date: /home/aimane/humble_ws/src/VNAV_23/vnav_ws/install/mav_planning_msgs/include/mav_planning_msgs/mav_planning_msgs/srv/detail/dds_fastrtps\n'}
[1.627474] (mav_planning_msgs) StdoutLine: {'line': b'-- Up-to-date: /home/aimane/humble_ws/src/VNAV_23/vnav_ws/install/mav_planning_msgs/include/mav_planning_msgs/mav_planning_msgs/srv/detail/planner_service__rosidl_typesupport_fastrtps_cpp.hpp\n'}
[1.627678] (mav_planning_msgs) StdoutLine: {'line': b'-- Up-to-date: /home/aimane/humble_ws/src/VNAV_23/vnav_ws/install/mav_planning_msgs/include/mav_planning_msgs/mav_planning_msgs/srv/detail/polygon_service__rosidl_typesupport_fastrtps_cpp.hpp\n'}
[1.628002] (mav_planning_msgs) StdoutLine: {'line': b'-- Up-to-date: /home/aimane/humble_ws/src/VNAV_23/vnav_ws/install/mav_planning_msgs/include/mav_planning_msgs/mav_planning_msgs/srv/detail/change_name_service__rosidl_typesupport_fastrtps_cpp.hpp\n'}
[1.628370] (mav_planning_msgs) StdoutLine: {'line': b'-- Up-to-date: /home/aimane/humble_ws/src/VNAV_23/vnav_ws/install/mav_planning_msgs/lib/libmav_planning_msgs__rosidl_typesupport_fastrtps_cpp.so\n'}
[1.628518] (mav_planning_msgs) StdoutLine: {'line': b'-- Up-to-date: /home/aimane/humble_ws/src/VNAV_23/vnav_ws/install/mav_planning_msgs/include/mav_planning_msgs/mav_planning_msgs\n'}
[1.628664] (mav_planning_msgs) StdoutLine: {'line': b'-- Up-to-date: /home/aimane/humble_ws/src/VNAV_23/vnav_ws/install/mav_planning_msgs/include/mav_planning_msgs/mav_planning_msgs/msg\n'}
[1.628984] (mav_planning_msgs) StdoutLine: {'line': b'-- Up-to-date: /home/aimane/humble_ws/src/VNAV_23/vnav_ws/install/mav_planning_msgs/include/mav_planning_msgs/mav_planning_msgs/msg/detail\n'}
[1.629368] (mav_planning_msgs) StdoutLine: {'line': b'-- Up-to-date: /home/aimane/humble_ws/src/VNAV_23/vnav_ws/install/mav_planning_msgs/include/mav_planning_msgs/mav_planning_msgs/msg/detail/polynomial_trajectory__type_support.cpp\n'}
[1.629538] (mav_planning_msgs) StdoutLine: {'line': b'-- Up-to-date: /home/aimane/humble_ws/src/VNAV_23/vnav_ws/install/mav_planning_msgs/include/mav_planning_msgs/mav_planning_msgs/msg/detail/point2_d__type_support.cpp\n'}
[1.629690] (mav_planning_msgs) StdoutLine: {'line': b'-- Up-to-date: /home/aimane/humble_ws/src/VNAV_23/vnav_ws/install/mav_planning_msgs/include/mav_planning_msgs/mav_planning_msgs/msg/detail/polynomial_trajectory4_d__rosidl_typesupport_introspection_cpp.hpp\n'}
[1.630012] (mav_planning_msgs) StdoutLine: {'line': b'-- Up-to-date: /home/aimane/humble_ws/src/VNAV_23/vnav_ws/install/mav_planning_msgs/include/mav_planning_msgs/mav_planning_msgs/msg/detail/polygon_with_holes_stamped__rosidl_typesupport_introspection_cpp.hpp\n'}
[1.630357] (mav_planning_msgs) StdoutLine: {'line': b'-- Up-to-date: /home/aimane/humble_ws/src/VNAV_23/vnav_ws/install/mav_planning_msgs/include/mav_planning_msgs/mav_planning_msgs/msg/detail/polygon_with_holes__type_support.cpp\n'}
[1.630559] (mav_planning_msgs) StdoutLine: {'line': b'-- Up-to-date: /home/aimane/humble_ws/src/VNAV_23/vnav_ws/install/mav_planning_msgs/include/mav_planning_msgs/mav_planning_msgs/msg/detail/polynomial_segment__type_support.cpp\n'}
[1.630856] (mav_planning_msgs) StdoutLine: {'line': b'-- Up-to-date: /home/aimane/humble_ws/src/VNAV_23/vnav_ws/install/mav_planning_msgs/include/mav_planning_msgs/mav_planning_msgs/msg/detail/polynomial_trajectory4_d__type_support.cpp\n'}
[1.631143] (mav_planning_msgs) StdoutLine: {'line': b'-- Up-to-date: /home/aimane/humble_ws/src/VNAV_23/vnav_ws/install/mav_planning_msgs/include/mav_planning_msgs/mav_planning_msgs/msg/detail/polynomial_segment4_d__rosidl_typesupport_introspection_cpp.hpp\n'}
[1.631493] (mav_planning_msgs) StdoutLine: {'line': b'-- Up-to-date: /home/aimane/humble_ws/src/VNAV_23/vnav_ws/install/mav_planning_msgs/include/mav_planning_msgs/mav_planning_msgs/msg/detail/point_cloud_with_pose__rosidl_typesupport_introspection_cpp.hpp\n'}
[1.631666] (mav_planning_msgs) StdoutLine: {'line': b'-- Up-to-date: /home/aimane/humble_ws/src/VNAV_23/vnav_ws/install/mav_planning_msgs/include/mav_planning_msgs/mav_planning_msgs/msg/detail/point_cloud_with_pose__type_support.cpp\n'}
[1.631959] (mav_planning_msgs) StdoutLine: {'line': b'-- Up-to-date: /home/aimane/humble_ws/src/VNAV_23/vnav_ws/install/mav_planning_msgs/include/mav_planning_msgs/mav_planning_msgs/msg/detail/polygon2_d__type_support.cpp\n'}
[1.632150] (mav_planning_msgs) StdoutLine: {'line': b'-- Up-to-date: /home/aimane/humble_ws/src/VNAV_23/vnav_ws/install/mav_planning_msgs/include/mav_planning_msgs/mav_planning_msgs/msg/detail/polynomial_trajectory__rosidl_typesupport_introspection_cpp.hpp\n'}
[1.632461] (mav_planning_msgs) StdoutLine: {'line': b'-- Up-to-date: /home/aimane/humble_ws/src/VNAV_23/vnav_ws/install/mav_planning_msgs/include/mav_planning_msgs/mav_planning_msgs/msg/detail/polygon_with_holes__rosidl_typesupport_introspection_cpp.hpp\n'}
[1.632606] (mav_planning_msgs) StdoutLine: {'line': b'-- Up-to-date: /home/aimane/humble_ws/src/VNAV_23/vnav_ws/install/mav_planning_msgs/include/mav_planning_msgs/mav_planning_msgs/msg/detail/polynomial_segment4_d__type_support.cpp\n'}
[1.632735] (mav_planning_msgs) StdoutLine: {'line': b'-- Up-to-date: /home/aimane/humble_ws/src/VNAV_23/vnav_ws/install/mav_planning_msgs/include/mav_planning_msgs/mav_planning_msgs/msg/detail/polygon2_d__rosidl_typesupport_introspection_cpp.hpp\n'}
[1.632839] (mav_planning_msgs) StdoutLine: {'line': b'-- Up-to-date: /home/aimane/humble_ws/src/VNAV_23/vnav_ws/install/mav_planning_msgs/include/mav_planning_msgs/mav_planning_msgs/msg/detail/point2_d__rosidl_typesupport_introspection_cpp.hpp\n'}
[1.632932] (mav_planning_msgs) StdoutLine: {'line': b'-- Up-to-date: /home/aimane/humble_ws/src/VNAV_23/vnav_ws/install/mav_planning_msgs/include/mav_planning_msgs/mav_planning_msgs/msg/detail/polynomial_segment__rosidl_typesupport_introspection_cpp.hpp\n'}
[1.633028] (mav_planning_msgs) StdoutLine: {'line': b'-- Up-to-date: /home/aimane/humble_ws/src/VNAV_23/vnav_ws/install/mav_planning_msgs/include/mav_planning_msgs/mav_planning_msgs/msg/detail/polygon_with_holes_stamped__type_support.cpp\n'}
[1.633126] (mav_planning_msgs) StdoutLine: {'line': b'-- Up-to-date: /home/aimane/humble_ws/src/VNAV_23/vnav_ws/install/mav_planning_msgs/include/mav_planning_msgs/mav_planning_msgs/srv\n'}
[1.633228] (mav_planning_msgs) StdoutLine: {'line': b'-- Up-to-date: /home/aimane/humble_ws/src/VNAV_23/vnav_ws/install/mav_planning_msgs/include/mav_planning_msgs/mav_planning_msgs/srv/detail\n'}
[1.633326] (mav_planning_msgs) StdoutLine: {'line': b'-- Up-to-date: /home/aimane/humble_ws/src/VNAV_23/vnav_ws/install/mav_planning_msgs/include/mav_planning_msgs/mav_planning_msgs/srv/detail/planner_service__type_support.cpp\n'}
[1.633427] (mav_planning_msgs) StdoutLine: {'line': b'-- Up-to-date: /home/aimane/humble_ws/src/VNAV_23/vnav_ws/install/mav_planning_msgs/include/mav_planning_msgs/mav_planning_msgs/srv/detail/polygon_service__type_support.cpp\n'}
[1.633532] (mav_planning_msgs) StdoutLine: {'line': b'-- Up-to-date: /home/aimane/humble_ws/src/VNAV_23/vnav_ws/install/mav_planning_msgs/include/mav_planning_msgs/mav_planning_msgs/srv/detail/change_name_service__rosidl_typesupport_introspection_cpp.hpp\n'}
[1.633632] (mav_planning_msgs) StdoutLine: {'line': b'-- Up-to-date: /home/aimane/humble_ws/src/VNAV_23/vnav_ws/install/mav_planning_msgs/include/mav_planning_msgs/mav_planning_msgs/srv/detail/polygon_service__rosidl_typesupport_introspection_cpp.hpp\n'}
[1.633760] (mav_planning_msgs) StdoutLine: {'line': b'-- Up-to-date: /home/aimane/humble_ws/src/VNAV_23/vnav_ws/install/mav_planning_msgs/include/mav_planning_msgs/mav_planning_msgs/srv/detail/change_name_service__type_support.cpp\n'}
[1.633881] (mav_planning_msgs) StdoutLine: {'line': b'-- Up-to-date: /home/aimane/humble_ws/src/VNAV_23/vnav_ws/install/mav_planning_msgs/include/mav_planning_msgs/mav_planning_msgs/srv/detail/planner_service__rosidl_typesupport_introspection_cpp.hpp\n'}
[1.633986] (mav_planning_msgs) StdoutLine: {'line': b'-- Up-to-date: /home/aimane/humble_ws/src/VNAV_23/vnav_ws/install/mav_planning_msgs/lib/libmav_planning_msgs__rosidl_typesupport_introspection_cpp.so\n'}
[1.634122] (mav_planning_msgs) StdoutLine: {'line': b'-- Up-to-date: /home/aimane/humble_ws/src/VNAV_23/vnav_ws/install/mav_planning_msgs/lib/libmav_planning_msgs__rosidl_typesupport_cpp.so\n'}
[1.634258] (mav_planning_msgs) StdoutLine: {'line': b'-- Up-to-date: /home/aimane/humble_ws/src/VNAV_23/vnav_ws/install/mav_planning_msgs/share/mav_planning_msgs/environment/pythonpath.sh\n'}
[1.634397] (mav_planning_msgs) StdoutLine: {'line': b'-- Up-to-date: /home/aimane/humble_ws/src/VNAV_23/vnav_ws/install/mav_planning_msgs/share/mav_planning_msgs/environment/pythonpath.dsv\n'}
[1.634534] (mav_planning_msgs) StdoutLine: {'line': b'-- Up-to-date: /home/aimane/humble_ws/src/VNAV_23/vnav_ws/install/mav_planning_msgs/local/lib/python3.10/dist-packages/mav_planning_msgs-3.3.3-py3.10.egg-info\n'}
[1.634672] (mav_planning_msgs) StdoutLine: {'line': b'-- Installing: /home/aimane/humble_ws/src/VNAV_23/vnav_ws/install/mav_planning_msgs/local/lib/python3.10/dist-packages/mav_planning_msgs-3.3.3-py3.10.egg-info/SOURCES.txt\n'}
[1.634825] (mav_planning_msgs) StdoutLine: {'line': b'-- Installing: /home/aimane/humble_ws/src/VNAV_23/vnav_ws/install/mav_planning_msgs/local/lib/python3.10/dist-packages/mav_planning_msgs-3.3.3-py3.10.egg-info/top_level.txt\n'}
[1.634974] (mav_planning_msgs) StdoutLine: {'line': b'-- Installing: /home/aimane/humble_ws/src/VNAV_23/vnav_ws/install/mav_planning_msgs/local/lib/python3.10/dist-packages/mav_planning_msgs-3.3.3-py3.10.egg-info/PKG-INFO\n'}
[1.635110] (mav_planning_msgs) StdoutLine: {'line': b'-- Installing: /home/aimane/humble_ws/src/VNAV_23/vnav_ws/install/mav_planning_msgs/local/lib/python3.10/dist-packages/mav_planning_msgs-3.3.3-py3.10.egg-info/dependency_links.txt\n'}
[1.635213] (mav_planning_msgs) StdoutLine: {'line': b'-- Up-to-date: /home/aimane/humble_ws/src/VNAV_23/vnav_ws/install/mav_planning_msgs/local/lib/python3.10/dist-packages/mav_planning_msgs\n'}
[1.635347] (mav_planning_msgs) StdoutLine: {'line': b'-- Up-to-date: /home/aimane/humble_ws/src/VNAV_23/vnav_ws/install/mav_planning_msgs/local/lib/python3.10/dist-packages/mav_planning_msgs/mav_planning_msgs_s__rosidl_typesupport_introspection_c.cpython-310-x86_64-linux-gnu.so\n'}
[1.635449] (mav_planning_msgs) StdoutLine: {'line': b'-- Up-to-date: /home/aimane/humble_ws/src/VNAV_23/vnav_ws/install/mav_planning_msgs/local/lib/python3.10/dist-packages/mav_planning_msgs/_mav_planning_msgs_s.ep.rosidl_typesupport_fastrtps_c.c\n'}
[1.635557] (mav_planning_msgs) StdoutLine: {'line': b'-- Up-to-date: /home/aimane/humble_ws/src/VNAV_23/vnav_ws/install/mav_planning_msgs/local/lib/python3.10/dist-packages/mav_planning_msgs/msg\n'}
[1.635695] (mav_planning_msgs) StdoutLine: {'line': b'-- Up-to-date: /home/aimane/humble_ws/src/VNAV_23/vnav_ws/install/mav_planning_msgs/local/lib/python3.10/dist-packages/mav_planning_msgs/msg/_polynomial_trajectory_s.c\n'}
[1.635817] (mav_planning_msgs) StdoutLine: {'line': b'-- Up-to-date: /home/aimane/humble_ws/src/VNAV_23/vnav_ws/install/mav_planning_msgs/local/lib/python3.10/dist-packages/mav_planning_msgs/msg/_polynomial_segment4_d_s.c\n'}
[1.635952] (mav_planning_msgs) StdoutLine: {'line': b'-- Up-to-date: /home/aimane/humble_ws/src/VNAV_23/vnav_ws/install/mav_planning_msgs/local/lib/python3.10/dist-packages/mav_planning_msgs/msg/_polygon2_d.py\n'}
[1.636068] (mav_planning_msgs) StdoutLine: {'line': b'-- Up-to-date: /home/aimane/humble_ws/src/VNAV_23/vnav_ws/install/mav_planning_msgs/local/lib/python3.10/dist-packages/mav_planning_msgs/msg/_polynomial_segment.py\n'}
[1.636196] (mav_planning_msgs) StdoutLine: {'line': b'-- Up-to-date: /home/aimane/humble_ws/src/VNAV_23/vnav_ws/install/mav_planning_msgs/local/lib/python3.10/dist-packages/mav_planning_msgs/msg/_polynomial_segment4_d.py\n'}
[1.636296] (mav_planning_msgs) StdoutLine: {'line': b'-- Up-to-date: /home/aimane/humble_ws/src/VNAV_23/vnav_ws/install/mav_planning_msgs/local/lib/python3.10/dist-packages/mav_planning_msgs/msg/_polygon_with_holes_s.c\n'}
[1.636391] (mav_planning_msgs) StdoutLine: {'line': b'-- Up-to-date: /home/aimane/humble_ws/src/VNAV_23/vnav_ws/install/mav_planning_msgs/local/lib/python3.10/dist-packages/mav_planning_msgs/msg/_polynomial_trajectory4_d.py\n'}
[1.636491] (mav_planning_msgs) StdoutLine: {'line': b'-- Up-to-date: /home/aimane/humble_ws/src/VNAV_23/vnav_ws/install/mav_planning_msgs/local/lib/python3.10/dist-packages/mav_planning_msgs/msg/__init__.py\n'}
[1.636593] (mav_planning_msgs) StdoutLine: {'line': b'-- Up-to-date: /home/aimane/humble_ws/src/VNAV_23/vnav_ws/install/mav_planning_msgs/local/lib/python3.10/dist-packages/mav_planning_msgs/msg/_polygon_with_holes_stamped_s.c\n'}
[1.636692] (mav_planning_msgs) StdoutLine: {'line': b'-- Up-to-date: /home/aimane/humble_ws/src/VNAV_23/vnav_ws/install/mav_planning_msgs/local/lib/python3.10/dist-packages/mav_planning_msgs/msg/_polynomial_trajectory.py\n'}
[1.636803] (mav_planning_msgs) StdoutLine: {'line': b'-- Up-to-date: /home/aimane/humble_ws/src/VNAV_23/vnav_ws/install/mav_planning_msgs/local/lib/python3.10/dist-packages/mav_planning_msgs/msg/_polygon_with_holes.py\n'}
[1.636910] (mav_planning_msgs) StdoutLine: {'line': b'-- Up-to-date: /home/aimane/humble_ws/src/VNAV_23/vnav_ws/install/mav_planning_msgs/local/lib/python3.10/dist-packages/mav_planning_msgs/msg/_polynomial_segment_s.c\n'}
[1.637007] (mav_planning_msgs) StdoutLine: {'line': b'-- Up-to-date: /home/aimane/humble_ws/src/VNAV_23/vnav_ws/install/mav_planning_msgs/local/lib/python3.10/dist-packages/mav_planning_msgs/msg/_point2_d.py\n'}
[1.637102] (mav_planning_msgs) StdoutLine: {'line': b'-- Up-to-date: /home/aimane/humble_ws/src/VNAV_23/vnav_ws/install/mav_planning_msgs/local/lib/python3.10/dist-packages/mav_planning_msgs/msg/_polygon_with_holes_stamped.py\n'}
[1.637195] (mav_planning_msgs) StdoutLine: {'line': b'-- Up-to-date: /home/aimane/humble_ws/src/VNAV_23/vnav_ws/install/mav_planning_msgs/local/lib/python3.10/dist-packages/mav_planning_msgs/msg/_point2_d_s.c\n'}
[1.637288] (mav_planning_msgs) StdoutLine: {'line': b'-- Up-to-date: /home/aimane/humble_ws/src/VNAV_23/vnav_ws/install/mav_planning_msgs/local/lib/python3.10/dist-packages/mav_planning_msgs/msg/_polygon2_d_s.c\n'}
[1.637406] (mav_planning_msgs) StdoutLine: {'line': b'-- Up-to-date: /home/aimane/humble_ws/src/VNAV_23/vnav_ws/install/mav_planning_msgs/local/lib/python3.10/dist-packages/mav_planning_msgs/msg/_polynomial_trajectory4_d_s.c\n'}
[1.637538] (mav_planning_msgs) StdoutLine: {'line': b'-- Up-to-date: /home/aimane/humble_ws/src/VNAV_23/vnav_ws/install/mav_planning_msgs/local/lib/python3.10/dist-packages/mav_planning_msgs/msg/_point_cloud_with_pose.py\n'}
[1.637677] (mav_planning_msgs) StdoutLine: {'line': b'-- Up-to-date: /home/aimane/humble_ws/src/VNAV_23/vnav_ws/install/mav_planning_msgs/local/lib/python3.10/dist-packages/mav_planning_msgs/msg/_point_cloud_with_pose_s.c\n'}
[1.637823] (mav_planning_msgs) StdoutLine: {'line': b'-- Up-to-date: /home/aimane/humble_ws/src/VNAV_23/vnav_ws/install/mav_planning_msgs/local/lib/python3.10/dist-packages/mav_planning_msgs/mav_planning_msgs_s__rosidl_typesupport_fastrtps_c.cpython-310-x86_64-linux-gnu.so\n'}
[1.637982] (mav_planning_msgs) StdoutLine: {'line': b'-- Up-to-date: /home/aimane/humble_ws/src/VNAV_23/vnav_ws/install/mav_planning_msgs/local/lib/python3.10/dist-packages/mav_planning_msgs/__init__.py\n'}
[1.638123] (mav_planning_msgs) StdoutLine: {'line': b'-- Up-to-date: /home/aimane/humble_ws/src/VNAV_23/vnav_ws/install/mav_planning_msgs/local/lib/python3.10/dist-packages/mav_planning_msgs/_mav_planning_msgs_s.ep.rosidl_typesupport_c.c\n'}
[1.638261] (mav_planning_msgs) StdoutLine: {'line': b'-- Up-to-date: /home/aimane/humble_ws/src/VNAV_23/vnav_ws/install/mav_planning_msgs/local/lib/python3.10/dist-packages/mav_planning_msgs/mav_planning_msgs_s__rosidl_typesupport_c.cpython-310-x86_64-linux-gnu.so\n'}
[1.638368] (mav_planning_msgs) StdoutLine: {'line': b'-- Up-to-date: /home/aimane/humble_ws/src/VNAV_23/vnav_ws/install/mav_planning_msgs/local/lib/python3.10/dist-packages/mav_planning_msgs/srv\n'}
[1.638464] (mav_planning_msgs) StdoutLine: {'line': b'-- Up-to-date: /home/aimane/humble_ws/src/VNAV_23/vnav_ws/install/mav_planning_msgs/local/lib/python3.10/dist-packages/mav_planning_msgs/srv/_change_name_service_s.c\n'}
[1.638560] (mav_planning_msgs) StdoutLine: {'line': b'-- Up-to-date: /home/aimane/humble_ws/src/VNAV_23/vnav_ws/install/mav_planning_msgs/local/lib/python3.10/dist-packages/mav_planning_msgs/srv/_planner_service.py\n'}
[1.638654] (mav_planning_msgs) StdoutLine: {'line': b'-- Up-to-date: /home/aimane/humble_ws/src/VNAV_23/vnav_ws/install/mav_planning_msgs/local/lib/python3.10/dist-packages/mav_planning_msgs/srv/_polygon_service.py\n'}
[1.638747] (mav_planning_msgs) StdoutLine: {'line': b'-- Up-to-date: /home/aimane/humble_ws/src/VNAV_23/vnav_ws/install/mav_planning_msgs/local/lib/python3.10/dist-packages/mav_planning_msgs/srv/__init__.py\n'}
[1.638859] (mav_planning_msgs) StdoutLine: {'line': b'-- Up-to-date: /home/aimane/humble_ws/src/VNAV_23/vnav_ws/install/mav_planning_msgs/local/lib/python3.10/dist-packages/mav_planning_msgs/srv/_polygon_service_s.c\n'}
[1.638959] (mav_planning_msgs) StdoutLine: {'line': b'-- Up-to-date: /home/aimane/humble_ws/src/VNAV_23/vnav_ws/install/mav_planning_msgs/local/lib/python3.10/dist-packages/mav_planning_msgs/srv/_planner_service_s.c\n'}
[1.639072] (mav_planning_msgs) StdoutLine: {'line': b'-- Up-to-date: /home/aimane/humble_ws/src/VNAV_23/vnav_ws/install/mav_planning_msgs/local/lib/python3.10/dist-packages/mav_planning_msgs/srv/_change_name_service.py\n'}
[1.639216] (mav_planning_msgs) StdoutLine: {'line': b'-- Up-to-date: /home/aimane/humble_ws/src/VNAV_23/vnav_ws/install/mav_planning_msgs/local/lib/python3.10/dist-packages/mav_planning_msgs/libmav_planning_msgs__rosidl_generator_py.so\n'}
[1.639352] (mav_planning_msgs) StdoutLine: {'line': b'-- Up-to-date: /home/aimane/humble_ws/src/VNAV_23/vnav_ws/install/mav_planning_msgs/local/lib/python3.10/dist-packages/mav_planning_msgs/_mav_planning_msgs_s.ep.rosidl_typesupport_introspection_c.c\n'}
[1.639489] (tesse) JobEnded: {'identifier': 'tesse', 'rc': 0}
[1.652889] (mav_planning_msgs) StdoutLine: {'line': b"Listing '/home/aimane/humble_ws/src/VNAV_23/vnav_ws/install/mav_planning_msgs/local/lib/python3.10/dist-packages/mav_planning_msgs'...\n"}
[1.653059] (mav_planning_msgs) StdoutLine: {'line': b"Listing '/home/aimane/humble_ws/src/VNAV_23/vnav_ws/install/mav_planning_msgs/local/lib/python3.10/dist-packages/mav_planning_msgs/msg'...\n"}
[1.653130] (mav_planning_msgs) StdoutLine: {'line': b"Listing '/home/aimane/humble_ws/src/VNAV_23/vnav_ws/install/mav_planning_msgs/local/lib/python3.10/dist-packages/mav_planning_msgs/srv'...\n"}
[1.658092] (mav_planning_msgs) StdoutLine: {'line': b'-- Up-to-date: /home/aimane/humble_ws/src/VNAV_23/vnav_ws/install/mav_planning_msgs/local/lib/python3.10/dist-packages/mav_planning_msgs/mav_planning_msgs_s__rosidl_typesupport_fastrtps_c.cpython-310-x86_64-linux-gnu.so\n'}
[1.658617] (mav_planning_msgs) StdoutLine: {'line': b'-- Up-to-date: /home/aimane/humble_ws/src/VNAV_23/vnav_ws/install/mav_planning_msgs/local/lib/python3.10/dist-packages/mav_planning_msgs/mav_planning_msgs_s__rosidl_typesupport_introspection_c.cpython-310-x86_64-linux-gnu.so\n'}
[1.659205] (mav_planning_msgs) StdoutLine: {'line': b'-- Up-to-date: /home/aimane/humble_ws/src/VNAV_23/vnav_ws/install/mav_planning_msgs/local/lib/python3.10/dist-packages/mav_planning_msgs/mav_planning_msgs_s__rosidl_typesupport_c.cpython-310-x86_64-linux-gnu.so\n'}
[1.659800] (mav_planning_msgs) StdoutLine: {'line': b'-- Up-to-date: /home/aimane/humble_ws/src/VNAV_23/vnav_ws/install/mav_planning_msgs/lib/libmav_planning_msgs__rosidl_generator_py.so\n'}
[1.660210] (mav_planning_msgs) StdoutLine: {'line': b'-- Up-to-date: /home/aimane/humble_ws/src/VNAV_23/vnav_ws/install/mav_planning_msgs/share/mav_planning_msgs/msg/Point2D.idl\n'}
[1.660406] (mav_planning_msgs) StdoutLine: {'line': b'-- Up-to-date: /home/aimane/humble_ws/src/VNAV_23/vnav_ws/install/mav_planning_msgs/share/mav_planning_msgs/msg/PointCloudWithPose.idl\n'}
[1.660606] (mav_planning_msgs) StdoutLine: {'line': b'-- Up-to-date: /home/aimane/humble_ws/src/VNAV_23/vnav_ws/install/mav_planning_msgs/share/mav_planning_msgs/msg/Polygon2D.idl\n'}
[1.660766] (mav_planning_msgs) StdoutLine: {'line': b'-- Up-to-date: /home/aimane/humble_ws/src/VNAV_23/vnav_ws/install/mav_planning_msgs/share/mav_planning_msgs/msg/PolygonWithHoles.idl\n'}
[1.660922] (mav_planning_msgs) StdoutLine: {'line': b'-- Up-to-date: /home/aimane/humble_ws/src/VNAV_23/vnav_ws/install/mav_planning_msgs/share/mav_planning_msgs/msg/PolygonWithHolesStamped.idl\n'}
[1.661097] (mav_planning_msgs) StdoutLine: {'line': b'-- Up-to-date: /home/aimane/humble_ws/src/VNAV_23/vnav_ws/install/mav_planning_msgs/share/mav_planning_msgs/msg/PolynomialSegment.idl\n'}
[1.661289] (mav_planning_msgs) StdoutLine: {'line': b'-- Up-to-date: /home/aimane/humble_ws/src/VNAV_23/vnav_ws/install/mav_planning_msgs/share/mav_planning_msgs/msg/PolynomialSegment4D.idl\n'}
[1.661421] (mav_planning_msgs) StdoutLine: {'line': b'-- Up-to-date: /home/aimane/humble_ws/src/VNAV_23/vnav_ws/install/mav_planning_msgs/share/mav_planning_msgs/msg/PolynomialTrajectory.idl\n'}
[1.661560] (mav_planning_msgs) StdoutLine: {'line': b'-- Up-to-date: /home/aimane/humble_ws/src/VNAV_23/vnav_ws/install/mav_planning_msgs/share/mav_planning_msgs/msg/PolynomialTrajectory4D.idl\n'}
[1.661735] (mav_planning_msgs) StdoutLine: {'line': b'-- Up-to-date: /home/aimane/humble_ws/src/VNAV_23/vnav_ws/install/mav_planning_msgs/share/mav_planning_msgs/srv/PlannerService.idl\n'}
[1.661932] (mav_planning_msgs) StdoutLine: {'line': b'-- Up-to-date: /home/aimane/humble_ws/src/VNAV_23/vnav_ws/install/mav_planning_msgs/share/mav_planning_msgs/srv/PolygonService.idl\n'}
[1.662068] (mav_planning_msgs) StdoutLine: {'line': b'-- Up-to-date: /home/aimane/humble_ws/src/VNAV_23/vnav_ws/install/mav_planning_msgs/share/mav_planning_msgs/srv/ChangeNameService.idl\n'}
[1.662198] (mav_planning_msgs) StdoutLine: {'line': b'-- Up-to-date: /home/aimane/humble_ws/src/VNAV_23/vnav_ws/install/mav_planning_msgs/share/mav_planning_msgs/msg/Point2D.msg\n'}
[1.662380] (mav_planning_msgs) StdoutLine: {'line': b'-- Up-to-date: /home/aimane/humble_ws/src/VNAV_23/vnav_ws/install/mav_planning_msgs/share/mav_planning_msgs/msg/PointCloudWithPose.msg\n'}
[1.662521] (mav_planning_msgs) StdoutLine: {'line': b'-- Up-to-date: /home/aimane/humble_ws/src/VNAV_23/vnav_ws/install/mav_planning_msgs/share/mav_planning_msgs/msg/Polygon2D.msg\n'}
[1.662662] (mav_planning_msgs) StdoutLine: {'line': b'-- Up-to-date: /home/aimane/humble_ws/src/VNAV_23/vnav_ws/install/mav_planning_msgs/share/mav_planning_msgs/msg/PolygonWithHoles.msg\n'}
[1.662851] (mav_planning_msgs) StdoutLine: {'line': b'-- Up-to-date: /home/aimane/humble_ws/src/VNAV_23/vnav_ws/install/mav_planning_msgs/share/mav_planning_msgs/msg/PolygonWithHolesStamped.msg\n'}
[1.663039] (mav_planning_msgs) StdoutLine: {'line': b'-- Up-to-date: /home/aimane/humble_ws/src/VNAV_23/vnav_ws/install/mav_planning_msgs/share/mav_planning_msgs/msg/PolynomialSegment.msg\n'}
[1.663179] (mav_planning_msgs) StdoutLine: {'line': b'-- Up-to-date: /home/aimane/humble_ws/src/VNAV_23/vnav_ws/install/mav_planning_msgs/share/mav_planning_msgs/msg/PolynomialSegment4D.msg\n'}
[1.663325] (mav_planning_msgs) StdoutLine: {'line': b'-- Up-to-date: /home/aimane/humble_ws/src/VNAV_23/vnav_ws/install/mav_planning_msgs/share/mav_planning_msgs/msg/PolynomialTrajectory.msg\n'}
[1.663464] (mav_planning_msgs) StdoutLine: {'line': b'-- Up-to-date: /home/aimane/humble_ws/src/VNAV_23/vnav_ws/install/mav_planning_msgs/share/mav_planning_msgs/msg/PolynomialTrajectory4D.msg\n'}
[1.663640] (mav_planning_msgs) StdoutLine: {'line': b'-- Up-to-date: /home/aimane/humble_ws/src/VNAV_23/vnav_ws/install/mav_planning_msgs/share/mav_planning_msgs/srv/PlannerService.srv\n'}
[1.663776] (mav_planning_msgs) StdoutLine: {'line': b'-- Up-to-date: /home/aimane/humble_ws/src/VNAV_23/vnav_ws/install/mav_planning_msgs/share/mav_planning_msgs/srv/PlannerService_Request.msg\n'}
[1.663986] (mav_planning_msgs) StdoutLine: {'line': b'-- Up-to-date: /home/aimane/humble_ws/src/VNAV_23/vnav_ws/install/mav_planning_msgs/share/mav_planning_msgs/srv/PlannerService_Response.msg\n'}
[1.664138] (mav_planning_msgs) StdoutLine: {'line': b'-- Up-to-date: /home/aimane/humble_ws/src/VNAV_23/vnav_ws/install/mav_planning_msgs/share/mav_planning_msgs/srv/PolygonService.srv\n'}
[1.664290] (mav_planning_msgs) StdoutLine: {'line': b'-- Up-to-date: /home/aimane/humble_ws/src/VNAV_23/vnav_ws/install/mav_planning_msgs/share/mav_planning_msgs/srv/PolygonService_Request.msg\n'}
[1.664438] (mav_planning_msgs) StdoutLine: {'line': b'-- Up-to-date: /home/aimane/humble_ws/src/VNAV_23/vnav_ws/install/mav_planning_msgs/share/mav_planning_msgs/srv/PolygonService_Response.msg\n'}
[1.664571] (mav_planning_msgs) StdoutLine: {'line': b'-- Up-to-date: /home/aimane/humble_ws/src/VNAV_23/vnav_ws/install/mav_planning_msgs/share/mav_planning_msgs/srv/ChangeNameService.srv\n'}
[1.664708] (mav_planning_msgs) StdoutLine: {'line': b'-- Up-to-date: /home/aimane/humble_ws/src/VNAV_23/vnav_ws/install/mav_planning_msgs/share/mav_planning_msgs/srv/ChangeNameService_Request.msg\n'}
[1.664930] (mav_planning_msgs) StdoutLine: {'line': b'-- Up-to-date: /home/aimane/humble_ws/src/VNAV_23/vnav_ws/install/mav_planning_msgs/share/mav_planning_msgs/srv/ChangeNameService_Response.msg\n'}
[1.665088] (mav_planning_msgs) StdoutLine: {'line': b'-- Up-to-date: /home/aimane/humble_ws/src/VNAV_23/vnav_ws/install/mav_planning_msgs/include/mav_planning_msgs\n'}
[1.665224] (mav_planning_msgs) StdoutLine: {'line': b'-- Up-to-date: /home/aimane/humble_ws/src/VNAV_23/vnav_ws/install/mav_planning_msgs/include/mav_planning_msgs/conversions.hpp\n'}
[1.665387] (mav_planning_msgs) StdoutLine: {'line': b'-- Up-to-date: /home/aimane/humble_ws/src/VNAV_23/vnav_ws/install/mav_planning_msgs/include/mav_planning_msgs/conversions_deprecated.hpp\n'}
[1.665521] (mav_planning_msgs) StdoutLine: {'line': b'-- Up-to-date: /home/aimane/humble_ws/src/VNAV_23/vnav_ws/install/mav_planning_msgs/include/mav_planning_msgs/eigen_planning_msgs.hpp\n'}
[1.665659] (mav_planning_msgs) StdoutLine: {'line': b'-- Up-to-date: /home/aimane/humble_ws/src/VNAV_23/vnav_ws/install/mav_planning_msgs/share/ament_index/resource_index/package_run_dependencies/mav_planning_msgs\n'}
[1.665813] (mav_planning_msgs) StdoutLine: {'line': b'-- Up-to-date: /home/aimane/humble_ws/src/VNAV_23/vnav_ws/install/mav_planning_msgs/share/ament_index/resource_index/parent_prefix_path/mav_planning_msgs\n'}
[1.666028] (mav_planning_msgs) StdoutLine: {'line': b'-- Up-to-date: /home/aimane/humble_ws/src/VNAV_23/vnav_ws/install/mav_planning_msgs/share/mav_planning_msgs/environment/ament_prefix_path.sh\n'}
[1.666171] (mav_planning_msgs) StdoutLine: {'line': b'-- Up-to-date: /home/aimane/humble_ws/src/VNAV_23/vnav_ws/install/mav_planning_msgs/share/mav_planning_msgs/environment/ament_prefix_path.dsv\n'}
[1.666334] (mav_planning_msgs) StdoutLine: {'line': b'-- Up-to-date: /home/aimane/humble_ws/src/VNAV_23/vnav_ws/install/mav_planning_msgs/share/mav_planning_msgs/environment/path.sh\n'}
[1.666498] (mav_planning_msgs) StdoutLine: {'line': b'-- Up-to-date: /home/aimane/humble_ws/src/VNAV_23/vnav_ws/install/mav_planning_msgs/share/mav_planning_msgs/environment/path.dsv\n'}
[1.666627] (mav_planning_msgs) StdoutLine: {'line': b'-- Up-to-date: /home/aimane/humble_ws/src/VNAV_23/vnav_ws/install/mav_planning_msgs/share/mav_planning_msgs/local_setup.bash\n'}
[1.666764] (mav_planning_msgs) StdoutLine: {'line': b'-- Up-to-date: /home/aimane/humble_ws/src/VNAV_23/vnav_ws/install/mav_planning_msgs/share/mav_planning_msgs/local_setup.sh\n'}
[1.666951] (mav_planning_msgs) StdoutLine: {'line': b'-- Up-to-date: /home/aimane/humble_ws/src/VNAV_23/vnav_ws/install/mav_planning_msgs/share/mav_planning_msgs/local_setup.zsh\n'}
[1.667079] (mav_planning_msgs) StdoutLine: {'line': b'-- Up-to-date: /home/aimane/humble_ws/src/VNAV_23/vnav_ws/install/mav_planning_msgs/share/mav_planning_msgs/local_setup.dsv\n'}
[1.667207] (mav_planning_msgs) StdoutLine: {'line': b'-- Installing: /home/aimane/humble_ws/src/VNAV_23/vnav_ws/install/mav_planning_msgs/share/mav_planning_msgs/package.dsv\n'}
[1.667336] (mav_planning_msgs) StdoutLine: {'line': b'-- Up-to-date: /home/aimane/humble_ws/src/VNAV_23/vnav_ws/install/mav_planning_msgs/share/ament_index/resource_index/packages/mav_planning_msgs\n'}
[1.667535] (mav_planning_msgs) StdoutLine: {'line': b'-- Up-to-date: /home/aimane/humble_ws/src/VNAV_23/vnav_ws/install/mav_planning_msgs/share/mav_planning_msgs/cmake/export_mav_planning_msgs__rosidl_generator_cExport.cmake\n'}
[1.667696] (mav_planning_msgs) StdoutLine: {'line': b'-- Up-to-date: /home/aimane/humble_ws/src/VNAV_23/vnav_ws/install/mav_planning_msgs/share/mav_planning_msgs/cmake/export_mav_planning_msgs__rosidl_generator_cExport-noconfig.cmake\n'}
[1.667831] (mav_planning_msgs) StdoutLine: {'line': b'-- Up-to-date: /home/aimane/humble_ws/src/VNAV_23/vnav_ws/install/mav_planning_msgs/share/mav_planning_msgs/cmake/export_mav_planning_msgs__rosidl_typesupport_fastrtps_cExport.cmake\n'}
[1.667992] (mav_planning_msgs) StdoutLine: {'line': b'-- Up-to-date: /home/aimane/humble_ws/src/VNAV_23/vnav_ws/install/mav_planning_msgs/share/mav_planning_msgs/cmake/export_mav_planning_msgs__rosidl_typesupport_fastrtps_cExport-noconfig.cmake\n'}
[1.668125] (mav_planning_msgs) StdoutLine: {'line': b'-- Up-to-date: /home/aimane/humble_ws/src/VNAV_23/vnav_ws/install/mav_planning_msgs/share/mav_planning_msgs/cmake/mav_planning_msgs__rosidl_typesupport_introspection_cExport.cmake\n'}
[1.668291] (mav_planning_msgs) StdoutLine: {'line': b'-- Up-to-date: /home/aimane/humble_ws/src/VNAV_23/vnav_ws/install/mav_planning_msgs/share/mav_planning_msgs/cmake/mav_planning_msgs__rosidl_typesupport_introspection_cExport-noconfig.cmake\n'}
[1.668437] (mav_planning_msgs) StdoutLine: {'line': b'-- Up-to-date: /home/aimane/humble_ws/src/VNAV_23/vnav_ws/install/mav_planning_msgs/share/mav_planning_msgs/cmake/mav_planning_msgs__rosidl_typesupport_cExport.cmake\n'}
[1.668574] (mav_planning_msgs) StdoutLine: {'line': b'-- Up-to-date: /home/aimane/humble_ws/src/VNAV_23/vnav_ws/install/mav_planning_msgs/share/mav_planning_msgs/cmake/mav_planning_msgs__rosidl_typesupport_cExport-noconfig.cmake\n'}
[1.668709] (mav_planning_msgs) StdoutLine: {'line': b'-- Up-to-date: /home/aimane/humble_ws/src/VNAV_23/vnav_ws/install/mav_planning_msgs/share/mav_planning_msgs/cmake/export_mav_planning_msgs__rosidl_generator_cppExport.cmake\n'}
[1.668895] (mav_planning_msgs) StdoutLine: {'line': b'-- Up-to-date: /home/aimane/humble_ws/src/VNAV_23/vnav_ws/install/mav_planning_msgs/share/mav_planning_msgs/cmake/export_mav_planning_msgs__rosidl_typesupport_fastrtps_cppExport.cmake\n'}
[1.669054] (mav_planning_msgs) StdoutLine: {'line': b'-- Up-to-date: /home/aimane/humble_ws/src/VNAV_23/vnav_ws/install/mav_planning_msgs/share/mav_planning_msgs/cmake/export_mav_planning_msgs__rosidl_typesupport_fastrtps_cppExport-noconfig.cmake\n'}
[1.669187] (mav_planning_msgs) StdoutLine: {'line': b'-- Up-to-date: /home/aimane/humble_ws/src/VNAV_23/vnav_ws/install/mav_planning_msgs/share/mav_planning_msgs/cmake/mav_planning_msgs__rosidl_typesupport_introspection_cppExport.cmake\n'}
[1.669372] (mav_planning_msgs) StdoutLine: {'line': b'-- Up-to-date: /home/aimane/humble_ws/src/VNAV_23/vnav_ws/install/mav_planning_msgs/share/mav_planning_msgs/cmake/mav_planning_msgs__rosidl_typesupport_introspection_cppExport-noconfig.cmake\n'}
[1.669508] (mav_planning_msgs) StdoutLine: {'line': b'-- Up-to-date: /home/aimane/humble_ws/src/VNAV_23/vnav_ws/install/mav_planning_msgs/share/mav_planning_msgs/cmake/mav_planning_msgs__rosidl_typesupport_cppExport.cmake\n'}
[1.669658] (mav_planning_msgs) StdoutLine: {'line': b'-- Up-to-date: /home/aimane/humble_ws/src/VNAV_23/vnav_ws/install/mav_planning_msgs/share/mav_planning_msgs/cmake/mav_planning_msgs__rosidl_typesupport_cppExport-noconfig.cmake\n'}
[1.669809] (mav_planning_msgs) StdoutLine: {'line': b'-- Up-to-date: /home/aimane/humble_ws/src/VNAV_23/vnav_ws/install/mav_planning_msgs/share/mav_planning_msgs/cmake/export_mav_planning_msgs__rosidl_generator_pyExport.cmake\n'}
[1.669978] (mav_planning_msgs) StdoutLine: {'line': b'-- Up-to-date: /home/aimane/humble_ws/src/VNAV_23/vnav_ws/install/mav_planning_msgs/share/mav_planning_msgs/cmake/export_mav_planning_msgs__rosidl_generator_pyExport-noconfig.cmake\n'}
[1.670122] (mav_planning_msgs) StdoutLine: {'line': b'-- Up-to-date: /home/aimane/humble_ws/src/VNAV_23/vnav_ws/install/mav_planning_msgs/share/mav_planning_msgs/cmake/rosidl_cmake-extras.cmake\n'}
[1.670287] (mav_planning_msgs) StdoutLine: {'line': b'-- Up-to-date: /home/aimane/humble_ws/src/VNAV_23/vnav_ws/install/mav_planning_msgs/share/mav_planning_msgs/cmake/ament_cmake_export_dependencies-extras.cmake\n'}
[1.670466] (mav_planning_msgs) StdoutLine: {'line': b'-- Up-to-date: /home/aimane/humble_ws/src/VNAV_23/vnav_ws/install/mav_planning_msgs/share/mav_planning_msgs/cmake/ament_cmake_export_include_directories-extras.cmake\n'}
[1.670623] (mav_planning_msgs) StdoutLine: {'line': b'-- Up-to-date: /home/aimane/humble_ws/src/VNAV_23/vnav_ws/install/mav_planning_msgs/share/mav_planning_msgs/cmake/ament_cmake_export_libraries-extras.cmake\n'}
[1.670761] (mav_planning_msgs) StdoutLine: {'line': b'-- Up-to-date: /home/aimane/humble_ws/src/VNAV_23/vnav_ws/install/mav_planning_msgs/share/mav_planning_msgs/cmake/ament_cmake_export_targets-extras.cmake\n'}
[1.670952] (mav_planning_msgs) StdoutLine: {'line': b'-- Up-to-date: /home/aimane/humble_ws/src/VNAV_23/vnav_ws/install/mav_planning_msgs/share/mav_planning_msgs/cmake/rosidl_cmake_export_typesupport_targets-extras.cmake\n'}
[1.671102] (mav_planning_msgs) StdoutLine: {'line': b'-- Up-to-date: /home/aimane/humble_ws/src/VNAV_23/vnav_ws/install/mav_planning_msgs/share/mav_planning_msgs/cmake/rosidl_cmake_export_typesupport_libraries-extras.cmake\n'}
[1.671279] (mav_planning_msgs) StdoutLine: {'line': b'-- Up-to-date: /home/aimane/humble_ws/src/VNAV_23/vnav_ws/install/mav_planning_msgs/share/mav_planning_msgs/cmake/mav_planning_msgsConfig.cmake\n'}
[1.671448] (mav_planning_msgs) StdoutLine: {'line': b'-- Up-to-date: /home/aimane/humble_ws/src/VNAV_23/vnav_ws/install/mav_planning_msgs/share/mav_planning_msgs/cmake/mav_planning_msgsConfig-version.cmake\n'}
[1.671583] (mav_planning_msgs) StdoutLine: {'line': b'-- Up-to-date: /home/aimane/humble_ws/src/VNAV_23/vnav_ws/install/mav_planning_msgs/share/mav_planning_msgs/package.xml\n'}
[1.674023] (mav_planning_msgs) CommandEnded: {'returncode': 0}
[1.700813] (mav_planning_msgs) JobEnded: {'identifier': 'mav_planning_msgs', 'rc': 0}
[1.702506] (mav_comm) JobStarted: {'identifier': 'mav_comm'}
[1.703715] (-) TimerEvent: {}
[1.722488] (mav_comm) JobProgress: {'identifier': 'mav_comm', 'progress': 'cmake'}
[1.723519] (mav_comm) JobProgress: {'identifier': 'mav_comm', 'progress': 'build'}
[1.724700] (mav_comm) Command: {'cmd': ['/usr/bin/cmake', '--build', '/home/aimane/humble_ws/src/VNAV_23/vnav_ws/build/mav_comm', '--', '-j8', '-l8'], 'cwd': '/home/aimane/humble_ws/src/VNAV_23/vnav_ws/build/mav_comm', 'env': OrderedDict([('HOSTNAME', 'aimane'), ('SHLVL', '1'), ('LD_LIBRARY_PATH', '/home/aimane/humble_ws/src/VNAV_23/vnav_ws/install/mav_planning_msgs/lib:/home/aimane/humble_ws/src/VNAV_23/vnav_ws/install/mav_system_msgs/lib:/home/aimane/humble_ws/src/VNAV_23/vnav_ws/install/mav_state_machine_msgs/lib:/home/aimane/humble_ws/src/VNAV_23/vnav_ws/install/mav_msgs/lib:/opt/ros/humble/opt/rviz_ogre_vendor/lib:/opt/ros/humble/lib/x86_64-linux-gnu:/opt/ros/humble/lib'), ('HOME', '/home/aimane'), ('OLDPWD', '/home/aimane/humble_ws/src/VNAV_23/vnav_ws'), ('ROS_PYTHON_VERSION', '3'), ('ROS_DISTRO', 'humble'), ('_', '/usr/bin/colcon'), ('ROS_VERSION', '2'), ('TERM', 'xterm-256color'), ('ROS_LOCALHOST_ONLY', '0'), ('PATH', '/opt/ros/humble/bin:/usr/local/sbin:/usr/local/bin:/usr/sbin:/usr/bin:/sbin:/bin'), ('DISPLAY', ':1'), ('LANG', 'C.UTF-8'), ('AMENT_PREFIX_PATH', '/home/aimane/humble_ws/src/VNAV_23/vnav_ws/install/mav_planning_msgs:/home/aimane/humble_ws/src/VNAV_23/vnav_ws/install/mav_system_msgs:/home/aimane/humble_ws/src/VNAV_23/vnav_ws/install/mav_state_machine_msgs:/home/aimane/humble_ws/src/VNAV_23/vnav_ws/install/mav_msgs:/opt/ros/humble'), ('DEBIAN_FRONTEND', 'noninteractive'), ('PWD', '/home/aimane/humble_ws/src/VNAV_23/vnav_ws/build/mav_comm'), ('LC_ALL', 'C.UTF-8'), ('PYTHONPATH', '/home/aimane/humble_ws/src/VNAV_23/vnav_ws/install/mav_planning_msgs/local/lib/python3.10/dist-packages:/home/aimane/humble_ws/src/VNAV_23/vnav_ws/install/mav_msgs/local/lib/python3.10/dist-packages:/opt/ros/humble/lib/python3.10/site-packages:/opt/ros/humble/local/lib/python3.10/dist-packages'), ('COLCON', '1'), ('CMAKE_PREFIX_PATH', '/home/aimane/humble_ws/src/VNAV_23/vnav_ws/install/mav_planning_msgs:/home/aimane/humble_ws/src/VNAV_23/vnav_ws/install/mav_system_msgs:/home/aimane/humble_ws/src/VNAV_23/vnav_ws/install/mav_state_machine_msgs:/home/aimane/humble_ws/src/VNAV_23/vnav_ws/install/mav_msgs:/opt/ros/humble')]), 'shell': False}
[1.733232] (tesse_ros_bridge) StdoutLine: {'line': b'running egg_info\n'}
[1.734126] (tesse_ros_bridge) StdoutLine: {'line': b'writing ../../../build/tesse_ros_bridge/tesse_ros_bridge.egg-info/PKG-INFO\n'}
[1.734372] (tesse_ros_bridge) StdoutLine: {'line': b'writing dependency_links to ../../../build/tesse_ros_bridge/tesse_ros_bridge.egg-info/dependency_links.txt\n'}
[1.734565] (tesse_ros_bridge) StdoutLine: {'line': b'writing entry points to ../../../build/tesse_ros_bridge/tesse_ros_bridge.egg-info/entry_points.txt\n'}
[1.734811] (tesse_ros_bridge) StdoutLine: {'line': b'writing requirements to ../../../build/tesse_ros_bridge/tesse_ros_bridge.egg-info/requires.txt\n'}
[1.734967] (tesse_ros_bridge) StdoutLine: {'line': b'writing top-level names to ../../../build/tesse_ros_bridge/tesse_ros_bridge.egg-info/top_level.txt\n'}
[1.738029] (tesse_ros_bridge) StdoutLine: {'line': b"reading manifest file '../../../build/tesse_ros_bridge/tesse_ros_bridge.egg-info/SOURCES.txt'\n"}
[1.739246] (tesse_ros_bridge) StdoutLine: {'line': b"writing manifest file '../../../build/tesse_ros_bridge/tesse_ros_bridge.egg-info/SOURCES.txt'\n"}
[1.739435] (tesse_ros_bridge) StdoutLine: {'line': b'running build\n'}
[1.739598] (tesse_ros_bridge) StdoutLine: {'line': b'running build_py\n'}
[1.740710] (tesse_ros_bridge) StdoutLine: {'line': b'running install\n'}
[1.741110] (tesse_ros_bridge) StdoutLine: {'line': b'running install_lib\n'}
[1.743255] (tesse_ros_bridge) StdoutLine: {'line': b'running install_data\n'}
[1.743712] (tesse_ros_bridge) StdoutLine: {'line': b'running install_egg_info\n'}
[1.745745] (tesse_ros_bridge) StdoutLine: {'line': b"removing '/home/aimane/humble_ws/src/VNAV_23/vnav_ws/install/tesse_ros_bridge/lib/python3.10/site-packages/tesse_ros_bridge-0.0.0-py3.10.egg-info' (and everything under it)\n"}
[1.746188] (tesse_ros_bridge) StdoutLine: {'line': b'Copying ../../../build/tesse_ros_bridge/tesse_ros_bridge.egg-info to /home/aimane/humble_ws/src/VNAV_23/vnav_ws/install/tesse_ros_bridge/lib/python3.10/site-packages/tesse_ros_bridge-0.0.0-py3.10.egg-info\n'}
[1.747515] (tesse_ros_bridge) StdoutLine: {'line': b'running install_scripts\n'}
[1.770636] (tesse_ros_bridge) StdoutLine: {'line': b'Installing key_teleop script to /home/aimane/humble_ws/src/VNAV_23/vnav_ws/install/tesse_ros_bridge/lib/tesse_ros_bridge\n'}
[1.771030] (tesse_ros_bridge) StdoutLine: {'line': b'Installing quadrotor_control_interface script to /home/aimane/humble_ws/src/VNAV_23/vnav_ws/install/tesse_ros_bridge/lib/tesse_ros_bridge\n'}
[1.771222] (tesse_ros_bridge) StdoutLine: {'line': b'Installing tesse_ros_node script to /home/aimane/humble_ws/src/VNAV_23/vnav_ws/install/tesse_ros_bridge/lib/tesse_ros_bridge\n'}
[1.771836] (tesse_ros_bridge) StdoutLine: {'line': b"writing list of installed files to '/home/aimane/humble_ws/src/VNAV_23/vnav_ws/build/tesse_ros_bridge/install.log'\n"}
[1.774524] (mav_comm) CommandEnded: {'returncode': 0}
[1.775257] (mav_comm) JobProgress: {'identifier': 'mav_comm', 'progress': 'install'}
[1.775640] (mav_comm) Command: {'cmd': ['/usr/bin/cmake', '--install', '/home/aimane/humble_ws/src/VNAV_23/vnav_ws/build/mav_comm'], 'cwd': '/home/aimane/humble_ws/src/VNAV_23/vnav_ws/build/mav_comm', 'env': OrderedDict([('HOSTNAME', 'aimane'), ('SHLVL', '1'), ('LD_LIBRARY_PATH', '/home/aimane/humble_ws/src/VNAV_23/vnav_ws/install/mav_planning_msgs/lib:/home/aimane/humble_ws/src/VNAV_23/vnav_ws/install/mav_system_msgs/lib:/home/aimane/humble_ws/src/VNAV_23/vnav_ws/install/mav_state_machine_msgs/lib:/home/aimane/humble_ws/src/VNAV_23/vnav_ws/install/mav_msgs/lib:/opt/ros/humble/opt/rviz_ogre_vendor/lib:/opt/ros/humble/lib/x86_64-linux-gnu:/opt/ros/humble/lib'), ('HOME', '/home/aimane'), ('OLDPWD', '/home/aimane/humble_ws/src/VNAV_23/vnav_ws'), ('ROS_PYTHON_VERSION', '3'), ('ROS_DISTRO', 'humble'), ('_', '/usr/bin/colcon'), ('ROS_VERSION', '2'), ('TERM', 'xterm-256color'), ('ROS_LOCALHOST_ONLY', '0'), ('PATH', '/opt/ros/humble/bin:/usr/local/sbin:/usr/local/bin:/usr/sbin:/usr/bin:/sbin:/bin'), ('DISPLAY', ':1'), ('LANG', 'C.UTF-8'), ('AMENT_PREFIX_PATH', '/home/aimane/humble_ws/src/VNAV_23/vnav_ws/install/mav_planning_msgs:/home/aimane/humble_ws/src/VNAV_23/vnav_ws/install/mav_system_msgs:/home/aimane/humble_ws/src/VNAV_23/vnav_ws/install/mav_state_machine_msgs:/home/aimane/humble_ws/src/VNAV_23/vnav_ws/install/mav_msgs:/opt/ros/humble'), ('DEBIAN_FRONTEND', 'noninteractive'), ('PWD', '/home/aimane/humble_ws/src/VNAV_23/vnav_ws/build/mav_comm'), ('LC_ALL', 'C.UTF-8'), ('PYTHONPATH', '/home/aimane/humble_ws/src/VNAV_23/vnav_ws/install/mav_planning_msgs/local/lib/python3.10/dist-packages:/home/aimane/humble_ws/src/VNAV_23/vnav_ws/install/mav_msgs/local/lib/python3.10/dist-packages:/opt/ros/humble/lib/python3.10/site-packages:/opt/ros/humble/local/lib/python3.10/dist-packages'), ('COLCON', '1'), ('CMAKE_PREFIX_PATH', '/home/aimane/humble_ws/src/VNAV_23/vnav_ws/install/mav_planning_msgs:/home/aimane/humble_ws/src/VNAV_23/vnav_ws/install/mav_system_msgs:/home/aimane/humble_ws/src/VNAV_23/vnav_ws/install/mav_state_machine_msgs:/home/aimane/humble_ws/src/VNAV_23/vnav_ws/install/mav_msgs:/opt/ros/humble')]), 'shell': False}
[1.785452] (mav_comm) StdoutLine: {'line': b'-- Install configuration: ""\n'}
[1.785838] (mav_comm) StdoutLine: {'line': b'-- Up-to-date: /home/aimane/humble_ws/src/VNAV_23/vnav_ws/install/mav_comm/share/ament_index/resource_index/package_run_dependencies/mav_comm\n'}
[1.786022] (mav_comm) StdoutLine: {'line': b'-- Up-to-date: /home/aimane/humble_ws/src/VNAV_23/vnav_ws/install/mav_comm/share/ament_index/resource_index/parent_prefix_path/mav_comm\n'}
[1.786140] (mav_comm) StdoutLine: {'line': b'-- Up-to-date: /home/aimane/humble_ws/src/VNAV_23/vnav_ws/install/mav_comm/share/mav_comm/environment/ament_prefix_path.sh\n'}
[1.786243] (mav_comm) StdoutLine: {'line': b'-- Up-to-date: /home/aimane/humble_ws/src/VNAV_23/vnav_ws/install/mav_comm/share/mav_comm/environment/ament_prefix_path.dsv\n'}
[1.786409] (mav_comm) StdoutLine: {'line': b'-- Up-to-date: /home/aimane/humble_ws/src/VNAV_23/vnav_ws/install/mav_comm/share/mav_comm/environment/path.sh\n'}
[1.786565] (mav_comm) StdoutLine: {'line': b'-- Up-to-date: /home/aimane/humble_ws/src/VNAV_23/vnav_ws/install/mav_comm/share/mav_comm/environment/path.dsv\n'}
[1.786670] (mav_comm) StdoutLine: {'line': b'-- Up-to-date: /home/aimane/humble_ws/src/VNAV_23/vnav_ws/install/mav_comm/share/mav_comm/local_setup.bash\n'}
[1.786770] (mav_comm) StdoutLine: {'line': b'-- Up-to-date: /home/aimane/humble_ws/src/VNAV_23/vnav_ws/install/mav_comm/share/mav_comm/local_setup.sh\n'}
[1.786895] (mav_comm) StdoutLine: {'line': b'-- Up-to-date: /home/aimane/humble_ws/src/VNAV_23/vnav_ws/install/mav_comm/share/mav_comm/local_setup.zsh\n'}
[1.786997] (mav_comm) StdoutLine: {'line': b'-- Up-to-date: /home/aimane/humble_ws/src/VNAV_23/vnav_ws/install/mav_comm/share/mav_comm/local_setup.dsv\n'}
[1.787126] (mav_comm) StdoutLine: {'line': b'-- Installing: /home/aimane/humble_ws/src/VNAV_23/vnav_ws/install/mav_comm/share/mav_comm/package.dsv\n'}
[1.787220] (mav_comm) StdoutLine: {'line': b'-- Up-to-date: /home/aimane/humble_ws/src/VNAV_23/vnav_ws/install/mav_comm/share/ament_index/resource_index/packages/mav_comm\n'}
[1.787315] (mav_comm) StdoutLine: {'line': b'-- Up-to-date: /home/aimane/humble_ws/src/VNAV_23/vnav_ws/install/mav_comm/share/mav_comm/cmake/mav_commConfig.cmake\n'}
[1.787409] (mav_comm) StdoutLine: {'line': b'-- Up-to-date: /home/aimane/humble_ws/src/VNAV_23/vnav_ws/install/mav_comm/share/mav_comm/cmake/mav_commConfig-version.cmake\n'}
[1.787505] (mav_comm) StdoutLine: {'line': b'-- Up-to-date: /home/aimane/humble_ws/src/VNAV_23/vnav_ws/install/mav_comm/share/mav_comm/package.xml\n'}
[1.790070] (mav_comm) CommandEnded: {'returncode': 0}
[1.803836] (-) TimerEvent: {}
[1.811783] (mav_comm) JobEnded: {'identifier': 'mav_comm', 'rc': 0}
[1.812770] (tesse_ros_bridge) CommandEnded: {'returncode': 0}
[1.819234] (tesse_ros_bridge) JobEnded: {'identifier': 'tesse_ros_bridge', 'rc': 0}
[1.903974] (-) TimerEvent: {}
[2.004247] (-) TimerEvent: {}
[2.104547] (-) TimerEvent: {}
[2.204818] (-) TimerEvent: {}
[2.305131] (-) TimerEvent: {}
[2.405428] (-) TimerEvent: {}
[2.505724] (-) TimerEvent: {}
[2.605985] (-) TimerEvent: {}
[2.706276] (-) TimerEvent: {}
[2.806549] (-) TimerEvent: {}
[2.906805] (-) TimerEvent: {}
[3.007048] (-) TimerEvent: {}
[3.107319] (-) TimerEvent: {}
[3.207600] (-) TimerEvent: {}
[3.307899] (-) TimerEvent: {}
[3.408205] (-) TimerEvent: {}
[3.508487] (-) TimerEvent: {}
[3.608769] (-) TimerEvent: {}
[3.709041] (-) TimerEvent: {}
[3.809321] (-) TimerEvent: {}
[3.909627] (-) TimerEvent: {}
[4.009889] (-) TimerEvent: {}
[4.110188] (-) TimerEvent: {}
[4.210486] (-) TimerEvent: {}
[4.310736] (-) TimerEvent: {}
[4.410998] (-) TimerEvent: {}
[4.511303] (-) TimerEvent: {}
[4.611572] (-) TimerEvent: {}
[4.711863] (-) TimerEvent: {}
[4.812164] (-) TimerEvent: {}
[4.912506] (-) TimerEvent: {}
[5.012799] (-) TimerEvent: {}
[5.113046] (-) TimerEvent: {}
[5.213365] (-) TimerEvent: {}
[5.313654] (-) TimerEvent: {}
[5.413888] (-) TimerEvent: {}
[5.514186] (-) TimerEvent: {}
[5.589848] (controller_pkg) StderrLine: {'line': b'In file included from \x1b[01m\x1b[K/usr/include/eigen3/Eigen/Core:164\x1b[m\x1b[K,\n'}
[5.590017] (controller_pkg) StderrLine: {'line': b'                 from \x1b[01m\x1b[K/usr/include/eigen3/Eigen/Dense:1\x1b[m\x1b[K,\n'}
[5.590083] (controller_pkg) StderrLine: {'line': b'                 from \x1b[01m\x1b[K/home/aimane/humble_ws/src/VNAV_23/vnav_ws/src/Lab3/controller_pkg/src/controller_node.cpp:37\x1b[m\x1b[K:\n'}
[5.590142] (controller_pkg) StderrLine: {'line': b'/usr/include/eigen3/Eigen/src/Core/GeneralProduct.h: In instantiation of \xe2\x80\x98\x1b[01m\x1b[Kconst Eigen::Product<Derived, OtherDerived> Eigen::MatrixBase<Derived>::operator*(const Eigen::MatrixBase<OtherDerived>&) const [with OtherDerived = Eigen::Matrix<double, 3, 3>; Derived = Eigen::CwiseBinaryOp<Eigen::internal::scalar_sum_op<double, double>, const Eigen::CwiseBinaryOp<Eigen::internal::scalar_sum_op<double, double>, const Eigen::CwiseBinaryOp<Eigen::internal::scalar_difference_op<double, double>, const Eigen::CwiseBinaryOp<Eigen::internal::scalar_product_op<double, double>, const Eigen::CwiseNullaryOp<Eigen::internal::scalar_constant_op<double>, const Eigen::Matrix<double, 3, 1> >, const Eigen::Matrix<double, 3, 1> >, const Eigen::CwiseBinaryOp<Eigen::internal::scalar_product_op<double, double>, const Eigen::CwiseNullaryOp<Eigen::internal::scalar_constant_op<double>, const Eigen::Matrix<double, 3, 1> >, const Eigen::Matrix<double, 3, 1> > >, const Eigen::CwiseBinaryOp<Eigen::internal::scalar_product_op<double, double>, const Eigen::CwiseNullaryOp<Eigen::internal::scalar_constant_op<double>, const Eigen::Matrix<double, 3, 1> >, const Eigen::Matrix<double, 3, 1> > >, const Eigen::CwiseBinaryOp<Eigen::internal::scalar_product_op<double, double>, const Eigen::CwiseNullaryOp<Eigen::internal::scalar_constant_op<double>, const Eigen::Matrix<double, 3, 1> >, const Eigen::Matrix<double, 3, 1> > >]\x1b[m\x1b[K\xe2\x80\x99:\n'}
[5.590216] (controller_pkg) StderrLine: {'line': b'\x1b[01m\x1b[K/home/aimane/humble_ws/src/VNAV_23/vnav_ws/src/Lab3/controller_pkg/src/controller_node.cpp:316:55:\x1b[m\x1b[K   required from here\n'}
[5.590272] (controller_pkg) StderrLine: {'line': b'\x1b[01m\x1b[K/usr/include/eigen3/Eigen/src/Core/GeneralProduct.h:419:3:\x1b[m\x1b[K \x1b[01;31m\x1b[Kerror: \x1b[m\x1b[Kstatic assertion failed: INVALID_MATRIX_PRODUCT\n'}
[5.590326] (controller_pkg) StderrLine: {'line': b'  419 |   \x1b[01;31m\x1b[KEIGEN_STATIC_ASSERT\x1b[m\x1b[K(ProductIsValid || SameSizes, INVALID_MATRIX_PRODUCT)\n'}
[5.590380] (controller_pkg) StderrLine: {'line': b'      |   \x1b[01;31m\x1b[K^~~~~~~~~~~~~~~~~~~\x1b[m\x1b[K\n'}
[5.590432] (controller_pkg) StderrLine: {'line': b'\x1b[01m\x1b[K/usr/include/eigen3/Eigen/src/Core/GeneralProduct.h:419:3:\x1b[m\x1b[K \x1b[01;36m\x1b[Knote: \x1b[m\x1b[K\xe2\x80\x98\x1b[01m\x1b[K(false || false)\x1b[m\x1b[K\xe2\x80\x99 evaluates to false\n'}
[5.614319] (-) TimerEvent: {}
[5.714639] (-) TimerEvent: {}
[5.814900] (-) TimerEvent: {}
[5.915184] (-) TimerEvent: {}
[6.015482] (-) TimerEvent: {}
[6.115812] (-) TimerEvent: {}
[6.216070] (-) TimerEvent: {}
[6.316351] (-) TimerEvent: {}
[6.416668] (-) TimerEvent: {}
[6.516939] (-) TimerEvent: {}
[6.617234] (-) TimerEvent: {}
[6.717524] (-) TimerEvent: {}
[6.725804] (controller_pkg) StderrLine: {'line': b'/usr/include/eigen3/Eigen/src/Core/AssignEvaluator.h: In instantiation of \xe2\x80\x98\x1b[01m\x1b[Kvoid Eigen::internal::call_assignment_no_alias(Dst&, const Src&, const Func&) [with Dst = Eigen::Matrix<double, 3, 1>; Src = Eigen::Matrix<double, 3, 3>; Func = Eigen::internal::assign_op<double, double>]\x1b[m\x1b[K\xe2\x80\x99:\n'}
[6.726131] (controller_pkg) StderrLine: {'line': b'\x1b[01m\x1b[K/usr/include/eigen3/Eigen/src/Core/AssignEvaluator.h:851:27:\x1b[m\x1b[K   required from \xe2\x80\x98\x1b[01m\x1b[Kvoid Eigen::internal::call_assignment(Dst&, const Src&, const Func&, typename Eigen::internal::enable_if<Eigen::internal::evaluator_assume_aliasing<Src>::value, void*>::type) [with Dst = Eigen::Matrix<double, 3, 1>; Src = Eigen::Product<Eigen::CwiseBinaryOp<Eigen::internal::scalar_sum_op<double, double>, const Eigen::CwiseBinaryOp<Eigen::internal::scalar_sum_op<double, double>, const Eigen::CwiseBinaryOp<Eigen::internal::scalar_difference_op<double, double>, const Eigen::CwiseBinaryOp<Eigen::internal::scalar_product_op<double, double>, const Eigen::CwiseNullaryOp<Eigen::internal::scalar_constant_op<double>, const Eigen::Matrix<double, 3, 1> >, const Eigen::Matrix<double, 3, 1> >, const Eigen::CwiseBinaryOp<Eigen::internal::scalar_product_op<double, double>, const Eigen::CwiseNullaryOp<Eigen::internal::scalar_constant_op<double>, const Eigen::Matrix<double, 3, 1> >, const Eigen::Matrix<double, 3, 1> > >, const Eigen::CwiseBinaryOp<Eigen::internal::scalar_product_op<double, double>, const Eigen::CwiseNullaryOp<Eigen::internal::scalar_constant_op<double>, const Eigen::Matrix<double, 3, 1> >, const Eigen::Matrix<double, 3, 1> > >, const Eigen::CwiseBinaryOp<Eigen::internal::scalar_product_op<double, double>, const Eigen::CwiseNullaryOp<Eigen::internal::scalar_constant_op<double>, const Eigen::Matrix<double, 3, 1> >, const Eigen::Matrix<double, 3, 1> > >, Eigen::Matrix<double, 3, 3>, 0>; Func = Eigen::internal::assign_op<double, double>; typename Eigen::internal::enable_if<Eigen::internal::evaluator_assume_aliasing<Src>::value, void*>::type = void*; typename Eigen::internal::evaluator_traits<SrcXprType>::Shape = Eigen::DenseShape]\x1b[m\x1b[K\xe2\x80\x99\n'}
[6.726303] (controller_pkg) StderrLine: {'line': b'\x1b[01m\x1b[K/usr/include/eigen3/Eigen/src/Core/AssignEvaluator.h:836:18:\x1b[m\x1b[K   required from \xe2\x80\x98\x1b[01m\x1b[Kvoid Eigen::internal::call_assignment(Dst&, const Src&) [with Dst = Eigen::Matrix<double, 3, 1>; Src = Eigen::Product<Eigen::CwiseBinaryOp<Eigen::internal::scalar_sum_op<double, double>, const Eigen::CwiseBinaryOp<Eigen::internal::scalar_sum_op<double, double>, const Eigen::CwiseBinaryOp<Eigen::internal::scalar_difference_op<double, double>, const Eigen::CwiseBinaryOp<Eigen::internal::scalar_product_op<double, double>, const Eigen::CwiseNullaryOp<Eigen::internal::scalar_constant_op<double>, const Eigen::Matrix<double, 3, 1> >, const Eigen::Matrix<double, 3, 1> >, const Eigen::CwiseBinaryOp<Eigen::internal::scalar_product_op<double, double>, const Eigen::CwiseNullaryOp<Eigen::internal::scalar_constant_op<double>, const Eigen::Matrix<double, 3, 1> >, const Eigen::Matrix<double, 3, 1> > >, const Eigen::CwiseBinaryOp<Eigen::internal::scalar_product_op<double, double>, const Eigen::CwiseNullaryOp<Eigen::internal::scalar_constant_op<double>, const Eigen::Matrix<double, 3, 1> >, const Eigen::Matrix<double, 3, 1> > >, const Eigen::CwiseBinaryOp<Eigen::internal::scalar_product_op<double, double>, const Eigen::CwiseNullaryOp<Eigen::internal::scalar_constant_op<double>, const Eigen::Matrix<double, 3, 1> >, const Eigen::Matrix<double, 3, 1> > >, Eigen::Matrix<double, 3, 3>, 0>]\x1b[m\x1b[K\xe2\x80\x99\n'}
[6.726434] (controller_pkg) StderrLine: {'line': b'\x1b[01m\x1b[K/usr/include/eigen3/Eigen/src/Core/PlainObjectBase.h:779:32:\x1b[m\x1b[K   required from \xe2\x80\x98\x1b[01m\x1b[KDerived& Eigen::PlainObjectBase<Derived>::_set(const Eigen::DenseBase<OtherDerived>&) [with OtherDerived = Eigen::Product<Eigen::CwiseBinaryOp<Eigen::internal::scalar_sum_op<double, double>, const Eigen::CwiseBinaryOp<Eigen::internal::scalar_sum_op<double, double>, const Eigen::CwiseBinaryOp<Eigen::internal::scalar_difference_op<double, double>, const Eigen::CwiseBinaryOp<Eigen::internal::scalar_product_op<double, double>, const Eigen::CwiseNullaryOp<Eigen::internal::scalar_constant_op<double>, const Eigen::Matrix<double, 3, 1> >, const Eigen::Matrix<double, 3, 1> >, const Eigen::CwiseBinaryOp<Eigen::internal::scalar_product_op<double, double>, const Eigen::CwiseNullaryOp<Eigen::internal::scalar_constant_op<double>, const Eigen::Matrix<double, 3, 1> >, const Eigen::Matrix<double, 3, 1> > >, const Eigen::CwiseBinaryOp<Eigen::internal::scalar_product_op<double, double>, const Eigen::CwiseNullaryOp<Eigen::internal::scalar_constant_op<double>, const Eigen::Matrix<double, 3, 1> >, const Eigen::Matrix<double, 3, 1> > >, const Eigen::CwiseBinaryOp<Eigen::internal::scalar_product_op<double, double>, const Eigen::CwiseNullaryOp<Eigen::internal::scalar_constant_op<double>, const Eigen::Matrix<double, 3, 1> >, const Eigen::Matrix<double, 3, 1> > >, Eigen::Matrix<double, 3, 3>, 0>; Derived = Eigen::Matrix<double, 3, 1>]\x1b[m\x1b[K\xe2\x80\x99\n'}
[6.726545] (controller_pkg) StderrLine: {'line': b'\x1b[01m\x1b[K/usr/include/eigen3/Eigen/src/Core/Matrix.h:225:24:\x1b[m\x1b[K   required from \xe2\x80\x98\x1b[01m\x1b[KEigen::Matrix<_Scalar, _Rows, _Cols, _Options, _MaxRows, _MaxCols>& Eigen::Matrix<_Scalar, _Rows, _Cols, _Options, _MaxRows, _MaxCols>::operator=(const Eigen::DenseBase<OtherDerived>&) [with OtherDerived = Eigen::Product<Eigen::CwiseBinaryOp<Eigen::internal::scalar_sum_op<double, double>, const Eigen::CwiseBinaryOp<Eigen::internal::scalar_sum_op<double, double>, const Eigen::CwiseBinaryOp<Eigen::internal::scalar_difference_op<double, double>, const Eigen::CwiseBinaryOp<Eigen::internal::scalar_product_op<double, double>, const Eigen::CwiseNullaryOp<Eigen::internal::scalar_constant_op<double>, const Eigen::Matrix<double, 3, 1> >, const Eigen::Matrix<double, 3, 1> >, const Eigen::CwiseBinaryOp<Eigen::internal::scalar_product_op<double, double>, const Eigen::CwiseNullaryOp<Eigen::internal::scalar_constant_op<double>, const Eigen::Matrix<double, 3, 1> >, const Eigen::Matrix<double, 3, 1> > >, const Eigen::CwiseBinaryOp<Eigen::internal::scalar_product_op<double, double>, const Eigen::CwiseNullaryOp<Eigen::internal::scalar_constant_op<double>, const Eigen::Matrix<double, 3, 1> >, const Eigen::Matrix<double, 3, 1> > >, const Eigen::CwiseBinaryOp<Eigen::internal::scalar_product_op<double, double>, const Eigen::CwiseNullaryOp<Eigen::internal::scalar_constant_op<double>, const Eigen::Matrix<double, 3, 1> >, const Eigen::Matrix<double, 3, 1> > >, Eigen::Matrix<double, 3, 3>, 0>; _Scalar = double; int _Rows = 3; int _Cols = 1; int _Options = 0; int _MaxRows = 3; int _MaxCols = 1]\x1b[m\x1b[K\xe2\x80\x99\n'}
[6.726683] (controller_pkg) StderrLine: {'line': b'\x1b[01m\x1b[K/home/aimane/humble_ws/src/VNAV_23/vnav_ws/src/Lab3/controller_pkg/src/controller_node.cpp:316:55:\x1b[m\x1b[K   required from here\n'}
[6.726781] (controller_pkg) StderrLine: {'line': b'\x1b[01m\x1b[K/usr/include/eigen3/Eigen/src/Core/AssignEvaluator.h:887:3:\x1b[m\x1b[K \x1b[01;31m\x1b[Kerror: \x1b[m\x1b[Kstatic assertion failed: YOU_MIXED_MATRICES_OF_DIFFERENT_SIZES\n'}
[6.726915] (controller_pkg) StderrLine: {'line': b'  887 |   \x1b[01;31m\x1b[KEIGEN_STATIC_ASSERT_SAME_MATRIX_SIZE\x1b[m\x1b[K(ActualDstTypeCleaned,Src)\n'}
[6.727013] (controller_pkg) StderrLine: {'line': b'      |   \x1b[01;31m\x1b[K^~~~~~~~~~~~~~~~~~~~~~~~~~~~~~~~~~~~\x1b[m\x1b[K\n'}
[6.727111] (controller_pkg) StderrLine: {'line': b'\x1b[01m\x1b[K/usr/include/eigen3/Eigen/src/Core/AssignEvaluator.h:887:3:\x1b[m\x1b[K \x1b[01;36m\x1b[Knote: \x1b[m\x1b[K\xe2\x80\x98\x1b[01m\x1b[K(((((int)Eigen::internal::size_of_xpr_at_compile_time<Eigen::Matrix<double, 3, 1> >::ret) == 0) && (((int)Eigen::internal::size_of_xpr_at_compile_time<Eigen::Matrix<double, 3, 3> >::ret) == 0)) || ((((((int)Eigen::Matrix<double, 3, 1>::RowsAtCompileTime) == ((int)Eigen::Dynamic)) || (((int)Eigen::Matrix<double, 3, 3>::RowsAtCompileTime) == ((int)Eigen::Dynamic))) || (((int)Eigen::Matrix<double, 3, 1>::RowsAtCompileTime) == ((int)Eigen::Matrix<double, 3, 3>::RowsAtCompileTime))) && (((((int)Eigen::Matrix<double, 3, 1>::ColsAtCompileTime) == ((int)Eigen::Dynamic)) || (((int)Eigen::Matrix<double, 3, 3>::ColsAtCompileTime) == ((int)Eigen::Dynamic))) || (((int)Eigen::Matrix<double, 3, 1>::ColsAtCompileTime) == ((int)Eigen::Matrix<double, 3, 3>::ColsAtCompileTime)))))\x1b[m\x1b[K\xe2\x80\x99 evaluates to false\n'}
[6.817652] (-) TimerEvent: {}
[6.917970] (-) TimerEvent: {}
[7.018264] (-) TimerEvent: {}
[7.118567] (-) TimerEvent: {}
[7.218869] (-) TimerEvent: {}
[7.319155] (-) TimerEvent: {}
[7.419435] (-) TimerEvent: {}
[7.457982] (controller_pkg) StderrLine: {'line': b'/usr/include/eigen3/Eigen/src/Core/GeneralProduct.h: In instantiation of \xe2\x80\x98\x1b[01m\x1b[Kconst Eigen::Product<Derived, OtherDerived, 1> Eigen::MatrixBase<Derived>::lazyProduct(const Eigen::MatrixBase<OtherDerived>&) const [with OtherDerived = Eigen::Matrix<double, 3, 3>; Derived = Eigen::CwiseBinaryOp<Eigen::internal::scalar_sum_op<double, double>, const Eigen::CwiseBinaryOp<Eigen::internal::scalar_sum_op<double, double>, const Eigen::CwiseBinaryOp<Eigen::internal::scalar_difference_op<double, double>, const Eigen::CwiseBinaryOp<Eigen::internal::scalar_product_op<double, double>, const Eigen::CwiseNullaryOp<Eigen::internal::scalar_constant_op<double>, const Eigen::Matrix<double, 3, 1> >, const Eigen::Matrix<double, 3, 1> >, const Eigen::CwiseBinaryOp<Eigen::internal::scalar_product_op<double, double>, const Eigen::CwiseNullaryOp<Eigen::internal::scalar_constant_op<double>, const Eigen::Matrix<double, 3, 1> >, const Eigen::Matrix<double, 3, 1> > >, const Eigen::CwiseBinaryOp<Eigen::internal::scalar_product_op<double, double>, const Eigen::CwiseNullaryOp<Eigen::internal::scalar_constant_op<double>, const Eigen::Matrix<double, 3, 1> >, const Eigen::Matrix<double, 3, 1> > >, const Eigen::CwiseBinaryOp<Eigen::internal::scalar_product_op<double, double>, const Eigen::CwiseNullaryOp<Eigen::internal::scalar_constant_op<double>, const Eigen::Matrix<double, 3, 1> >, const Eigen::Matrix<double, 3, 1> > >]\x1b[m\x1b[K\xe2\x80\x99:\n'}
[7.458242] (controller_pkg) StderrLine: {'line': b'\x1b[01m\x1b[K/usr/include/eigen3/Eigen/src/Core/ProductEvaluators.h:402:50:\x1b[m\x1b[K   required from \xe2\x80\x98\x1b[01m\x1b[Kstatic void Eigen::internal::generic_product_impl<Lhs, Rhs, Eigen::DenseShape, Eigen::DenseShape, 3>::evalTo(Dst&, const Lhs&, const Rhs&) [with Dst = Eigen::Matrix<double, 3, 3>; Lhs = Eigen::CwiseBinaryOp<Eigen::internal::scalar_sum_op<double, double>, const Eigen::CwiseBinaryOp<Eigen::internal::scalar_sum_op<double, double>, const Eigen::CwiseBinaryOp<Eigen::internal::scalar_difference_op<double, double>, const Eigen::CwiseBinaryOp<Eigen::internal::scalar_product_op<double, double>, const Eigen::CwiseNullaryOp<Eigen::internal::scalar_constant_op<double>, const Eigen::Matrix<double, 3, 1> >, const Eigen::Matrix<double, 3, 1> >, const Eigen::CwiseBinaryOp<Eigen::internal::scalar_product_op<double, double>, const Eigen::CwiseNullaryOp<Eigen::internal::scalar_constant_op<double>, const Eigen::Matrix<double, 3, 1> >, const Eigen::Matrix<double, 3, 1> > >, const Eigen::CwiseBinaryOp<Eigen::internal::scalar_product_op<double, double>, const Eigen::CwiseNullaryOp<Eigen::internal::scalar_constant_op<double>, const Eigen::Matrix<double, 3, 1> >, const Eigen::Matrix<double, 3, 1> > >, const Eigen::CwiseBinaryOp<Eigen::internal::scalar_product_op<double, double>, const Eigen::CwiseNullaryOp<Eigen::internal::scalar_constant_op<double>, const Eigen::Matrix<double, 3, 1> >, const Eigen::Matrix<double, 3, 1> > >; Rhs = Eigen::Matrix<double, 3, 3>]\x1b[m\x1b[K\xe2\x80\x99\n'}
[7.458439] (controller_pkg) StderrLine: {'line': b'\x1b[01m\x1b[K/usr/include/eigen3/Eigen/src/Core/ProductEvaluators.h:148:43:\x1b[m\x1b[K   required from \xe2\x80\x98\x1b[01m\x1b[Kstatic void Eigen::internal::Assignment<DstXprType, Eigen::Product<Lhs, Rhs, Options>, Eigen::internal::assign_op<Scalar, Scalar>, Eigen::internal::Dense2Dense, typename Eigen::internal::enable_if<((Options == Eigen::DefaultProduct) || (Options == Eigen::AliasFreeProduct))>::type>::run(DstXprType&, const SrcXprType&, const Eigen::internal::assign_op<Scalar, Scalar>&) [with DstXprType = Eigen::Matrix<double, 3, 3>; Lhs = Eigen::CwiseBinaryOp<Eigen::internal::scalar_sum_op<double, double>, const Eigen::CwiseBinaryOp<Eigen::internal::scalar_sum_op<double, double>, const Eigen::CwiseBinaryOp<Eigen::internal::scalar_difference_op<double, double>, const Eigen::CwiseBinaryOp<Eigen::internal::scalar_product_op<double, double>, const Eigen::CwiseNullaryOp<Eigen::internal::scalar_constant_op<double>, const Eigen::Matrix<double, 3, 1> >, const Eigen::Matrix<double, 3, 1> >, const Eigen::CwiseBinaryOp<Eigen::internal::scalar_product_op<double, double>, const Eigen::CwiseNullaryOp<Eigen::internal::scalar_constant_op<double>, const Eigen::Matrix<double, 3, 1> >, const Eigen::Matrix<double, 3, 1> > >, const Eigen::CwiseBinaryOp<Eigen::internal::scalar_product_op<double, double>, const Eigen::CwiseNullaryOp<Eigen::internal::scalar_constant_op<double>, const Eigen::Matrix<double, 3, 1> >, const Eigen::Matrix<double, 3, 1> > >, const Eigen::CwiseBinaryOp<Eigen::internal::scalar_product_op<double, double>, const Eigen::CwiseNullaryOp<Eigen::internal::scalar_constant_op<double>, const Eigen::Matrix<double, 3, 1> >, const Eigen::Matrix<double, 3, 1> > >; Rhs = Eigen::Matrix<double, 3, 3>; int Options = 0; Scalar = double; Eigen::internal::Assignment<DstXprType, Eigen::Product<Lhs, Rhs, Options>, Eigen::internal::assign_op<Scalar, Scalar>, Eigen::internal::Dense2Dense, typename Eigen::internal::enable_if<((Options == Eigen::DefaultProduct) || (Options == Eigen::AliasFreeProduct))>::type>::SrcXprType = Eigen::Product<Eigen::CwiseBinaryOp<Eigen::internal::scalar_sum_op<double, double>, const Eigen::CwiseBinaryOp<Eigen::internal::scalar_sum_op<double, double>, const Eigen::CwiseBinaryOp<Eigen::internal::scalar_difference_op<double, double>, const Eigen::CwiseBinaryOp<Eigen::internal::scalar_product_op<double, double>, const Eigen::CwiseNullaryOp<Eigen::internal::scalar_constant_op<double>, const Eigen::Matrix<double, 3, 1> >, const Eigen::Matrix<double, 3, 1> >, const Eigen::CwiseBinaryOp<Eigen::internal::scalar_product_op<double, double>, const Eigen::CwiseNullaryOp<Eigen::internal::scalar_constant_op<double>, const Eigen::Matrix<double, 3, 1> >, const Eigen::Matrix<double, 3, 1> > >, const Eigen::CwiseBinaryOp<Eigen::internal::scalar_product_op<double, double>, const Eigen::CwiseNullaryOp<Eigen::internal::scalar_constant_op<double>, const Eigen::Matrix<double, 3, 1> >, const Eigen::Matrix<double, 3, 1> > >, const Eigen::CwiseBinaryOp<Eigen::internal::scalar_product_op<double, double>, const Eigen::CwiseNullaryOp<Eigen::internal::scalar_constant_op<double>, const Eigen::Matrix<double, 3, 1> >, const Eigen::Matrix<double, 3, 1> > >, Eigen::Matrix<double, 3, 3>, 0>]\x1b[m\x1b[K\xe2\x80\x99\n'}
[7.458623] (controller_pkg) StderrLine: {'line': b'\x1b[01m\x1b[K/usr/include/eigen3/Eigen/src/Core/AssignEvaluator.h:890:49:\x1b[m\x1b[K   required from \xe2\x80\x98\x1b[01m\x1b[Kvoid Eigen::internal::call_assignment_no_alias(Dst&, const Src&, const Func&) [with Dst = Eigen::Matrix<double, 3, 3>; Src = Eigen::Product<Eigen::CwiseBinaryOp<Eigen::internal::scalar_sum_op<double, double>, const Eigen::CwiseBinaryOp<Eigen::internal::scalar_sum_op<double, double>, const Eigen::CwiseBinaryOp<Eigen::internal::scalar_difference_op<double, double>, const Eigen::CwiseBinaryOp<Eigen::internal::scalar_product_op<double, double>, const Eigen::CwiseNullaryOp<Eigen::internal::scalar_constant_op<double>, const Eigen::Matrix<double, 3, 1> >, const Eigen::Matrix<double, 3, 1> >, const Eigen::CwiseBinaryOp<Eigen::internal::scalar_product_op<double, double>, const Eigen::CwiseNullaryOp<Eigen::internal::scalar_constant_op<double>, const Eigen::Matrix<double, 3, 1> >, const Eigen::Matrix<double, 3, 1> > >, const Eigen::CwiseBinaryOp<Eigen::internal::scalar_product_op<double, double>, const Eigen::CwiseNullaryOp<Eigen::internal::scalar_constant_op<double>, const Eigen::Matrix<double, 3, 1> >, const Eigen::Matrix<double, 3, 1> > >, const Eigen::CwiseBinaryOp<Eigen::internal::scalar_product_op<double, double>, const Eigen::CwiseNullaryOp<Eigen::internal::scalar_constant_op<double>, const Eigen::Matrix<double, 3, 1> >, const Eigen::Matrix<double, 3, 1> > >, Eigen::Matrix<double, 3, 3>, 0>; Func = Eigen::internal::assign_op<double, double>]\x1b[m\x1b[K\xe2\x80\x99\n'}
[7.458734] (controller_pkg) StderrLine: {'line': b'\x1b[01m\x1b[K/usr/include/eigen3/Eigen/src/Core/PlainObjectBase.h:797:41:\x1b[m\x1b[K   required from \xe2\x80\x98\x1b[01m\x1b[KDerived& Eigen::PlainObjectBase<Derived>::_set_noalias(const Eigen::DenseBase<OtherDerived>&) [with OtherDerived = Eigen::Product<Eigen::CwiseBinaryOp<Eigen::internal::scalar_sum_op<double, double>, const Eigen::CwiseBinaryOp<Eigen::internal::scalar_sum_op<double, double>, const Eigen::CwiseBinaryOp<Eigen::internal::scalar_difference_op<double, double>, const Eigen::CwiseBinaryOp<Eigen::internal::scalar_product_op<double, double>, const Eigen::CwiseNullaryOp<Eigen::internal::scalar_constant_op<double>, const Eigen::Matrix<double, 3, 1> >, const Eigen::Matrix<double, 3, 1> >, const Eigen::CwiseBinaryOp<Eigen::internal::scalar_product_op<double, double>, const Eigen::CwiseNullaryOp<Eigen::internal::scalar_constant_op<double>, const Eigen::Matrix<double, 3, 1> >, const Eigen::Matrix<double, 3, 1> > >, const Eigen::CwiseBinaryOp<Eigen::internal::scalar_product_op<double, double>, const Eigen::CwiseNullaryOp<Eigen::internal::scalar_constant_op<double>, const Eigen::Matrix<double, 3, 1> >, const Eigen::Matrix<double, 3, 1> > >, const Eigen::CwiseBinaryOp<Eigen::internal::scalar_product_op<double, double>, const Eigen::CwiseNullaryOp<Eigen::internal::scalar_constant_op<double>, const Eigen::Matrix<double, 3, 1> >, const Eigen::Matrix<double, 3, 1> > >, Eigen::Matrix<double, 3, 3>, 0>; Derived = Eigen::Matrix<double, 3, 3>]\x1b[m\x1b[K\xe2\x80\x99\n'}
[7.458859] (controller_pkg) StderrLine: {'line': b'\x1b[01m\x1b[K/usr/include/eigen3/Eigen/src/Core/PlainObjectBase.h:883:25:\x1b[m\x1b[K   required from \xe2\x80\x98\x1b[01m\x1b[Kvoid Eigen::PlainObjectBase<Derived>::_init1(const Eigen::DenseBase<ElseDerived>&) [with T = Eigen::Product<Eigen::CwiseBinaryOp<Eigen::internal::scalar_sum_op<double, double>, const Eigen::CwiseBinaryOp<Eigen::internal::scalar_sum_op<double, double>, const Eigen::CwiseBinaryOp<Eigen::internal::scalar_difference_op<double, double>, const Eigen::CwiseBinaryOp<Eigen::internal::scalar_product_op<double, double>, const Eigen::CwiseNullaryOp<Eigen::internal::scalar_constant_op<double>, const Eigen::Matrix<double, 3, 1> >, const Eigen::Matrix<double, 3, 1> >, const Eigen::CwiseBinaryOp<Eigen::internal::scalar_product_op<double, double>, const Eigen::CwiseNullaryOp<Eigen::internal::scalar_constant_op<double>, const Eigen::Matrix<double, 3, 1> >, const Eigen::Matrix<double, 3, 1> > >, const Eigen::CwiseBinaryOp<Eigen::internal::scalar_product_op<double, double>, const Eigen::CwiseNullaryOp<Eigen::internal::scalar_constant_op<double>, const Eigen::Matrix<double, 3, 1> >, const Eigen::Matrix<double, 3, 1> > >, const Eigen::CwiseBinaryOp<Eigen::internal::scalar_product_op<double, double>, const Eigen::CwiseNullaryOp<Eigen::internal::scalar_constant_op<double>, const Eigen::Matrix<double, 3, 1> >, const Eigen::Matrix<double, 3, 1> > >, Eigen::Matrix<double, 3, 3>, 0>; OtherDerived = Eigen::Product<Eigen::CwiseBinaryOp<Eigen::internal::scalar_sum_op<double, double>, const Eigen::CwiseBinaryOp<Eigen::internal::scalar_sum_op<double, double>, const Eigen::CwiseBinaryOp<Eigen::internal::scalar_difference_op<double, double>, const Eigen::CwiseBinaryOp<Eigen::internal::scalar_product_op<double, double>, const Eigen::CwiseNullaryOp<Eigen::internal::scalar_constant_op<double>, const Eigen::Matrix<double, 3, 1> >, const Eigen::Matrix<double, 3, 1> >, const Eigen::CwiseBinaryOp<Eigen::internal::scalar_product_op<double, double>, const Eigen::CwiseNullaryOp<Eigen::internal::scalar_constant_op<double>, const Eigen::Matrix<double, 3, 1> >, const Eigen::Matrix<double, 3, 1> > >, const Eigen::CwiseBinaryOp<Eigen::internal::scalar_product_op<double, double>, const Eigen::CwiseNullaryOp<Eigen::internal::scalar_constant_op<double>, const Eigen::Matrix<double, 3, 1> >, const Eigen::Matrix<double, 3, 1> > >, const Eigen::CwiseBinaryOp<Eigen::internal::scalar_product_op<double, double>, const Eigen::CwiseNullaryOp<Eigen::internal::scalar_constant_op<double>, const Eigen::Matrix<double, 3, 1> >, const Eigen::Matrix<double, 3, 1> > >, Eigen::Matrix<double, 3, 3>, 0>; Derived = Eigen::Matrix<double, 3, 3>]\x1b[m\x1b[K\xe2\x80\x99\n'}
[7.458986] (controller_pkg) StderrLine: {'line': b'\x1b[01m\x1b[K/usr/include/eigen3/Eigen/src/Core/Matrix.h:332:31:\x1b[m\x1b[K   required from \xe2\x80\x98\x1b[01m\x1b[KEigen::Matrix<_Scalar, _Rows, _Cols, _Options, _MaxRows, _MaxCols>::Matrix(const T&) [with T = Eigen::Product<Eigen::CwiseBinaryOp<Eigen::internal::scalar_sum_op<double, double>, const Eigen::CwiseBinaryOp<Eigen::internal::scalar_sum_op<double, double>, const Eigen::CwiseBinaryOp<Eigen::internal::scalar_difference_op<double, double>, const Eigen::CwiseBinaryOp<Eigen::internal::scalar_product_op<double, double>, const Eigen::CwiseNullaryOp<Eigen::internal::scalar_constant_op<double>, const Eigen::Matrix<double, 3, 1> >, const Eigen::Matrix<double, 3, 1> >, const Eigen::CwiseBinaryOp<Eigen::internal::scalar_product_op<double, double>, const Eigen::CwiseNullaryOp<Eigen::internal::scalar_constant_op<double>, const Eigen::Matrix<double, 3, 1> >, const Eigen::Matrix<double, 3, 1> > >, const Eigen::CwiseBinaryOp<Eigen::internal::scalar_product_op<double, double>, const Eigen::CwiseNullaryOp<Eigen::internal::scalar_constant_op<double>, const Eigen::Matrix<double, 3, 1> >, const Eigen::Matrix<double, 3, 1> > >, const Eigen::CwiseBinaryOp<Eigen::internal::scalar_product_op<double, double>, const Eigen::CwiseNullaryOp<Eigen::internal::scalar_constant_op<double>, const Eigen::Matrix<double, 3, 1> >, const Eigen::Matrix<double, 3, 1> > >, Eigen::Matrix<double, 3, 3>, 0>; _Scalar = double; int _Rows = 3; int _Cols = 3; int _Options = 0; int _MaxRows = 3; int _MaxCols = 3]\x1b[m\x1b[K\xe2\x80\x99\n'}
[7.459090] (controller_pkg) StderrLine: {'line': b'\x1b[01m\x1b[K/usr/include/eigen3/Eigen/src/Core/AssignEvaluator.h:850:41:\x1b[m\x1b[K   required from \xe2\x80\x98\x1b[01m\x1b[Kvoid Eigen::internal::call_assignment(Dst&, const Src&, const Func&, typename Eigen::internal::enable_if<Eigen::internal::evaluator_assume_aliasing<Src>::value, void*>::type) [with Dst = Eigen::Matrix<double, 3, 1>; Src = Eigen::Product<Eigen::CwiseBinaryOp<Eigen::internal::scalar_sum_op<double, double>, const Eigen::CwiseBinaryOp<Eigen::internal::scalar_sum_op<double, double>, const Eigen::CwiseBinaryOp<Eigen::internal::scalar_difference_op<double, double>, const Eigen::CwiseBinaryOp<Eigen::internal::scalar_product_op<double, double>, const Eigen::CwiseNullaryOp<Eigen::internal::scalar_constant_op<double>, const Eigen::Matrix<double, 3, 1> >, const Eigen::Matrix<double, 3, 1> >, const Eigen::CwiseBinaryOp<Eigen::internal::scalar_product_op<double, double>, const Eigen::CwiseNullaryOp<Eigen::internal::scalar_constant_op<double>, const Eigen::Matrix<double, 3, 1> >, const Eigen::Matrix<double, 3, 1> > >, const Eigen::CwiseBinaryOp<Eigen::internal::scalar_product_op<double, double>, const Eigen::CwiseNullaryOp<Eigen::internal::scalar_constant_op<double>, const Eigen::Matrix<double, 3, 1> >, const Eigen::Matrix<double, 3, 1> > >, const Eigen::CwiseBinaryOp<Eigen::internal::scalar_product_op<double, double>, const Eigen::CwiseNullaryOp<Eigen::internal::scalar_constant_op<double>, const Eigen::Matrix<double, 3, 1> >, const Eigen::Matrix<double, 3, 1> > >, Eigen::Matrix<double, 3, 3>, 0>; Func = Eigen::internal::assign_op<double, double>; typename Eigen::internal::enable_if<Eigen::internal::evaluator_assume_aliasing<Src>::value, void*>::type = void*; typename Eigen::internal::evaluator_traits<SrcXprType>::Shape = Eigen::DenseShape]\x1b[m\x1b[K\xe2\x80\x99\n'}
[7.459208] (controller_pkg) StderrLine: {'line': b'\x1b[01m\x1b[K/usr/include/eigen3/Eigen/src/Core/AssignEvaluator.h:836:18:\x1b[m\x1b[K   required from \xe2\x80\x98\x1b[01m\x1b[Kvoid Eigen::internal::call_assignment(Dst&, const Src&) [with Dst = Eigen::Matrix<double, 3, 1>; Src = Eigen::Product<Eigen::CwiseBinaryOp<Eigen::internal::scalar_sum_op<double, double>, const Eigen::CwiseBinaryOp<Eigen::internal::scalar_sum_op<double, double>, const Eigen::CwiseBinaryOp<Eigen::internal::scalar_difference_op<double, double>, const Eigen::CwiseBinaryOp<Eigen::internal::scalar_product_op<double, double>, const Eigen::CwiseNullaryOp<Eigen::internal::scalar_constant_op<double>, const Eigen::Matrix<double, 3, 1> >, const Eigen::Matrix<double, 3, 1> >, const Eigen::CwiseBinaryOp<Eigen::internal::scalar_product_op<double, double>, const Eigen::CwiseNullaryOp<Eigen::internal::scalar_constant_op<double>, const Eigen::Matrix<double, 3, 1> >, const Eigen::Matrix<double, 3, 1> > >, const Eigen::CwiseBinaryOp<Eigen::internal::scalar_product_op<double, double>, const Eigen::CwiseNullaryOp<Eigen::internal::scalar_constant_op<double>, const Eigen::Matrix<double, 3, 1> >, const Eigen::Matrix<double, 3, 1> > >, const Eigen::CwiseBinaryOp<Eigen::internal::scalar_product_op<double, double>, const Eigen::CwiseNullaryOp<Eigen::internal::scalar_constant_op<double>, const Eigen::Matrix<double, 3, 1> >, const Eigen::Matrix<double, 3, 1> > >, Eigen::Matrix<double, 3, 3>, 0>]\x1b[m\x1b[K\xe2\x80\x99\n'}
[7.459310] (controller_pkg) StderrLine: {'line': b'\x1b[01m\x1b[K/usr/include/eigen3/Eigen/src/Core/PlainObjectBase.h:779:32:\x1b[m\x1b[K   required from \xe2\x80\x98\x1b[01m\x1b[KDerived& Eigen::PlainObjectBase<Derived>::_set(const Eigen::DenseBase<OtherDerived>&) [with OtherDerived = Eigen::Product<Eigen::CwiseBinaryOp<Eigen::internal::scalar_sum_op<double, double>, const Eigen::CwiseBinaryOp<Eigen::internal::scalar_sum_op<double, double>, const Eigen::CwiseBinaryOp<Eigen::internal::scalar_difference_op<double, double>, const Eigen::CwiseBinaryOp<Eigen::internal::scalar_product_op<double, double>, const Eigen::CwiseNullaryOp<Eigen::internal::scalar_constant_op<double>, const Eigen::Matrix<double, 3, 1> >, const Eigen::Matrix<double, 3, 1> >, const Eigen::CwiseBinaryOp<Eigen::internal::scalar_product_op<double, double>, const Eigen::CwiseNullaryOp<Eigen::internal::scalar_constant_op<double>, const Eigen::Matrix<double, 3, 1> >, const Eigen::Matrix<double, 3, 1> > >, const Eigen::CwiseBinaryOp<Eigen::internal::scalar_product_op<double, double>, const Eigen::CwiseNullaryOp<Eigen::internal::scalar_constant_op<double>, const Eigen::Matrix<double, 3, 1> >, const Eigen::Matrix<double, 3, 1> > >, const Eigen::CwiseBinaryOp<Eigen::internal::scalar_product_op<double, double>, const Eigen::CwiseNullaryOp<Eigen::internal::scalar_constant_op<double>, const Eigen::Matrix<double, 3, 1> >, const Eigen::Matrix<double, 3, 1> > >, Eigen::Matrix<double, 3, 3>, 0>; Derived = Eigen::Matrix<double, 3, 1>]\x1b[m\x1b[K\xe2\x80\x99\n'}
[7.459419] (controller_pkg) StderrLine: {'line': b'\x1b[01m\x1b[K/usr/include/eigen3/Eigen/src/Core/Matrix.h:225:24:\x1b[m\x1b[K   required from \xe2\x80\x98\x1b[01m\x1b[KEigen::Matrix<_Scalar, _Rows, _Cols, _Options, _MaxRows, _MaxCols>& Eigen::Matrix<_Scalar, _Rows, _Cols, _Options, _MaxRows, _MaxCols>::operator=(const Eigen::DenseBase<OtherDerived>&) [with OtherDerived = Eigen::Product<Eigen::CwiseBinaryOp<Eigen::internal::scalar_sum_op<double, double>, const Eigen::CwiseBinaryOp<Eigen::internal::scalar_sum_op<double, double>, const Eigen::CwiseBinaryOp<Eigen::internal::scalar_difference_op<double, double>, const Eigen::CwiseBinaryOp<Eigen::internal::scalar_product_op<double, double>, const Eigen::CwiseNullaryOp<Eigen::internal::scalar_constant_op<double>, const Eigen::Matrix<double, 3, 1> >, const Eigen::Matrix<double, 3, 1> >, const Eigen::CwiseBinaryOp<Eigen::internal::scalar_product_op<double, double>, const Eigen::CwiseNullaryOp<Eigen::internal::scalar_constant_op<double>, const Eigen::Matrix<double, 3, 1> >, const Eigen::Matrix<double, 3, 1> > >, const Eigen::CwiseBinaryOp<Eigen::internal::scalar_product_op<double, double>, const Eigen::CwiseNullaryOp<Eigen::internal::scalar_constant_op<double>, const Eigen::Matrix<double, 3, 1> >, const Eigen::Matrix<double, 3, 1> > >, const Eigen::CwiseBinaryOp<Eigen::internal::scalar_product_op<double, double>, const Eigen::CwiseNullaryOp<Eigen::internal::scalar_constant_op<double>, const Eigen::Matrix<double, 3, 1> >, const Eigen::Matrix<double, 3, 1> > >, Eigen::Matrix<double, 3, 3>, 0>; _Scalar = double; int _Rows = 3; int _Cols = 1; int _Options = 0; int _MaxRows = 3; int _MaxCols = 1]\x1b[m\x1b[K\xe2\x80\x99\n'}
[7.459528] (controller_pkg) StderrLine: {'line': b'\x1b[01m\x1b[K/home/aimane/humble_ws/src/VNAV_23/vnav_ws/src/Lab3/controller_pkg/src/controller_node.cpp:316:55:\x1b[m\x1b[K   required from here\n'}
[7.459622] (controller_pkg) StderrLine: {'line': b'\x1b[01m\x1b[K/usr/include/eigen3/Eigen/src/Core/GeneralProduct.h:458:3:\x1b[m\x1b[K \x1b[01;31m\x1b[Kerror: \x1b[m\x1b[Kstatic assertion failed: INVALID_MATRIX_PRODUCT\n'}
[7.459716] (controller_pkg) StderrLine: {'line': b'  458 |   \x1b[01;31m\x1b[KEIGEN_STATIC_ASSERT\x1b[m\x1b[K(ProductIsValid || SameSizes, INVALID_MATRIX_PRODUCT)\n'}
[7.459816] (controller_pkg) StderrLine: {'line': b'      |   \x1b[01;31m\x1b[K^~~~~~~~~~~~~~~~~~~\x1b[m\x1b[K\n'}
[7.459917] (controller_pkg) StderrLine: {'line': b'\x1b[01m\x1b[K/usr/include/eigen3/Eigen/src/Core/GeneralProduct.h:458:3:\x1b[m\x1b[K \x1b[01;36m\x1b[Knote: \x1b[m\x1b[K\xe2\x80\x98\x1b[01m\x1b[K(false || false)\x1b[m\x1b[K\xe2\x80\x99 evaluates to false\n'}
[7.519567] (-) TimerEvent: {}
[7.619859] (-) TimerEvent: {}
[7.720145] (-) TimerEvent: {}
[7.820431] (-) TimerEvent: {}
[7.920718] (-) TimerEvent: {}
[8.020979] (-) TimerEvent: {}
[8.121723] (-) TimerEvent: {}
[8.222004] (-) TimerEvent: {}
[8.322311] (-) TimerEvent: {}
[8.422586] (-) TimerEvent: {}
[8.522965] (-) TimerEvent: {}
[8.589763] (controller_pkg) StderrLine: {'line': b'/usr/include/eigen3/Eigen/src/Core/CwiseBinaryOp.h: In instantiation of \xe2\x80\x98\x1b[01m\x1b[KEigen::CwiseBinaryOp<BinaryOp, Lhs, Rhs>::CwiseBinaryOp(const Lhs&, const Rhs&, const BinaryOp&) [with BinaryOp = Eigen::internal::scalar_product_op<double, double>; LhsType = const Eigen::Transpose<const Eigen::Block<const Eigen::Matrix<double, 3, 1>, 1, 1, false> >; RhsType = const Eigen::Block<const Eigen::Matrix<double, 3, 3>, 3, 1, true>; Eigen::CwiseBinaryOp<BinaryOp, Lhs, Rhs>::Lhs = Eigen::Transpose<const Eigen::Block<const Eigen::Matrix<double, 3, 1>, 1, 1, false> >; Eigen::CwiseBinaryOp<BinaryOp, Lhs, Rhs>::Rhs = Eigen::Block<const Eigen::Matrix<double, 3, 3>, 3, 1, true>]\x1b[m\x1b[K\xe2\x80\x99:\n'}
[8.590071] (controller_pkg) StderrLine: {'line': b'\x1b[01m\x1b[K/usr/include/eigen3/Eigen/src/plugins/MatrixCwiseBinaryOps.h:25:10:\x1b[m\x1b[K   required from \xe2\x80\x98\x1b[01m\x1b[Kconst Eigen::CwiseBinaryOp<Eigen::internal::scalar_product_op<typename Eigen::internal::traits<T>::Scalar, typename Eigen::internal::traits<OtherDerived>::Scalar>, const Derived, const OtherDerived> Eigen::MatrixBase<Derived>::cwiseProduct(const Eigen::MatrixBase<OtherDerived>&) const [with OtherDerived = Eigen::Block<const Eigen::Matrix<double, 3, 3>, 3, 1, true>; Derived = Eigen::Transpose<const Eigen::Block<const Eigen::Matrix<double, 3, 1>, 1, 1, false> >; typename Eigen::internal::traits<OtherDerived>::Scalar = double; typename Eigen::internal::traits<T>::Scalar = double]\x1b[m\x1b[K\xe2\x80\x99\n'}
[8.590143] (controller_pkg) StderrLine: {'line': b'\x1b[01m\x1b[K/usr/include/eigen3/Eigen/src/Core/ProductEvaluators.h:606:52:\x1b[m\x1b[K   required from \xe2\x80\x98\x1b[01m\x1b[Kconst CoeffReturnType Eigen::internal::product_evaluator<Eigen::Product<Lhs, Rhs, 1>, ProductTag, Eigen::DenseShape, Eigen::DenseShape>::coeff(Eigen::Index, Eigen::Index) const [with Lhs = Eigen::CwiseBinaryOp<Eigen::internal::scalar_sum_op<double, double>, const Eigen::CwiseBinaryOp<Eigen::internal::scalar_sum_op<double, double>, const Eigen::CwiseBinaryOp<Eigen::internal::scalar_difference_op<double, double>, const Eigen::CwiseBinaryOp<Eigen::internal::scalar_product_op<double, double>, const Eigen::CwiseNullaryOp<Eigen::internal::scalar_constant_op<double>, const Eigen::Matrix<double, 3, 1> >, const Eigen::Matrix<double, 3, 1> >, const Eigen::CwiseBinaryOp<Eigen::internal::scalar_product_op<double, double>, const Eigen::CwiseNullaryOp<Eigen::internal::scalar_constant_op<double>, const Eigen::Matrix<double, 3, 1> >, const Eigen::Matrix<double, 3, 1> > >, const Eigen::CwiseBinaryOp<Eigen::internal::scalar_product_op<double, double>, const Eigen::CwiseNullaryOp<Eigen::internal::scalar_constant_op<double>, const Eigen::Matrix<double, 3, 1> >, const Eigen::Matrix<double, 3, 1> > >, const Eigen::CwiseBinaryOp<Eigen::internal::scalar_product_op<double, double>, const Eigen::CwiseNullaryOp<Eigen::internal::scalar_constant_op<double>, const Eigen::Matrix<double, 3, 1> >, const Eigen::Matrix<double, 3, 1> > >; Rhs = Eigen::Matrix<double, 3, 3>; int ProductTag = 4; typename Eigen::internal::traits<typename Eigen::Product<Lhs, Rhs, 1>::Rhs>::Scalar = double; typename Eigen::Product<Lhs, Rhs, 1>::Rhs = Eigen::Matrix<double, 3, 3>; typename Eigen::internal::traits<typename Eigen::Product<Lhs, Rhs, 1>::Lhs>::Scalar = double; typename Eigen::Product<Lhs, Rhs, 1>::Lhs = Eigen::CwiseBinaryOp<Eigen::internal::scalar_sum_op<double, double>, const Eigen::CwiseBinaryOp<Eigen::internal::scalar_sum_op<double, double>, const Eigen::CwiseBinaryOp<Eigen::internal::scalar_difference_op<double, double>, const Eigen::CwiseBinaryOp<Eigen::internal::scalar_product_op<double, double>, const Eigen::CwiseNullaryOp<Eigen::internal::scalar_constant_op<double>, const Eigen::Matrix<double, 3, 1> >, const Eigen::Matrix<double, 3, 1> >, const Eigen::CwiseBinaryOp<Eigen::internal::scalar_product_op<double, double>, const Eigen::CwiseNullaryOp<Eigen::internal::scalar_constant_op<double>, const Eigen::Matrix<double, 3, 1> >, const Eigen::Matrix<double, 3, 1> > >, const Eigen::CwiseBinaryOp<Eigen::internal::scalar_product_op<double, double>, const Eigen::CwiseNullaryOp<Eigen::internal::scalar_constant_op<double>, const Eigen::Matrix<double, 3, 1> >, const Eigen::Matrix<double, 3, 1> > >, const Eigen::CwiseBinaryOp<Eigen::internal::scalar_product_op<double, double>, const Eigen::CwiseNullaryOp<Eigen::internal::scalar_constant_op<double>, const Eigen::Matrix<double, 3, 1> >, const Eigen::Matrix<double, 3, 1> > >; Eigen::internal::product_evaluator<Eigen::Product<Lhs, Rhs, 1>, ProductTag, Eigen::DenseShape, Eigen::DenseShape>::CoeffReturnType = double; Eigen::Index = long int]\x1b[m\x1b[K\xe2\x80\x99\n'}
[8.590255] (controller_pkg) StderrLine: {'line': b'\x1b[01m\x1b[K/usr/include/eigen3/Eigen/src/Core/AssignEvaluator.h:654:63:\x1b[m\x1b[K   required from \xe2\x80\x98\x1b[01m\x1b[Kvoid Eigen::internal::generic_dense_assignment_kernel<DstEvaluatorTypeT, SrcEvaluatorTypeT, Functor, Version>::assignCoeff(Eigen::Index, Eigen::Index) [with DstEvaluatorTypeT = Eigen::internal::evaluator<Eigen::Matrix<double, 3, 3> >; SrcEvaluatorTypeT = Eigen::internal::evaluator<Eigen::Product<Eigen::CwiseBinaryOp<Eigen::internal::scalar_sum_op<double, double>, const Eigen::CwiseBinaryOp<Eigen::internal::scalar_sum_op<double, double>, const Eigen::CwiseBinaryOp<Eigen::internal::scalar_difference_op<double, double>, const Eigen::CwiseBinaryOp<Eigen::internal::scalar_product_op<double, double>, const Eigen::CwiseNullaryOp<Eigen::internal::scalar_constant_op<double>, const Eigen::Matrix<double, 3, 1> >, const Eigen::Matrix<double, 3, 1> >, const Eigen::CwiseBinaryOp<Eigen::internal::scalar_product_op<double, double>, const Eigen::CwiseNullaryOp<Eigen::internal::scalar_constant_op<double>, const Eigen::Matrix<double, 3, 1> >, const Eigen::Matrix<double, 3, 1> > >, const Eigen::CwiseBinaryOp<Eigen::internal::scalar_product_op<double, double>, const Eigen::CwiseNullaryOp<Eigen::internal::scalar_constant_op<double>, const Eigen::Matrix<double, 3, 1> >, const Eigen::Matrix<double, 3, 1> > >, const Eigen::CwiseBinaryOp<Eigen::internal::scalar_product_op<double, double>, const Eigen::CwiseNullaryOp<Eigen::internal::scalar_constant_op<double>, const Eigen::Matrix<double, 3, 1> >, const Eigen::Matrix<double, 3, 1> > >, Eigen::Matrix<double, 3, 3>, 1> >; Functor = Eigen::internal::assign_op<double, double>; int Version = 0; Eigen::Index = long int]\x1b[m\x1b[K\xe2\x80\x99\n'}
[8.590325] (controller_pkg) StderrLine: {'line': b'\x1b[01m\x1b[K/usr/include/eigen3/Eigen/src/Core/AssignEvaluator.h:668:16:\x1b[m\x1b[K   required from \xe2\x80\x98\x1b[01m\x1b[Kvoid Eigen::internal::generic_dense_assignment_kernel<DstEvaluatorTypeT, SrcEvaluatorTypeT, Functor, Version>::assignCoeffByOuterInner(Eigen::Index, Eigen::Index) [with DstEvaluatorTypeT = Eigen::internal::evaluator<Eigen::Matrix<double, 3, 3> >; SrcEvaluatorTypeT = Eigen::internal::evaluator<Eigen::Product<Eigen::CwiseBinaryOp<Eigen::internal::scalar_sum_op<double, double>, const Eigen::CwiseBinaryOp<Eigen::internal::scalar_sum_op<double, double>, const Eigen::CwiseBinaryOp<Eigen::internal::scalar_difference_op<double, double>, const Eigen::CwiseBinaryOp<Eigen::internal::scalar_product_op<double, double>, const Eigen::CwiseNullaryOp<Eigen::internal::scalar_constant_op<double>, const Eigen::Matrix<double, 3, 1> >, const Eigen::Matrix<double, 3, 1> >, const Eigen::CwiseBinaryOp<Eigen::internal::scalar_product_op<double, double>, const Eigen::CwiseNullaryOp<Eigen::internal::scalar_constant_op<double>, const Eigen::Matrix<double, 3, 1> >, const Eigen::Matrix<double, 3, 1> > >, const Eigen::CwiseBinaryOp<Eigen::internal::scalar_product_op<double, double>, const Eigen::CwiseNullaryOp<Eigen::internal::scalar_constant_op<double>, const Eigen::Matrix<double, 3, 1> >, const Eigen::Matrix<double, 3, 1> > >, const Eigen::CwiseBinaryOp<Eigen::internal::scalar_product_op<double, double>, const Eigen::CwiseNullaryOp<Eigen::internal::scalar_constant_op<double>, const Eigen::Matrix<double, 3, 1> >, const Eigen::Matrix<double, 3, 1> > >, Eigen::Matrix<double, 3, 3>, 1> >; Functor = Eigen::internal::assign_op<double, double>; int Version = 0; Eigen::Index = long int]\x1b[m\x1b[K\xe2\x80\x99\n'}
[8.590404] (controller_pkg) StderrLine: {'line': b'\x1b[01m\x1b[K/usr/include/eigen3/Eigen/src/Core/AssignEvaluator.h:227:35:\x1b[m\x1b[K   required from \xe2\x80\x98\x1b[01m\x1b[Kstatic void Eigen::internal::copy_using_evaluator_DefaultTraversal_InnerUnrolling<Kernel, Index_, Stop>::run(Kernel&, Eigen::Index) [with Kernel = Eigen::internal::generic_dense_assignment_kernel<Eigen::internal::evaluator<Eigen::Matrix<double, 3, 3> >, Eigen::internal::evaluator<Eigen::Product<Eigen::CwiseBinaryOp<Eigen::internal::scalar_sum_op<double, double>, const Eigen::CwiseBinaryOp<Eigen::internal::scalar_sum_op<double, double>, const Eigen::CwiseBinaryOp<Eigen::internal::scalar_difference_op<double, double>, const Eigen::CwiseBinaryOp<Eigen::internal::scalar_product_op<double, double>, const Eigen::CwiseNullaryOp<Eigen::internal::scalar_constant_op<double>, const Eigen::Matrix<double, 3, 1> >, const Eigen::Matrix<double, 3, 1> >, const Eigen::CwiseBinaryOp<Eigen::internal::scalar_product_op<double, double>, const Eigen::CwiseNullaryOp<Eigen::internal::scalar_constant_op<double>, const Eigen::Matrix<double, 3, 1> >, const Eigen::Matrix<double, 3, 1> > >, const Eigen::CwiseBinaryOp<Eigen::internal::scalar_product_op<double, double>, const Eigen::CwiseNullaryOp<Eigen::internal::scalar_constant_op<double>, const Eigen::Matrix<double, 3, 1> >, const Eigen::Matrix<double, 3, 1> > >, const Eigen::CwiseBinaryOp<Eigen::internal::scalar_product_op<double, double>, const Eigen::CwiseNullaryOp<Eigen::internal::scalar_constant_op<double>, const Eigen::Matrix<double, 3, 1> >, const Eigen::Matrix<double, 3, 1> > >, Eigen::Matrix<double, 3, 3>, 1> >, Eigen::internal::assign_op<double, double>, 0>; int Index_ = 2; int Stop = 3; Eigen::Index = long int]\x1b[m\x1b[K\xe2\x80\x99\n'}
[8.590478] (controller_pkg) StderrLine: {'line': b'\x1b[01m\x1b[K/usr/include/eigen3/Eigen/src/Core/AssignEvaluator.h:600:101:\x1b[m\x1b[K   [ skipping 9 instantiation contexts, use -ftemplate-backtrace-limit=0 to disable ]\n'}
[8.590532] (controller_pkg) StderrLine: {'line': b'\x1b[01m\x1b[K/usr/include/eigen3/Eigen/src/Core/Matrix.h:332:31:\x1b[m\x1b[K   required from \xe2\x80\x98\x1b[01m\x1b[KEigen::Matrix<_Scalar, _Rows, _Cols, _Options, _MaxRows, _MaxCols>::Matrix(const T&) [with T = Eigen::Product<Eigen::CwiseBinaryOp<Eigen::internal::scalar_sum_op<double, double>, const Eigen::CwiseBinaryOp<Eigen::internal::scalar_sum_op<double, double>, const Eigen::CwiseBinaryOp<Eigen::internal::scalar_difference_op<double, double>, const Eigen::CwiseBinaryOp<Eigen::internal::scalar_product_op<double, double>, const Eigen::CwiseNullaryOp<Eigen::internal::scalar_constant_op<double>, const Eigen::Matrix<double, 3, 1> >, const Eigen::Matrix<double, 3, 1> >, const Eigen::CwiseBinaryOp<Eigen::internal::scalar_product_op<double, double>, const Eigen::CwiseNullaryOp<Eigen::internal::scalar_constant_op<double>, const Eigen::Matrix<double, 3, 1> >, const Eigen::Matrix<double, 3, 1> > >, const Eigen::CwiseBinaryOp<Eigen::internal::scalar_product_op<double, double>, const Eigen::CwiseNullaryOp<Eigen::internal::scalar_constant_op<double>, const Eigen::Matrix<double, 3, 1> >, const Eigen::Matrix<double, 3, 1> > >, const Eigen::CwiseBinaryOp<Eigen::internal::scalar_product_op<double, double>, const Eigen::CwiseNullaryOp<Eigen::internal::scalar_constant_op<double>, const Eigen::Matrix<double, 3, 1> >, const Eigen::Matrix<double, 3, 1> > >, Eigen::Matrix<double, 3, 3>, 0>; _Scalar = double; int _Rows = 3; int _Cols = 3; int _Options = 0; int _MaxRows = 3; int _MaxCols = 3]\x1b[m\x1b[K\xe2\x80\x99\n'}
[8.590611] (controller_pkg) StderrLine: {'line': b'\x1b[01m\x1b[K/usr/include/eigen3/Eigen/src/Core/AssignEvaluator.h:850:41:\x1b[m\x1b[K   required from \xe2\x80\x98\x1b[01m\x1b[Kvoid Eigen::internal::call_assignment(Dst&, const Src&, const Func&, typename Eigen::internal::enable_if<Eigen::internal::evaluator_assume_aliasing<Src>::value, void*>::type) [with Dst = Eigen::Matrix<double, 3, 1>; Src = Eigen::Product<Eigen::CwiseBinaryOp<Eigen::internal::scalar_sum_op<double, double>, const Eigen::CwiseBinaryOp<Eigen::internal::scalar_sum_op<double, double>, const Eigen::CwiseBinaryOp<Eigen::internal::scalar_difference_op<double, double>, const Eigen::CwiseBinaryOp<Eigen::internal::scalar_product_op<double, double>, const Eigen::CwiseNullaryOp<Eigen::internal::scalar_constant_op<double>, const Eigen::Matrix<double, 3, 1> >, const Eigen::Matrix<double, 3, 1> >, const Eigen::CwiseBinaryOp<Eigen::internal::scalar_product_op<double, double>, const Eigen::CwiseNullaryOp<Eigen::internal::scalar_constant_op<double>, const Eigen::Matrix<double, 3, 1> >, const Eigen::Matrix<double, 3, 1> > >, const Eigen::CwiseBinaryOp<Eigen::internal::scalar_product_op<double, double>, const Eigen::CwiseNullaryOp<Eigen::internal::scalar_constant_op<double>, const Eigen::Matrix<double, 3, 1> >, const Eigen::Matrix<double, 3, 1> > >, const Eigen::CwiseBinaryOp<Eigen::internal::scalar_product_op<double, double>, const Eigen::CwiseNullaryOp<Eigen::internal::scalar_constant_op<double>, const Eigen::Matrix<double, 3, 1> >, const Eigen::Matrix<double, 3, 1> > >, Eigen::Matrix<double, 3, 3>, 0>; Func = Eigen::internal::assign_op<double, double>; typename Eigen::internal::enable_if<Eigen::internal::evaluator_assume_aliasing<Src>::value, void*>::type = void*; typename Eigen::internal::evaluator_traits<SrcXprType>::Shape = Eigen::DenseShape]\x1b[m\x1b[K\xe2\x80\x99\n'}
[8.590678] (controller_pkg) StderrLine: {'line': b'\x1b[01m\x1b[K/usr/include/eigen3/Eigen/src/Core/AssignEvaluator.h:836:18:\x1b[m\x1b[K   required from \xe2\x80\x98\x1b[01m\x1b[Kvoid Eigen::internal::call_assignment(Dst&, const Src&) [with Dst = Eigen::Matrix<double, 3, 1>; Src = Eigen::Product<Eigen::CwiseBinaryOp<Eigen::internal::scalar_sum_op<double, double>, const Eigen::CwiseBinaryOp<Eigen::internal::scalar_sum_op<double, double>, const Eigen::CwiseBinaryOp<Eigen::internal::scalar_difference_op<double, double>, const Eigen::CwiseBinaryOp<Eigen::internal::scalar_product_op<double, double>, const Eigen::CwiseNullaryOp<Eigen::internal::scalar_constant_op<double>, const Eigen::Matrix<double, 3, 1> >, const Eigen::Matrix<double, 3, 1> >, const Eigen::CwiseBinaryOp<Eigen::internal::scalar_product_op<double, double>, const Eigen::CwiseNullaryOp<Eigen::internal::scalar_constant_op<double>, const Eigen::Matrix<double, 3, 1> >, const Eigen::Matrix<double, 3, 1> > >, const Eigen::CwiseBinaryOp<Eigen::internal::scalar_product_op<double, double>, const Eigen::CwiseNullaryOp<Eigen::internal::scalar_constant_op<double>, const Eigen::Matrix<double, 3, 1> >, const Eigen::Matrix<double, 3, 1> > >, const Eigen::CwiseBinaryOp<Eigen::internal::scalar_product_op<double, double>, const Eigen::CwiseNullaryOp<Eigen::internal::scalar_constant_op<double>, const Eigen::Matrix<double, 3, 1> >, const Eigen::Matrix<double, 3, 1> > >, Eigen::Matrix<double, 3, 3>, 0>]\x1b[m\x1b[K\xe2\x80\x99\n'}
[8.590742] (controller_pkg) StderrLine: {'line': b'\x1b[01m\x1b[K/usr/include/eigen3/Eigen/src/Core/PlainObjectBase.h:779:32:\x1b[m\x1b[K   required from \xe2\x80\x98\x1b[01m\x1b[KDerived& Eigen::PlainObjectBase<Derived>::_set(const Eigen::DenseBase<OtherDerived>&) [with OtherDerived = Eigen::Product<Eigen::CwiseBinaryOp<Eigen::internal::scalar_sum_op<double, double>, const Eigen::CwiseBinaryOp<Eigen::internal::scalar_sum_op<double, double>, const Eigen::CwiseBinaryOp<Eigen::internal::scalar_difference_op<double, double>, const Eigen::CwiseBinaryOp<Eigen::internal::scalar_product_op<double, double>, const Eigen::CwiseNullaryOp<Eigen::internal::scalar_constant_op<double>, const Eigen::Matrix<double, 3, 1> >, const Eigen::Matrix<double, 3, 1> >, const Eigen::CwiseBinaryOp<Eigen::internal::scalar_product_op<double, double>, const Eigen::CwiseNullaryOp<Eigen::internal::scalar_constant_op<double>, const Eigen::Matrix<double, 3, 1> >, const Eigen::Matrix<double, 3, 1> > >, const Eigen::CwiseBinaryOp<Eigen::internal::scalar_product_op<double, double>, const Eigen::CwiseNullaryOp<Eigen::internal::scalar_constant_op<double>, const Eigen::Matrix<double, 3, 1> >, const Eigen::Matrix<double, 3, 1> > >, const Eigen::CwiseBinaryOp<Eigen::internal::scalar_product_op<double, double>, const Eigen::CwiseNullaryOp<Eigen::internal::scalar_constant_op<double>, const Eigen::Matrix<double, 3, 1> >, const Eigen::Matrix<double, 3, 1> > >, Eigen::Matrix<double, 3, 3>, 0>; Derived = Eigen::Matrix<double, 3, 1>]\x1b[m\x1b[K\xe2\x80\x99\n'}
[8.590829] (controller_pkg) StderrLine: {'line': b'\x1b[01m\x1b[K/usr/include/eigen3/Eigen/src/Core/Matrix.h:225:24:\x1b[m\x1b[K   required from \xe2\x80\x98\x1b[01m\x1b[KEigen::Matrix<_Scalar, _Rows, _Cols, _Options, _MaxRows, _MaxCols>& Eigen::Matrix<_Scalar, _Rows, _Cols, _Options, _MaxRows, _MaxCols>::operator=(const Eigen::DenseBase<OtherDerived>&) [with OtherDerived = Eigen::Product<Eigen::CwiseBinaryOp<Eigen::internal::scalar_sum_op<double, double>, const Eigen::CwiseBinaryOp<Eigen::internal::scalar_sum_op<double, double>, const Eigen::CwiseBinaryOp<Eigen::internal::scalar_difference_op<double, double>, const Eigen::CwiseBinaryOp<Eigen::internal::scalar_product_op<double, double>, const Eigen::CwiseNullaryOp<Eigen::internal::scalar_constant_op<double>, const Eigen::Matrix<double, 3, 1> >, const Eigen::Matrix<double, 3, 1> >, const Eigen::CwiseBinaryOp<Eigen::internal::scalar_product_op<double, double>, const Eigen::CwiseNullaryOp<Eigen::internal::scalar_constant_op<double>, const Eigen::Matrix<double, 3, 1> >, const Eigen::Matrix<double, 3, 1> > >, const Eigen::CwiseBinaryOp<Eigen::internal::scalar_product_op<double, double>, const Eigen::CwiseNullaryOp<Eigen::internal::scalar_constant_op<double>, const Eigen::Matrix<double, 3, 1> >, const Eigen::Matrix<double, 3, 1> > >, const Eigen::CwiseBinaryOp<Eigen::internal::scalar_product_op<double, double>, const Eigen::CwiseNullaryOp<Eigen::internal::scalar_constant_op<double>, const Eigen::Matrix<double, 3, 1> >, const Eigen::Matrix<double, 3, 1> > >, Eigen::Matrix<double, 3, 3>, 0>; _Scalar = double; int _Rows = 3; int _Cols = 1; int _Options = 0; int _MaxRows = 3; int _MaxCols = 1]\x1b[m\x1b[K\xe2\x80\x99\n'}
[8.590903] (controller_pkg) StderrLine: {'line': b'\x1b[01m\x1b[K/home/aimane/humble_ws/src/VNAV_23/vnav_ws/src/Lab3/controller_pkg/src/controller_node.cpp:316:55:\x1b[m\x1b[K   required from here\n'}
[8.590957] (controller_pkg) StderrLine: {'line': b'\x1b[01m\x1b[K/usr/include/eigen3/Eigen/src/Core/CwiseBinaryOp.h:115:7:\x1b[m\x1b[K \x1b[01;31m\x1b[Kerror: \x1b[m\x1b[Kstatic assertion failed: YOU_MIXED_MATRICES_OF_DIFFERENT_SIZES\n'}
[8.591010] (controller_pkg) StderrLine: {'line': b'  115 |       \x1b[01;31m\x1b[KEIGEN_STATIC_ASSERT_SAME_MATRIX_SIZE\x1b[m\x1b[K(Lhs, Rhs)\n'}
[8.591062] (controller_pkg) StderrLine: {'line': b'      |       \x1b[01;31m\x1b[K^~~~~~~~~~~~~~~~~~~~~~~~~~~~~~~~~~~~\x1b[m\x1b[K\n'}
[8.591114] (controller_pkg) StderrLine: {'line': b'\x1b[01m\x1b[K/usr/include/eigen3/Eigen/src/Core/CwiseBinaryOp.h:115:7:\x1b[m\x1b[K \x1b[01;36m\x1b[Knote: \x1b[m\x1b[K\xe2\x80\x98\x1b[01m\x1b[K(((((int)Eigen::internal::size_of_xpr_at_compile_time<Eigen::Transpose<const Eigen::Block<const Eigen::Matrix<double, 3, 1>, 1, 1, false> > >::ret) == 0) && (((int)Eigen::internal::size_of_xpr_at_compile_time<Eigen::Block<const Eigen::Matrix<double, 3, 3>, 3, 1, true> >::ret) == 0)) || ((((((int)Eigen::Transpose<const Eigen::Block<const Eigen::Matrix<double, 3, 1>, 1, 1, false> >::RowsAtCompileTime) == ((int)Eigen::Dynamic)) || (((int)Eigen::Block<const Eigen::Matrix<double, 3, 3>, 3, 1, true>::RowsAtCompileTime) == ((int)Eigen::Dynamic))) || (((int)Eigen::Transpose<const Eigen::Block<const Eigen::Matrix<double, 3, 1>, 1, 1, false> >::RowsAtCompileTime) == ((int)Eigen::Block<const Eigen::Matrix<double, 3, 3>, 3, 1, true>::RowsAtCompileTime))) && (((((int)Eigen::Transpose<const Eigen::Block<const Eigen::Matrix<double, 3, 1>, 1, 1, false> >::ColsAtCompileTime) == ((int)Eigen::Dynamic)) || (((int)Eigen::Block<const Eigen::Matrix<double, 3, 3>, 3, 1, true>::ColsAtCompileTime) == ((int)Eigen::Dynamic))) || (((int)Eigen::Transpose<const Eigen::Block<const Eigen::Matrix<double, 3, 1>, 1, 1, false> >::ColsAtCompileTime) == ((int)Eigen::Block<const Eigen::Matrix<double, 3, 3>, 3, 1, true>::ColsAtCompileTime)))))\x1b[m\x1b[K\xe2\x80\x99 evaluates to false\n'}
[8.623098] (-) TimerEvent: {}
[8.723390] (-) TimerEvent: {}
[8.823678] (-) TimerEvent: {}
[8.923995] (-) TimerEvent: {}
[9.024246] (-) TimerEvent: {}
[9.124539] (-) TimerEvent: {}
[9.224850] (-) TimerEvent: {}
[9.325141] (-) TimerEvent: {}
[9.425651] (-) TimerEvent: {}
[9.526006] (-) TimerEvent: {}
[9.626300] (-) TimerEvent: {}
[9.726587] (-) TimerEvent: {}
[9.826862] (-) TimerEvent: {}
[9.927178] (-) TimerEvent: {}
[10.027492] (-) TimerEvent: {}
[10.127824] (-) TimerEvent: {}
[10.228136] (-) TimerEvent: {}
[10.328418] (-) TimerEvent: {}
[10.428772] (-) TimerEvent: {}
[10.529080] (-) TimerEvent: {}
[10.629392] (-) TimerEvent: {}
[10.729685] (-) TimerEvent: {}
[10.829950] (-) TimerEvent: {}
[10.930234] (-) TimerEvent: {}
[10.979928] (controller_pkg) StderrLine: {'line': b'gmake[2]: *** [CMakeFiles/controller_node.dir/build.make:76: CMakeFiles/controller_node.dir/src/controller_node.cpp.o] Error 1\n'}
[10.980218] (controller_pkg) StderrLine: {'line': b'gmake[1]: *** [CMakeFiles/Makefile2:139: CMakeFiles/controller_node.dir/all] Error 2\n'}
[10.980549] (controller_pkg) StderrLine: {'line': b'gmake: *** [Makefile:146: all] Error 2\n'}
[10.982911] (controller_pkg) CommandEnded: {'returncode': 2}
[10.990113] (controller_pkg) JobEnded: {'identifier': 'controller_pkg', 'rc': 2}
[11.000532] (-) EventReactorShutdown: {}
