[0.349s] DEBUG:colcon:Command line arguments: ['/usr/bin/colcon', 'build']
[0.349s] DEBUG:colcon:Parsed command line arguments: Namespace(log_base=None, log_level=None, verb_name='build', build_base='build', install_base='install', merge_install=False, symlink_install=False, test_result_base=None, continue_on_error=False, executor='parallel', parallel_workers=8, event_handlers=None, ignore_user_meta=False, metas=['./colcon.meta'], base_paths=['.'], packages_ignore=None, packages_ignore_regex=None, paths=None, packages_up_to=None, packages_up_to_regex=None, packages_above=None, packages_above_and_dependencies=None, packages_above_depth=None, packages_select_by_dep=None, packages_skip_by_dep=None, packages_skip_up_to=None, packages_select_build_failed=False, packages_skip_build_finished=False, packages_select_test_failures=False, packages_skip_test_passed=False, packages_select=None, packages_skip=None, packages_select_regex=None, packages_skip_regex=None, packages_start=None, packages_end=None, cmake_args=None, cmake_target=None, cmake_target_skip_unavailable=False, cmake_clean_cache=False, cmake_clean_first=False, cmake_force_configure=False, ament_cmake_args=None, catkin_cmake_args=None, catkin_skip_building_tests=False, mixin_files=None, mixin=None, verb_parser=<colcon_mixin.mixin.mixin_argument.MixinArgumentDecorator object at 0x7585bee5c8e0>, verb_extension=<colcon_core.verb.build.BuildVerb object at 0x7585befdd750>, main=<bound method BuildVerb.main of <colcon_core.verb.build.BuildVerb object at 0x7585befdd750>>, mixin_verb=('build',))
[0.889s] Level 1:colcon.colcon_core.package_discovery:discover_packages(colcon_meta) check parameters
[0.889s] Level 1:colcon.colcon_core.package_discovery:discover_packages(recursive) check parameters
[0.889s] Level 1:colcon.colcon_core.package_discovery:discover_packages(ignore) check parameters
[0.889s] Level 1:colcon.colcon_core.package_discovery:discover_packages(path) check parameters
[0.889s] Level 1:colcon.colcon_core.package_discovery:discover_packages(colcon_meta) discover
[0.889s] Level 1:colcon.colcon_core.package_discovery:discover_packages(recursive) discover
[0.890s] INFO:colcon.colcon_core.package_discovery:Crawling recursively for packages in '/home/aimane/humble_ws/src/VNAV_23/vnav_ws'
[0.890s] Level 1:colcon.colcon_core.package_identification:_identify(.) by extensions ['ignore', 'ignore_ament_install']
[0.890s] Level 1:colcon.colcon_core.package_identification:_identify(.) by extension 'ignore'
[0.890s] Level 1:colcon.colcon_core.package_identification:_identify(.) by extension 'ignore_ament_install'
[0.891s] Level 1:colcon.colcon_core.package_identification:_identify(.) by extensions ['colcon_pkg']
[0.891s] Level 1:colcon.colcon_core.package_identification:_identify(.) by extension 'colcon_pkg'
[0.891s] Level 1:colcon.colcon_core.package_identification:_identify(.) by extensions ['colcon_meta']
[0.891s] Level 1:colcon.colcon_core.package_identification:_identify(.) by extension 'colcon_meta'
[0.891s] Level 1:colcon.colcon_core.package_identification:_identify(.) by extensions ['ros']
[0.891s] Level 1:colcon.colcon_core.package_identification:_identify(.) by extension 'ros'
[0.934s] Level 1:colcon.colcon_core.package_identification:_identify(.) by extensions ['cmake', 'python']
[0.935s] Level 1:colcon.colcon_core.package_identification:_identify(.) by extension 'cmake'
[0.935s] Level 1:colcon.colcon_core.package_identification:_identify(.) by extension 'python'
[0.935s] Level 1:colcon.colcon_core.package_identification:_identify(.) by extensions ['python_setup_py']
[0.935s] Level 1:colcon.colcon_core.package_identification:_identify(.) by extension 'python_setup_py'
[0.935s] Level 1:colcon.colcon_core.package_identification:_identify(build) by extensions ['ignore', 'ignore_ament_install']
[0.936s] Level 1:colcon.colcon_core.package_identification:_identify(build) by extension 'ignore'
[0.936s] Level 1:colcon.colcon_core.package_identification:_identify(build) ignored
[0.936s] Level 1:colcon.colcon_core.package_identification:_identify(install) by extensions ['ignore', 'ignore_ament_install']
[0.936s] Level 1:colcon.colcon_core.package_identification:_identify(install) by extension 'ignore'
[0.937s] Level 1:colcon.colcon_core.package_identification:_identify(install) ignored
[0.937s] Level 1:colcon.colcon_core.package_identification:_identify(log) by extensions ['ignore', 'ignore_ament_install']
[0.937s] Level 1:colcon.colcon_core.package_identification:_identify(log) by extension 'ignore'
[0.937s] Level 1:colcon.colcon_core.package_identification:_identify(log) ignored
[0.938s] Level 1:colcon.colcon_core.package_identification:_identify(src) by extensions ['ignore', 'ignore_ament_install']
[0.938s] Level 1:colcon.colcon_core.package_identification:_identify(src) by extension 'ignore'
[0.938s] Level 1:colcon.colcon_core.package_identification:_identify(src) by extension 'ignore_ament_install'
[0.938s] Level 1:colcon.colcon_core.package_identification:_identify(src) by extensions ['colcon_pkg']
[0.938s] Level 1:colcon.colcon_core.package_identification:_identify(src) by extension 'colcon_pkg'
[0.938s] Level 1:colcon.colcon_core.package_identification:_identify(src) by extensions ['colcon_meta']
[0.939s] Level 1:colcon.colcon_core.package_identification:_identify(src) by extension 'colcon_meta'
[0.939s] Level 1:colcon.colcon_core.package_identification:_identify(src) by extensions ['ros']
[0.939s] Level 1:colcon.colcon_core.package_identification:_identify(src) by extension 'ros'
[0.939s] Level 1:colcon.colcon_core.package_identification:_identify(src) by extensions ['cmake', 'python']
[0.939s] Level 1:colcon.colcon_core.package_identification:_identify(src) by extension 'cmake'
[0.939s] Level 1:colcon.colcon_core.package_identification:_identify(src) by extension 'python'
[0.939s] Level 1:colcon.colcon_core.package_identification:_identify(src) by extensions ['python_setup_py']
[0.940s] Level 1:colcon.colcon_core.package_identification:_identify(src) by extension 'python_setup_py'
[0.940s] Level 1:colcon.colcon_core.package_identification:_identify(src/Lab3) by extensions ['ignore', 'ignore_ament_install']
[0.940s] Level 1:colcon.colcon_core.package_identification:_identify(src/Lab3) by extension 'ignore'
[0.940s] Level 1:colcon.colcon_core.package_identification:_identify(src/Lab3) by extension 'ignore_ament_install'
[0.940s] Level 1:colcon.colcon_core.package_identification:_identify(src/Lab3) by extensions ['colcon_pkg']
[0.941s] Level 1:colcon.colcon_core.package_identification:_identify(src/Lab3) by extension 'colcon_pkg'
[0.941s] Level 1:colcon.colcon_core.package_identification:_identify(src/Lab3) by extensions ['colcon_meta']
[0.941s] Level 1:colcon.colcon_core.package_identification:_identify(src/Lab3) by extension 'colcon_meta'
[0.941s] Level 1:colcon.colcon_core.package_identification:_identify(src/Lab3) by extensions ['ros']
[0.941s] Level 1:colcon.colcon_core.package_identification:_identify(src/Lab3) by extension 'ros'
[0.941s] Level 1:colcon.colcon_core.package_identification:_identify(src/Lab3) by extensions ['cmake', 'python']
[0.942s] Level 1:colcon.colcon_core.package_identification:_identify(src/Lab3) by extension 'cmake'
[0.942s] Level 1:colcon.colcon_core.package_identification:_identify(src/Lab3) by extension 'python'
[0.942s] Level 1:colcon.colcon_core.package_identification:_identify(src/Lab3) by extensions ['python_setup_py']
[0.942s] Level 1:colcon.colcon_core.package_identification:_identify(src/Lab3) by extension 'python_setup_py'
[0.942s] Level 1:colcon.colcon_core.package_identification:_identify(src/Lab3/build) by extensions ['ignore', 'ignore_ament_install']
[0.943s] Level 1:colcon.colcon_core.package_identification:_identify(src/Lab3/build) by extension 'ignore'
[0.943s] Level 1:colcon.colcon_core.package_identification:_identify(src/Lab3/build) ignored
[0.943s] Level 1:colcon.colcon_core.package_identification:_identify(src/Lab3/controller_pkg) by extensions ['ignore', 'ignore_ament_install']
[0.943s] Level 1:colcon.colcon_core.package_identification:_identify(src/Lab3/controller_pkg) by extension 'ignore'
[0.944s] Level 1:colcon.colcon_core.package_identification:_identify(src/Lab3/controller_pkg) by extension 'ignore_ament_install'
[0.944s] Level 1:colcon.colcon_core.package_identification:_identify(src/Lab3/controller_pkg) by extensions ['colcon_pkg']
[0.944s] Level 1:colcon.colcon_core.package_identification:_identify(src/Lab3/controller_pkg) by extension 'colcon_pkg'
[0.944s] Level 1:colcon.colcon_core.package_identification:_identify(src/Lab3/controller_pkg) by extensions ['colcon_meta']
[0.944s] Level 1:colcon.colcon_core.package_identification:_identify(src/Lab3/controller_pkg) by extension 'colcon_meta'
[0.944s] Level 1:colcon.colcon_core.package_identification:_identify(src/Lab3/controller_pkg) by extensions ['ros']
[0.944s] Level 1:colcon.colcon_core.package_identification:_identify(src/Lab3/controller_pkg) by extension 'ros'
[0.955s] DEBUG:colcon.colcon_core.package_identification:Package 'src/Lab3/controller_pkg' with type 'ros.ament_cmake' and name 'controller_pkg'
[0.955s] Level 1:colcon.colcon_core.package_identification:_identify(src/Lab3/install) by extensions ['ignore', 'ignore_ament_install']
[0.955s] Level 1:colcon.colcon_core.package_identification:_identify(src/Lab3/install) by extension 'ignore'
[0.955s] Level 1:colcon.colcon_core.package_identification:_identify(src/Lab3/install) ignored
[0.956s] Level 1:colcon.colcon_core.package_identification:_identify(src/Lab3/log) by extensions ['ignore', 'ignore_ament_install']
[0.956s] Level 1:colcon.colcon_core.package_identification:_identify(src/Lab3/log) by extension 'ignore'
[0.956s] Level 1:colcon.colcon_core.package_identification:_identify(src/Lab3/log) ignored
[0.956s] Level 1:colcon.colcon_core.package_identification:_identify(src/Lab3/tesse-interface) by extensions ['ignore', 'ignore_ament_install']
[0.957s] Level 1:colcon.colcon_core.package_identification:_identify(src/Lab3/tesse-interface) by extension 'ignore'
[0.957s] Level 1:colcon.colcon_core.package_identification:_identify(src/Lab3/tesse-interface) by extension 'ignore_ament_install'
[0.957s] Level 1:colcon.colcon_core.package_identification:_identify(src/Lab3/tesse-interface) by extensions ['colcon_pkg']
[0.957s] Level 1:colcon.colcon_core.package_identification:_identify(src/Lab3/tesse-interface) by extension 'colcon_pkg'
[0.957s] Level 1:colcon.colcon_core.package_identification:_identify(src/Lab3/tesse-interface) by extensions ['colcon_meta']
[0.957s] Level 1:colcon.colcon_core.package_identification:_identify(src/Lab3/tesse-interface) by extension 'colcon_meta'
[0.957s] Level 1:colcon.colcon_core.package_identification:_identify(src/Lab3/tesse-interface) by extensions ['ros']
[0.957s] Level 1:colcon.colcon_core.package_identification:_identify(src/Lab3/tesse-interface) by extension 'ros'
[0.958s] Level 1:colcon.colcon_core.package_identification:_identify(src/Lab3/tesse-interface) by extensions ['cmake', 'python']
[0.958s] Level 1:colcon.colcon_core.package_identification:_identify(src/Lab3/tesse-interface) by extension 'cmake'
[0.958s] Level 1:colcon.colcon_core.package_identification:_identify(src/Lab3/tesse-interface) by extension 'python'
[0.958s] DEBUG:colcon.colcon_core.package_identification:Python package in 'src/Lab3/tesse-interface' passes arguments to the setup() function which requires a different identification extension than 'python'
[0.958s] Level 1:colcon.colcon_core.package_identification:_identify(src/Lab3/tesse-interface) by extensions ['python_setup_py']
[0.958s] Level 1:colcon.colcon_core.package_identification:_identify(src/Lab3/tesse-interface) by extension 'python_setup_py'
[1.835s] DEBUG:colcon.colcon_core.package_identification:Package 'src/Lab3/tesse-interface' with type 'python' and name 'tesse'
[1.835s] Level 1:colcon.colcon_core.package_identification:_identify(src/Lab3/tesse_msgs) by extensions ['ignore', 'ignore_ament_install']
[1.836s] Level 1:colcon.colcon_core.package_identification:_identify(src/Lab3/tesse_msgs) by extension 'ignore'
[1.836s] Level 1:colcon.colcon_core.package_identification:_identify(src/Lab3/tesse_msgs) by extension 'ignore_ament_install'
[1.836s] Level 1:colcon.colcon_core.package_identification:_identify(src/Lab3/tesse_msgs) by extensions ['colcon_pkg']
[1.836s] Level 1:colcon.colcon_core.package_identification:_identify(src/Lab3/tesse_msgs) by extension 'colcon_pkg'
[1.836s] Level 1:colcon.colcon_core.package_identification:_identify(src/Lab3/tesse_msgs) by extensions ['colcon_meta']
[1.836s] Level 1:colcon.colcon_core.package_identification:_identify(src/Lab3/tesse_msgs) by extension 'colcon_meta'
[1.836s] Level 1:colcon.colcon_core.package_identification:_identify(src/Lab3/tesse_msgs) by extensions ['ros']
[1.836s] Level 1:colcon.colcon_core.package_identification:_identify(src/Lab3/tesse_msgs) by extension 'ros'
[1.838s] DEBUG:colcon.colcon_core.package_identification:Package 'src/Lab3/tesse_msgs' with type 'ros.ament_cmake' and name 'tesse_msgs'
[1.838s] Level 1:colcon.colcon_core.package_identification:_identify(src/Lab3/tesse_ros_bridge) by extensions ['ignore', 'ignore_ament_install']
[1.839s] Level 1:colcon.colcon_core.package_identification:_identify(src/Lab3/tesse_ros_bridge) by extension 'ignore'
[1.839s] Level 1:colcon.colcon_core.package_identification:_identify(src/Lab3/tesse_ros_bridge) by extension 'ignore_ament_install'
[1.839s] Level 1:colcon.colcon_core.package_identification:_identify(src/Lab3/tesse_ros_bridge) by extensions ['colcon_pkg']
[1.839s] Level 1:colcon.colcon_core.package_identification:_identify(src/Lab3/tesse_ros_bridge) by extension 'colcon_pkg'
[1.839s] Level 1:colcon.colcon_core.package_identification:_identify(src/Lab3/tesse_ros_bridge) by extensions ['colcon_meta']
[1.839s] Level 1:colcon.colcon_core.package_identification:_identify(src/Lab3/tesse_ros_bridge) by extension 'colcon_meta'
[1.839s] Level 1:colcon.colcon_core.package_identification:_identify(src/Lab3/tesse_ros_bridge) by extensions ['ros']
[1.839s] Level 1:colcon.colcon_core.package_identification:_identify(src/Lab3/tesse_ros_bridge) by extension 'ros'
[1.841s] DEBUG:colcon.colcon_core.package_identification:Package 'src/Lab3/tesse_ros_bridge' with type 'ros.ament_python' and name 'tesse_ros_bridge'
[1.841s] Level 1:colcon.colcon_core.package_identification:_identify(src/build) by extensions ['ignore', 'ignore_ament_install']
[1.841s] Level 1:colcon.colcon_core.package_identification:_identify(src/build) by extension 'ignore'
[1.841s] Level 1:colcon.colcon_core.package_identification:_identify(src/build) ignored
[1.842s] Level 1:colcon.colcon_core.package_identification:_identify(src/install) by extensions ['ignore', 'ignore_ament_install']
[1.843s] Level 1:colcon.colcon_core.package_identification:_identify(src/install) by extension 'ignore'
[1.843s] Level 1:colcon.colcon_core.package_identification:_identify(src/install) ignored
[1.843s] Level 1:colcon.colcon_core.package_identification:_identify(src/log) by extensions ['ignore', 'ignore_ament_install']
[1.843s] Level 1:colcon.colcon_core.package_identification:_identify(src/log) by extension 'ignore'
[1.843s] Level 1:colcon.colcon_core.package_identification:_identify(src/log) ignored
[1.844s] Level 1:colcon.colcon_core.package_identification:_identify(src/mav_comm) by extensions ['ignore', 'ignore_ament_install']
[1.844s] Level 1:colcon.colcon_core.package_identification:_identify(src/mav_comm) by extension 'ignore'
[1.844s] Level 1:colcon.colcon_core.package_identification:_identify(src/mav_comm) by extension 'ignore_ament_install'
[1.844s] Level 1:colcon.colcon_core.package_identification:_identify(src/mav_comm) by extensions ['colcon_pkg']
[1.844s] Level 1:colcon.colcon_core.package_identification:_identify(src/mav_comm) by extension 'colcon_pkg'
[1.844s] Level 1:colcon.colcon_core.package_identification:_identify(src/mav_comm) by extensions ['colcon_meta']
[1.844s] Level 1:colcon.colcon_core.package_identification:_identify(src/mav_comm) by extension 'colcon_meta'
[1.845s] Level 1:colcon.colcon_core.package_identification:_identify(src/mav_comm) by extensions ['ros']
[1.845s] Level 1:colcon.colcon_core.package_identification:_identify(src/mav_comm) by extension 'ros'
[1.845s] Level 1:colcon.colcon_core.package_identification:_identify(src/mav_comm) by extensions ['cmake', 'python']
[1.845s] Level 1:colcon.colcon_core.package_identification:_identify(src/mav_comm) by extension 'cmake'
[1.845s] Level 1:colcon.colcon_core.package_identification:_identify(src/mav_comm) by extension 'python'
[1.845s] Level 1:colcon.colcon_core.package_identification:_identify(src/mav_comm) by extensions ['python_setup_py']
[1.845s] Level 1:colcon.colcon_core.package_identification:_identify(src/mav_comm) by extension 'python_setup_py'
[1.846s] Level 1:colcon.colcon_core.package_identification:_identify(src/mav_comm/mav_comm) by extensions ['ignore', 'ignore_ament_install']
[1.846s] Level 1:colcon.colcon_core.package_identification:_identify(src/mav_comm/mav_comm) by extension 'ignore'
[1.846s] Level 1:colcon.colcon_core.package_identification:_identify(src/mav_comm/mav_comm) by extension 'ignore_ament_install'
[1.846s] Level 1:colcon.colcon_core.package_identification:_identify(src/mav_comm/mav_comm) by extensions ['colcon_pkg']
[1.846s] Level 1:colcon.colcon_core.package_identification:_identify(src/mav_comm/mav_comm) by extension 'colcon_pkg'
[1.846s] Level 1:colcon.colcon_core.package_identification:_identify(src/mav_comm/mav_comm) by extensions ['colcon_meta']
[1.846s] Level 1:colcon.colcon_core.package_identification:_identify(src/mav_comm/mav_comm) by extension 'colcon_meta'
[1.846s] Level 1:colcon.colcon_core.package_identification:_identify(src/mav_comm/mav_comm) by extensions ['ros']
[1.846s] Level 1:colcon.colcon_core.package_identification:_identify(src/mav_comm/mav_comm) by extension 'ros'
[1.848s] DEBUG:colcon.colcon_core.package_identification:Package 'src/mav_comm/mav_comm' with type 'ros.ament_cmake' and name 'mav_comm'
[1.849s] Level 1:colcon.colcon_core.package_identification:_identify(src/mav_comm/mav_msgs) by extensions ['ignore', 'ignore_ament_install']
[1.849s] Level 1:colcon.colcon_core.package_identification:_identify(src/mav_comm/mav_msgs) by extension 'ignore'
[1.849s] Level 1:colcon.colcon_core.package_identification:_identify(src/mav_comm/mav_msgs) by extension 'ignore_ament_install'
[1.849s] Level 1:colcon.colcon_core.package_identification:_identify(src/mav_comm/mav_msgs) by extensions ['colcon_pkg']
[1.849s] Level 1:colcon.colcon_core.package_identification:_identify(src/mav_comm/mav_msgs) by extension 'colcon_pkg'
[1.849s] Level 1:colcon.colcon_core.package_identification:_identify(src/mav_comm/mav_msgs) by extensions ['colcon_meta']
[1.849s] Level 1:colcon.colcon_core.package_identification:_identify(src/mav_comm/mav_msgs) by extension 'colcon_meta'
[1.850s] Level 1:colcon.colcon_core.package_identification:_identify(src/mav_comm/mav_msgs) by extensions ['ros']
[1.850s] Level 1:colcon.colcon_core.package_identification:_identify(src/mav_comm/mav_msgs) by extension 'ros'
[1.853s] DEBUG:colcon.colcon_core.package_identification:Package 'src/mav_comm/mav_msgs' with type 'ros.ament_cmake' and name 'mav_msgs'
[1.853s] Level 1:colcon.colcon_core.package_identification:_identify(src/mav_comm/mav_planning_msgs) by extensions ['ignore', 'ignore_ament_install']
[1.853s] Level 1:colcon.colcon_core.package_identification:_identify(src/mav_comm/mav_planning_msgs) by extension 'ignore'
[1.853s] Level 1:colcon.colcon_core.package_identification:_identify(src/mav_comm/mav_planning_msgs) by extension 'ignore_ament_install'
[1.854s] Level 1:colcon.colcon_core.package_identification:_identify(src/mav_comm/mav_planning_msgs) by extensions ['colcon_pkg']
[1.854s] Level 1:colcon.colcon_core.package_identification:_identify(src/mav_comm/mav_planning_msgs) by extension 'colcon_pkg'
[1.854s] Level 1:colcon.colcon_core.package_identification:_identify(src/mav_comm/mav_planning_msgs) by extensions ['colcon_meta']
[1.854s] Level 1:colcon.colcon_core.package_identification:_identify(src/mav_comm/mav_planning_msgs) by extension 'colcon_meta'
[1.854s] Level 1:colcon.colcon_core.package_identification:_identify(src/mav_comm/mav_planning_msgs) by extensions ['ros']
[1.854s] Level 1:colcon.colcon_core.package_identification:_identify(src/mav_comm/mav_planning_msgs) by extension 'ros'
[1.857s] DEBUG:colcon.colcon_core.package_identification:Package 'src/mav_comm/mav_planning_msgs' with type 'ros.ament_cmake' and name 'mav_planning_msgs'
[1.858s] Level 1:colcon.colcon_core.package_identification:_identify(src/mav_comm/mav_state_machine_msgs) by extensions ['ignore', 'ignore_ament_install']
[1.858s] Level 1:colcon.colcon_core.package_identification:_identify(src/mav_comm/mav_state_machine_msgs) by extension 'ignore'
[1.858s] Level 1:colcon.colcon_core.package_identification:_identify(src/mav_comm/mav_state_machine_msgs) by extension 'ignore_ament_install'
[1.866s] Level 1:colcon.colcon_core.package_identification:_identify(src/mav_comm/mav_state_machine_msgs) by extensions ['colcon_pkg']
[1.866s] Level 1:colcon.colcon_core.package_identification:_identify(src/mav_comm/mav_state_machine_msgs) by extension 'colcon_pkg'
[1.867s] Level 1:colcon.colcon_core.package_identification:_identify(src/mav_comm/mav_state_machine_msgs) by extensions ['colcon_meta']
[1.867s] Level 1:colcon.colcon_core.package_identification:_identify(src/mav_comm/mav_state_machine_msgs) by extension 'colcon_meta'
[1.867s] Level 1:colcon.colcon_core.package_identification:_identify(src/mav_comm/mav_state_machine_msgs) by extensions ['ros']
[1.867s] Level 1:colcon.colcon_core.package_identification:_identify(src/mav_comm/mav_state_machine_msgs) by extension 'ros'
[1.869s] DEBUG:colcon.colcon_core.package_identification:Package 'src/mav_comm/mav_state_machine_msgs' with type 'ros.ament_cmake' and name 'mav_state_machine_msgs'
[1.869s] Level 1:colcon.colcon_core.package_identification:_identify(src/mav_comm/mav_system_msgs) by extensions ['ignore', 'ignore_ament_install']
[1.870s] Level 1:colcon.colcon_core.package_identification:_identify(src/mav_comm/mav_system_msgs) by extension 'ignore'
[1.870s] Level 1:colcon.colcon_core.package_identification:_identify(src/mav_comm/mav_system_msgs) by extension 'ignore_ament_install'
[1.870s] Level 1:colcon.colcon_core.package_identification:_identify(src/mav_comm/mav_system_msgs) by extensions ['colcon_pkg']
[1.870s] Level 1:colcon.colcon_core.package_identification:_identify(src/mav_comm/mav_system_msgs) by extension 'colcon_pkg'
[1.870s] Level 1:colcon.colcon_core.package_identification:_identify(src/mav_comm/mav_system_msgs) by extensions ['colcon_meta']
[1.870s] Level 1:colcon.colcon_core.package_identification:_identify(src/mav_comm/mav_system_msgs) by extension 'colcon_meta'
[1.870s] Level 1:colcon.colcon_core.package_identification:_identify(src/mav_comm/mav_system_msgs) by extensions ['ros']
[1.870s] Level 1:colcon.colcon_core.package_identification:_identify(src/mav_comm/mav_system_msgs) by extension 'ros'
[1.872s] DEBUG:colcon.colcon_core.package_identification:Package 'src/mav_comm/mav_system_msgs' with type 'ros.ament_cmake' and name 'mav_system_msgs'
[1.872s] Level 1:colcon.colcon_core.package_discovery:discover_packages(recursive) using defaults
[1.872s] Level 1:colcon.colcon_core.package_discovery:discover_packages(ignore) discover
[1.873s] Level 1:colcon.colcon_core.package_discovery:discover_packages(ignore) using defaults
[1.873s] Level 1:colcon.colcon_core.package_discovery:discover_packages(path) discover
[1.873s] Level 1:colcon.colcon_core.package_discovery:discover_packages(path) using defaults
[1.939s] Level 5:colcon.colcon_core.verb:set package 'mav_msgs' build argument 'cmake_args' from command line to 'None'
[1.940s] Level 5:colcon.colcon_core.verb:set package 'mav_msgs' build argument 'cmake_target' from command line to 'None'
[1.940s] Level 5:colcon.colcon_core.verb:set package 'mav_msgs' build argument 'cmake_target_skip_unavailable' from command line to 'False'
[1.940s] Level 5:colcon.colcon_core.verb:set package 'mav_msgs' build argument 'cmake_clean_cache' from command line to 'False'
[1.940s] Level 5:colcon.colcon_core.verb:set package 'mav_msgs' build argument 'cmake_clean_first' from command line to 'False'
[1.940s] Level 5:colcon.colcon_core.verb:set package 'mav_msgs' build argument 'cmake_force_configure' from command line to 'False'
[1.940s] Level 5:colcon.colcon_core.verb:set package 'mav_msgs' build argument 'ament_cmake_args' from command line to 'None'
[1.940s] Level 5:colcon.colcon_core.verb:set package 'mav_msgs' build argument 'catkin_cmake_args' from command line to 'None'
[1.940s] Level 5:colcon.colcon_core.verb:set package 'mav_msgs' build argument 'catkin_skip_building_tests' from command line to 'False'
[1.940s] DEBUG:colcon.colcon_core.verb:Building package 'mav_msgs' with the following arguments: {'ament_cmake_args': None, 'build_base': '/home/aimane/humble_ws/src/VNAV_23/vnav_ws/build/mav_msgs', 'catkin_cmake_args': None, 'catkin_skip_building_tests': False, 'cmake_args': None, 'cmake_clean_cache': False, 'cmake_clean_first': False, 'cmake_force_configure': False, 'cmake_target': None, 'cmake_target_skip_unavailable': False, 'install_base': '/home/aimane/humble_ws/src/VNAV_23/vnav_ws/install/mav_msgs', 'merge_install': False, 'path': '/home/aimane/humble_ws/src/VNAV_23/vnav_ws/src/mav_comm/mav_msgs', 'symlink_install': False, 'test_result_base': None}
[1.941s] Level 5:colcon.colcon_core.verb:set package 'mav_state_machine_msgs' build argument 'cmake_args' from command line to 'None'
[1.941s] Level 5:colcon.colcon_core.verb:set package 'mav_state_machine_msgs' build argument 'cmake_target' from command line to 'None'
[1.941s] Level 5:colcon.colcon_core.verb:set package 'mav_state_machine_msgs' build argument 'cmake_target_skip_unavailable' from command line to 'False'
[1.941s] Level 5:colcon.colcon_core.verb:set package 'mav_state_machine_msgs' build argument 'cmake_clean_cache' from command line to 'False'
[1.941s] Level 5:colcon.colcon_core.verb:set package 'mav_state_machine_msgs' build argument 'cmake_clean_first' from command line to 'False'
[1.942s] Level 5:colcon.colcon_core.verb:set package 'mav_state_machine_msgs' build argument 'cmake_force_configure' from command line to 'False'
[1.942s] Level 5:colcon.colcon_core.verb:set package 'mav_state_machine_msgs' build argument 'ament_cmake_args' from command line to 'None'
[1.942s] Level 5:colcon.colcon_core.verb:set package 'mav_state_machine_msgs' build argument 'catkin_cmake_args' from command line to 'None'
[1.943s] Level 5:colcon.colcon_core.verb:set package 'mav_state_machine_msgs' build argument 'catkin_skip_building_tests' from command line to 'False'
[1.943s] DEBUG:colcon.colcon_core.verb:Building package 'mav_state_machine_msgs' with the following arguments: {'ament_cmake_args': None, 'build_base': '/home/aimane/humble_ws/src/VNAV_23/vnav_ws/build/mav_state_machine_msgs', 'catkin_cmake_args': None, 'catkin_skip_building_tests': False, 'cmake_args': None, 'cmake_clean_cache': False, 'cmake_clean_first': False, 'cmake_force_configure': False, 'cmake_target': None, 'cmake_target_skip_unavailable': False, 'install_base': '/home/aimane/humble_ws/src/VNAV_23/vnav_ws/install/mav_state_machine_msgs', 'merge_install': False, 'path': '/home/aimane/humble_ws/src/VNAV_23/vnav_ws/src/mav_comm/mav_state_machine_msgs', 'symlink_install': False, 'test_result_base': None}
[1.944s] Level 5:colcon.colcon_core.verb:set package 'mav_system_msgs' build argument 'cmake_args' from command line to 'None'
[1.944s] Level 5:colcon.colcon_core.verb:set package 'mav_system_msgs' build argument 'cmake_target' from command line to 'None'
[1.944s] Level 5:colcon.colcon_core.verb:set package 'mav_system_msgs' build argument 'cmake_target_skip_unavailable' from command line to 'False'
[1.944s] Level 5:colcon.colcon_core.verb:set package 'mav_system_msgs' build argument 'cmake_clean_cache' from command line to 'False'
[1.944s] Level 5:colcon.colcon_core.verb:set package 'mav_system_msgs' build argument 'cmake_clean_first' from command line to 'False'
[1.944s] Level 5:colcon.colcon_core.verb:set package 'mav_system_msgs' build argument 'cmake_force_configure' from command line to 'False'
[1.944s] Level 5:colcon.colcon_core.verb:set package 'mav_system_msgs' build argument 'ament_cmake_args' from command line to 'None'
[1.944s] Level 5:colcon.colcon_core.verb:set package 'mav_system_msgs' build argument 'catkin_cmake_args' from command line to 'None'
[1.944s] Level 5:colcon.colcon_core.verb:set package 'mav_system_msgs' build argument 'catkin_skip_building_tests' from command line to 'False'
[1.944s] DEBUG:colcon.colcon_core.verb:Building package 'mav_system_msgs' with the following arguments: {'ament_cmake_args': None, 'build_base': '/home/aimane/humble_ws/src/VNAV_23/vnav_ws/build/mav_system_msgs', 'catkin_cmake_args': None, 'catkin_skip_building_tests': False, 'cmake_args': None, 'cmake_clean_cache': False, 'cmake_clean_first': False, 'cmake_force_configure': False, 'cmake_target': None, 'cmake_target_skip_unavailable': False, 'install_base': '/home/aimane/humble_ws/src/VNAV_23/vnav_ws/install/mav_system_msgs', 'merge_install': False, 'path': '/home/aimane/humble_ws/src/VNAV_23/vnav_ws/src/mav_comm/mav_system_msgs', 'symlink_install': False, 'test_result_base': None}
[1.945s] Level 5:colcon.colcon_core.verb:set package 'tesse' build argument 'cmake_args' from command line to 'None'
[1.945s] Level 5:colcon.colcon_core.verb:set package 'tesse' build argument 'cmake_target' from command line to 'None'
[1.945s] Level 5:colcon.colcon_core.verb:set package 'tesse' build argument 'cmake_target_skip_unavailable' from command line to 'False'
[1.945s] Level 5:colcon.colcon_core.verb:set package 'tesse' build argument 'cmake_clean_cache' from command line to 'False'
[1.946s] Level 5:colcon.colcon_core.verb:set package 'tesse' build argument 'cmake_clean_first' from command line to 'False'
[1.946s] Level 5:colcon.colcon_core.verb:set package 'tesse' build argument 'cmake_force_configure' from command line to 'False'
[1.946s] Level 5:colcon.colcon_core.verb:set package 'tesse' build argument 'ament_cmake_args' from command line to 'None'
[1.946s] Level 5:colcon.colcon_core.verb:set package 'tesse' build argument 'catkin_cmake_args' from command line to 'None'
[1.946s] Level 5:colcon.colcon_core.verb:set package 'tesse' build argument 'catkin_skip_building_tests' from command line to 'False'
[1.946s] DEBUG:colcon.colcon_core.verb:Building package 'tesse' with the following arguments: {'ament_cmake_args': None, 'build_base': '/home/aimane/humble_ws/src/VNAV_23/vnav_ws/build/tesse', 'catkin_cmake_args': None, 'catkin_skip_building_tests': False, 'cmake_args': None, 'cmake_clean_cache': False, 'cmake_clean_first': False, 'cmake_force_configure': False, 'cmake_target': None, 'cmake_target_skip_unavailable': False, 'install_base': '/home/aimane/humble_ws/src/VNAV_23/vnav_ws/install/tesse', 'merge_install': False, 'path': '/home/aimane/humble_ws/src/VNAV_23/vnav_ws/src/Lab3/tesse-interface', 'symlink_install': False, 'test_result_base': None}
[1.947s] Level 5:colcon.colcon_core.verb:set package 'tesse_msgs' build argument 'cmake_args' from command line to 'None'
[1.947s] Level 5:colcon.colcon_core.verb:set package 'tesse_msgs' build argument 'cmake_target' from command line to 'None'
[1.947s] Level 5:colcon.colcon_core.verb:set package 'tesse_msgs' build argument 'cmake_target_skip_unavailable' from command line to 'False'
[1.947s] Level 5:colcon.colcon_core.verb:set package 'tesse_msgs' build argument 'cmake_clean_cache' from command line to 'False'
[1.947s] Level 5:colcon.colcon_core.verb:set package 'tesse_msgs' build argument 'cmake_clean_first' from command line to 'False'
[1.947s] Level 5:colcon.colcon_core.verb:set package 'tesse_msgs' build argument 'cmake_force_configure' from command line to 'False'
[1.947s] Level 5:colcon.colcon_core.verb:set package 'tesse_msgs' build argument 'ament_cmake_args' from command line to 'None'
[1.947s] Level 5:colcon.colcon_core.verb:set package 'tesse_msgs' build argument 'catkin_cmake_args' from command line to 'None'
[1.947s] Level 5:colcon.colcon_core.verb:set package 'tesse_msgs' build argument 'catkin_skip_building_tests' from command line to 'False'
[1.948s] DEBUG:colcon.colcon_core.verb:Building package 'tesse_msgs' with the following arguments: {'ament_cmake_args': None, 'build_base': '/home/aimane/humble_ws/src/VNAV_23/vnav_ws/build/tesse_msgs', 'catkin_cmake_args': None, 'catkin_skip_building_tests': False, 'cmake_args': None, 'cmake_clean_cache': False, 'cmake_clean_first': False, 'cmake_force_configure': False, 'cmake_target': None, 'cmake_target_skip_unavailable': False, 'install_base': '/home/aimane/humble_ws/src/VNAV_23/vnav_ws/install/tesse_msgs', 'merge_install': False, 'path': '/home/aimane/humble_ws/src/VNAV_23/vnav_ws/src/Lab3/tesse_msgs', 'symlink_install': False, 'test_result_base': None}
[1.949s] Level 5:colcon.colcon_core.verb:set package 'tesse_ros_bridge' build argument 'cmake_args' from command line to 'None'
[1.949s] Level 5:colcon.colcon_core.verb:set package 'tesse_ros_bridge' build argument 'cmake_target' from command line to 'None'
[1.949s] Level 5:colcon.colcon_core.verb:set package 'tesse_ros_bridge' build argument 'cmake_target_skip_unavailable' from command line to 'False'
[1.949s] Level 5:colcon.colcon_core.verb:set package 'tesse_ros_bridge' build argument 'cmake_clean_cache' from command line to 'False'
[1.949s] Level 5:colcon.colcon_core.verb:set package 'tesse_ros_bridge' build argument 'cmake_clean_first' from command line to 'False'
[1.949s] Level 5:colcon.colcon_core.verb:set package 'tesse_ros_bridge' build argument 'cmake_force_configure' from command line to 'False'
[1.949s] Level 5:colcon.colcon_core.verb:set package 'tesse_ros_bridge' build argument 'ament_cmake_args' from command line to 'None'
[1.949s] Level 5:colcon.colcon_core.verb:set package 'tesse_ros_bridge' build argument 'catkin_cmake_args' from command line to 'None'
[1.949s] Level 5:colcon.colcon_core.verb:set package 'tesse_ros_bridge' build argument 'catkin_skip_building_tests' from command line to 'False'
[1.949s] DEBUG:colcon.colcon_core.verb:Building package 'tesse_ros_bridge' with the following arguments: {'ament_cmake_args': None, 'build_base': '/home/aimane/humble_ws/src/VNAV_23/vnav_ws/build/tesse_ros_bridge', 'catkin_cmake_args': None, 'catkin_skip_building_tests': False, 'cmake_args': None, 'cmake_clean_cache': False, 'cmake_clean_first': False, 'cmake_force_configure': False, 'cmake_target': None, 'cmake_target_skip_unavailable': False, 'install_base': '/home/aimane/humble_ws/src/VNAV_23/vnav_ws/install/tesse_ros_bridge', 'merge_install': False, 'path': '/home/aimane/humble_ws/src/VNAV_23/vnav_ws/src/Lab3/tesse_ros_bridge', 'symlink_install': False, 'test_result_base': None}
[1.950s] Level 5:colcon.colcon_core.verb:set package 'controller_pkg' build argument 'cmake_args' from command line to 'None'
[1.950s] Level 5:colcon.colcon_core.verb:set package 'controller_pkg' build argument 'cmake_target' from command line to 'None'
[1.950s] Level 5:colcon.colcon_core.verb:set package 'controller_pkg' build argument 'cmake_target_skip_unavailable' from command line to 'False'
[1.950s] Level 5:colcon.colcon_core.verb:set package 'controller_pkg' build argument 'cmake_clean_cache' from command line to 'False'
[1.950s] Level 5:colcon.colcon_core.verb:set package 'controller_pkg' build argument 'cmake_clean_first' from command line to 'False'
[1.950s] Level 5:colcon.colcon_core.verb:set package 'controller_pkg' build argument 'cmake_force_configure' from command line to 'False'
[1.950s] Level 5:colcon.colcon_core.verb:set package 'controller_pkg' build argument 'ament_cmake_args' from command line to 'None'
[1.951s] Level 5:colcon.colcon_core.verb:set package 'controller_pkg' build argument 'catkin_cmake_args' from command line to 'None'
[1.951s] Level 5:colcon.colcon_core.verb:set package 'controller_pkg' build argument 'catkin_skip_building_tests' from command line to 'False'
[1.951s] DEBUG:colcon.colcon_core.verb:Building package 'controller_pkg' with the following arguments: {'ament_cmake_args': None, 'build_base': '/home/aimane/humble_ws/src/VNAV_23/vnav_ws/build/controller_pkg', 'catkin_cmake_args': None, 'catkin_skip_building_tests': False, 'cmake_args': None, 'cmake_clean_cache': False, 'cmake_clean_first': False, 'cmake_force_configure': False, 'cmake_target': None, 'cmake_target_skip_unavailable': False, 'install_base': '/home/aimane/humble_ws/src/VNAV_23/vnav_ws/install/controller_pkg', 'merge_install': False, 'path': '/home/aimane/humble_ws/src/VNAV_23/vnav_ws/src/Lab3/controller_pkg', 'symlink_install': False, 'test_result_base': None}
[1.952s] Level 5:colcon.colcon_core.verb:set package 'mav_planning_msgs' build argument 'cmake_args' from command line to 'None'
[1.952s] Level 5:colcon.colcon_core.verb:set package 'mav_planning_msgs' build argument 'cmake_target' from command line to 'None'
[1.952s] Level 5:colcon.colcon_core.verb:set package 'mav_planning_msgs' build argument 'cmake_target_skip_unavailable' from command line to 'False'
[1.952s] Level 5:colcon.colcon_core.verb:set package 'mav_planning_msgs' build argument 'cmake_clean_cache' from command line to 'False'
[1.952s] Level 5:colcon.colcon_core.verb:set package 'mav_planning_msgs' build argument 'cmake_clean_first' from command line to 'False'
[1.952s] Level 5:colcon.colcon_core.verb:set package 'mav_planning_msgs' build argument 'cmake_force_configure' from command line to 'False'
[1.952s] Level 5:colcon.colcon_core.verb:set package 'mav_planning_msgs' build argument 'ament_cmake_args' from command line to 'None'
[1.952s] Level 5:colcon.colcon_core.verb:set package 'mav_planning_msgs' build argument 'catkin_cmake_args' from command line to 'None'
[1.952s] Level 5:colcon.colcon_core.verb:set package 'mav_planning_msgs' build argument 'catkin_skip_building_tests' from command line to 'False'
[1.952s] DEBUG:colcon.colcon_core.verb:Building package 'mav_planning_msgs' with the following arguments: {'ament_cmake_args': None, 'build_base': '/home/aimane/humble_ws/src/VNAV_23/vnav_ws/build/mav_planning_msgs', 'catkin_cmake_args': None, 'catkin_skip_building_tests': False, 'cmake_args': None, 'cmake_clean_cache': False, 'cmake_clean_first': False, 'cmake_force_configure': False, 'cmake_target': None, 'cmake_target_skip_unavailable': False, 'install_base': '/home/aimane/humble_ws/src/VNAV_23/vnav_ws/install/mav_planning_msgs', 'merge_install': False, 'path': '/home/aimane/humble_ws/src/VNAV_23/vnav_ws/src/mav_comm/mav_planning_msgs', 'symlink_install': False, 'test_result_base': None}
[1.953s] Level 5:colcon.colcon_core.verb:set package 'mav_comm' build argument 'cmake_args' from command line to 'None'
[1.954s] Level 5:colcon.colcon_core.verb:set package 'mav_comm' build argument 'cmake_target' from command line to 'None'
[1.954s] Level 5:colcon.colcon_core.verb:set package 'mav_comm' build argument 'cmake_target_skip_unavailable' from command line to 'False'
[1.954s] Level 5:colcon.colcon_core.verb:set package 'mav_comm' build argument 'cmake_clean_cache' from command line to 'False'
[1.954s] Level 5:colcon.colcon_core.verb:set package 'mav_comm' build argument 'cmake_clean_first' from command line to 'False'
[1.954s] Level 5:colcon.colcon_core.verb:set package 'mav_comm' build argument 'cmake_force_configure' from command line to 'False'
[1.954s] Level 5:colcon.colcon_core.verb:set package 'mav_comm' build argument 'ament_cmake_args' from command line to 'None'
[1.954s] Level 5:colcon.colcon_core.verb:set package 'mav_comm' build argument 'catkin_cmake_args' from command line to 'None'
[1.954s] Level 5:colcon.colcon_core.verb:set package 'mav_comm' build argument 'catkin_skip_building_tests' from command line to 'False'
[1.954s] DEBUG:colcon.colcon_core.verb:Building package 'mav_comm' with the following arguments: {'ament_cmake_args': None, 'build_base': '/home/aimane/humble_ws/src/VNAV_23/vnav_ws/build/mav_comm', 'catkin_cmake_args': None, 'catkin_skip_building_tests': False, 'cmake_args': None, 'cmake_clean_cache': False, 'cmake_clean_first': False, 'cmake_force_configure': False, 'cmake_target': None, 'cmake_target_skip_unavailable': False, 'install_base': '/home/aimane/humble_ws/src/VNAV_23/vnav_ws/install/mav_comm', 'merge_install': False, 'path': '/home/aimane/humble_ws/src/VNAV_23/vnav_ws/src/mav_comm/mav_comm', 'symlink_install': False, 'test_result_base': None}
[1.954s] INFO:colcon.colcon_core.executor:Executing jobs using 'parallel' executor
[1.958s] DEBUG:colcon.colcon_parallel_executor.executor.parallel:run_until_complete
[1.959s] INFO:colcon.colcon_ros.task.ament_cmake.build:Building ROS package in '/home/aimane/humble_ws/src/VNAV_23/vnav_ws/src/mav_comm/mav_msgs' with build type 'ament_cmake'
[1.959s] INFO:colcon.colcon_cmake.task.cmake.build:Building CMake package in '/home/aimane/humble_ws/src/VNAV_23/vnav_ws/src/mav_comm/mav_msgs'
[1.972s] INFO:colcon.colcon_core.plugin_system:Skipping extension 'colcon_core.shell.bat': Not used on non-Windows systems
[1.973s] INFO:colcon.colcon_core.shell:Skip shell extension 'powershell' for command environment: Not usable outside of PowerShell
[1.973s] DEBUG:colcon.colcon_core.shell:Skip shell extension 'dsv' for command environment
[1.992s] INFO:colcon.colcon_ros.task.ament_cmake.build:Building ROS package in '/home/aimane/humble_ws/src/VNAV_23/vnav_ws/src/mav_comm/mav_state_machine_msgs' with build type 'ament_cmake'
[1.992s] INFO:colcon.colcon_cmake.task.cmake.build:Building CMake package in '/home/aimane/humble_ws/src/VNAV_23/vnav_ws/src/mav_comm/mav_state_machine_msgs'
[1.993s] INFO:colcon.colcon_core.shell:Skip shell extension 'powershell' for command environment: Not usable outside of PowerShell
[1.994s] DEBUG:colcon.colcon_core.shell:Skip shell extension 'dsv' for command environment
[2.017s] INFO:colcon.colcon_ros.task.ament_cmake.build:Building ROS package in '/home/aimane/humble_ws/src/VNAV_23/vnav_ws/src/mav_comm/mav_system_msgs' with build type 'ament_cmake'
[2.017s] INFO:colcon.colcon_cmake.task.cmake.build:Building CMake package in '/home/aimane/humble_ws/src/VNAV_23/vnav_ws/src/mav_comm/mav_system_msgs'
[2.019s] INFO:colcon.colcon_core.shell:Skip shell extension 'powershell' for command environment: Not usable outside of PowerShell
[2.022s] DEBUG:colcon.colcon_core.shell:Skip shell extension 'dsv' for command environment
[2.050s] INFO:colcon.colcon_core.task.python.build:Building Python package in '/home/aimane/humble_ws/src/VNAV_23/vnav_ws/src/Lab3/tesse-interface'
[2.050s] INFO:colcon.colcon_core.shell:Skip shell extension 'powershell' for command environment: Not usable outside of PowerShell
[2.051s] DEBUG:colcon.colcon_core.shell:Skip shell extension 'dsv' for command environment
[2.094s] INFO:colcon.colcon_ros.task.ament_cmake.build:Building ROS package in '/home/aimane/humble_ws/src/VNAV_23/vnav_ws/src/Lab3/tesse_msgs' with build type 'ament_cmake'
[2.095s] INFO:colcon.colcon_cmake.task.cmake.build:Building CMake package in '/home/aimane/humble_ws/src/VNAV_23/vnav_ws/src/Lab3/tesse_msgs'
[2.095s] INFO:colcon.colcon_core.shell:Skip shell extension 'powershell' for command environment: Not usable outside of PowerShell
[2.095s] DEBUG:colcon.colcon_core.shell:Skip shell extension 'dsv' for command environment
[2.145s] INFO:colcon.colcon_ros.task.ament_python.build:Building ROS package in '/home/aimane/humble_ws/src/VNAV_23/vnav_ws/src/Lab3/tesse_ros_bridge' with build type 'ament_python'
[2.145s] Level 1:colcon.colcon_core.shell:create_environment_hook('tesse_ros_bridge', 'ament_prefix_path')
[2.145s] INFO:colcon.colcon_core.shell:Creating environment hook '/home/aimane/humble_ws/src/VNAV_23/vnav_ws/install/tesse_ros_bridge/share/tesse_ros_bridge/hook/ament_prefix_path.ps1'
[2.158s] INFO:colcon.colcon_core.shell:Creating environment descriptor '/home/aimane/humble_ws/src/VNAV_23/vnav_ws/install/tesse_ros_bridge/share/tesse_ros_bridge/hook/ament_prefix_path.dsv'
[2.159s] INFO:colcon.colcon_core.shell:Creating environment hook '/home/aimane/humble_ws/src/VNAV_23/vnav_ws/install/tesse_ros_bridge/share/tesse_ros_bridge/hook/ament_prefix_path.sh'
[2.171s] INFO:colcon.colcon_core.shell:Skip shell extension 'powershell' for command environment: Not usable outside of PowerShell
[2.171s] DEBUG:colcon.colcon_core.shell:Skip shell extension 'dsv' for command environment
[2.241s] DEBUG:colcon.colcon_core.event_handler.log_command:Invoking command in '/home/aimane/humble_ws/src/VNAV_23/vnav_ws/build/mav_msgs': CMAKE_PREFIX_PATH=${CMAKE_PREFIX_PATH}:/home/aimane/humble_ws/src/VNAV_23/vnav_ws/install/tesse_ros_bridge:/opt/ros/humble /usr/bin/cmake --build /home/aimane/humble_ws/src/VNAV_23/vnav_ws/build/mav_msgs -- -j8 -l8
[2.260s] DEBUG:colcon.colcon_core.event_handler.log_command:Invoking command in '/home/aimane/humble_ws/src/VNAV_23/vnav_ws/build/mav_state_machine_msgs': CMAKE_PREFIX_PATH=${CMAKE_PREFIX_PATH}:/home/aimane/humble_ws/src/VNAV_23/vnav_ws/install/tesse_ros_bridge:/opt/ros/humble /usr/bin/cmake --build /home/aimane/humble_ws/src/VNAV_23/vnav_ws/build/mav_state_machine_msgs -- -j8 -l8
[2.266s] DEBUG:colcon.colcon_core.event_handler.log_command:Invoking command in '/home/aimane/humble_ws/src/VNAV_23/vnav_ws/build/mav_system_msgs': CMAKE_PREFIX_PATH=${CMAKE_PREFIX_PATH}:/home/aimane/humble_ws/src/VNAV_23/vnav_ws/install/tesse_ros_bridge:/opt/ros/humble /usr/bin/cmake --build /home/aimane/humble_ws/src/VNAV_23/vnav_ws/build/mav_system_msgs -- -j8 -l8
[3.687s] DEBUG:colcon.colcon_core.event_handler.log_command:Invoking command in '/home/aimane/humble_ws/src/VNAV_23/vnav_ws/build/tesse_msgs': CMAKE_PREFIX_PATH=${CMAKE_PREFIX_PATH}:/home/aimane/humble_ws/src/VNAV_23/vnav_ws/install/tesse_ros_bridge:/opt/ros/humble /usr/bin/cmake --build /home/aimane/humble_ws/src/VNAV_23/vnav_ws/build/tesse_msgs -- -j8 -l8
[5.117s] INFO:colcon.colcon_core.task.python.build:Building Python package in '/home/aimane/humble_ws/src/VNAV_23/vnav_ws/src/Lab3/tesse_ros_bridge'
[5.118s] INFO:colcon.colcon_core.shell:Skip shell extension 'powershell' for command environment: Not usable outside of PowerShell
[5.119s] DEBUG:colcon.colcon_core.shell:Skip shell extension 'dsv' for command environment
[5.135s] DEBUG:colcon.colcon_core.event_handler.log_command:Invoked command in '/home/aimane/humble_ws/src/VNAV_23/vnav_ws/build/mav_state_machine_msgs' returned '0': CMAKE_PREFIX_PATH=${CMAKE_PREFIX_PATH}:/home/aimane/humble_ws/src/VNAV_23/vnav_ws/install/tesse_ros_bridge:/opt/ros/humble /usr/bin/cmake --build /home/aimane/humble_ws/src/VNAV_23/vnav_ws/build/mav_state_machine_msgs -- -j8 -l8
[5.191s] DEBUG:colcon.colcon_core.event_handler.log_command:Invoking command in '/home/aimane/humble_ws/src/VNAV_23/vnav_ws/build/mav_state_machine_msgs': CMAKE_PREFIX_PATH=${CMAKE_PREFIX_PATH}:/home/aimane/humble_ws/src/VNAV_23/vnav_ws/install/tesse_ros_bridge:/opt/ros/humble /usr/bin/cmake --install /home/aimane/humble_ws/src/VNAV_23/vnav_ws/build/mav_state_machine_msgs
[5.199s] DEBUG:colcon.colcon_core.event_handler.log_command:Invoked command in '/home/aimane/humble_ws/src/VNAV_23/vnav_ws/build/mav_system_msgs' returned '0': CMAKE_PREFIX_PATH=${CMAKE_PREFIX_PATH}:/home/aimane/humble_ws/src/VNAV_23/vnav_ws/install/tesse_ros_bridge:/opt/ros/humble /usr/bin/cmake --build /home/aimane/humble_ws/src/VNAV_23/vnav_ws/build/mav_system_msgs -- -j8 -l8
[5.199s] DEBUG:colcon.colcon_core.event_handler.log_command:Invoking command in '/home/aimane/humble_ws/src/VNAV_23/vnav_ws/build/mav_system_msgs': CMAKE_PREFIX_PATH=${CMAKE_PREFIX_PATH}:/home/aimane/humble_ws/src/VNAV_23/vnav_ws/install/tesse_ros_bridge:/opt/ros/humble /usr/bin/cmake --install /home/aimane/humble_ws/src/VNAV_23/vnav_ws/build/mav_system_msgs
[5.222s] DEBUG:colcon.colcon_core.event_handler.log_command:Invoking command in '/home/aimane/humble_ws/src/VNAV_23/vnav_ws/src/Lab3/tesse-interface': PYTHONPATH=/home/aimane/humble_ws/src/VNAV_23/vnav_ws/build/tesse/prefix_override:/usr/lib/python3/dist-packages/colcon_core/task/python/colcon_distutils_commands:/home/aimane/humble_ws/src/VNAV_23/vnav_ws/install/tesse/lib/python3.10/site-packages:${PYTHONPATH} /usr/bin/python3 -W ignore:setup.py install is deprecated -W ignore:easy_install command is deprecated setup.py egg_info --egg-base ../../../build/tesse build --build-base /home/aimane/humble_ws/src/VNAV_23/vnav_ws/build/tesse/build install --record /home/aimane/humble_ws/src/VNAV_23/vnav_ws/build/tesse/install.log --single-version-externally-managed
[5.352s] Level 1:colcon.colcon_core.environment:create_environment_scripts_only(mav_state_machine_msgs)
[5.381s] Level 1:colcon.colcon_core.environment:checking '/home/aimane/humble_ws/src/VNAV_23/vnav_ws/install/mav_state_machine_msgs' for CMake module files
[5.383s] Level 1:colcon.colcon_core.environment:checking '/home/aimane/humble_ws/src/VNAV_23/vnav_ws/install/mav_state_machine_msgs' for CMake config files
[5.387s] Level 1:colcon.colcon_core.shell:create_environment_hook('mav_state_machine_msgs', 'cmake_prefix_path')
[5.388s] INFO:colcon.colcon_core.shell:Creating environment hook '/home/aimane/humble_ws/src/VNAV_23/vnav_ws/install/mav_state_machine_msgs/share/mav_state_machine_msgs/hook/cmake_prefix_path.ps1'
[5.389s] INFO:colcon.colcon_core.shell:Creating environment descriptor '/home/aimane/humble_ws/src/VNAV_23/vnav_ws/install/mav_state_machine_msgs/share/mav_state_machine_msgs/hook/cmake_prefix_path.dsv'
[5.391s] DEBUG:colcon.colcon_core.event_handler.log_command:Invoked command in '/home/aimane/humble_ws/src/VNAV_23/vnav_ws/build/mav_state_machine_msgs' returned '0': CMAKE_PREFIX_PATH=${CMAKE_PREFIX_PATH}:/home/aimane/humble_ws/src/VNAV_23/vnav_ws/install/tesse_ros_bridge:/opt/ros/humble /usr/bin/cmake --install /home/aimane/humble_ws/src/VNAV_23/vnav_ws/build/mav_state_machine_msgs
[5.393s] INFO:colcon.colcon_core.shell:Creating environment hook '/home/aimane/humble_ws/src/VNAV_23/vnav_ws/install/mav_state_machine_msgs/share/mav_state_machine_msgs/hook/cmake_prefix_path.sh'
[5.395s] Level 1:colcon.colcon_core.environment:checking '/home/aimane/humble_ws/src/VNAV_23/vnav_ws/install/mav_state_machine_msgs/lib'
[5.395s] Level 1:colcon.colcon_core.shell:create_environment_hook('mav_state_machine_msgs', 'ld_library_path_lib')
[5.396s] INFO:colcon.colcon_core.shell:Creating environment hook '/home/aimane/humble_ws/src/VNAV_23/vnav_ws/install/mav_state_machine_msgs/share/mav_state_machine_msgs/hook/ld_library_path_lib.ps1'
[5.399s] INFO:colcon.colcon_core.shell:Creating environment descriptor '/home/aimane/humble_ws/src/VNAV_23/vnav_ws/install/mav_state_machine_msgs/share/mav_state_machine_msgs/hook/ld_library_path_lib.dsv'
[5.400s] INFO:colcon.colcon_core.shell:Creating environment hook '/home/aimane/humble_ws/src/VNAV_23/vnav_ws/install/mav_state_machine_msgs/share/mav_state_machine_msgs/hook/ld_library_path_lib.sh'
[5.401s] Level 1:colcon.colcon_core.environment:checking '/home/aimane/humble_ws/src/VNAV_23/vnav_ws/install/mav_state_machine_msgs/bin'
[5.401s] Level 1:colcon.colcon_core.environment:checking '/home/aimane/humble_ws/src/VNAV_23/vnav_ws/install/mav_state_machine_msgs/lib/pkgconfig/mav_state_machine_msgs.pc'
[5.401s] Level 1:colcon.colcon_core.environment:checking '/home/aimane/humble_ws/src/VNAV_23/vnav_ws/install/mav_state_machine_msgs/lib/python3.10/site-packages'
[5.403s] Level 1:colcon.colcon_core.environment:checking '/home/aimane/humble_ws/src/VNAV_23/vnav_ws/install/mav_state_machine_msgs/bin'
[5.403s] INFO:colcon.colcon_core.shell:Creating package script '/home/aimane/humble_ws/src/VNAV_23/vnav_ws/install/mav_state_machine_msgs/share/mav_state_machine_msgs/package.ps1'
[5.406s] INFO:colcon.colcon_core.shell:Creating package descriptor '/home/aimane/humble_ws/src/VNAV_23/vnav_ws/install/mav_state_machine_msgs/share/mav_state_machine_msgs/package.dsv'
[5.407s] INFO:colcon.colcon_core.shell:Creating package script '/home/aimane/humble_ws/src/VNAV_23/vnav_ws/install/mav_state_machine_msgs/share/mav_state_machine_msgs/package.sh'
[5.409s] INFO:colcon.colcon_core.shell:Creating package script '/home/aimane/humble_ws/src/VNAV_23/vnav_ws/install/mav_state_machine_msgs/share/mav_state_machine_msgs/package.bash'
[5.411s] INFO:colcon.colcon_core.shell:Creating package script '/home/aimane/humble_ws/src/VNAV_23/vnav_ws/install/mav_state_machine_msgs/share/mav_state_machine_msgs/package.zsh'
[5.414s] Level 1:colcon.colcon_core.environment:create_file_with_runtime_dependencies(/home/aimane/humble_ws/src/VNAV_23/vnav_ws/install/mav_state_machine_msgs/share/colcon-core/packages/mav_state_machine_msgs)
[5.415s] Level 1:colcon.colcon_core.environment:create_environment_scripts_only(mav_state_machine_msgs)
[5.416s] Level 1:colcon.colcon_core.environment:checking '/home/aimane/humble_ws/src/VNAV_23/vnav_ws/install/mav_state_machine_msgs' for CMake module files
[5.418s] Level 1:colcon.colcon_core.environment:checking '/home/aimane/humble_ws/src/VNAV_23/vnav_ws/install/mav_state_machine_msgs' for CMake config files
[5.419s] Level 1:colcon.colcon_core.shell:create_environment_hook('mav_state_machine_msgs', 'cmake_prefix_path')
[5.419s] INFO:colcon.colcon_core.shell:Creating environment hook '/home/aimane/humble_ws/src/VNAV_23/vnav_ws/install/mav_state_machine_msgs/share/mav_state_machine_msgs/hook/cmake_prefix_path.ps1'
[5.421s] INFO:colcon.colcon_core.shell:Creating environment descriptor '/home/aimane/humble_ws/src/VNAV_23/vnav_ws/install/mav_state_machine_msgs/share/mav_state_machine_msgs/hook/cmake_prefix_path.dsv'
[5.422s] INFO:colcon.colcon_core.shell:Creating environment hook '/home/aimane/humble_ws/src/VNAV_23/vnav_ws/install/mav_state_machine_msgs/share/mav_state_machine_msgs/hook/cmake_prefix_path.sh'
[5.423s] Level 1:colcon.colcon_core.environment:checking '/home/aimane/humble_ws/src/VNAV_23/vnav_ws/install/mav_state_machine_msgs/lib'
[5.423s] Level 1:colcon.colcon_core.shell:create_environment_hook('mav_state_machine_msgs', 'ld_library_path_lib')
[5.424s] INFO:colcon.colcon_core.shell:Creating environment hook '/home/aimane/humble_ws/src/VNAV_23/vnav_ws/install/mav_state_machine_msgs/share/mav_state_machine_msgs/hook/ld_library_path_lib.ps1'
[5.425s] INFO:colcon.colcon_core.shell:Creating environment descriptor '/home/aimane/humble_ws/src/VNAV_23/vnav_ws/install/mav_state_machine_msgs/share/mav_state_machine_msgs/hook/ld_library_path_lib.dsv'
[5.426s] INFO:colcon.colcon_core.shell:Creating environment hook '/home/aimane/humble_ws/src/VNAV_23/vnav_ws/install/mav_state_machine_msgs/share/mav_state_machine_msgs/hook/ld_library_path_lib.sh'
[5.427s] Level 1:colcon.colcon_core.environment:checking '/home/aimane/humble_ws/src/VNAV_23/vnav_ws/install/mav_state_machine_msgs/bin'
[5.427s] Level 1:colcon.colcon_core.environment:checking '/home/aimane/humble_ws/src/VNAV_23/vnav_ws/install/mav_state_machine_msgs/lib/pkgconfig/mav_state_machine_msgs.pc'
[5.428s] Level 1:colcon.colcon_core.environment:checking '/home/aimane/humble_ws/src/VNAV_23/vnav_ws/install/mav_state_machine_msgs/lib/python3.10/site-packages'
[5.429s] Level 1:colcon.colcon_core.environment:checking '/home/aimane/humble_ws/src/VNAV_23/vnav_ws/install/mav_state_machine_msgs/bin'
[5.430s] INFO:colcon.colcon_core.shell:Creating package script '/home/aimane/humble_ws/src/VNAV_23/vnav_ws/install/mav_state_machine_msgs/share/mav_state_machine_msgs/package.ps1'
[5.432s] INFO:colcon.colcon_core.shell:Creating package descriptor '/home/aimane/humble_ws/src/VNAV_23/vnav_ws/install/mav_state_machine_msgs/share/mav_state_machine_msgs/package.dsv'
[5.433s] INFO:colcon.colcon_core.shell:Creating package script '/home/aimane/humble_ws/src/VNAV_23/vnav_ws/install/mav_state_machine_msgs/share/mav_state_machine_msgs/package.sh'
[5.437s] INFO:colcon.colcon_core.shell:Creating package script '/home/aimane/humble_ws/src/VNAV_23/vnav_ws/install/mav_state_machine_msgs/share/mav_state_machine_msgs/package.bash'
[5.438s] INFO:colcon.colcon_core.shell:Creating package script '/home/aimane/humble_ws/src/VNAV_23/vnav_ws/install/mav_state_machine_msgs/share/mav_state_machine_msgs/package.zsh'
[5.439s] Level 1:colcon.colcon_core.environment:create_file_with_runtime_dependencies(/home/aimane/humble_ws/src/VNAV_23/vnav_ws/install/mav_state_machine_msgs/share/colcon-core/packages/mav_state_machine_msgs)
[5.446s] Level 1:colcon.colcon_core.environment:create_environment_scripts_only(mav_system_msgs)
[5.447s] DEBUG:colcon.colcon_core.event_handler.log_command:Invoked command in '/home/aimane/humble_ws/src/VNAV_23/vnav_ws/build/mav_system_msgs' returned '0': CMAKE_PREFIX_PATH=${CMAKE_PREFIX_PATH}:/home/aimane/humble_ws/src/VNAV_23/vnav_ws/install/tesse_ros_bridge:/opt/ros/humble /usr/bin/cmake --install /home/aimane/humble_ws/src/VNAV_23/vnav_ws/build/mav_system_msgs
[5.448s] Level 1:colcon.colcon_core.environment:checking '/home/aimane/humble_ws/src/VNAV_23/vnav_ws/install/mav_system_msgs' for CMake module files
[5.456s] Level 1:colcon.colcon_core.environment:checking '/home/aimane/humble_ws/src/VNAV_23/vnav_ws/install/mav_system_msgs' for CMake config files
[5.457s] Level 1:colcon.colcon_core.shell:create_environment_hook('mav_system_msgs', 'cmake_prefix_path')
[5.459s] INFO:colcon.colcon_core.shell:Creating environment hook '/home/aimane/humble_ws/src/VNAV_23/vnav_ws/install/mav_system_msgs/share/mav_system_msgs/hook/cmake_prefix_path.ps1'
[5.463s] INFO:colcon.colcon_core.shell:Creating environment descriptor '/home/aimane/humble_ws/src/VNAV_23/vnav_ws/install/mav_system_msgs/share/mav_system_msgs/hook/cmake_prefix_path.dsv'
[5.464s] INFO:colcon.colcon_core.shell:Creating environment hook '/home/aimane/humble_ws/src/VNAV_23/vnav_ws/install/mav_system_msgs/share/mav_system_msgs/hook/cmake_prefix_path.sh'
[5.466s] Level 1:colcon.colcon_core.environment:checking '/home/aimane/humble_ws/src/VNAV_23/vnav_ws/install/mav_system_msgs/lib'
[5.467s] Level 1:colcon.colcon_core.shell:create_environment_hook('mav_system_msgs', 'ld_library_path_lib')
[5.467s] INFO:colcon.colcon_core.shell:Creating environment hook '/home/aimane/humble_ws/src/VNAV_23/vnav_ws/install/mav_system_msgs/share/mav_system_msgs/hook/ld_library_path_lib.ps1'
[5.468s] INFO:colcon.colcon_core.shell:Creating environment descriptor '/home/aimane/humble_ws/src/VNAV_23/vnav_ws/install/mav_system_msgs/share/mav_system_msgs/hook/ld_library_path_lib.dsv'
[5.469s] INFO:colcon.colcon_core.shell:Creating environment hook '/home/aimane/humble_ws/src/VNAV_23/vnav_ws/install/mav_system_msgs/share/mav_system_msgs/hook/ld_library_path_lib.sh'
[5.471s] Level 1:colcon.colcon_core.environment:checking '/home/aimane/humble_ws/src/VNAV_23/vnav_ws/install/mav_system_msgs/bin'
[5.471s] Level 1:colcon.colcon_core.environment:checking '/home/aimane/humble_ws/src/VNAV_23/vnav_ws/install/mav_system_msgs/lib/pkgconfig/mav_system_msgs.pc'
[5.472s] Level 1:colcon.colcon_core.environment:checking '/home/aimane/humble_ws/src/VNAV_23/vnav_ws/install/mav_system_msgs/lib/python3.10/site-packages'
[5.473s] Level 1:colcon.colcon_core.environment:checking '/home/aimane/humble_ws/src/VNAV_23/vnav_ws/install/mav_system_msgs/bin'
[5.474s] INFO:colcon.colcon_core.shell:Creating package script '/home/aimane/humble_ws/src/VNAV_23/vnav_ws/install/mav_system_msgs/share/mav_system_msgs/package.ps1'
[5.476s] INFO:colcon.colcon_core.shell:Creating package descriptor '/home/aimane/humble_ws/src/VNAV_23/vnav_ws/install/mav_system_msgs/share/mav_system_msgs/package.dsv'
[5.477s] INFO:colcon.colcon_core.shell:Creating package script '/home/aimane/humble_ws/src/VNAV_23/vnav_ws/install/mav_system_msgs/share/mav_system_msgs/package.sh'
[5.478s] INFO:colcon.colcon_core.shell:Creating package script '/home/aimane/humble_ws/src/VNAV_23/vnav_ws/install/mav_system_msgs/share/mav_system_msgs/package.bash'
[5.479s] INFO:colcon.colcon_core.shell:Creating package script '/home/aimane/humble_ws/src/VNAV_23/vnav_ws/install/mav_system_msgs/share/mav_system_msgs/package.zsh'
[5.480s] Level 1:colcon.colcon_core.environment:create_file_with_runtime_dependencies(/home/aimane/humble_ws/src/VNAV_23/vnav_ws/install/mav_system_msgs/share/colcon-core/packages/mav_system_msgs)
[5.482s] Level 1:colcon.colcon_core.environment:create_environment_scripts_only(mav_system_msgs)
[5.482s] Level 1:colcon.colcon_core.environment:checking '/home/aimane/humble_ws/src/VNAV_23/vnav_ws/install/mav_system_msgs' for CMake module files
[5.484s] Level 1:colcon.colcon_core.environment:checking '/home/aimane/humble_ws/src/VNAV_23/vnav_ws/install/mav_system_msgs' for CMake config files
[5.485s] Level 1:colcon.colcon_core.shell:create_environment_hook('mav_system_msgs', 'cmake_prefix_path')
[5.486s] INFO:colcon.colcon_core.shell:Creating environment hook '/home/aimane/humble_ws/src/VNAV_23/vnav_ws/install/mav_system_msgs/share/mav_system_msgs/hook/cmake_prefix_path.ps1'
[5.487s] INFO:colcon.colcon_core.shell:Creating environment descriptor '/home/aimane/humble_ws/src/VNAV_23/vnav_ws/install/mav_system_msgs/share/mav_system_msgs/hook/cmake_prefix_path.dsv'
[5.488s] INFO:colcon.colcon_core.shell:Creating environment hook '/home/aimane/humble_ws/src/VNAV_23/vnav_ws/install/mav_system_msgs/share/mav_system_msgs/hook/cmake_prefix_path.sh'
[5.489s] Level 1:colcon.colcon_core.environment:checking '/home/aimane/humble_ws/src/VNAV_23/vnav_ws/install/mav_system_msgs/lib'
[5.489s] Level 1:colcon.colcon_core.shell:create_environment_hook('mav_system_msgs', 'ld_library_path_lib')
[5.490s] INFO:colcon.colcon_core.shell:Creating environment hook '/home/aimane/humble_ws/src/VNAV_23/vnav_ws/install/mav_system_msgs/share/mav_system_msgs/hook/ld_library_path_lib.ps1'
[5.491s] INFO:colcon.colcon_core.shell:Creating environment descriptor '/home/aimane/humble_ws/src/VNAV_23/vnav_ws/install/mav_system_msgs/share/mav_system_msgs/hook/ld_library_path_lib.dsv'
[5.492s] INFO:colcon.colcon_core.shell:Creating environment hook '/home/aimane/humble_ws/src/VNAV_23/vnav_ws/install/mav_system_msgs/share/mav_system_msgs/hook/ld_library_path_lib.sh'
[5.494s] Level 1:colcon.colcon_core.environment:checking '/home/aimane/humble_ws/src/VNAV_23/vnav_ws/install/mav_system_msgs/bin'
[5.494s] Level 1:colcon.colcon_core.environment:checking '/home/aimane/humble_ws/src/VNAV_23/vnav_ws/install/mav_system_msgs/lib/pkgconfig/mav_system_msgs.pc'
[5.495s] Level 1:colcon.colcon_core.environment:checking '/home/aimane/humble_ws/src/VNAV_23/vnav_ws/install/mav_system_msgs/lib/python3.10/site-packages'
[5.496s] Level 1:colcon.colcon_core.environment:checking '/home/aimane/humble_ws/src/VNAV_23/vnav_ws/install/mav_system_msgs/bin'
[5.497s] INFO:colcon.colcon_core.shell:Creating package script '/home/aimane/humble_ws/src/VNAV_23/vnav_ws/install/mav_system_msgs/share/mav_system_msgs/package.ps1'
[5.498s] INFO:colcon.colcon_core.shell:Creating package descriptor '/home/aimane/humble_ws/src/VNAV_23/vnav_ws/install/mav_system_msgs/share/mav_system_msgs/package.dsv'
[5.499s] INFO:colcon.colcon_core.shell:Creating package script '/home/aimane/humble_ws/src/VNAV_23/vnav_ws/install/mav_system_msgs/share/mav_system_msgs/package.sh'
[5.501s] INFO:colcon.colcon_core.shell:Creating package script '/home/aimane/humble_ws/src/VNAV_23/vnav_ws/install/mav_system_msgs/share/mav_system_msgs/package.bash'
[5.502s] INFO:colcon.colcon_core.shell:Creating package script '/home/aimane/humble_ws/src/VNAV_23/vnav_ws/install/mav_system_msgs/share/mav_system_msgs/package.zsh'
[5.503s] Level 1:colcon.colcon_core.environment:create_file_with_runtime_dependencies(/home/aimane/humble_ws/src/VNAV_23/vnav_ws/install/mav_system_msgs/share/colcon-core/packages/mav_system_msgs)
[5.550s] DEBUG:colcon.colcon_core.event_handler.log_command:Invoked command in '/home/aimane/humble_ws/src/VNAV_23/vnav_ws/build/mav_msgs' returned '0': CMAKE_PREFIX_PATH=${CMAKE_PREFIX_PATH}:/home/aimane/humble_ws/src/VNAV_23/vnav_ws/install/tesse_ros_bridge:/opt/ros/humble /usr/bin/cmake --build /home/aimane/humble_ws/src/VNAV_23/vnav_ws/build/mav_msgs -- -j8 -l8
[5.554s] DEBUG:colcon.colcon_core.event_handler.log_command:Invoking command in '/home/aimane/humble_ws/src/VNAV_23/vnav_ws/build/mav_msgs': CMAKE_PREFIX_PATH=${CMAKE_PREFIX_PATH}:/home/aimane/humble_ws/src/VNAV_23/vnav_ws/install/tesse_ros_bridge:/opt/ros/humble /usr/bin/cmake --install /home/aimane/humble_ws/src/VNAV_23/vnav_ws/build/mav_msgs
[6.015s] Level 1:colcon.colcon_core.environment:create_environment_scripts_only(mav_msgs)
[6.016s] Level 1:colcon.colcon_core.environment:checking '/home/aimane/humble_ws/src/VNAV_23/vnav_ws/install/mav_msgs' for CMake module files
[6.018s] DEBUG:colcon.colcon_core.event_handler.log_command:Invoked command in '/home/aimane/humble_ws/src/VNAV_23/vnav_ws/build/mav_msgs' returned '0': CMAKE_PREFIX_PATH=${CMAKE_PREFIX_PATH}:/home/aimane/humble_ws/src/VNAV_23/vnav_ws/install/tesse_ros_bridge:/opt/ros/humble /usr/bin/cmake --install /home/aimane/humble_ws/src/VNAV_23/vnav_ws/build/mav_msgs
[6.021s] Level 1:colcon.colcon_core.environment:checking '/home/aimane/humble_ws/src/VNAV_23/vnav_ws/install/mav_msgs' for CMake config files
[6.045s] Level 1:colcon.colcon_core.shell:create_environment_hook('mav_msgs', 'cmake_prefix_path')
[6.046s] INFO:colcon.colcon_core.shell:Creating environment hook '/home/aimane/humble_ws/src/VNAV_23/vnav_ws/install/mav_msgs/share/mav_msgs/hook/cmake_prefix_path.ps1'
[6.047s] INFO:colcon.colcon_core.shell:Creating environment descriptor '/home/aimane/humble_ws/src/VNAV_23/vnav_ws/install/mav_msgs/share/mav_msgs/hook/cmake_prefix_path.dsv'
[6.054s] INFO:colcon.colcon_core.shell:Creating environment hook '/home/aimane/humble_ws/src/VNAV_23/vnav_ws/install/mav_msgs/share/mav_msgs/hook/cmake_prefix_path.sh'
[6.056s] Level 1:colcon.colcon_core.environment:checking '/home/aimane/humble_ws/src/VNAV_23/vnav_ws/install/mav_msgs/lib'
[6.056s] Level 1:colcon.colcon_core.shell:create_environment_hook('mav_msgs', 'ld_library_path_lib')
[6.076s] INFO:colcon.colcon_core.shell:Creating environment hook '/home/aimane/humble_ws/src/VNAV_23/vnav_ws/install/mav_msgs/share/mav_msgs/hook/ld_library_path_lib.ps1'
[6.077s] INFO:colcon.colcon_core.shell:Creating environment descriptor '/home/aimane/humble_ws/src/VNAV_23/vnav_ws/install/mav_msgs/share/mav_msgs/hook/ld_library_path_lib.dsv'
[6.078s] INFO:colcon.colcon_core.shell:Creating environment hook '/home/aimane/humble_ws/src/VNAV_23/vnav_ws/install/mav_msgs/share/mav_msgs/hook/ld_library_path_lib.sh'
[6.082s] Level 1:colcon.colcon_core.environment:checking '/home/aimane/humble_ws/src/VNAV_23/vnav_ws/install/mav_msgs/bin'
[6.082s] Level 1:colcon.colcon_core.environment:checking '/home/aimane/humble_ws/src/VNAV_23/vnav_ws/install/mav_msgs/lib/pkgconfig/mav_msgs.pc'
[6.083s] Level 1:colcon.colcon_core.environment:checking '/home/aimane/humble_ws/src/VNAV_23/vnav_ws/install/mav_msgs/lib/python3.10/site-packages'
[6.087s] Level 1:colcon.colcon_core.environment:checking '/home/aimane/humble_ws/src/VNAV_23/vnav_ws/install/mav_msgs/bin'
[6.089s] INFO:colcon.colcon_core.shell:Creating package script '/home/aimane/humble_ws/src/VNAV_23/vnav_ws/install/mav_msgs/share/mav_msgs/package.ps1'
[6.093s] INFO:colcon.colcon_core.shell:Creating package descriptor '/home/aimane/humble_ws/src/VNAV_23/vnav_ws/install/mav_msgs/share/mav_msgs/package.dsv'
[6.097s] INFO:colcon.colcon_core.shell:Creating package script '/home/aimane/humble_ws/src/VNAV_23/vnav_ws/install/mav_msgs/share/mav_msgs/package.sh'
[6.098s] INFO:colcon.colcon_core.shell:Creating package script '/home/aimane/humble_ws/src/VNAV_23/vnav_ws/install/mav_msgs/share/mav_msgs/package.bash'
[6.102s] INFO:colcon.colcon_core.shell:Creating package script '/home/aimane/humble_ws/src/VNAV_23/vnav_ws/install/mav_msgs/share/mav_msgs/package.zsh'
[6.103s] Level 1:colcon.colcon_core.environment:create_file_with_runtime_dependencies(/home/aimane/humble_ws/src/VNAV_23/vnav_ws/install/mav_msgs/share/colcon-core/packages/mav_msgs)
[6.108s] Level 1:colcon.colcon_core.environment:create_environment_scripts_only(mav_msgs)
[6.109s] Level 1:colcon.colcon_core.environment:checking '/home/aimane/humble_ws/src/VNAV_23/vnav_ws/install/mav_msgs' for CMake module files
[6.114s] Level 1:colcon.colcon_core.environment:checking '/home/aimane/humble_ws/src/VNAV_23/vnav_ws/install/mav_msgs' for CMake config files
[6.116s] Level 1:colcon.colcon_core.shell:create_environment_hook('mav_msgs', 'cmake_prefix_path')
[6.135s] INFO:colcon.colcon_core.shell:Creating environment hook '/home/aimane/humble_ws/src/VNAV_23/vnav_ws/install/mav_msgs/share/mav_msgs/hook/cmake_prefix_path.ps1'
[6.138s] INFO:colcon.colcon_core.shell:Creating environment descriptor '/home/aimane/humble_ws/src/VNAV_23/vnav_ws/install/mav_msgs/share/mav_msgs/hook/cmake_prefix_path.dsv'
[6.139s] INFO:colcon.colcon_core.shell:Creating environment hook '/home/aimane/humble_ws/src/VNAV_23/vnav_ws/install/mav_msgs/share/mav_msgs/hook/cmake_prefix_path.sh'
[6.145s] Level 1:colcon.colcon_core.environment:checking '/home/aimane/humble_ws/src/VNAV_23/vnav_ws/install/mav_msgs/lib'
[6.145s] Level 1:colcon.colcon_core.shell:create_environment_hook('mav_msgs', 'ld_library_path_lib')
[6.146s] INFO:colcon.colcon_core.shell:Creating environment hook '/home/aimane/humble_ws/src/VNAV_23/vnav_ws/install/mav_msgs/share/mav_msgs/hook/ld_library_path_lib.ps1'
[6.153s] INFO:colcon.colcon_core.shell:Creating environment descriptor '/home/aimane/humble_ws/src/VNAV_23/vnav_ws/install/mav_msgs/share/mav_msgs/hook/ld_library_path_lib.dsv'
[6.155s] INFO:colcon.colcon_core.shell:Creating environment hook '/home/aimane/humble_ws/src/VNAV_23/vnav_ws/install/mav_msgs/share/mav_msgs/hook/ld_library_path_lib.sh'
[6.156s] Level 1:colcon.colcon_core.environment:checking '/home/aimane/humble_ws/src/VNAV_23/vnav_ws/install/mav_msgs/bin'
[6.156s] Level 1:colcon.colcon_core.environment:checking '/home/aimane/humble_ws/src/VNAV_23/vnav_ws/install/mav_msgs/lib/pkgconfig/mav_msgs.pc'
[6.157s] Level 1:colcon.colcon_core.environment:checking '/home/aimane/humble_ws/src/VNAV_23/vnav_ws/install/mav_msgs/lib/python3.10/site-packages'
[6.161s] Level 1:colcon.colcon_core.environment:checking '/home/aimane/humble_ws/src/VNAV_23/vnav_ws/install/mav_msgs/bin'
[6.162s] INFO:colcon.colcon_core.shell:Creating package script '/home/aimane/humble_ws/src/VNAV_23/vnav_ws/install/mav_msgs/share/mav_msgs/package.ps1'
[6.167s] INFO:colcon.colcon_core.shell:Creating package descriptor '/home/aimane/humble_ws/src/VNAV_23/vnav_ws/install/mav_msgs/share/mav_msgs/package.dsv'
[6.168s] INFO:colcon.colcon_core.shell:Creating package script '/home/aimane/humble_ws/src/VNAV_23/vnav_ws/install/mav_msgs/share/mav_msgs/package.sh'
[6.173s] INFO:colcon.colcon_core.shell:Creating package script '/home/aimane/humble_ws/src/VNAV_23/vnav_ws/install/mav_msgs/share/mav_msgs/package.bash'
[6.174s] INFO:colcon.colcon_core.shell:Creating package script '/home/aimane/humble_ws/src/VNAV_23/vnav_ws/install/mav_msgs/share/mav_msgs/package.zsh'
[6.179s] Level 1:colcon.colcon_core.environment:create_file_with_runtime_dependencies(/home/aimane/humble_ws/src/VNAV_23/vnav_ws/install/mav_msgs/share/colcon-core/packages/mav_msgs)
[6.181s] INFO:colcon.colcon_ros.task.ament_cmake.build:Building ROS package in '/home/aimane/humble_ws/src/VNAV_23/vnav_ws/src/mav_comm/mav_planning_msgs' with build type 'ament_cmake'
[6.182s] INFO:colcon.colcon_cmake.task.cmake.build:Building CMake package in '/home/aimane/humble_ws/src/VNAV_23/vnav_ws/src/mav_comm/mav_planning_msgs'
[6.182s] INFO:colcon.colcon_core.shell:Skip shell extension 'powershell' for command environment: Not usable outside of PowerShell
[6.182s] DEBUG:colcon.colcon_core.shell:Skip shell extension 'dsv' for command environment
[6.207s] INFO:colcon.colcon_ros.task.ament_cmake.build:Building ROS package in '/home/aimane/humble_ws/src/VNAV_23/vnav_ws/src/Lab3/controller_pkg' with build type 'ament_cmake'
[6.207s] INFO:colcon.colcon_cmake.task.cmake.build:Building CMake package in '/home/aimane/humble_ws/src/VNAV_23/vnav_ws/src/Lab3/controller_pkg'
[6.208s] INFO:colcon.colcon_core.shell:Skip shell extension 'powershell' for command environment: Not usable outside of PowerShell
[6.208s] DEBUG:colcon.colcon_core.shell:Skip shell extension 'dsv' for command environment
[6.248s] DEBUG:colcon.colcon_core.event_handler.log_command:Invoking command in '/home/aimane/humble_ws/src/VNAV_23/vnav_ws/build/mav_planning_msgs': CMAKE_PREFIX_PATH=/home/aimane/humble_ws/src/VNAV_23/vnav_ws/install/mav_msgs:/home/aimane/humble_ws/src/VNAV_23/vnav_ws/install/tesse_msgs:/home/aimane/humble_ws/src/VNAV_23/vnav_ws/install/mav_comm:/home/aimane/humble_ws/src/VNAV_23/vnav_ws/install/mav_system_msgs:/home/aimane/humble_ws/src/VNAV_23/vnav_ws/install/mav_state_machine_msgs:/home/aimane/humble_ws/src/VNAV_23/vnav_ws/install/mav_planning_msgs:/home/aimane/humble_ws/src/VNAV_23/vnav_ws/install/controller_pkg:/home/aimane/humble_ws/src/VNAV_23/vnav_ws/install/tesse_ros_bridge:/opt/ros/humble LD_LIBRARY_PATH=/home/aimane/humble_ws/src/VNAV_23/vnav_ws/install/mav_msgs/lib:/home/aimane/humble_ws/src/VNAV_23/vnav_ws/install/tesse_msgs/lib:/home/aimane/humble_ws/src/VNAV_23/vnav_ws/install/mav_system_msgs/lib:/home/aimane/humble_ws/src/VNAV_23/vnav_ws/install/mav_state_machine_msgs/lib:/home/aimane/humble_ws/src/VNAV_23/vnav_ws/install/mav_planning_msgs/lib:/opt/ros/humble/opt/rviz_ogre_vendor/lib:/opt/ros/humble/lib/x86_64-linux-gnu:/opt/ros/humble/lib /usr/bin/cmake --build /home/aimane/humble_ws/src/VNAV_23/vnav_ws/build/mav_planning_msgs -- -j8 -l8
[6.288s] DEBUG:colcon.colcon_core.event_handler.log_command:Invoking command in '/home/aimane/humble_ws/src/VNAV_23/vnav_ws/build/controller_pkg': CMAKE_PREFIX_PATH=/home/aimane/humble_ws/src/VNAV_23/vnav_ws/install/mav_msgs:/home/aimane/humble_ws/src/VNAV_23/vnav_ws/install/tesse_msgs:/home/aimane/humble_ws/src/VNAV_23/vnav_ws/install/mav_comm:/home/aimane/humble_ws/src/VNAV_23/vnav_ws/install/mav_system_msgs:/home/aimane/humble_ws/src/VNAV_23/vnav_ws/install/mav_state_machine_msgs:/home/aimane/humble_ws/src/VNAV_23/vnav_ws/install/mav_planning_msgs:/home/aimane/humble_ws/src/VNAV_23/vnav_ws/install/controller_pkg:/home/aimane/humble_ws/src/VNAV_23/vnav_ws/install/tesse_ros_bridge:/opt/ros/humble LD_LIBRARY_PATH=/home/aimane/humble_ws/src/VNAV_23/vnav_ws/install/mav_msgs/lib:/home/aimane/humble_ws/src/VNAV_23/vnav_ws/install/tesse_msgs/lib:/home/aimane/humble_ws/src/VNAV_23/vnav_ws/install/mav_system_msgs/lib:/home/aimane/humble_ws/src/VNAV_23/vnav_ws/install/mav_state_machine_msgs/lib:/home/aimane/humble_ws/src/VNAV_23/vnav_ws/install/mav_planning_msgs/lib:/opt/ros/humble/opt/rviz_ogre_vendor/lib:/opt/ros/humble/lib/x86_64-linux-gnu:/opt/ros/humble/lib /usr/bin/cmake --build /home/aimane/humble_ws/src/VNAV_23/vnav_ws/build/controller_pkg -- -j8 -l8
[6.527s] Level 1:colcon.colcon_core.environment:checking '/home/aimane/humble_ws/src/VNAV_23/vnav_ws/install/tesse' for CMake module files
[6.531s] DEBUG:colcon.colcon_core.event_handler.log_command:Invoked command in '/home/aimane/humble_ws/src/VNAV_23/vnav_ws/src/Lab3/tesse-interface' returned '0': PYTHONPATH=/home/aimane/humble_ws/src/VNAV_23/vnav_ws/build/tesse/prefix_override:/usr/lib/python3/dist-packages/colcon_core/task/python/colcon_distutils_commands:/home/aimane/humble_ws/src/VNAV_23/vnav_ws/install/tesse/lib/python3.10/site-packages:${PYTHONPATH} /usr/bin/python3 -W ignore:setup.py install is deprecated -W ignore:easy_install command is deprecated setup.py egg_info --egg-base ../../../build/tesse build --build-base /home/aimane/humble_ws/src/VNAV_23/vnav_ws/build/tesse/build install --record /home/aimane/humble_ws/src/VNAV_23/vnav_ws/build/tesse/install.log --single-version-externally-managed
[6.532s] Level 1:colcon.colcon_core.environment:checking '/home/aimane/humble_ws/src/VNAV_23/vnav_ws/install/tesse' for CMake config files
[6.537s] Level 1:colcon.colcon_core.environment:checking '/home/aimane/humble_ws/src/VNAV_23/vnav_ws/install/tesse/lib'
[6.537s] Level 1:colcon.colcon_core.environment:checking '/home/aimane/humble_ws/src/VNAV_23/vnav_ws/install/tesse/bin'
[6.540s] Level 1:colcon.colcon_core.environment:checking '/home/aimane/humble_ws/src/VNAV_23/vnav_ws/install/tesse/lib/pkgconfig/tesse.pc'
[6.540s] Level 1:colcon.colcon_core.environment:checking '/home/aimane/humble_ws/src/VNAV_23/vnav_ws/install/tesse/lib/python3.10/site-packages'
[6.541s] Level 1:colcon.colcon_core.shell:create_environment_hook('tesse', 'pythonpath')
[6.541s] INFO:colcon.colcon_core.shell:Creating environment hook '/home/aimane/humble_ws/src/VNAV_23/vnav_ws/install/tesse/share/tesse/hook/pythonpath.ps1'
[6.542s] INFO:colcon.colcon_core.shell:Creating environment descriptor '/home/aimane/humble_ws/src/VNAV_23/vnav_ws/install/tesse/share/tesse/hook/pythonpath.dsv'
[6.549s] INFO:colcon.colcon_core.shell:Creating environment hook '/home/aimane/humble_ws/src/VNAV_23/vnav_ws/install/tesse/share/tesse/hook/pythonpath.sh'
[6.551s] Level 1:colcon.colcon_core.environment:checking '/home/aimane/humble_ws/src/VNAV_23/vnav_ws/install/tesse/bin'
[6.558s] Level 1:colcon.colcon_core.environment:create_environment_scripts_only(tesse)
[6.558s] INFO:colcon.colcon_core.shell:Creating package script '/home/aimane/humble_ws/src/VNAV_23/vnav_ws/install/tesse/share/tesse/package.ps1'
[6.559s] INFO:colcon.colcon_core.shell:Creating package descriptor '/home/aimane/humble_ws/src/VNAV_23/vnav_ws/install/tesse/share/tesse/package.dsv'
[6.560s] INFO:colcon.colcon_core.shell:Creating package script '/home/aimane/humble_ws/src/VNAV_23/vnav_ws/install/tesse/share/tesse/package.sh'
[6.567s] INFO:colcon.colcon_core.shell:Creating package script '/home/aimane/humble_ws/src/VNAV_23/vnav_ws/install/tesse/share/tesse/package.bash'
[6.568s] INFO:colcon.colcon_core.shell:Creating package script '/home/aimane/humble_ws/src/VNAV_23/vnav_ws/install/tesse/share/tesse/package.zsh'
[6.576s] Level 1:colcon.colcon_core.environment:create_file_with_runtime_dependencies(/home/aimane/humble_ws/src/VNAV_23/vnav_ws/install/tesse/share/colcon-core/packages/tesse)
[6.776s] DEBUG:colcon.colcon_core.event_handler.log_command:Invoking command in '/home/aimane/humble_ws/src/VNAV_23/vnav_ws/src/Lab3/tesse_ros_bridge': PYTHONPATH=/home/aimane/humble_ws/src/VNAV_23/vnav_ws/build/tesse_ros_bridge/prefix_override:/usr/lib/python3/dist-packages/colcon_core/task/python/colcon_distutils_commands:/home/aimane/humble_ws/src/VNAV_23/vnav_ws/install/tesse_ros_bridge/lib/python3.10/site-packages:${PYTHONPATH} /usr/bin/python3 -W ignore:setup.py install is deprecated -W ignore:easy_install command is deprecated setup.py egg_info --egg-base ../../../build/tesse_ros_bridge build --build-base /home/aimane/humble_ws/src/VNAV_23/vnav_ws/build/tesse_ros_bridge/build install --record /home/aimane/humble_ws/src/VNAV_23/vnav_ws/build/tesse_ros_bridge/install.log --single-version-externally-managed install_data
[6.793s] DEBUG:colcon.colcon_core.event_handler.log_command:Invoked command in '/home/aimane/humble_ws/src/VNAV_23/vnav_ws/build/controller_pkg' returned '0': CMAKE_PREFIX_PATH=/home/aimane/humble_ws/src/VNAV_23/vnav_ws/install/mav_msgs:/home/aimane/humble_ws/src/VNAV_23/vnav_ws/install/tesse_msgs:/home/aimane/humble_ws/src/VNAV_23/vnav_ws/install/mav_comm:/home/aimane/humble_ws/src/VNAV_23/vnav_ws/install/mav_system_msgs:/home/aimane/humble_ws/src/VNAV_23/vnav_ws/install/mav_state_machine_msgs:/home/aimane/humble_ws/src/VNAV_23/vnav_ws/install/mav_planning_msgs:/home/aimane/humble_ws/src/VNAV_23/vnav_ws/install/controller_pkg:/home/aimane/humble_ws/src/VNAV_23/vnav_ws/install/tesse_ros_bridge:/opt/ros/humble LD_LIBRARY_PATH=/home/aimane/humble_ws/src/VNAV_23/vnav_ws/install/mav_msgs/lib:/home/aimane/humble_ws/src/VNAV_23/vnav_ws/install/tesse_msgs/lib:/home/aimane/humble_ws/src/VNAV_23/vnav_ws/install/mav_system_msgs/lib:/home/aimane/humble_ws/src/VNAV_23/vnav_ws/install/mav_state_machine_msgs/lib:/home/aimane/humble_ws/src/VNAV_23/vnav_ws/install/mav_planning_msgs/lib:/opt/ros/humble/opt/rviz_ogre_vendor/lib:/opt/ros/humble/lib/x86_64-linux-gnu:/opt/ros/humble/lib /usr/bin/cmake --build /home/aimane/humble_ws/src/VNAV_23/vnav_ws/build/controller_pkg -- -j8 -l8
[6.794s] DEBUG:colcon.colcon_core.event_handler.log_command:Invoking command in '/home/aimane/humble_ws/src/VNAV_23/vnav_ws/build/controller_pkg': CMAKE_PREFIX_PATH=/home/aimane/humble_ws/src/VNAV_23/vnav_ws/install/mav_msgs:/home/aimane/humble_ws/src/VNAV_23/vnav_ws/install/tesse_msgs:/home/aimane/humble_ws/src/VNAV_23/vnav_ws/install/mav_comm:/home/aimane/humble_ws/src/VNAV_23/vnav_ws/install/mav_system_msgs:/home/aimane/humble_ws/src/VNAV_23/vnav_ws/install/mav_state_machine_msgs:/home/aimane/humble_ws/src/VNAV_23/vnav_ws/install/mav_planning_msgs:/home/aimane/humble_ws/src/VNAV_23/vnav_ws/install/controller_pkg:/home/aimane/humble_ws/src/VNAV_23/vnav_ws/install/tesse_ros_bridge:/opt/ros/humble LD_LIBRARY_PATH=/home/aimane/humble_ws/src/VNAV_23/vnav_ws/install/mav_msgs/lib:/home/aimane/humble_ws/src/VNAV_23/vnav_ws/install/tesse_msgs/lib:/home/aimane/humble_ws/src/VNAV_23/vnav_ws/install/mav_system_msgs/lib:/home/aimane/humble_ws/src/VNAV_23/vnav_ws/install/mav_state_machine_msgs/lib:/home/aimane/humble_ws/src/VNAV_23/vnav_ws/install/mav_planning_msgs/lib:/opt/ros/humble/opt/rviz_ogre_vendor/lib:/opt/ros/humble/lib/x86_64-linux-gnu:/opt/ros/humble/lib /usr/bin/cmake --install /home/aimane/humble_ws/src/VNAV_23/vnav_ws/build/controller_pkg
[6.855s] Level 1:colcon.colcon_core.environment:create_environment_scripts_only(controller_pkg)
[6.856s] Level 1:colcon.colcon_core.environment:checking '/home/aimane/humble_ws/src/VNAV_23/vnav_ws/install/controller_pkg' for CMake module files
[6.858s] Level 1:colcon.colcon_core.environment:checking '/home/aimane/humble_ws/src/VNAV_23/vnav_ws/install/controller_pkg' for CMake config files
[6.861s] DEBUG:colcon.colcon_core.event_handler.log_command:Invoked command in '/home/aimane/humble_ws/src/VNAV_23/vnav_ws/build/controller_pkg' returned '0': CMAKE_PREFIX_PATH=/home/aimane/humble_ws/src/VNAV_23/vnav_ws/install/mav_msgs:/home/aimane/humble_ws/src/VNAV_23/vnav_ws/install/tesse_msgs:/home/aimane/humble_ws/src/VNAV_23/vnav_ws/install/mav_comm:/home/aimane/humble_ws/src/VNAV_23/vnav_ws/install/mav_system_msgs:/home/aimane/humble_ws/src/VNAV_23/vnav_ws/install/mav_state_machine_msgs:/home/aimane/humble_ws/src/VNAV_23/vnav_ws/install/mav_planning_msgs:/home/aimane/humble_ws/src/VNAV_23/vnav_ws/install/controller_pkg:/home/aimane/humble_ws/src/VNAV_23/vnav_ws/install/tesse_ros_bridge:/opt/ros/humble LD_LIBRARY_PATH=/home/aimane/humble_ws/src/VNAV_23/vnav_ws/install/mav_msgs/lib:/home/aimane/humble_ws/src/VNAV_23/vnav_ws/install/tesse_msgs/lib:/home/aimane/humble_ws/src/VNAV_23/vnav_ws/install/mav_system_msgs/lib:/home/aimane/humble_ws/src/VNAV_23/vnav_ws/install/mav_state_machine_msgs/lib:/home/aimane/humble_ws/src/VNAV_23/vnav_ws/install/mav_planning_msgs/lib:/opt/ros/humble/opt/rviz_ogre_vendor/lib:/opt/ros/humble/lib/x86_64-linux-gnu:/opt/ros/humble/lib /usr/bin/cmake --install /home/aimane/humble_ws/src/VNAV_23/vnav_ws/build/controller_pkg
[6.862s] Level 1:colcon.colcon_core.shell:create_environment_hook('controller_pkg', 'cmake_prefix_path')
[6.862s] INFO:colcon.colcon_core.shell:Creating environment hook '/home/aimane/humble_ws/src/VNAV_23/vnav_ws/install/controller_pkg/share/controller_pkg/hook/cmake_prefix_path.ps1'
[6.866s] INFO:colcon.colcon_core.shell:Creating environment descriptor '/home/aimane/humble_ws/src/VNAV_23/vnav_ws/install/controller_pkg/share/controller_pkg/hook/cmake_prefix_path.dsv'
[6.868s] INFO:colcon.colcon_core.shell:Creating environment hook '/home/aimane/humble_ws/src/VNAV_23/vnav_ws/install/controller_pkg/share/controller_pkg/hook/cmake_prefix_path.sh'
[6.872s] Level 1:colcon.colcon_core.environment:checking '/home/aimane/humble_ws/src/VNAV_23/vnav_ws/install/controller_pkg/lib'
[6.873s] Level 1:colcon.colcon_core.environment:checking '/home/aimane/humble_ws/src/VNAV_23/vnav_ws/install/controller_pkg/bin'
[6.873s] Level 1:colcon.colcon_core.environment:checking '/home/aimane/humble_ws/src/VNAV_23/vnav_ws/install/controller_pkg/lib/pkgconfig/controller_pkg.pc'
[6.875s] Level 1:colcon.colcon_core.environment:checking '/home/aimane/humble_ws/src/VNAV_23/vnav_ws/install/controller_pkg/lib/python3.10/site-packages'
[6.877s] Level 1:colcon.colcon_core.environment:checking '/home/aimane/humble_ws/src/VNAV_23/vnav_ws/install/controller_pkg/bin'
[6.879s] INFO:colcon.colcon_core.shell:Creating package script '/home/aimane/humble_ws/src/VNAV_23/vnav_ws/install/controller_pkg/share/controller_pkg/package.ps1'
[6.883s] INFO:colcon.colcon_core.shell:Creating package descriptor '/home/aimane/humble_ws/src/VNAV_23/vnav_ws/install/controller_pkg/share/controller_pkg/package.dsv'
[6.886s] INFO:colcon.colcon_core.shell:Creating package script '/home/aimane/humble_ws/src/VNAV_23/vnav_ws/install/controller_pkg/share/controller_pkg/package.sh'
[6.889s] INFO:colcon.colcon_core.shell:Creating package script '/home/aimane/humble_ws/src/VNAV_23/vnav_ws/install/controller_pkg/share/controller_pkg/package.bash'
[6.892s] INFO:colcon.colcon_core.shell:Creating package script '/home/aimane/humble_ws/src/VNAV_23/vnav_ws/install/controller_pkg/share/controller_pkg/package.zsh'
[6.894s] Level 1:colcon.colcon_core.environment:create_file_with_runtime_dependencies(/home/aimane/humble_ws/src/VNAV_23/vnav_ws/install/controller_pkg/share/colcon-core/packages/controller_pkg)
[6.896s] Level 1:colcon.colcon_core.environment:create_environment_scripts_only(controller_pkg)
[6.898s] Level 1:colcon.colcon_core.environment:checking '/home/aimane/humble_ws/src/VNAV_23/vnav_ws/install/controller_pkg' for CMake module files
[6.901s] Level 1:colcon.colcon_core.environment:checking '/home/aimane/humble_ws/src/VNAV_23/vnav_ws/install/controller_pkg' for CMake config files
[6.904s] Level 1:colcon.colcon_core.shell:create_environment_hook('controller_pkg', 'cmake_prefix_path')
[6.905s] INFO:colcon.colcon_core.shell:Creating environment hook '/home/aimane/humble_ws/src/VNAV_23/vnav_ws/install/controller_pkg/share/controller_pkg/hook/cmake_prefix_path.ps1'
[6.907s] INFO:colcon.colcon_core.shell:Creating environment descriptor '/home/aimane/humble_ws/src/VNAV_23/vnav_ws/install/controller_pkg/share/controller_pkg/hook/cmake_prefix_path.dsv'
[6.910s] INFO:colcon.colcon_core.shell:Creating environment hook '/home/aimane/humble_ws/src/VNAV_23/vnav_ws/install/controller_pkg/share/controller_pkg/hook/cmake_prefix_path.sh'
[6.913s] Level 1:colcon.colcon_core.environment:checking '/home/aimane/humble_ws/src/VNAV_23/vnav_ws/install/controller_pkg/lib'
[6.914s] Level 1:colcon.colcon_core.environment:checking '/home/aimane/humble_ws/src/VNAV_23/vnav_ws/install/controller_pkg/bin'
[6.914s] Level 1:colcon.colcon_core.environment:checking '/home/aimane/humble_ws/src/VNAV_23/vnav_ws/install/controller_pkg/lib/pkgconfig/controller_pkg.pc'
[6.917s] Level 1:colcon.colcon_core.environment:checking '/home/aimane/humble_ws/src/VNAV_23/vnav_ws/install/controller_pkg/lib/python3.10/site-packages'
[6.919s] Level 1:colcon.colcon_core.environment:checking '/home/aimane/humble_ws/src/VNAV_23/vnav_ws/install/controller_pkg/bin'
[6.921s] INFO:colcon.colcon_core.shell:Creating package script '/home/aimane/humble_ws/src/VNAV_23/vnav_ws/install/controller_pkg/share/controller_pkg/package.ps1'
[6.924s] INFO:colcon.colcon_core.shell:Creating package descriptor '/home/aimane/humble_ws/src/VNAV_23/vnav_ws/install/controller_pkg/share/controller_pkg/package.dsv'
[6.926s] INFO:colcon.colcon_core.shell:Creating package script '/home/aimane/humble_ws/src/VNAV_23/vnav_ws/install/controller_pkg/share/controller_pkg/package.sh'
[6.930s] INFO:colcon.colcon_core.shell:Creating package script '/home/aimane/humble_ws/src/VNAV_23/vnav_ws/install/controller_pkg/share/controller_pkg/package.bash'
[6.932s] INFO:colcon.colcon_core.shell:Creating package script '/home/aimane/humble_ws/src/VNAV_23/vnav_ws/install/controller_pkg/share/controller_pkg/package.zsh'
[6.934s] Level 1:colcon.colcon_core.environment:create_file_with_runtime_dependencies(/home/aimane/humble_ws/src/VNAV_23/vnav_ws/install/controller_pkg/share/colcon-core/packages/controller_pkg)
[7.346s] DEBUG:colcon.colcon_core.event_handler.log_command:Invoked command in '/home/aimane/humble_ws/src/VNAV_23/vnav_ws/build/tesse_msgs' returned '0': CMAKE_PREFIX_PATH=${CMAKE_PREFIX_PATH}:/home/aimane/humble_ws/src/VNAV_23/vnav_ws/install/tesse_ros_bridge:/opt/ros/humble /usr/bin/cmake --build /home/aimane/humble_ws/src/VNAV_23/vnav_ws/build/tesse_msgs -- -j8 -l8
[7.350s] DEBUG:colcon.colcon_core.event_handler.log_command:Invoking command in '/home/aimane/humble_ws/src/VNAV_23/vnav_ws/build/tesse_msgs': CMAKE_PREFIX_PATH=${CMAKE_PREFIX_PATH}:/home/aimane/humble_ws/src/VNAV_23/vnav_ws/install/tesse_ros_bridge:/opt/ros/humble /usr/bin/cmake --install /home/aimane/humble_ws/src/VNAV_23/vnav_ws/build/tesse_msgs
[7.715s] Level 1:colcon.colcon_core.environment:create_environment_scripts_only(tesse_msgs)
[7.716s] Level 1:colcon.colcon_core.environment:checking '/home/aimane/humble_ws/src/VNAV_23/vnav_ws/install/tesse_msgs' for CMake module files
[7.718s] Level 1:colcon.colcon_core.environment:checking '/home/aimane/humble_ws/src/VNAV_23/vnav_ws/install/tesse_msgs' for CMake config files
[7.719s] DEBUG:colcon.colcon_core.event_handler.log_command:Invoked command in '/home/aimane/humble_ws/src/VNAV_23/vnav_ws/build/tesse_msgs' returned '0': CMAKE_PREFIX_PATH=${CMAKE_PREFIX_PATH}:/home/aimane/humble_ws/src/VNAV_23/vnav_ws/install/tesse_ros_bridge:/opt/ros/humble /usr/bin/cmake --install /home/aimane/humble_ws/src/VNAV_23/vnav_ws/build/tesse_msgs
[7.720s] Level 1:colcon.colcon_core.shell:create_environment_hook('tesse_msgs', 'cmake_prefix_path')
[7.721s] INFO:colcon.colcon_core.shell:Creating environment hook '/home/aimane/humble_ws/src/VNAV_23/vnav_ws/install/tesse_msgs/share/tesse_msgs/hook/cmake_prefix_path.ps1'
[7.723s] INFO:colcon.colcon_core.shell:Creating environment descriptor '/home/aimane/humble_ws/src/VNAV_23/vnav_ws/install/tesse_msgs/share/tesse_msgs/hook/cmake_prefix_path.dsv'
[7.724s] INFO:colcon.colcon_core.shell:Creating environment hook '/home/aimane/humble_ws/src/VNAV_23/vnav_ws/install/tesse_msgs/share/tesse_msgs/hook/cmake_prefix_path.sh'
[7.727s] Level 1:colcon.colcon_core.environment:checking '/home/aimane/humble_ws/src/VNAV_23/vnav_ws/install/tesse_msgs/lib'
[7.727s] Level 1:colcon.colcon_core.shell:create_environment_hook('tesse_msgs', 'ld_library_path_lib')
[7.728s] INFO:colcon.colcon_core.shell:Creating environment hook '/home/aimane/humble_ws/src/VNAV_23/vnav_ws/install/tesse_msgs/share/tesse_msgs/hook/ld_library_path_lib.ps1'
[7.730s] INFO:colcon.colcon_core.shell:Creating environment descriptor '/home/aimane/humble_ws/src/VNAV_23/vnav_ws/install/tesse_msgs/share/tesse_msgs/hook/ld_library_path_lib.dsv'
[7.731s] INFO:colcon.colcon_core.shell:Creating environment hook '/home/aimane/humble_ws/src/VNAV_23/vnav_ws/install/tesse_msgs/share/tesse_msgs/hook/ld_library_path_lib.sh'
[7.732s] Level 1:colcon.colcon_core.environment:checking '/home/aimane/humble_ws/src/VNAV_23/vnav_ws/install/tesse_msgs/bin'
[7.733s] Level 1:colcon.colcon_core.environment:checking '/home/aimane/humble_ws/src/VNAV_23/vnav_ws/install/tesse_msgs/lib/pkgconfig/tesse_msgs.pc'
[7.733s] Level 1:colcon.colcon_core.environment:checking '/home/aimane/humble_ws/src/VNAV_23/vnav_ws/install/tesse_msgs/lib/python3.10/site-packages'
[7.735s] Level 1:colcon.colcon_core.environment:checking '/home/aimane/humble_ws/src/VNAV_23/vnav_ws/install/tesse_msgs/bin'
[7.736s] INFO:colcon.colcon_core.shell:Creating package script '/home/aimane/humble_ws/src/VNAV_23/vnav_ws/install/tesse_msgs/share/tesse_msgs/package.ps1'
[7.737s] INFO:colcon.colcon_core.shell:Creating package descriptor '/home/aimane/humble_ws/src/VNAV_23/vnav_ws/install/tesse_msgs/share/tesse_msgs/package.dsv'
[7.738s] INFO:colcon.colcon_core.shell:Creating package script '/home/aimane/humble_ws/src/VNAV_23/vnav_ws/install/tesse_msgs/share/tesse_msgs/package.sh'
[7.739s] INFO:colcon.colcon_core.shell:Creating package script '/home/aimane/humble_ws/src/VNAV_23/vnav_ws/install/tesse_msgs/share/tesse_msgs/package.bash'
[7.740s] INFO:colcon.colcon_core.shell:Creating package script '/home/aimane/humble_ws/src/VNAV_23/vnav_ws/install/tesse_msgs/share/tesse_msgs/package.zsh'
[7.741s] Level 1:colcon.colcon_core.environment:create_file_with_runtime_dependencies(/home/aimane/humble_ws/src/VNAV_23/vnav_ws/install/tesse_msgs/share/colcon-core/packages/tesse_msgs)
[7.743s] Level 1:colcon.colcon_core.environment:create_environment_scripts_only(tesse_msgs)
[7.743s] Level 1:colcon.colcon_core.environment:checking '/home/aimane/humble_ws/src/VNAV_23/vnav_ws/install/tesse_msgs' for CMake module files
[7.746s] Level 1:colcon.colcon_core.environment:checking '/home/aimane/humble_ws/src/VNAV_23/vnav_ws/install/tesse_msgs' for CMake config files
[7.747s] Level 1:colcon.colcon_core.shell:create_environment_hook('tesse_msgs', 'cmake_prefix_path')
[7.748s] INFO:colcon.colcon_core.shell:Creating environment hook '/home/aimane/humble_ws/src/VNAV_23/vnav_ws/install/tesse_msgs/share/tesse_msgs/hook/cmake_prefix_path.ps1'
[7.749s] INFO:colcon.colcon_core.shell:Creating environment descriptor '/home/aimane/humble_ws/src/VNAV_23/vnav_ws/install/tesse_msgs/share/tesse_msgs/hook/cmake_prefix_path.dsv'
[7.750s] INFO:colcon.colcon_core.shell:Creating environment hook '/home/aimane/humble_ws/src/VNAV_23/vnav_ws/install/tesse_msgs/share/tesse_msgs/hook/cmake_prefix_path.sh'
[7.751s] Level 1:colcon.colcon_core.environment:checking '/home/aimane/humble_ws/src/VNAV_23/vnav_ws/install/tesse_msgs/lib'
[7.752s] Level 1:colcon.colcon_core.shell:create_environment_hook('tesse_msgs', 'ld_library_path_lib')
[7.752s] INFO:colcon.colcon_core.shell:Creating environment hook '/home/aimane/humble_ws/src/VNAV_23/vnav_ws/install/tesse_msgs/share/tesse_msgs/hook/ld_library_path_lib.ps1'
[7.753s] INFO:colcon.colcon_core.shell:Creating environment descriptor '/home/aimane/humble_ws/src/VNAV_23/vnav_ws/install/tesse_msgs/share/tesse_msgs/hook/ld_library_path_lib.dsv'
[7.754s] INFO:colcon.colcon_core.shell:Creating environment hook '/home/aimane/humble_ws/src/VNAV_23/vnav_ws/install/tesse_msgs/share/tesse_msgs/hook/ld_library_path_lib.sh'
[7.755s] Level 1:colcon.colcon_core.environment:checking '/home/aimane/humble_ws/src/VNAV_23/vnav_ws/install/tesse_msgs/bin'
[7.755s] Level 1:colcon.colcon_core.environment:checking '/home/aimane/humble_ws/src/VNAV_23/vnav_ws/install/tesse_msgs/lib/pkgconfig/tesse_msgs.pc'
[7.756s] Level 1:colcon.colcon_core.environment:checking '/home/aimane/humble_ws/src/VNAV_23/vnav_ws/install/tesse_msgs/lib/python3.10/site-packages'
[7.757s] Level 1:colcon.colcon_core.environment:checking '/home/aimane/humble_ws/src/VNAV_23/vnav_ws/install/tesse_msgs/bin'
[7.758s] INFO:colcon.colcon_core.shell:Creating package script '/home/aimane/humble_ws/src/VNAV_23/vnav_ws/install/tesse_msgs/share/tesse_msgs/package.ps1'
[7.760s] INFO:colcon.colcon_core.shell:Creating package descriptor '/home/aimane/humble_ws/src/VNAV_23/vnav_ws/install/tesse_msgs/share/tesse_msgs/package.dsv'
[7.762s] INFO:colcon.colcon_core.shell:Creating package script '/home/aimane/humble_ws/src/VNAV_23/vnav_ws/install/tesse_msgs/share/tesse_msgs/package.sh'
[7.764s] INFO:colcon.colcon_core.shell:Creating package script '/home/aimane/humble_ws/src/VNAV_23/vnav_ws/install/tesse_msgs/share/tesse_msgs/package.bash'
[7.765s] INFO:colcon.colcon_core.shell:Creating package script '/home/aimane/humble_ws/src/VNAV_23/vnav_ws/install/tesse_msgs/share/tesse_msgs/package.zsh'
[7.766s] Level 1:colcon.colcon_core.environment:create_file_with_runtime_dependencies(/home/aimane/humble_ws/src/VNAV_23/vnav_ws/install/tesse_msgs/share/colcon-core/packages/tesse_msgs)
[8.048s] Level 1:colcon.colcon_core.environment:checking '/home/aimane/humble_ws/src/VNAV_23/vnav_ws/install/tesse_ros_bridge' for CMake module files
[8.049s] DEBUG:colcon.colcon_core.event_handler.log_command:Invoked command in '/home/aimane/humble_ws/src/VNAV_23/vnav_ws/src/Lab3/tesse_ros_bridge' returned '0': PYTHONPATH=/home/aimane/humble_ws/src/VNAV_23/vnav_ws/build/tesse_ros_bridge/prefix_override:/usr/lib/python3/dist-packages/colcon_core/task/python/colcon_distutils_commands:/home/aimane/humble_ws/src/VNAV_23/vnav_ws/install/tesse_ros_bridge/lib/python3.10/site-packages:${PYTHONPATH} /usr/bin/python3 -W ignore:setup.py install is deprecated -W ignore:easy_install command is deprecated setup.py egg_info --egg-base ../../../build/tesse_ros_bridge build --build-base /home/aimane/humble_ws/src/VNAV_23/vnav_ws/build/tesse_ros_bridge/build install --record /home/aimane/humble_ws/src/VNAV_23/vnav_ws/build/tesse_ros_bridge/install.log --single-version-externally-managed install_data
[8.051s] Level 1:colcon.colcon_core.environment:checking '/home/aimane/humble_ws/src/VNAV_23/vnav_ws/install/tesse_ros_bridge' for CMake config files
[8.053s] Level 1:colcon.colcon_core.environment:checking '/home/aimane/humble_ws/src/VNAV_23/vnav_ws/install/tesse_ros_bridge/lib'
[8.053s] Level 1:colcon.colcon_core.environment:checking '/home/aimane/humble_ws/src/VNAV_23/vnav_ws/install/tesse_ros_bridge/bin'
[8.053s] Level 1:colcon.colcon_core.environment:checking '/home/aimane/humble_ws/src/VNAV_23/vnav_ws/install/tesse_ros_bridge/lib/pkgconfig/tesse_ros_bridge.pc'
[8.054s] Level 1:colcon.colcon_core.environment:checking '/home/aimane/humble_ws/src/VNAV_23/vnav_ws/install/tesse_ros_bridge/lib/python3.10/site-packages'
[8.054s] Level 1:colcon.colcon_core.shell:create_environment_hook('tesse_ros_bridge', 'pythonpath')
[8.055s] INFO:colcon.colcon_core.shell:Creating environment hook '/home/aimane/humble_ws/src/VNAV_23/vnav_ws/install/tesse_ros_bridge/share/tesse_ros_bridge/hook/pythonpath.ps1'
[8.056s] INFO:colcon.colcon_core.shell:Creating environment descriptor '/home/aimane/humble_ws/src/VNAV_23/vnav_ws/install/tesse_ros_bridge/share/tesse_ros_bridge/hook/pythonpath.dsv'
[8.057s] INFO:colcon.colcon_core.shell:Creating environment hook '/home/aimane/humble_ws/src/VNAV_23/vnav_ws/install/tesse_ros_bridge/share/tesse_ros_bridge/hook/pythonpath.sh'
[8.059s] Level 1:colcon.colcon_core.environment:checking '/home/aimane/humble_ws/src/VNAV_23/vnav_ws/install/tesse_ros_bridge/bin'
[8.062s] Level 1:colcon.colcon_core.environment:create_environment_scripts_only(tesse_ros_bridge)
[8.065s] INFO:colcon.colcon_core.shell:Creating package script '/home/aimane/humble_ws/src/VNAV_23/vnav_ws/install/tesse_ros_bridge/share/tesse_ros_bridge/package.ps1'
[8.067s] INFO:colcon.colcon_core.shell:Creating package descriptor '/home/aimane/humble_ws/src/VNAV_23/vnav_ws/install/tesse_ros_bridge/share/tesse_ros_bridge/package.dsv'
[8.069s] INFO:colcon.colcon_core.shell:Creating package script '/home/aimane/humble_ws/src/VNAV_23/vnav_ws/install/tesse_ros_bridge/share/tesse_ros_bridge/package.sh'
[8.076s] INFO:colcon.colcon_core.shell:Creating package script '/home/aimane/humble_ws/src/VNAV_23/vnav_ws/install/tesse_ros_bridge/share/tesse_ros_bridge/package.bash'
[8.077s] INFO:colcon.colcon_core.shell:Creating package script '/home/aimane/humble_ws/src/VNAV_23/vnav_ws/install/tesse_ros_bridge/share/tesse_ros_bridge/package.zsh'
[8.079s] Level 1:colcon.colcon_core.environment:create_file_with_runtime_dependencies(/home/aimane/humble_ws/src/VNAV_23/vnav_ws/install/tesse_ros_bridge/share/colcon-core/packages/tesse_ros_bridge)
[9.620s] DEBUG:colcon.colcon_core.event_handler.log_command:Invoked command in '/home/aimane/humble_ws/src/VNAV_23/vnav_ws/build/mav_planning_msgs' returned '0': CMAKE_PREFIX_PATH=/home/aimane/humble_ws/src/VNAV_23/vnav_ws/install/mav_msgs:/home/aimane/humble_ws/src/VNAV_23/vnav_ws/install/tesse_msgs:/home/aimane/humble_ws/src/VNAV_23/vnav_ws/install/mav_comm:/home/aimane/humble_ws/src/VNAV_23/vnav_ws/install/mav_system_msgs:/home/aimane/humble_ws/src/VNAV_23/vnav_ws/install/mav_state_machine_msgs:/home/aimane/humble_ws/src/VNAV_23/vnav_ws/install/mav_planning_msgs:/home/aimane/humble_ws/src/VNAV_23/vnav_ws/install/controller_pkg:/home/aimane/humble_ws/src/VNAV_23/vnav_ws/install/tesse_ros_bridge:/opt/ros/humble LD_LIBRARY_PATH=/home/aimane/humble_ws/src/VNAV_23/vnav_ws/install/mav_msgs/lib:/home/aimane/humble_ws/src/VNAV_23/vnav_ws/install/tesse_msgs/lib:/home/aimane/humble_ws/src/VNAV_23/vnav_ws/install/mav_system_msgs/lib:/home/aimane/humble_ws/src/VNAV_23/vnav_ws/install/mav_state_machine_msgs/lib:/home/aimane/humble_ws/src/VNAV_23/vnav_ws/install/mav_planning_msgs/lib:/opt/ros/humble/opt/rviz_ogre_vendor/lib:/opt/ros/humble/lib/x86_64-linux-gnu:/opt/ros/humble/lib /usr/bin/cmake --build /home/aimane/humble_ws/src/VNAV_23/vnav_ws/build/mav_planning_msgs -- -j8 -l8
[9.621s] DEBUG:colcon.colcon_core.event_handler.log_command:Invoking command in '/home/aimane/humble_ws/src/VNAV_23/vnav_ws/build/mav_planning_msgs': CMAKE_PREFIX_PATH=/home/aimane/humble_ws/src/VNAV_23/vnav_ws/install/mav_msgs:/home/aimane/humble_ws/src/VNAV_23/vnav_ws/install/tesse_msgs:/home/aimane/humble_ws/src/VNAV_23/vnav_ws/install/mav_comm:/home/aimane/humble_ws/src/VNAV_23/vnav_ws/install/mav_system_msgs:/home/aimane/humble_ws/src/VNAV_23/vnav_ws/install/mav_state_machine_msgs:/home/aimane/humble_ws/src/VNAV_23/vnav_ws/install/mav_planning_msgs:/home/aimane/humble_ws/src/VNAV_23/vnav_ws/install/controller_pkg:/home/aimane/humble_ws/src/VNAV_23/vnav_ws/install/tesse_ros_bridge:/opt/ros/humble LD_LIBRARY_PATH=/home/aimane/humble_ws/src/VNAV_23/vnav_ws/install/mav_msgs/lib:/home/aimane/humble_ws/src/VNAV_23/vnav_ws/install/tesse_msgs/lib:/home/aimane/humble_ws/src/VNAV_23/vnav_ws/install/mav_system_msgs/lib:/home/aimane/humble_ws/src/VNAV_23/vnav_ws/install/mav_state_machine_msgs/lib:/home/aimane/humble_ws/src/VNAV_23/vnav_ws/install/mav_planning_msgs/lib:/opt/ros/humble/opt/rviz_ogre_vendor/lib:/opt/ros/humble/lib/x86_64-linux-gnu:/opt/ros/humble/lib /usr/bin/cmake --install /home/aimane/humble_ws/src/VNAV_23/vnav_ws/build/mav_planning_msgs
[9.933s] Level 1:colcon.colcon_core.environment:create_environment_scripts_only(mav_planning_msgs)
[9.934s] Level 1:colcon.colcon_core.environment:checking '/home/aimane/humble_ws/src/VNAV_23/vnav_ws/install/mav_planning_msgs' for CMake module files
[9.936s] Level 1:colcon.colcon_core.environment:checking '/home/aimane/humble_ws/src/VNAV_23/vnav_ws/install/mav_planning_msgs' for CMake config files
[9.937s] DEBUG:colcon.colcon_core.event_handler.log_command:Invoked command in '/home/aimane/humble_ws/src/VNAV_23/vnav_ws/build/mav_planning_msgs' returned '0': CMAKE_PREFIX_PATH=/home/aimane/humble_ws/src/VNAV_23/vnav_ws/install/mav_msgs:/home/aimane/humble_ws/src/VNAV_23/vnav_ws/install/tesse_msgs:/home/aimane/humble_ws/src/VNAV_23/vnav_ws/install/mav_comm:/home/aimane/humble_ws/src/VNAV_23/vnav_ws/install/mav_system_msgs:/home/aimane/humble_ws/src/VNAV_23/vnav_ws/install/mav_state_machine_msgs:/home/aimane/humble_ws/src/VNAV_23/vnav_ws/install/mav_planning_msgs:/home/aimane/humble_ws/src/VNAV_23/vnav_ws/install/controller_pkg:/home/aimane/humble_ws/src/VNAV_23/vnav_ws/install/tesse_ros_bridge:/opt/ros/humble LD_LIBRARY_PATH=/home/aimane/humble_ws/src/VNAV_23/vnav_ws/install/mav_msgs/lib:/home/aimane/humble_ws/src/VNAV_23/vnav_ws/install/tesse_msgs/lib:/home/aimane/humble_ws/src/VNAV_23/vnav_ws/install/mav_system_msgs/lib:/home/aimane/humble_ws/src/VNAV_23/vnav_ws/install/mav_state_machine_msgs/lib:/home/aimane/humble_ws/src/VNAV_23/vnav_ws/install/mav_planning_msgs/lib:/opt/ros/humble/opt/rviz_ogre_vendor/lib:/opt/ros/humble/lib/x86_64-linux-gnu:/opt/ros/humble/lib /usr/bin/cmake --install /home/aimane/humble_ws/src/VNAV_23/vnav_ws/build/mav_planning_msgs
[9.942s] Level 1:colcon.colcon_core.shell:create_environment_hook('mav_planning_msgs', 'cmake_prefix_path')
[9.943s] INFO:colcon.colcon_core.shell:Creating environment hook '/home/aimane/humble_ws/src/VNAV_23/vnav_ws/install/mav_planning_msgs/share/mav_planning_msgs/hook/cmake_prefix_path.ps1'
[9.948s] INFO:colcon.colcon_core.shell:Creating environment descriptor '/home/aimane/humble_ws/src/VNAV_23/vnav_ws/install/mav_planning_msgs/share/mav_planning_msgs/hook/cmake_prefix_path.dsv'
[9.949s] INFO:colcon.colcon_core.shell:Creating environment hook '/home/aimane/humble_ws/src/VNAV_23/vnav_ws/install/mav_planning_msgs/share/mav_planning_msgs/hook/cmake_prefix_path.sh'
[9.954s] Level 1:colcon.colcon_core.environment:checking '/home/aimane/humble_ws/src/VNAV_23/vnav_ws/install/mav_planning_msgs/lib'
[9.954s] Level 1:colcon.colcon_core.shell:create_environment_hook('mav_planning_msgs', 'ld_library_path_lib')
[9.955s] INFO:colcon.colcon_core.shell:Creating environment hook '/home/aimane/humble_ws/src/VNAV_23/vnav_ws/install/mav_planning_msgs/share/mav_planning_msgs/hook/ld_library_path_lib.ps1'
[9.959s] INFO:colcon.colcon_core.shell:Creating environment descriptor '/home/aimane/humble_ws/src/VNAV_23/vnav_ws/install/mav_planning_msgs/share/mav_planning_msgs/hook/ld_library_path_lib.dsv'
[9.960s] INFO:colcon.colcon_core.shell:Creating environment hook '/home/aimane/humble_ws/src/VNAV_23/vnav_ws/install/mav_planning_msgs/share/mav_planning_msgs/hook/ld_library_path_lib.sh'
[9.961s] Level 1:colcon.colcon_core.environment:checking '/home/aimane/humble_ws/src/VNAV_23/vnav_ws/install/mav_planning_msgs/bin'
[9.961s] Level 1:colcon.colcon_core.environment:checking '/home/aimane/humble_ws/src/VNAV_23/vnav_ws/install/mav_planning_msgs/lib/pkgconfig/mav_planning_msgs.pc'
[9.965s] Level 1:colcon.colcon_core.environment:checking '/home/aimane/humble_ws/src/VNAV_23/vnav_ws/install/mav_planning_msgs/lib/python3.10/site-packages'
[9.966s] Level 1:colcon.colcon_core.environment:checking '/home/aimane/humble_ws/src/VNAV_23/vnav_ws/install/mav_planning_msgs/bin'
[9.972s] INFO:colcon.colcon_core.shell:Creating package script '/home/aimane/humble_ws/src/VNAV_23/vnav_ws/install/mav_planning_msgs/share/mav_planning_msgs/package.ps1'
[9.973s] INFO:colcon.colcon_core.shell:Creating package descriptor '/home/aimane/humble_ws/src/VNAV_23/vnav_ws/install/mav_planning_msgs/share/mav_planning_msgs/package.dsv'
[9.978s] INFO:colcon.colcon_core.shell:Creating package script '/home/aimane/humble_ws/src/VNAV_23/vnav_ws/install/mav_planning_msgs/share/mav_planning_msgs/package.sh'
[9.979s] INFO:colcon.colcon_core.shell:Creating package script '/home/aimane/humble_ws/src/VNAV_23/vnav_ws/install/mav_planning_msgs/share/mav_planning_msgs/package.bash'
[9.980s] INFO:colcon.colcon_core.shell:Creating package script '/home/aimane/humble_ws/src/VNAV_23/vnav_ws/install/mav_planning_msgs/share/mav_planning_msgs/package.zsh'
[9.990s] Level 1:colcon.colcon_core.environment:create_file_with_runtime_dependencies(/home/aimane/humble_ws/src/VNAV_23/vnav_ws/install/mav_planning_msgs/share/colcon-core/packages/mav_planning_msgs)
[9.997s] Level 1:colcon.colcon_core.environment:create_environment_scripts_only(mav_planning_msgs)
[9.998s] Level 1:colcon.colcon_core.environment:checking '/home/aimane/humble_ws/src/VNAV_23/vnav_ws/install/mav_planning_msgs' for CMake module files
[10.006s] Level 1:colcon.colcon_core.environment:checking '/home/aimane/humble_ws/src/VNAV_23/vnav_ws/install/mav_planning_msgs' for CMake config files
[10.014s] Level 1:colcon.colcon_core.shell:create_environment_hook('mav_planning_msgs', 'cmake_prefix_path')
[10.014s] INFO:colcon.colcon_core.shell:Creating environment hook '/home/aimane/humble_ws/src/VNAV_23/vnav_ws/install/mav_planning_msgs/share/mav_planning_msgs/hook/cmake_prefix_path.ps1'
[10.020s] INFO:colcon.colcon_core.shell:Creating environment descriptor '/home/aimane/humble_ws/src/VNAV_23/vnav_ws/install/mav_planning_msgs/share/mav_planning_msgs/hook/cmake_prefix_path.dsv'
[10.022s] INFO:colcon.colcon_core.shell:Creating environment hook '/home/aimane/humble_ws/src/VNAV_23/vnav_ws/install/mav_planning_msgs/share/mav_planning_msgs/hook/cmake_prefix_path.sh'
[10.027s] Level 1:colcon.colcon_core.environment:checking '/home/aimane/humble_ws/src/VNAV_23/vnav_ws/install/mav_planning_msgs/lib'
[10.029s] Level 1:colcon.colcon_core.shell:create_environment_hook('mav_planning_msgs', 'ld_library_path_lib')
[10.030s] INFO:colcon.colcon_core.shell:Creating environment hook '/home/aimane/humble_ws/src/VNAV_23/vnav_ws/install/mav_planning_msgs/share/mav_planning_msgs/hook/ld_library_path_lib.ps1'
[10.033s] INFO:colcon.colcon_core.shell:Creating environment descriptor '/home/aimane/humble_ws/src/VNAV_23/vnav_ws/install/mav_planning_msgs/share/mav_planning_msgs/hook/ld_library_path_lib.dsv'
[10.039s] INFO:colcon.colcon_core.shell:Creating environment hook '/home/aimane/humble_ws/src/VNAV_23/vnav_ws/install/mav_planning_msgs/share/mav_planning_msgs/hook/ld_library_path_lib.sh'
[10.040s] Level 1:colcon.colcon_core.environment:checking '/home/aimane/humble_ws/src/VNAV_23/vnav_ws/install/mav_planning_msgs/bin'
[10.040s] Level 1:colcon.colcon_core.environment:checking '/home/aimane/humble_ws/src/VNAV_23/vnav_ws/install/mav_planning_msgs/lib/pkgconfig/mav_planning_msgs.pc'
[10.041s] Level 1:colcon.colcon_core.environment:checking '/home/aimane/humble_ws/src/VNAV_23/vnav_ws/install/mav_planning_msgs/lib/python3.10/site-packages'
[10.042s] Level 1:colcon.colcon_core.environment:checking '/home/aimane/humble_ws/src/VNAV_23/vnav_ws/install/mav_planning_msgs/bin'
[10.043s] INFO:colcon.colcon_core.shell:Creating package script '/home/aimane/humble_ws/src/VNAV_23/vnav_ws/install/mav_planning_msgs/share/mav_planning_msgs/package.ps1'
[10.045s] INFO:colcon.colcon_core.shell:Creating package descriptor '/home/aimane/humble_ws/src/VNAV_23/vnav_ws/install/mav_planning_msgs/share/mav_planning_msgs/package.dsv'
[10.047s] INFO:colcon.colcon_core.shell:Creating package script '/home/aimane/humble_ws/src/VNAV_23/vnav_ws/install/mav_planning_msgs/share/mav_planning_msgs/package.sh'
[10.048s] INFO:colcon.colcon_core.shell:Creating package script '/home/aimane/humble_ws/src/VNAV_23/vnav_ws/install/mav_planning_msgs/share/mav_planning_msgs/package.bash'
[10.050s] INFO:colcon.colcon_core.shell:Creating package script '/home/aimane/humble_ws/src/VNAV_23/vnav_ws/install/mav_planning_msgs/share/mav_planning_msgs/package.zsh'
[10.051s] Level 1:colcon.colcon_core.environment:create_file_with_runtime_dependencies(/home/aimane/humble_ws/src/VNAV_23/vnav_ws/install/mav_planning_msgs/share/colcon-core/packages/mav_planning_msgs)
[10.053s] INFO:colcon.colcon_ros.task.ament_cmake.build:Building ROS package in '/home/aimane/humble_ws/src/VNAV_23/vnav_ws/src/mav_comm/mav_comm' with build type 'ament_cmake'
[10.053s] INFO:colcon.colcon_cmake.task.cmake.build:Building CMake package in '/home/aimane/humble_ws/src/VNAV_23/vnav_ws/src/mav_comm/mav_comm'
[10.054s] INFO:colcon.colcon_core.shell:Skip shell extension 'powershell' for command environment: Not usable outside of PowerShell
[10.054s] DEBUG:colcon.colcon_core.shell:Skip shell extension 'dsv' for command environment
[10.134s] DEBUG:colcon.colcon_core.event_handler.log_command:Invoking command in '/home/aimane/humble_ws/src/VNAV_23/vnav_ws/build/mav_comm': CMAKE_PREFIX_PATH=/home/aimane/humble_ws/src/VNAV_23/vnav_ws/install/mav_planning_msgs:/home/aimane/humble_ws/src/VNAV_23/vnav_ws/install/mav_system_msgs:/home/aimane/humble_ws/src/VNAV_23/vnav_ws/install/mav_state_machine_msgs:/home/aimane/humble_ws/src/VNAV_23/vnav_ws/install/mav_msgs:/home/aimane/humble_ws/src/VNAV_23/vnav_ws/install/tesse_msgs:/home/aimane/humble_ws/src/VNAV_23/vnav_ws/install/mav_comm:/home/aimane/humble_ws/src/VNAV_23/vnav_ws/install/controller_pkg:/home/aimane/humble_ws/src/VNAV_23/vnav_ws/install/tesse_ros_bridge:/opt/ros/humble LD_LIBRARY_PATH=/home/aimane/humble_ws/src/VNAV_23/vnav_ws/install/mav_planning_msgs/lib:/home/aimane/humble_ws/src/VNAV_23/vnav_ws/install/mav_system_msgs/lib:/home/aimane/humble_ws/src/VNAV_23/vnav_ws/install/mav_state_machine_msgs/lib:/home/aimane/humble_ws/src/VNAV_23/vnav_ws/install/mav_msgs/lib:/home/aimane/humble_ws/src/VNAV_23/vnav_ws/install/tesse_msgs/lib:/opt/ros/humble/opt/rviz_ogre_vendor/lib:/opt/ros/humble/lib/x86_64-linux-gnu:/opt/ros/humble/lib /usr/bin/cmake --build /home/aimane/humble_ws/src/VNAV_23/vnav_ws/build/mav_comm -- -j8 -l8
[10.340s] DEBUG:colcon.colcon_core.event_handler.log_command:Invoked command in '/home/aimane/humble_ws/src/VNAV_23/vnav_ws/build/mav_comm' returned '0': CMAKE_PREFIX_PATH=/home/aimane/humble_ws/src/VNAV_23/vnav_ws/install/mav_planning_msgs:/home/aimane/humble_ws/src/VNAV_23/vnav_ws/install/mav_system_msgs:/home/aimane/humble_ws/src/VNAV_23/vnav_ws/install/mav_state_machine_msgs:/home/aimane/humble_ws/src/VNAV_23/vnav_ws/install/mav_msgs:/home/aimane/humble_ws/src/VNAV_23/vnav_ws/install/tesse_msgs:/home/aimane/humble_ws/src/VNAV_23/vnav_ws/install/mav_comm:/home/aimane/humble_ws/src/VNAV_23/vnav_ws/install/controller_pkg:/home/aimane/humble_ws/src/VNAV_23/vnav_ws/install/tesse_ros_bridge:/opt/ros/humble LD_LIBRARY_PATH=/home/aimane/humble_ws/src/VNAV_23/vnav_ws/install/mav_planning_msgs/lib:/home/aimane/humble_ws/src/VNAV_23/vnav_ws/install/mav_system_msgs/lib:/home/aimane/humble_ws/src/VNAV_23/vnav_ws/install/mav_state_machine_msgs/lib:/home/aimane/humble_ws/src/VNAV_23/vnav_ws/install/mav_msgs/lib:/home/aimane/humble_ws/src/VNAV_23/vnav_ws/install/tesse_msgs/lib:/opt/ros/humble/opt/rviz_ogre_vendor/lib:/opt/ros/humble/lib/x86_64-linux-gnu:/opt/ros/humble/lib /usr/bin/cmake --build /home/aimane/humble_ws/src/VNAV_23/vnav_ws/build/mav_comm -- -j8 -l8
[10.346s] DEBUG:colcon.colcon_core.event_handler.log_command:Invoking command in '/home/aimane/humble_ws/src/VNAV_23/vnav_ws/build/mav_comm': CMAKE_PREFIX_PATH=/home/aimane/humble_ws/src/VNAV_23/vnav_ws/install/mav_planning_msgs:/home/aimane/humble_ws/src/VNAV_23/vnav_ws/install/mav_system_msgs:/home/aimane/humble_ws/src/VNAV_23/vnav_ws/install/mav_state_machine_msgs:/home/aimane/humble_ws/src/VNAV_23/vnav_ws/install/mav_msgs:/home/aimane/humble_ws/src/VNAV_23/vnav_ws/install/tesse_msgs:/home/aimane/humble_ws/src/VNAV_23/vnav_ws/install/mav_comm:/home/aimane/humble_ws/src/VNAV_23/vnav_ws/install/controller_pkg:/home/aimane/humble_ws/src/VNAV_23/vnav_ws/install/tesse_ros_bridge:/opt/ros/humble LD_LIBRARY_PATH=/home/aimane/humble_ws/src/VNAV_23/vnav_ws/install/mav_planning_msgs/lib:/home/aimane/humble_ws/src/VNAV_23/vnav_ws/install/mav_system_msgs/lib:/home/aimane/humble_ws/src/VNAV_23/vnav_ws/install/mav_state_machine_msgs/lib:/home/aimane/humble_ws/src/VNAV_23/vnav_ws/install/mav_msgs/lib:/home/aimane/humble_ws/src/VNAV_23/vnav_ws/install/tesse_msgs/lib:/opt/ros/humble/opt/rviz_ogre_vendor/lib:/opt/ros/humble/lib/x86_64-linux-gnu:/opt/ros/humble/lib /usr/bin/cmake --install /home/aimane/humble_ws/src/VNAV_23/vnav_ws/build/mav_comm
[10.403s] Level 1:colcon.colcon_core.environment:create_environment_scripts_only(mav_comm)
[10.404s] Level 1:colcon.colcon_core.environment:checking '/home/aimane/humble_ws/src/VNAV_23/vnav_ws/install/mav_comm' for CMake module files
[10.405s] Level 1:colcon.colcon_core.environment:checking '/home/aimane/humble_ws/src/VNAV_23/vnav_ws/install/mav_comm' for CMake config files
[10.406s] Level 1:colcon.colcon_core.shell:create_environment_hook('mav_comm', 'cmake_prefix_path')
[10.406s] INFO:colcon.colcon_core.shell:Creating environment hook '/home/aimane/humble_ws/src/VNAV_23/vnav_ws/install/mav_comm/share/mav_comm/hook/cmake_prefix_path.ps1'
[10.413s] DEBUG:colcon.colcon_core.event_handler.log_command:Invoked command in '/home/aimane/humble_ws/src/VNAV_23/vnav_ws/build/mav_comm' returned '0': CMAKE_PREFIX_PATH=/home/aimane/humble_ws/src/VNAV_23/vnav_ws/install/mav_planning_msgs:/home/aimane/humble_ws/src/VNAV_23/vnav_ws/install/mav_system_msgs:/home/aimane/humble_ws/src/VNAV_23/vnav_ws/install/mav_state_machine_msgs:/home/aimane/humble_ws/src/VNAV_23/vnav_ws/install/mav_msgs:/home/aimane/humble_ws/src/VNAV_23/vnav_ws/install/tesse_msgs:/home/aimane/humble_ws/src/VNAV_23/vnav_ws/install/mav_comm:/home/aimane/humble_ws/src/VNAV_23/vnav_ws/install/controller_pkg:/home/aimane/humble_ws/src/VNAV_23/vnav_ws/install/tesse_ros_bridge:/opt/ros/humble LD_LIBRARY_PATH=/home/aimane/humble_ws/src/VNAV_23/vnav_ws/install/mav_planning_msgs/lib:/home/aimane/humble_ws/src/VNAV_23/vnav_ws/install/mav_system_msgs/lib:/home/aimane/humble_ws/src/VNAV_23/vnav_ws/install/mav_state_machine_msgs/lib:/home/aimane/humble_ws/src/VNAV_23/vnav_ws/install/mav_msgs/lib:/home/aimane/humble_ws/src/VNAV_23/vnav_ws/install/tesse_msgs/lib:/opt/ros/humble/opt/rviz_ogre_vendor/lib:/opt/ros/humble/lib/x86_64-linux-gnu:/opt/ros/humble/lib /usr/bin/cmake --install /home/aimane/humble_ws/src/VNAV_23/vnav_ws/build/mav_comm
[10.414s] INFO:colcon.colcon_core.shell:Creating environment descriptor '/home/aimane/humble_ws/src/VNAV_23/vnav_ws/install/mav_comm/share/mav_comm/hook/cmake_prefix_path.dsv'
[10.415s] INFO:colcon.colcon_core.shell:Creating environment hook '/home/aimane/humble_ws/src/VNAV_23/vnav_ws/install/mav_comm/share/mav_comm/hook/cmake_prefix_path.sh'
[10.423s] Level 1:colcon.colcon_core.environment:checking '/home/aimane/humble_ws/src/VNAV_23/vnav_ws/install/mav_comm/bin'
[10.423s] Level 1:colcon.colcon_core.environment:checking '/home/aimane/humble_ws/src/VNAV_23/vnav_ws/install/mav_comm/lib/pkgconfig/mav_comm.pc'
[10.423s] Level 1:colcon.colcon_core.environment:checking '/home/aimane/humble_ws/src/VNAV_23/vnav_ws/install/mav_comm/lib/python3.10/site-packages'
[10.424s] Level 1:colcon.colcon_core.environment:checking '/home/aimane/humble_ws/src/VNAV_23/vnav_ws/install/mav_comm/bin'
[10.425s] INFO:colcon.colcon_core.shell:Creating package script '/home/aimane/humble_ws/src/VNAV_23/vnav_ws/install/mav_comm/share/mav_comm/package.ps1'
[10.433s] INFO:colcon.colcon_core.shell:Creating package descriptor '/home/aimane/humble_ws/src/VNAV_23/vnav_ws/install/mav_comm/share/mav_comm/package.dsv'
[10.434s] INFO:colcon.colcon_core.shell:Creating package script '/home/aimane/humble_ws/src/VNAV_23/vnav_ws/install/mav_comm/share/mav_comm/package.sh'
[10.435s] INFO:colcon.colcon_core.shell:Creating package script '/home/aimane/humble_ws/src/VNAV_23/vnav_ws/install/mav_comm/share/mav_comm/package.bash'
[10.445s] INFO:colcon.colcon_core.shell:Creating package script '/home/aimane/humble_ws/src/VNAV_23/vnav_ws/install/mav_comm/share/mav_comm/package.zsh'
[10.446s] Level 1:colcon.colcon_core.environment:create_file_with_runtime_dependencies(/home/aimane/humble_ws/src/VNAV_23/vnav_ws/install/mav_comm/share/colcon-core/packages/mav_comm)
[10.447s] Level 1:colcon.colcon_core.environment:create_environment_scripts_only(mav_comm)
[10.454s] Level 1:colcon.colcon_core.environment:checking '/home/aimane/humble_ws/src/VNAV_23/vnav_ws/install/mav_comm' for CMake module files
[10.455s] Level 1:colcon.colcon_core.environment:checking '/home/aimane/humble_ws/src/VNAV_23/vnav_ws/install/mav_comm' for CMake config files
[10.456s] Level 1:colcon.colcon_core.shell:create_environment_hook('mav_comm', 'cmake_prefix_path')
[10.456s] INFO:colcon.colcon_core.shell:Creating environment hook '/home/aimane/humble_ws/src/VNAV_23/vnav_ws/install/mav_comm/share/mav_comm/hook/cmake_prefix_path.ps1'
[10.463s] INFO:colcon.colcon_core.shell:Creating environment descriptor '/home/aimane/humble_ws/src/VNAV_23/vnav_ws/install/mav_comm/share/mav_comm/hook/cmake_prefix_path.dsv'
[10.464s] INFO:colcon.colcon_core.shell:Creating environment hook '/home/aimane/humble_ws/src/VNAV_23/vnav_ws/install/mav_comm/share/mav_comm/hook/cmake_prefix_path.sh'
[10.472s] Level 1:colcon.colcon_core.environment:checking '/home/aimane/humble_ws/src/VNAV_23/vnav_ws/install/mav_comm/bin'
[10.472s] Level 1:colcon.colcon_core.environment:checking '/home/aimane/humble_ws/src/VNAV_23/vnav_ws/install/mav_comm/lib/pkgconfig/mav_comm.pc'
[10.472s] Level 1:colcon.colcon_core.environment:checking '/home/aimane/humble_ws/src/VNAV_23/vnav_ws/install/mav_comm/lib/python3.10/site-packages'
[10.473s] Level 1:colcon.colcon_core.environment:checking '/home/aimane/humble_ws/src/VNAV_23/vnav_ws/install/mav_comm/bin'
[10.474s] INFO:colcon.colcon_core.shell:Creating package script '/home/aimane/humble_ws/src/VNAV_23/vnav_ws/install/mav_comm/share/mav_comm/package.ps1'
[10.482s] INFO:colcon.colcon_core.shell:Creating package descriptor '/home/aimane/humble_ws/src/VNAV_23/vnav_ws/install/mav_comm/share/mav_comm/package.dsv'
[10.483s] INFO:colcon.colcon_core.shell:Creating package script '/home/aimane/humble_ws/src/VNAV_23/vnav_ws/install/mav_comm/share/mav_comm/package.sh'
[10.490s] INFO:colcon.colcon_core.shell:Creating package script '/home/aimane/humble_ws/src/VNAV_23/vnav_ws/install/mav_comm/share/mav_comm/package.bash'
[10.491s] INFO:colcon.colcon_core.shell:Creating package script '/home/aimane/humble_ws/src/VNAV_23/vnav_ws/install/mav_comm/share/mav_comm/package.zsh'
[10.499s] Level 1:colcon.colcon_core.environment:create_file_with_runtime_dependencies(/home/aimane/humble_ws/src/VNAV_23/vnav_ws/install/mav_comm/share/colcon-core/packages/mav_comm)
[10.500s] DEBUG:colcon.colcon_parallel_executor.executor.parallel:closing loop
[10.501s] DEBUG:colcon.colcon_parallel_executor.executor.parallel:loop closed
[10.502s] DEBUG:colcon.colcon_parallel_executor.executor.parallel:run_until_complete finished with '0'
[10.503s] DEBUG:colcon.colcon_core.event_reactor:joining thread
[10.536s] INFO:colcon.colcon_core.plugin_system:Skipping extension 'colcon_notification.desktop_notification.notify_send': Could not find 'notify-send'
[10.537s] INFO:colcon.colcon_core.plugin_system:Skipping extension 'colcon_notification.desktop_notification.terminal_notifier': Not used on non-Darwin systems
[10.537s] INFO:colcon.colcon_core.plugin_system:Skipping extension 'colcon_notification.desktop_notification.win32': Not used on non-Windows systems
[10.537s] INFO:colcon.colcon_notification.desktop_notification:Sending desktop notification using 'notify2'
[10.542s] DEBUG:colcon.colcon_notification.desktop_notification.notify2:Failed to initialize notify2: org.freedesktop.DBus.Error.Spawn.ExecFailed: /usr/bin/dbus-launch terminated abnormally without any error message
[10.543s] DEBUG:colcon.colcon_core.event_reactor:joined thread
[10.545s] INFO:colcon.colcon_core.shell:Creating prefix script '/home/aimane/humble_ws/src/VNAV_23/vnav_ws/install/local_setup.ps1'
[10.549s] INFO:colcon.colcon_core.shell:Creating prefix util module '/home/aimane/humble_ws/src/VNAV_23/vnav_ws/install/_local_setup_util_ps1.py'
[10.556s] INFO:colcon.colcon_core.shell:Creating prefix chain script '/home/aimane/humble_ws/src/VNAV_23/vnav_ws/install/setup.ps1'
[10.562s] INFO:colcon.colcon_core.shell:Creating prefix script '/home/aimane/humble_ws/src/VNAV_23/vnav_ws/install/local_setup.sh'
[10.566s] INFO:colcon.colcon_core.shell:Creating prefix util module '/home/aimane/humble_ws/src/VNAV_23/vnav_ws/install/_local_setup_util_sh.py'
[10.569s] INFO:colcon.colcon_core.shell:Creating prefix chain script '/home/aimane/humble_ws/src/VNAV_23/vnav_ws/install/setup.sh'
[10.575s] INFO:colcon.colcon_core.shell:Creating prefix script '/home/aimane/humble_ws/src/VNAV_23/vnav_ws/install/local_setup.bash'
[10.576s] INFO:colcon.colcon_core.shell:Creating prefix chain script '/home/aimane/humble_ws/src/VNAV_23/vnav_ws/install/setup.bash'
[10.580s] INFO:colcon.colcon_core.shell:Creating prefix script '/home/aimane/humble_ws/src/VNAV_23/vnav_ws/install/local_setup.zsh'
[10.582s] INFO:colcon.colcon_core.shell:Creating prefix chain script '/home/aimane/humble_ws/src/VNAV_23/vnav_ws/install/setup.zsh'
