[0.157s] DEBUG:colcon:Command line arguments: ['/usr/bin/colcon', 'build']
[0.157s] DEBUG:colcon:Parsed command line arguments: Namespace(log_base=None, log_level=None, verb_name='build', build_base='build', install_base='install', merge_install=False, symlink_install=False, test_result_base=None, continue_on_error=False, executor='parallel', parallel_workers=8, event_handlers=None, ignore_user_meta=False, metas=['./colcon.meta'], base_paths=['.'], packages_ignore=None, packages_ignore_regex=None, paths=None, packages_up_to=None, packages_up_to_regex=None, packages_above=None, packages_above_and_dependencies=None, packages_above_depth=None, packages_select_by_dep=None, packages_skip_by_dep=None, packages_skip_up_to=None, packages_select_build_failed=False, packages_skip_build_finished=False, packages_select_test_failures=False, packages_skip_test_passed=False, packages_select=None, packages_skip=None, packages_select_regex=None, packages_skip_regex=None, packages_start=None, packages_end=None, cmake_args=None, cmake_target=None, cmake_target_skip_unavailable=False, cmake_clean_cache=False, cmake_clean_first=False, cmake_force_configure=False, ament_cmake_args=None, catkin_cmake_args=None, catkin_skip_building_tests=False, mixin_files=None, mixin=None, verb_parser=<colcon_mixin.mixin.mixin_argument.MixinArgumentDecorator object at 0x74e75179c8e0>, verb_extension=<colcon_core.verb.build.BuildVerb object at 0x74e75191d750>, main=<bound method BuildVerb.main of <colcon_core.verb.build.BuildVerb object at 0x74e75191d750>>, mixin_verb=('build',))
[0.362s] Level 1:colcon.colcon_core.package_discovery:discover_packages(colcon_meta) check parameters
[0.362s] Level 1:colcon.colcon_core.package_discovery:discover_packages(recursive) check parameters
[0.362s] Level 1:colcon.colcon_core.package_discovery:discover_packages(ignore) check parameters
[0.362s] Level 1:colcon.colcon_core.package_discovery:discover_packages(path) check parameters
[0.362s] Level 1:colcon.colcon_core.package_discovery:discover_packages(colcon_meta) discover
[0.362s] Level 1:colcon.colcon_core.package_discovery:discover_packages(recursive) discover
[0.362s] INFO:colcon.colcon_core.package_discovery:Crawling recursively for packages in '/home/aimane/humble_ws/src/VNAV_23/vnav_ws'
[0.362s] Level 1:colcon.colcon_core.package_identification:_identify(.) by extensions ['ignore', 'ignore_ament_install']
[0.363s] Level 1:colcon.colcon_core.package_identification:_identify(.) by extension 'ignore'
[0.363s] Level 1:colcon.colcon_core.package_identification:_identify(.) by extension 'ignore_ament_install'
[0.363s] Level 1:colcon.colcon_core.package_identification:_identify(.) by extensions ['colcon_pkg']
[0.363s] Level 1:colcon.colcon_core.package_identification:_identify(.) by extension 'colcon_pkg'
[0.363s] Level 1:colcon.colcon_core.package_identification:_identify(.) by extensions ['colcon_meta']
[0.363s] Level 1:colcon.colcon_core.package_identification:_identify(.) by extension 'colcon_meta'
[0.363s] Level 1:colcon.colcon_core.package_identification:_identify(.) by extensions ['ros']
[0.363s] Level 1:colcon.colcon_core.package_identification:_identify(.) by extension 'ros'
[0.379s] Level 1:colcon.colcon_core.package_identification:_identify(.) by extensions ['cmake', 'python']
[0.379s] Level 1:colcon.colcon_core.package_identification:_identify(.) by extension 'cmake'
[0.379s] Level 1:colcon.colcon_core.package_identification:_identify(.) by extension 'python'
[0.379s] Level 1:colcon.colcon_core.package_identification:_identify(.) by extensions ['python_setup_py']
[0.379s] Level 1:colcon.colcon_core.package_identification:_identify(.) by extension 'python_setup_py'
[0.379s] Level 1:colcon.colcon_core.package_identification:_identify(build) by extensions ['ignore', 'ignore_ament_install']
[0.380s] Level 1:colcon.colcon_core.package_identification:_identify(build) by extension 'ignore'
[0.380s] Level 1:colcon.colcon_core.package_identification:_identify(build) ignored
[0.380s] Level 1:colcon.colcon_core.package_identification:_identify(install) by extensions ['ignore', 'ignore_ament_install']
[0.380s] Level 1:colcon.colcon_core.package_identification:_identify(install) by extension 'ignore'
[0.380s] Level 1:colcon.colcon_core.package_identification:_identify(install) ignored
[0.381s] Level 1:colcon.colcon_core.package_identification:_identify(log) by extensions ['ignore', 'ignore_ament_install']
[0.382s] Level 1:colcon.colcon_core.package_identification:_identify(log) by extension 'ignore'
[0.382s] Level 1:colcon.colcon_core.package_identification:_identify(log) ignored
[0.382s] Level 1:colcon.colcon_core.package_identification:_identify(src) by extensions ['ignore', 'ignore_ament_install']
[0.382s] Level 1:colcon.colcon_core.package_identification:_identify(src) by extension 'ignore'
[0.382s] Level 1:colcon.colcon_core.package_identification:_identify(src) by extension 'ignore_ament_install'
[0.382s] Level 1:colcon.colcon_core.package_identification:_identify(src) by extensions ['colcon_pkg']
[0.382s] Level 1:colcon.colcon_core.package_identification:_identify(src) by extension 'colcon_pkg'
[0.382s] Level 1:colcon.colcon_core.package_identification:_identify(src) by extensions ['colcon_meta']
[0.382s] Level 1:colcon.colcon_core.package_identification:_identify(src) by extension 'colcon_meta'
[0.382s] Level 1:colcon.colcon_core.package_identification:_identify(src) by extensions ['ros']
[0.382s] Level 1:colcon.colcon_core.package_identification:_identify(src) by extension 'ros'
[0.382s] Level 1:colcon.colcon_core.package_identification:_identify(src) by extensions ['cmake', 'python']
[0.382s] Level 1:colcon.colcon_core.package_identification:_identify(src) by extension 'cmake'
[0.382s] Level 1:colcon.colcon_core.package_identification:_identify(src) by extension 'python'
[0.383s] Level 1:colcon.colcon_core.package_identification:_identify(src) by extensions ['python_setup_py']
[0.383s] Level 1:colcon.colcon_core.package_identification:_identify(src) by extension 'python_setup_py'
[0.383s] Level 1:colcon.colcon_core.package_identification:_identify(src/Lab3) by extensions ['ignore', 'ignore_ament_install']
[0.383s] Level 1:colcon.colcon_core.package_identification:_identify(src/Lab3) by extension 'ignore'
[0.383s] Level 1:colcon.colcon_core.package_identification:_identify(src/Lab3) by extension 'ignore_ament_install'
[0.383s] Level 1:colcon.colcon_core.package_identification:_identify(src/Lab3) by extensions ['colcon_pkg']
[0.383s] Level 1:colcon.colcon_core.package_identification:_identify(src/Lab3) by extension 'colcon_pkg'
[0.383s] Level 1:colcon.colcon_core.package_identification:_identify(src/Lab3) by extensions ['colcon_meta']
[0.383s] Level 1:colcon.colcon_core.package_identification:_identify(src/Lab3) by extension 'colcon_meta'
[0.383s] Level 1:colcon.colcon_core.package_identification:_identify(src/Lab3) by extensions ['ros']
[0.383s] Level 1:colcon.colcon_core.package_identification:_identify(src/Lab3) by extension 'ros'
[0.383s] Level 1:colcon.colcon_core.package_identification:_identify(src/Lab3) by extensions ['cmake', 'python']
[0.383s] Level 1:colcon.colcon_core.package_identification:_identify(src/Lab3) by extension 'cmake'
[0.383s] Level 1:colcon.colcon_core.package_identification:_identify(src/Lab3) by extension 'python'
[0.384s] Level 1:colcon.colcon_core.package_identification:_identify(src/Lab3) by extensions ['python_setup_py']
[0.384s] Level 1:colcon.colcon_core.package_identification:_identify(src/Lab3) by extension 'python_setup_py'
[0.384s] Level 1:colcon.colcon_core.package_identification:_identify(src/Lab3/controller_pkg) by extensions ['ignore', 'ignore_ament_install']
[0.384s] Level 1:colcon.colcon_core.package_identification:_identify(src/Lab3/controller_pkg) by extension 'ignore'
[0.384s] Level 1:colcon.colcon_core.package_identification:_identify(src/Lab3/controller_pkg) by extension 'ignore_ament_install'
[0.384s] Level 1:colcon.colcon_core.package_identification:_identify(src/Lab3/controller_pkg) by extensions ['colcon_pkg']
[0.384s] Level 1:colcon.colcon_core.package_identification:_identify(src/Lab3/controller_pkg) by extension 'colcon_pkg'
[0.384s] Level 1:colcon.colcon_core.package_identification:_identify(src/Lab3/controller_pkg) by extensions ['colcon_meta']
[0.384s] Level 1:colcon.colcon_core.package_identification:_identify(src/Lab3/controller_pkg) by extension 'colcon_meta'
[0.384s] Level 1:colcon.colcon_core.package_identification:_identify(src/Lab3/controller_pkg) by extensions ['ros']
[0.384s] Level 1:colcon.colcon_core.package_identification:_identify(src/Lab3/controller_pkg) by extension 'ros'
[0.388s] DEBUG:colcon.colcon_core.package_identification:Package 'src/Lab3/controller_pkg' with type 'ros.ament_cmake' and name 'controller_pkg'
[0.389s] Level 1:colcon.colcon_core.package_identification:_identify(src/Lab3/tesse-interface) by extensions ['ignore', 'ignore_ament_install']
[0.389s] Level 1:colcon.colcon_core.package_identification:_identify(src/Lab3/tesse-interface) by extension 'ignore'
[0.389s] Level 1:colcon.colcon_core.package_identification:_identify(src/Lab3/tesse-interface) by extension 'ignore_ament_install'
[0.389s] Level 1:colcon.colcon_core.package_identification:_identify(src/Lab3/tesse-interface) by extensions ['colcon_pkg']
[0.389s] Level 1:colcon.colcon_core.package_identification:_identify(src/Lab3/tesse-interface) by extension 'colcon_pkg'
[0.389s] Level 1:colcon.colcon_core.package_identification:_identify(src/Lab3/tesse-interface) by extensions ['colcon_meta']
[0.389s] Level 1:colcon.colcon_core.package_identification:_identify(src/Lab3/tesse-interface) by extension 'colcon_meta'
[0.389s] Level 1:colcon.colcon_core.package_identification:_identify(src/Lab3/tesse-interface) by extensions ['ros']
[0.389s] Level 1:colcon.colcon_core.package_identification:_identify(src/Lab3/tesse-interface) by extension 'ros'
[0.389s] Level 1:colcon.colcon_core.package_identification:_identify(src/Lab3/tesse-interface) by extensions ['cmake', 'python']
[0.389s] Level 1:colcon.colcon_core.package_identification:_identify(src/Lab3/tesse-interface) by extension 'cmake'
[0.389s] Level 1:colcon.colcon_core.package_identification:_identify(src/Lab3/tesse-interface) by extension 'python'
[0.390s] DEBUG:colcon.colcon_core.package_identification:Python package in 'src/Lab3/tesse-interface' passes arguments to the setup() function which requires a different identification extension than 'python'
[0.390s] Level 1:colcon.colcon_core.package_identification:_identify(src/Lab3/tesse-interface) by extensions ['python_setup_py']
[0.390s] Level 1:colcon.colcon_core.package_identification:_identify(src/Lab3/tesse-interface) by extension 'python_setup_py'
[0.741s] DEBUG:colcon.colcon_core.package_identification:Package 'src/Lab3/tesse-interface' with type 'python' and name 'tesse'
[0.741s] Level 1:colcon.colcon_core.package_identification:_identify(src/Lab3/tesse_msgs) by extensions ['ignore', 'ignore_ament_install']
[0.741s] Level 1:colcon.colcon_core.package_identification:_identify(src/Lab3/tesse_msgs) by extension 'ignore'
[0.742s] Level 1:colcon.colcon_core.package_identification:_identify(src/Lab3/tesse_msgs) by extension 'ignore_ament_install'
[0.742s] Level 1:colcon.colcon_core.package_identification:_identify(src/Lab3/tesse_msgs) by extensions ['colcon_pkg']
[0.742s] Level 1:colcon.colcon_core.package_identification:_identify(src/Lab3/tesse_msgs) by extension 'colcon_pkg'
[0.742s] Level 1:colcon.colcon_core.package_identification:_identify(src/Lab3/tesse_msgs) by extensions ['colcon_meta']
[0.742s] Level 1:colcon.colcon_core.package_identification:_identify(src/Lab3/tesse_msgs) by extension 'colcon_meta'
[0.742s] Level 1:colcon.colcon_core.package_identification:_identify(src/Lab3/tesse_msgs) by extensions ['ros']
[0.742s] Level 1:colcon.colcon_core.package_identification:_identify(src/Lab3/tesse_msgs) by extension 'ros'
[0.743s] DEBUG:colcon.colcon_core.package_identification:Package 'src/Lab3/tesse_msgs' with type 'ros.ament_cmake' and name 'tesse_msgs'
[0.743s] Level 1:colcon.colcon_core.package_identification:_identify(src/Lab3/tesse_ros_bridge) by extensions ['ignore', 'ignore_ament_install']
[0.743s] Level 1:colcon.colcon_core.package_identification:_identify(src/Lab3/tesse_ros_bridge) by extension 'ignore'
[0.743s] Level 1:colcon.colcon_core.package_identification:_identify(src/Lab3/tesse_ros_bridge) by extension 'ignore_ament_install'
[0.743s] Level 1:colcon.colcon_core.package_identification:_identify(src/Lab3/tesse_ros_bridge) by extensions ['colcon_pkg']
[0.743s] Level 1:colcon.colcon_core.package_identification:_identify(src/Lab3/tesse_ros_bridge) by extension 'colcon_pkg'
[0.743s] Level 1:colcon.colcon_core.package_identification:_identify(src/Lab3/tesse_ros_bridge) by extensions ['colcon_meta']
[0.743s] Level 1:colcon.colcon_core.package_identification:_identify(src/Lab3/tesse_ros_bridge) by extension 'colcon_meta'
[0.743s] Level 1:colcon.colcon_core.package_identification:_identify(src/Lab3/tesse_ros_bridge) by extensions ['ros']
[0.744s] Level 1:colcon.colcon_core.package_identification:_identify(src/Lab3/tesse_ros_bridge) by extension 'ros'
[0.744s] DEBUG:colcon.colcon_core.package_identification:Package 'src/Lab3/tesse_ros_bridge' with type 'ros.ament_python' and name 'tesse_ros_bridge'
[0.744s] Level 1:colcon.colcon_core.package_identification:_identify(src/mav_comm) by extensions ['ignore', 'ignore_ament_install']
[0.744s] Level 1:colcon.colcon_core.package_identification:_identify(src/mav_comm) by extension 'ignore'
[0.745s] Level 1:colcon.colcon_core.package_identification:_identify(src/mav_comm) by extension 'ignore_ament_install'
[0.745s] Level 1:colcon.colcon_core.package_identification:_identify(src/mav_comm) by extensions ['colcon_pkg']
[0.745s] Level 1:colcon.colcon_core.package_identification:_identify(src/mav_comm) by extension 'colcon_pkg'
[0.745s] Level 1:colcon.colcon_core.package_identification:_identify(src/mav_comm) by extensions ['colcon_meta']
[0.745s] Level 1:colcon.colcon_core.package_identification:_identify(src/mav_comm) by extension 'colcon_meta'
[0.745s] Level 1:colcon.colcon_core.package_identification:_identify(src/mav_comm) by extensions ['ros']
[0.745s] Level 1:colcon.colcon_core.package_identification:_identify(src/mav_comm) by extension 'ros'
[0.745s] Level 1:colcon.colcon_core.package_identification:_identify(src/mav_comm) by extensions ['cmake', 'python']
[0.745s] Level 1:colcon.colcon_core.package_identification:_identify(src/mav_comm) by extension 'cmake'
[0.745s] Level 1:colcon.colcon_core.package_identification:_identify(src/mav_comm) by extension 'python'
[0.745s] Level 1:colcon.colcon_core.package_identification:_identify(src/mav_comm) by extensions ['python_setup_py']
[0.745s] Level 1:colcon.colcon_core.package_identification:_identify(src/mav_comm) by extension 'python_setup_py'
[0.745s] Level 1:colcon.colcon_core.package_identification:_identify(src/mav_comm/mav_comm) by extensions ['ignore', 'ignore_ament_install']
[0.745s] Level 1:colcon.colcon_core.package_identification:_identify(src/mav_comm/mav_comm) by extension 'ignore'
[0.746s] Level 1:colcon.colcon_core.package_identification:_identify(src/mav_comm/mav_comm) by extension 'ignore_ament_install'
[0.746s] Level 1:colcon.colcon_core.package_identification:_identify(src/mav_comm/mav_comm) by extensions ['colcon_pkg']
[0.746s] Level 1:colcon.colcon_core.package_identification:_identify(src/mav_comm/mav_comm) by extension 'colcon_pkg'
[0.746s] Level 1:colcon.colcon_core.package_identification:_identify(src/mav_comm/mav_comm) by extensions ['colcon_meta']
[0.746s] Level 1:colcon.colcon_core.package_identification:_identify(src/mav_comm/mav_comm) by extension 'colcon_meta'
[0.746s] Level 1:colcon.colcon_core.package_identification:_identify(src/mav_comm/mav_comm) by extensions ['ros']
[0.746s] Level 1:colcon.colcon_core.package_identification:_identify(src/mav_comm/mav_comm) by extension 'ros'
[0.747s] DEBUG:colcon.colcon_core.package_identification:Package 'src/mav_comm/mav_comm' with type 'ros.ament_cmake' and name 'mav_comm'
[0.747s] Level 1:colcon.colcon_core.package_identification:_identify(src/mav_comm/mav_msgs) by extensions ['ignore', 'ignore_ament_install']
[0.747s] Level 1:colcon.colcon_core.package_identification:_identify(src/mav_comm/mav_msgs) by extension 'ignore'
[0.747s] Level 1:colcon.colcon_core.package_identification:_identify(src/mav_comm/mav_msgs) by extension 'ignore_ament_install'
[0.747s] Level 1:colcon.colcon_core.package_identification:_identify(src/mav_comm/mav_msgs) by extensions ['colcon_pkg']
[0.747s] Level 1:colcon.colcon_core.package_identification:_identify(src/mav_comm/mav_msgs) by extension 'colcon_pkg'
[0.747s] Level 1:colcon.colcon_core.package_identification:_identify(src/mav_comm/mav_msgs) by extensions ['colcon_meta']
[0.747s] Level 1:colcon.colcon_core.package_identification:_identify(src/mav_comm/mav_msgs) by extension 'colcon_meta'
[0.747s] Level 1:colcon.colcon_core.package_identification:_identify(src/mav_comm/mav_msgs) by extensions ['ros']
[0.747s] Level 1:colcon.colcon_core.package_identification:_identify(src/mav_comm/mav_msgs) by extension 'ros'
[0.749s] DEBUG:colcon.colcon_core.package_identification:Package 'src/mav_comm/mav_msgs' with type 'ros.ament_cmake' and name 'mav_msgs'
[0.749s] Level 1:colcon.colcon_core.package_identification:_identify(src/mav_comm/mav_planning_msgs) by extensions ['ignore', 'ignore_ament_install']
[0.749s] Level 1:colcon.colcon_core.package_identification:_identify(src/mav_comm/mav_planning_msgs) by extension 'ignore'
[0.749s] Level 1:colcon.colcon_core.package_identification:_identify(src/mav_comm/mav_planning_msgs) by extension 'ignore_ament_install'
[0.749s] Level 1:colcon.colcon_core.package_identification:_identify(src/mav_comm/mav_planning_msgs) by extensions ['colcon_pkg']
[0.749s] Level 1:colcon.colcon_core.package_identification:_identify(src/mav_comm/mav_planning_msgs) by extension 'colcon_pkg'
[0.749s] Level 1:colcon.colcon_core.package_identification:_identify(src/mav_comm/mav_planning_msgs) by extensions ['colcon_meta']
[0.749s] Level 1:colcon.colcon_core.package_identification:_identify(src/mav_comm/mav_planning_msgs) by extension 'colcon_meta'
[0.749s] Level 1:colcon.colcon_core.package_identification:_identify(src/mav_comm/mav_planning_msgs) by extensions ['ros']
[0.749s] Level 1:colcon.colcon_core.package_identification:_identify(src/mav_comm/mav_planning_msgs) by extension 'ros'
[0.751s] DEBUG:colcon.colcon_core.package_identification:Package 'src/mav_comm/mav_planning_msgs' with type 'ros.ament_cmake' and name 'mav_planning_msgs'
[0.751s] Level 1:colcon.colcon_core.package_identification:_identify(src/mav_comm/mav_state_machine_msgs) by extensions ['ignore', 'ignore_ament_install']
[0.751s] Level 1:colcon.colcon_core.package_identification:_identify(src/mav_comm/mav_state_machine_msgs) by extension 'ignore'
[0.751s] Level 1:colcon.colcon_core.package_identification:_identify(src/mav_comm/mav_state_machine_msgs) by extension 'ignore_ament_install'
[0.751s] Level 1:colcon.colcon_core.package_identification:_identify(src/mav_comm/mav_state_machine_msgs) by extensions ['colcon_pkg']
[0.751s] Level 1:colcon.colcon_core.package_identification:_identify(src/mav_comm/mav_state_machine_msgs) by extension 'colcon_pkg'
[0.751s] Level 1:colcon.colcon_core.package_identification:_identify(src/mav_comm/mav_state_machine_msgs) by extensions ['colcon_meta']
[0.751s] Level 1:colcon.colcon_core.package_identification:_identify(src/mav_comm/mav_state_machine_msgs) by extension 'colcon_meta'
[0.751s] Level 1:colcon.colcon_core.package_identification:_identify(src/mav_comm/mav_state_machine_msgs) by extensions ['ros']
[0.752s] Level 1:colcon.colcon_core.package_identification:_identify(src/mav_comm/mav_state_machine_msgs) by extension 'ros'
[0.752s] DEBUG:colcon.colcon_core.package_identification:Package 'src/mav_comm/mav_state_machine_msgs' with type 'ros.ament_cmake' and name 'mav_state_machine_msgs'
[0.752s] Level 1:colcon.colcon_core.package_identification:_identify(src/mav_comm/mav_system_msgs) by extensions ['ignore', 'ignore_ament_install']
[0.753s] Level 1:colcon.colcon_core.package_identification:_identify(src/mav_comm/mav_system_msgs) by extension 'ignore'
[0.753s] Level 1:colcon.colcon_core.package_identification:_identify(src/mav_comm/mav_system_msgs) by extension 'ignore_ament_install'
[0.753s] Level 1:colcon.colcon_core.package_identification:_identify(src/mav_comm/mav_system_msgs) by extensions ['colcon_pkg']
[0.753s] Level 1:colcon.colcon_core.package_identification:_identify(src/mav_comm/mav_system_msgs) by extension 'colcon_pkg'
[0.753s] Level 1:colcon.colcon_core.package_identification:_identify(src/mav_comm/mav_system_msgs) by extensions ['colcon_meta']
[0.753s] Level 1:colcon.colcon_core.package_identification:_identify(src/mav_comm/mav_system_msgs) by extension 'colcon_meta'
[0.753s] Level 1:colcon.colcon_core.package_identification:_identify(src/mav_comm/mav_system_msgs) by extensions ['ros']
[0.753s] Level 1:colcon.colcon_core.package_identification:_identify(src/mav_comm/mav_system_msgs) by extension 'ros'
[0.754s] DEBUG:colcon.colcon_core.package_identification:Package 'src/mav_comm/mav_system_msgs' with type 'ros.ament_cmake' and name 'mav_system_msgs'
[0.754s] Level 1:colcon.colcon_core.package_discovery:discover_packages(recursive) using defaults
[0.754s] Level 1:colcon.colcon_core.package_discovery:discover_packages(ignore) discover
[0.754s] Level 1:colcon.colcon_core.package_discovery:discover_packages(ignore) using defaults
[0.754s] Level 1:colcon.colcon_core.package_discovery:discover_packages(path) discover
[0.754s] Level 1:colcon.colcon_core.package_discovery:discover_packages(path) using defaults
[0.783s] Level 5:colcon.colcon_core.verb:set package 'mav_msgs' build argument 'cmake_args' from command line to 'None'
[0.783s] Level 5:colcon.colcon_core.verb:set package 'mav_msgs' build argument 'cmake_target' from command line to 'None'
[0.783s] Level 5:colcon.colcon_core.verb:set package 'mav_msgs' build argument 'cmake_target_skip_unavailable' from command line to 'False'
[0.783s] Level 5:colcon.colcon_core.verb:set package 'mav_msgs' build argument 'cmake_clean_cache' from command line to 'False'
[0.784s] Level 5:colcon.colcon_core.verb:set package 'mav_msgs' build argument 'cmake_clean_first' from command line to 'False'
[0.784s] Level 5:colcon.colcon_core.verb:set package 'mav_msgs' build argument 'cmake_force_configure' from command line to 'False'
[0.784s] Level 5:colcon.colcon_core.verb:set package 'mav_msgs' build argument 'ament_cmake_args' from command line to 'None'
[0.784s] Level 5:colcon.colcon_core.verb:set package 'mav_msgs' build argument 'catkin_cmake_args' from command line to 'None'
[0.784s] Level 5:colcon.colcon_core.verb:set package 'mav_msgs' build argument 'catkin_skip_building_tests' from command line to 'False'
[0.784s] DEBUG:colcon.colcon_core.verb:Building package 'mav_msgs' with the following arguments: {'ament_cmake_args': None, 'build_base': '/home/aimane/humble_ws/src/VNAV_23/vnav_ws/build/mav_msgs', 'catkin_cmake_args': None, 'catkin_skip_building_tests': False, 'cmake_args': None, 'cmake_clean_cache': False, 'cmake_clean_first': False, 'cmake_force_configure': False, 'cmake_target': None, 'cmake_target_skip_unavailable': False, 'install_base': '/home/aimane/humble_ws/src/VNAV_23/vnav_ws/install/mav_msgs', 'merge_install': False, 'path': '/home/aimane/humble_ws/src/VNAV_23/vnav_ws/src/mav_comm/mav_msgs', 'symlink_install': False, 'test_result_base': None}
[0.784s] Level 5:colcon.colcon_core.verb:set package 'mav_state_machine_msgs' build argument 'cmake_args' from command line to 'None'
[0.784s] Level 5:colcon.colcon_core.verb:set package 'mav_state_machine_msgs' build argument 'cmake_target' from command line to 'None'
[0.784s] Level 5:colcon.colcon_core.verb:set package 'mav_state_machine_msgs' build argument 'cmake_target_skip_unavailable' from command line to 'False'
[0.784s] Level 5:colcon.colcon_core.verb:set package 'mav_state_machine_msgs' build argument 'cmake_clean_cache' from command line to 'False'
[0.784s] Level 5:colcon.colcon_core.verb:set package 'mav_state_machine_msgs' build argument 'cmake_clean_first' from command line to 'False'
[0.784s] Level 5:colcon.colcon_core.verb:set package 'mav_state_machine_msgs' build argument 'cmake_force_configure' from command line to 'False'
[0.784s] Level 5:colcon.colcon_core.verb:set package 'mav_state_machine_msgs' build argument 'ament_cmake_args' from command line to 'None'
[0.784s] Level 5:colcon.colcon_core.verb:set package 'mav_state_machine_msgs' build argument 'catkin_cmake_args' from command line to 'None'
[0.784s] Level 5:colcon.colcon_core.verb:set package 'mav_state_machine_msgs' build argument 'catkin_skip_building_tests' from command line to 'False'
[0.784s] DEBUG:colcon.colcon_core.verb:Building package 'mav_state_machine_msgs' with the following arguments: {'ament_cmake_args': None, 'build_base': '/home/aimane/humble_ws/src/VNAV_23/vnav_ws/build/mav_state_machine_msgs', 'catkin_cmake_args': None, 'catkin_skip_building_tests': False, 'cmake_args': None, 'cmake_clean_cache': False, 'cmake_clean_first': False, 'cmake_force_configure': False, 'cmake_target': None, 'cmake_target_skip_unavailable': False, 'install_base': '/home/aimane/humble_ws/src/VNAV_23/vnav_ws/install/mav_state_machine_msgs', 'merge_install': False, 'path': '/home/aimane/humble_ws/src/VNAV_23/vnav_ws/src/mav_comm/mav_state_machine_msgs', 'symlink_install': False, 'test_result_base': None}
[0.785s] Level 5:colcon.colcon_core.verb:set package 'mav_system_msgs' build argument 'cmake_args' from command line to 'None'
[0.785s] Level 5:colcon.colcon_core.verb:set package 'mav_system_msgs' build argument 'cmake_target' from command line to 'None'
[0.785s] Level 5:colcon.colcon_core.verb:set package 'mav_system_msgs' build argument 'cmake_target_skip_unavailable' from command line to 'False'
[0.785s] Level 5:colcon.colcon_core.verb:set package 'mav_system_msgs' build argument 'cmake_clean_cache' from command line to 'False'
[0.785s] Level 5:colcon.colcon_core.verb:set package 'mav_system_msgs' build argument 'cmake_clean_first' from command line to 'False'
[0.785s] Level 5:colcon.colcon_core.verb:set package 'mav_system_msgs' build argument 'cmake_force_configure' from command line to 'False'
[0.785s] Level 5:colcon.colcon_core.verb:set package 'mav_system_msgs' build argument 'ament_cmake_args' from command line to 'None'
[0.785s] Level 5:colcon.colcon_core.verb:set package 'mav_system_msgs' build argument 'catkin_cmake_args' from command line to 'None'
[0.785s] Level 5:colcon.colcon_core.verb:set package 'mav_system_msgs' build argument 'catkin_skip_building_tests' from command line to 'False'
[0.785s] DEBUG:colcon.colcon_core.verb:Building package 'mav_system_msgs' with the following arguments: {'ament_cmake_args': None, 'build_base': '/home/aimane/humble_ws/src/VNAV_23/vnav_ws/build/mav_system_msgs', 'catkin_cmake_args': None, 'catkin_skip_building_tests': False, 'cmake_args': None, 'cmake_clean_cache': False, 'cmake_clean_first': False, 'cmake_force_configure': False, 'cmake_target': None, 'cmake_target_skip_unavailable': False, 'install_base': '/home/aimane/humble_ws/src/VNAV_23/vnav_ws/install/mav_system_msgs', 'merge_install': False, 'path': '/home/aimane/humble_ws/src/VNAV_23/vnav_ws/src/mav_comm/mav_system_msgs', 'symlink_install': False, 'test_result_base': None}
[0.786s] Level 5:colcon.colcon_core.verb:set package 'tesse' build argument 'cmake_args' from command line to 'None'
[0.786s] Level 5:colcon.colcon_core.verb:set package 'tesse' build argument 'cmake_target' from command line to 'None'
[0.786s] Level 5:colcon.colcon_core.verb:set package 'tesse' build argument 'cmake_target_skip_unavailable' from command line to 'False'
[0.786s] Level 5:colcon.colcon_core.verb:set package 'tesse' build argument 'cmake_clean_cache' from command line to 'False'
[0.786s] Level 5:colcon.colcon_core.verb:set package 'tesse' build argument 'cmake_clean_first' from command line to 'False'
[0.786s] Level 5:colcon.colcon_core.verb:set package 'tesse' build argument 'cmake_force_configure' from command line to 'False'
[0.786s] Level 5:colcon.colcon_core.verb:set package 'tesse' build argument 'ament_cmake_args' from command line to 'None'
[0.786s] Level 5:colcon.colcon_core.verb:set package 'tesse' build argument 'catkin_cmake_args' from command line to 'None'
[0.786s] Level 5:colcon.colcon_core.verb:set package 'tesse' build argument 'catkin_skip_building_tests' from command line to 'False'
[0.786s] DEBUG:colcon.colcon_core.verb:Building package 'tesse' with the following arguments: {'ament_cmake_args': None, 'build_base': '/home/aimane/humble_ws/src/VNAV_23/vnav_ws/build/tesse', 'catkin_cmake_args': None, 'catkin_skip_building_tests': False, 'cmake_args': None, 'cmake_clean_cache': False, 'cmake_clean_first': False, 'cmake_force_configure': False, 'cmake_target': None, 'cmake_target_skip_unavailable': False, 'install_base': '/home/aimane/humble_ws/src/VNAV_23/vnav_ws/install/tesse', 'merge_install': False, 'path': '/home/aimane/humble_ws/src/VNAV_23/vnav_ws/src/Lab3/tesse-interface', 'symlink_install': False, 'test_result_base': None}
[0.786s] Level 5:colcon.colcon_core.verb:set package 'tesse_msgs' build argument 'cmake_args' from command line to 'None'
[0.786s] Level 5:colcon.colcon_core.verb:set package 'tesse_msgs' build argument 'cmake_target' from command line to 'None'
[0.787s] Level 5:colcon.colcon_core.verb:set package 'tesse_msgs' build argument 'cmake_target_skip_unavailable' from command line to 'False'
[0.787s] Level 5:colcon.colcon_core.verb:set package 'tesse_msgs' build argument 'cmake_clean_cache' from command line to 'False'
[0.787s] Level 5:colcon.colcon_core.verb:set package 'tesse_msgs' build argument 'cmake_clean_first' from command line to 'False'
[0.787s] Level 5:colcon.colcon_core.verb:set package 'tesse_msgs' build argument 'cmake_force_configure' from command line to 'False'
[0.787s] Level 5:colcon.colcon_core.verb:set package 'tesse_msgs' build argument 'ament_cmake_args' from command line to 'None'
[0.787s] Level 5:colcon.colcon_core.verb:set package 'tesse_msgs' build argument 'catkin_cmake_args' from command line to 'None'
[0.787s] Level 5:colcon.colcon_core.verb:set package 'tesse_msgs' build argument 'catkin_skip_building_tests' from command line to 'False'
[0.787s] DEBUG:colcon.colcon_core.verb:Building package 'tesse_msgs' with the following arguments: {'ament_cmake_args': None, 'build_base': '/home/aimane/humble_ws/src/VNAV_23/vnav_ws/build/tesse_msgs', 'catkin_cmake_args': None, 'catkin_skip_building_tests': False, 'cmake_args': None, 'cmake_clean_cache': False, 'cmake_clean_first': False, 'cmake_force_configure': False, 'cmake_target': None, 'cmake_target_skip_unavailable': False, 'install_base': '/home/aimane/humble_ws/src/VNAV_23/vnav_ws/install/tesse_msgs', 'merge_install': False, 'path': '/home/aimane/humble_ws/src/VNAV_23/vnav_ws/src/Lab3/tesse_msgs', 'symlink_install': False, 'test_result_base': None}
[0.787s] Level 5:colcon.colcon_core.verb:set package 'tesse_ros_bridge' build argument 'cmake_args' from command line to 'None'
[0.787s] Level 5:colcon.colcon_core.verb:set package 'tesse_ros_bridge' build argument 'cmake_target' from command line to 'None'
[0.787s] Level 5:colcon.colcon_core.verb:set package 'tesse_ros_bridge' build argument 'cmake_target_skip_unavailable' from command line to 'False'
[0.787s] Level 5:colcon.colcon_core.verb:set package 'tesse_ros_bridge' build argument 'cmake_clean_cache' from command line to 'False'
[0.787s] Level 5:colcon.colcon_core.verb:set package 'tesse_ros_bridge' build argument 'cmake_clean_first' from command line to 'False'
[0.787s] Level 5:colcon.colcon_core.verb:set package 'tesse_ros_bridge' build argument 'cmake_force_configure' from command line to 'False'
[0.787s] Level 5:colcon.colcon_core.verb:set package 'tesse_ros_bridge' build argument 'ament_cmake_args' from command line to 'None'
[0.787s] Level 5:colcon.colcon_core.verb:set package 'tesse_ros_bridge' build argument 'catkin_cmake_args' from command line to 'None'
[0.787s] Level 5:colcon.colcon_core.verb:set package 'tesse_ros_bridge' build argument 'catkin_skip_building_tests' from command line to 'False'
[0.788s] DEBUG:colcon.colcon_core.verb:Building package 'tesse_ros_bridge' with the following arguments: {'ament_cmake_args': None, 'build_base': '/home/aimane/humble_ws/src/VNAV_23/vnav_ws/build/tesse_ros_bridge', 'catkin_cmake_args': None, 'catkin_skip_building_tests': False, 'cmake_args': None, 'cmake_clean_cache': False, 'cmake_clean_first': False, 'cmake_force_configure': False, 'cmake_target': None, 'cmake_target_skip_unavailable': False, 'install_base': '/home/aimane/humble_ws/src/VNAV_23/vnav_ws/install/tesse_ros_bridge', 'merge_install': False, 'path': '/home/aimane/humble_ws/src/VNAV_23/vnav_ws/src/Lab3/tesse_ros_bridge', 'symlink_install': False, 'test_result_base': None}
[0.788s] Level 5:colcon.colcon_core.verb:set package 'controller_pkg' build argument 'cmake_args' from command line to 'None'
[0.788s] Level 5:colcon.colcon_core.verb:set package 'controller_pkg' build argument 'cmake_target' from command line to 'None'
[0.788s] Level 5:colcon.colcon_core.verb:set package 'controller_pkg' build argument 'cmake_target_skip_unavailable' from command line to 'False'
[0.788s] Level 5:colcon.colcon_core.verb:set package 'controller_pkg' build argument 'cmake_clean_cache' from command line to 'False'
[0.788s] Level 5:colcon.colcon_core.verb:set package 'controller_pkg' build argument 'cmake_clean_first' from command line to 'False'
[0.788s] Level 5:colcon.colcon_core.verb:set package 'controller_pkg' build argument 'cmake_force_configure' from command line to 'False'
[0.788s] Level 5:colcon.colcon_core.verb:set package 'controller_pkg' build argument 'ament_cmake_args' from command line to 'None'
[0.788s] Level 5:colcon.colcon_core.verb:set package 'controller_pkg' build argument 'catkin_cmake_args' from command line to 'None'
[0.788s] Level 5:colcon.colcon_core.verb:set package 'controller_pkg' build argument 'catkin_skip_building_tests' from command line to 'False'
[0.788s] DEBUG:colcon.colcon_core.verb:Building package 'controller_pkg' with the following arguments: {'ament_cmake_args': None, 'build_base': '/home/aimane/humble_ws/src/VNAV_23/vnav_ws/build/controller_pkg', 'catkin_cmake_args': None, 'catkin_skip_building_tests': False, 'cmake_args': None, 'cmake_clean_cache': False, 'cmake_clean_first': False, 'cmake_force_configure': False, 'cmake_target': None, 'cmake_target_skip_unavailable': False, 'install_base': '/home/aimane/humble_ws/src/VNAV_23/vnav_ws/install/controller_pkg', 'merge_install': False, 'path': '/home/aimane/humble_ws/src/VNAV_23/vnav_ws/src/Lab3/controller_pkg', 'symlink_install': False, 'test_result_base': None}
[0.789s] Level 5:colcon.colcon_core.verb:set package 'mav_planning_msgs' build argument 'cmake_args' from command line to 'None'
[0.789s] Level 5:colcon.colcon_core.verb:set package 'mav_planning_msgs' build argument 'cmake_target' from command line to 'None'
[0.789s] Level 5:colcon.colcon_core.verb:set package 'mav_planning_msgs' build argument 'cmake_target_skip_unavailable' from command line to 'False'
[0.789s] Level 5:colcon.colcon_core.verb:set package 'mav_planning_msgs' build argument 'cmake_clean_cache' from command line to 'False'
[0.789s] Level 5:colcon.colcon_core.verb:set package 'mav_planning_msgs' build argument 'cmake_clean_first' from command line to 'False'
[0.789s] Level 5:colcon.colcon_core.verb:set package 'mav_planning_msgs' build argument 'cmake_force_configure' from command line to 'False'
[0.789s] Level 5:colcon.colcon_core.verb:set package 'mav_planning_msgs' build argument 'ament_cmake_args' from command line to 'None'
[0.789s] Level 5:colcon.colcon_core.verb:set package 'mav_planning_msgs' build argument 'catkin_cmake_args' from command line to 'None'
[0.789s] Level 5:colcon.colcon_core.verb:set package 'mav_planning_msgs' build argument 'catkin_skip_building_tests' from command line to 'False'
[0.789s] DEBUG:colcon.colcon_core.verb:Building package 'mav_planning_msgs' with the following arguments: {'ament_cmake_args': None, 'build_base': '/home/aimane/humble_ws/src/VNAV_23/vnav_ws/build/mav_planning_msgs', 'catkin_cmake_args': None, 'catkin_skip_building_tests': False, 'cmake_args': None, 'cmake_clean_cache': False, 'cmake_clean_first': False, 'cmake_force_configure': False, 'cmake_target': None, 'cmake_target_skip_unavailable': False, 'install_base': '/home/aimane/humble_ws/src/VNAV_23/vnav_ws/install/mav_planning_msgs', 'merge_install': False, 'path': '/home/aimane/humble_ws/src/VNAV_23/vnav_ws/src/mav_comm/mav_planning_msgs', 'symlink_install': False, 'test_result_base': None}
[0.790s] Level 5:colcon.colcon_core.verb:set package 'mav_comm' build argument 'cmake_args' from command line to 'None'
[0.790s] Level 5:colcon.colcon_core.verb:set package 'mav_comm' build argument 'cmake_target' from command line to 'None'
[0.790s] Level 5:colcon.colcon_core.verb:set package 'mav_comm' build argument 'cmake_target_skip_unavailable' from command line to 'False'
[0.790s] Level 5:colcon.colcon_core.verb:set package 'mav_comm' build argument 'cmake_clean_cache' from command line to 'False'
[0.790s] Level 5:colcon.colcon_core.verb:set package 'mav_comm' build argument 'cmake_clean_first' from command line to 'False'
[0.790s] Level 5:colcon.colcon_core.verb:set package 'mav_comm' build argument 'cmake_force_configure' from command line to 'False'
[0.790s] Level 5:colcon.colcon_core.verb:set package 'mav_comm' build argument 'ament_cmake_args' from command line to 'None'
[0.790s] Level 5:colcon.colcon_core.verb:set package 'mav_comm' build argument 'catkin_cmake_args' from command line to 'None'
[0.790s] Level 5:colcon.colcon_core.verb:set package 'mav_comm' build argument 'catkin_skip_building_tests' from command line to 'False'
[0.790s] DEBUG:colcon.colcon_core.verb:Building package 'mav_comm' with the following arguments: {'ament_cmake_args': None, 'build_base': '/home/aimane/humble_ws/src/VNAV_23/vnav_ws/build/mav_comm', 'catkin_cmake_args': None, 'catkin_skip_building_tests': False, 'cmake_args': None, 'cmake_clean_cache': False, 'cmake_clean_first': False, 'cmake_force_configure': False, 'cmake_target': None, 'cmake_target_skip_unavailable': False, 'install_base': '/home/aimane/humble_ws/src/VNAV_23/vnav_ws/install/mav_comm', 'merge_install': False, 'path': '/home/aimane/humble_ws/src/VNAV_23/vnav_ws/src/mav_comm/mav_comm', 'symlink_install': False, 'test_result_base': None}
[0.790s] INFO:colcon.colcon_core.executor:Executing jobs using 'parallel' executor
[0.791s] DEBUG:colcon.colcon_parallel_executor.executor.parallel:run_until_complete
[0.792s] INFO:colcon.colcon_ros.task.ament_cmake.build:Building ROS package in '/home/aimane/humble_ws/src/VNAV_23/vnav_ws/src/mav_comm/mav_msgs' with build type 'ament_cmake'
[0.792s] INFO:colcon.colcon_cmake.task.cmake.build:Building CMake package in '/home/aimane/humble_ws/src/VNAV_23/vnav_ws/src/mav_comm/mav_msgs'
[0.799s] INFO:colcon.colcon_core.plugin_system:Skipping extension 'colcon_core.shell.bat': Not used on non-Windows systems
[0.800s] INFO:colcon.colcon_core.shell:Skip shell extension 'powershell' for command environment: Not usable outside of PowerShell
[0.800s] DEBUG:colcon.colcon_core.shell:Skip shell extension 'dsv' for command environment
[0.815s] INFO:colcon.colcon_ros.task.ament_cmake.build:Building ROS package in '/home/aimane/humble_ws/src/VNAV_23/vnav_ws/src/mav_comm/mav_state_machine_msgs' with build type 'ament_cmake'
[0.816s] INFO:colcon.colcon_cmake.task.cmake.build:Building CMake package in '/home/aimane/humble_ws/src/VNAV_23/vnav_ws/src/mav_comm/mav_state_machine_msgs'
[0.816s] INFO:colcon.colcon_core.shell:Skip shell extension 'powershell' for command environment: Not usable outside of PowerShell
[0.816s] DEBUG:colcon.colcon_core.shell:Skip shell extension 'dsv' for command environment
[0.830s] INFO:colcon.colcon_ros.task.ament_cmake.build:Building ROS package in '/home/aimane/humble_ws/src/VNAV_23/vnav_ws/src/mav_comm/mav_system_msgs' with build type 'ament_cmake'
[0.830s] INFO:colcon.colcon_cmake.task.cmake.build:Building CMake package in '/home/aimane/humble_ws/src/VNAV_23/vnav_ws/src/mav_comm/mav_system_msgs'
[0.831s] INFO:colcon.colcon_core.shell:Skip shell extension 'powershell' for command environment: Not usable outside of PowerShell
[0.831s] DEBUG:colcon.colcon_core.shell:Skip shell extension 'dsv' for command environment
[0.843s] INFO:colcon.colcon_core.task.python.build:Building Python package in '/home/aimane/humble_ws/src/VNAV_23/vnav_ws/src/Lab3/tesse-interface'
[0.843s] INFO:colcon.colcon_core.shell:Skip shell extension 'powershell' for command environment: Not usable outside of PowerShell
[0.844s] DEBUG:colcon.colcon_core.shell:Skip shell extension 'dsv' for command environment
[0.855s] INFO:colcon.colcon_ros.task.ament_cmake.build:Building ROS package in '/home/aimane/humble_ws/src/VNAV_23/vnav_ws/src/Lab3/tesse_msgs' with build type 'ament_cmake'
[0.856s] INFO:colcon.colcon_cmake.task.cmake.build:Building CMake package in '/home/aimane/humble_ws/src/VNAV_23/vnav_ws/src/Lab3/tesse_msgs'
[0.856s] INFO:colcon.colcon_core.shell:Skip shell extension 'powershell' for command environment: Not usable outside of PowerShell
[0.856s] DEBUG:colcon.colcon_core.shell:Skip shell extension 'dsv' for command environment
[0.866s] INFO:colcon.colcon_ros.task.ament_python.build:Building ROS package in '/home/aimane/humble_ws/src/VNAV_23/vnav_ws/src/Lab3/tesse_ros_bridge' with build type 'ament_python'
[0.866s] Level 1:colcon.colcon_core.shell:create_environment_hook('tesse_ros_bridge', 'ament_prefix_path')
[0.867s] INFO:colcon.colcon_core.shell:Creating environment hook '/home/aimane/humble_ws/src/VNAV_23/vnav_ws/install/tesse_ros_bridge/share/tesse_ros_bridge/hook/ament_prefix_path.ps1'
[0.868s] INFO:colcon.colcon_core.shell:Creating environment descriptor '/home/aimane/humble_ws/src/VNAV_23/vnav_ws/install/tesse_ros_bridge/share/tesse_ros_bridge/hook/ament_prefix_path.dsv'
[0.869s] INFO:colcon.colcon_core.shell:Creating environment hook '/home/aimane/humble_ws/src/VNAV_23/vnav_ws/install/tesse_ros_bridge/share/tesse_ros_bridge/hook/ament_prefix_path.sh'
[0.871s] INFO:colcon.colcon_core.shell:Skip shell extension 'powershell' for command environment: Not usable outside of PowerShell
[0.871s] DEBUG:colcon.colcon_core.shell:Skip shell extension 'dsv' for command environment
[1.115s] DEBUG:colcon.colcon_core.event_handler.log_command:Invoking command in '/home/aimane/humble_ws/src/VNAV_23/vnav_ws/build/mav_msgs': CMAKE_PREFIX_PATH=${CMAKE_PREFIX_PATH}:/home/aimane/humble_ws/src/VNAV_23/vnav_ws/install/tesse_ros_bridge:/opt/ros/humble /usr/bin/cmake --build /home/aimane/humble_ws/src/VNAV_23/vnav_ws/build/mav_msgs -- -j8 -l8
[1.370s] DEBUG:colcon.colcon_core.event_handler.log_command:Invoking command in '/home/aimane/humble_ws/src/VNAV_23/vnav_ws/build/mav_state_machine_msgs': CMAKE_PREFIX_PATH=${CMAKE_PREFIX_PATH}:/home/aimane/humble_ws/src/VNAV_23/vnav_ws/install/tesse_ros_bridge:/opt/ros/humble /usr/bin/cmake --build /home/aimane/humble_ws/src/VNAV_23/vnav_ws/build/mav_state_machine_msgs -- -j8 -l8
[1.425s] DEBUG:colcon.colcon_core.event_handler.log_command:Invoking command in '/home/aimane/humble_ws/src/VNAV_23/vnav_ws/build/mav_system_msgs': CMAKE_PREFIX_PATH=${CMAKE_PREFIX_PATH}:/home/aimane/humble_ws/src/VNAV_23/vnav_ws/install/tesse_ros_bridge:/opt/ros/humble /usr/bin/cmake --build /home/aimane/humble_ws/src/VNAV_23/vnav_ws/build/mav_system_msgs -- -j8 -l8
[2.178s] DEBUG:colcon.colcon_core.event_handler.log_command:Invoking command in '/home/aimane/humble_ws/src/VNAV_23/vnav_ws/build/tesse_msgs': CMAKE_PREFIX_PATH=${CMAKE_PREFIX_PATH}:/home/aimane/humble_ws/src/VNAV_23/vnav_ws/install/tesse_ros_bridge:/opt/ros/humble /usr/bin/cmake --build /home/aimane/humble_ws/src/VNAV_23/vnav_ws/build/tesse_msgs -- -j8 -l8
[2.569s] INFO:colcon.colcon_core.task.python.build:Building Python package in '/home/aimane/humble_ws/src/VNAV_23/vnav_ws/src/Lab3/tesse_ros_bridge'
[2.569s] INFO:colcon.colcon_core.shell:Skip shell extension 'powershell' for command environment: Not usable outside of PowerShell
[2.569s] DEBUG:colcon.colcon_core.shell:Skip shell extension 'dsv' for command environment
[3.879s] DEBUG:colcon.colcon_core.event_handler.log_command:Invoked command in '/home/aimane/humble_ws/src/VNAV_23/vnav_ws/build/mav_system_msgs' returned '0': CMAKE_PREFIX_PATH=${CMAKE_PREFIX_PATH}:/home/aimane/humble_ws/src/VNAV_23/vnav_ws/install/tesse_ros_bridge:/opt/ros/humble /usr/bin/cmake --build /home/aimane/humble_ws/src/VNAV_23/vnav_ws/build/mav_system_msgs -- -j8 -l8
[4.207s] DEBUG:colcon.colcon_core.event_handler.log_command:Invoking command in '/home/aimane/humble_ws/src/VNAV_23/vnav_ws/build/mav_system_msgs': CMAKE_PREFIX_PATH=${CMAKE_PREFIX_PATH}:/home/aimane/humble_ws/src/VNAV_23/vnav_ws/install/tesse_ros_bridge:/opt/ros/humble /usr/bin/cmake --install /home/aimane/humble_ws/src/VNAV_23/vnav_ws/build/mav_system_msgs
[4.211s] DEBUG:colcon.colcon_core.event_handler.log_command:Invoked command in '/home/aimane/humble_ws/src/VNAV_23/vnav_ws/build/mav_state_machine_msgs' returned '0': CMAKE_PREFIX_PATH=${CMAKE_PREFIX_PATH}:/home/aimane/humble_ws/src/VNAV_23/vnav_ws/install/tesse_ros_bridge:/opt/ros/humble /usr/bin/cmake --build /home/aimane/humble_ws/src/VNAV_23/vnav_ws/build/mav_state_machine_msgs -- -j8 -l8
[4.215s] DEBUG:colcon.colcon_core.event_handler.log_command:Invoking command in '/home/aimane/humble_ws/src/VNAV_23/vnav_ws/build/mav_state_machine_msgs': CMAKE_PREFIX_PATH=${CMAKE_PREFIX_PATH}:/home/aimane/humble_ws/src/VNAV_23/vnav_ws/install/tesse_ros_bridge:/opt/ros/humble /usr/bin/cmake --install /home/aimane/humble_ws/src/VNAV_23/vnav_ws/build/mav_state_machine_msgs
[4.303s] DEBUG:colcon.colcon_core.event_handler.log_command:Invoking command in '/home/aimane/humble_ws/src/VNAV_23/vnav_ws/src/Lab3/tesse-interface': PYTHONPATH=/home/aimane/humble_ws/src/VNAV_23/vnav_ws/build/tesse/prefix_override:/usr/lib/python3/dist-packages/colcon_core/task/python/colcon_distutils_commands:/home/aimane/humble_ws/src/VNAV_23/vnav_ws/install/tesse/lib/python3.10/site-packages:${PYTHONPATH} /usr/bin/python3 -W ignore:setup.py install is deprecated -W ignore:easy_install command is deprecated setup.py egg_info --egg-base ../../../build/tesse build --build-base /home/aimane/humble_ws/src/VNAV_23/vnav_ws/build/tesse/build install --record /home/aimane/humble_ws/src/VNAV_23/vnav_ws/build/tesse/install.log --single-version-externally-managed
[4.879s] DEBUG:colcon.colcon_core.event_handler.log_command:Invoking command in '/home/aimane/humble_ws/src/VNAV_23/vnav_ws/src/Lab3/tesse_ros_bridge': PYTHONPATH=/home/aimane/humble_ws/src/VNAV_23/vnav_ws/build/tesse_ros_bridge/prefix_override:/usr/lib/python3/dist-packages/colcon_core/task/python/colcon_distutils_commands:/home/aimane/humble_ws/src/VNAV_23/vnav_ws/install/tesse_ros_bridge/lib/python3.10/site-packages:${PYTHONPATH} /usr/bin/python3 -W ignore:setup.py install is deprecated -W ignore:easy_install command is deprecated setup.py egg_info --egg-base ../../../build/tesse_ros_bridge build --build-base /home/aimane/humble_ws/src/VNAV_23/vnav_ws/build/tesse_ros_bridge/build install --record /home/aimane/humble_ws/src/VNAV_23/vnav_ws/build/tesse_ros_bridge/install.log --single-version-externally-managed install_data
[5.349s] DEBUG:colcon.colcon_core.event_handler.log_command:Invoked command in '/home/aimane/humble_ws/src/VNAV_23/vnav_ws/src/Lab3/tesse-interface' returned '0': PYTHONPATH=/home/aimane/humble_ws/src/VNAV_23/vnav_ws/build/tesse/prefix_override:/usr/lib/python3/dist-packages/colcon_core/task/python/colcon_distutils_commands:/home/aimane/humble_ws/src/VNAV_23/vnav_ws/install/tesse/lib/python3.10/site-packages:${PYTHONPATH} /usr/bin/python3 -W ignore:setup.py install is deprecated -W ignore:easy_install command is deprecated setup.py egg_info --egg-base ../../../build/tesse build --build-base /home/aimane/humble_ws/src/VNAV_23/vnav_ws/build/tesse/build install --record /home/aimane/humble_ws/src/VNAV_23/vnav_ws/build/tesse/install.log --single-version-externally-managed
[5.352s] Level 1:colcon.colcon_core.environment:checking '/home/aimane/humble_ws/src/VNAV_23/vnav_ws/install/tesse' for CMake module files
[5.353s] Level 1:colcon.colcon_core.environment:checking '/home/aimane/humble_ws/src/VNAV_23/vnav_ws/install/tesse' for CMake config files
[5.354s] Level 1:colcon.colcon_core.environment:checking '/home/aimane/humble_ws/src/VNAV_23/vnav_ws/install/tesse/lib'
[5.354s] Level 1:colcon.colcon_core.environment:checking '/home/aimane/humble_ws/src/VNAV_23/vnav_ws/install/tesse/bin'
[5.354s] Level 1:colcon.colcon_core.environment:checking '/home/aimane/humble_ws/src/VNAV_23/vnav_ws/install/tesse/lib/pkgconfig/tesse.pc'
[5.354s] Level 1:colcon.colcon_core.environment:checking '/home/aimane/humble_ws/src/VNAV_23/vnav_ws/install/tesse/lib/python3.10/site-packages'
[5.354s] Level 1:colcon.colcon_core.shell:create_environment_hook('tesse', 'pythonpath')
[5.355s] INFO:colcon.colcon_core.shell:Creating environment hook '/home/aimane/humble_ws/src/VNAV_23/vnav_ws/install/tesse/share/tesse/hook/pythonpath.ps1'
[5.355s] INFO:colcon.colcon_core.shell:Creating environment descriptor '/home/aimane/humble_ws/src/VNAV_23/vnav_ws/install/tesse/share/tesse/hook/pythonpath.dsv'
[5.356s] INFO:colcon.colcon_core.shell:Creating environment hook '/home/aimane/humble_ws/src/VNAV_23/vnav_ws/install/tesse/share/tesse/hook/pythonpath.sh'
[5.357s] Level 1:colcon.colcon_core.environment:checking '/home/aimane/humble_ws/src/VNAV_23/vnav_ws/install/tesse/bin'
[5.357s] Level 1:colcon.colcon_core.environment:create_environment_scripts_only(tesse)
[5.357s] INFO:colcon.colcon_core.shell:Creating package script '/home/aimane/humble_ws/src/VNAV_23/vnav_ws/install/tesse/share/tesse/package.ps1'
[5.358s] INFO:colcon.colcon_core.shell:Creating package descriptor '/home/aimane/humble_ws/src/VNAV_23/vnav_ws/install/tesse/share/tesse/package.dsv'
[5.359s] INFO:colcon.colcon_core.shell:Creating package script '/home/aimane/humble_ws/src/VNAV_23/vnav_ws/install/tesse/share/tesse/package.sh'
[5.360s] INFO:colcon.colcon_core.shell:Creating package script '/home/aimane/humble_ws/src/VNAV_23/vnav_ws/install/tesse/share/tesse/package.bash'
[5.361s] INFO:colcon.colcon_core.shell:Creating package script '/home/aimane/humble_ws/src/VNAV_23/vnav_ws/install/tesse/share/tesse/package.zsh'
[5.362s] Level 1:colcon.colcon_core.environment:create_file_with_runtime_dependencies(/home/aimane/humble_ws/src/VNAV_23/vnav_ws/install/tesse/share/colcon-core/packages/tesse)
[5.553s] Level 1:colcon.colcon_core.environment:create_environment_scripts_only(mav_state_machine_msgs)
[5.553s] Level 1:colcon.colcon_core.environment:checking '/home/aimane/humble_ws/src/VNAV_23/vnav_ws/install/mav_state_machine_msgs' for CMake module files
[5.554s] DEBUG:colcon.colcon_core.event_handler.log_command:Invoked command in '/home/aimane/humble_ws/src/VNAV_23/vnav_ws/build/mav_state_machine_msgs' returned '0': CMAKE_PREFIX_PATH=${CMAKE_PREFIX_PATH}:/home/aimane/humble_ws/src/VNAV_23/vnav_ws/install/tesse_ros_bridge:/opt/ros/humble /usr/bin/cmake --install /home/aimane/humble_ws/src/VNAV_23/vnav_ws/build/mav_state_machine_msgs
[5.555s] Level 1:colcon.colcon_core.environment:checking '/home/aimane/humble_ws/src/VNAV_23/vnav_ws/install/mav_state_machine_msgs' for CMake config files
[5.555s] Level 1:colcon.colcon_core.shell:create_environment_hook('mav_state_machine_msgs', 'cmake_prefix_path')
[5.555s] INFO:colcon.colcon_core.shell:Creating environment hook '/home/aimane/humble_ws/src/VNAV_23/vnav_ws/install/mav_state_machine_msgs/share/mav_state_machine_msgs/hook/cmake_prefix_path.ps1'
[5.557s] INFO:colcon.colcon_core.shell:Creating environment descriptor '/home/aimane/humble_ws/src/VNAV_23/vnav_ws/install/mav_state_machine_msgs/share/mav_state_machine_msgs/hook/cmake_prefix_path.dsv'
[5.558s] INFO:colcon.colcon_core.shell:Creating environment hook '/home/aimane/humble_ws/src/VNAV_23/vnav_ws/install/mav_state_machine_msgs/share/mav_state_machine_msgs/hook/cmake_prefix_path.sh'
[5.562s] Level 1:colcon.colcon_core.environment:checking '/home/aimane/humble_ws/src/VNAV_23/vnav_ws/install/mav_state_machine_msgs/lib'
[5.562s] Level 1:colcon.colcon_core.shell:create_environment_hook('mav_state_machine_msgs', 'ld_library_path_lib')
[5.562s] INFO:colcon.colcon_core.shell:Creating environment hook '/home/aimane/humble_ws/src/VNAV_23/vnav_ws/install/mav_state_machine_msgs/share/mav_state_machine_msgs/hook/ld_library_path_lib.ps1'
[5.563s] INFO:colcon.colcon_core.shell:Creating environment descriptor '/home/aimane/humble_ws/src/VNAV_23/vnav_ws/install/mav_state_machine_msgs/share/mav_state_machine_msgs/hook/ld_library_path_lib.dsv'
[5.564s] INFO:colcon.colcon_core.shell:Creating environment hook '/home/aimane/humble_ws/src/VNAV_23/vnav_ws/install/mav_state_machine_msgs/share/mav_state_machine_msgs/hook/ld_library_path_lib.sh'
[5.564s] Level 1:colcon.colcon_core.environment:checking '/home/aimane/humble_ws/src/VNAV_23/vnav_ws/install/mav_state_machine_msgs/bin'
[5.564s] Level 1:colcon.colcon_core.environment:checking '/home/aimane/humble_ws/src/VNAV_23/vnav_ws/install/mav_state_machine_msgs/lib/pkgconfig/mav_state_machine_msgs.pc'
[5.565s] Level 1:colcon.colcon_core.environment:checking '/home/aimane/humble_ws/src/VNAV_23/vnav_ws/install/mav_state_machine_msgs/lib/python3.10/site-packages'
[5.565s] Level 1:colcon.colcon_core.environment:checking '/home/aimane/humble_ws/src/VNAV_23/vnav_ws/install/mav_state_machine_msgs/bin'
[5.566s] INFO:colcon.colcon_core.shell:Creating package script '/home/aimane/humble_ws/src/VNAV_23/vnav_ws/install/mav_state_machine_msgs/share/mav_state_machine_msgs/package.ps1'
[5.566s] INFO:colcon.colcon_core.shell:Creating package descriptor '/home/aimane/humble_ws/src/VNAV_23/vnav_ws/install/mav_state_machine_msgs/share/mav_state_machine_msgs/package.dsv'
[5.567s] INFO:colcon.colcon_core.shell:Creating package script '/home/aimane/humble_ws/src/VNAV_23/vnav_ws/install/mav_state_machine_msgs/share/mav_state_machine_msgs/package.sh'
[5.568s] INFO:colcon.colcon_core.shell:Creating package script '/home/aimane/humble_ws/src/VNAV_23/vnav_ws/install/mav_state_machine_msgs/share/mav_state_machine_msgs/package.bash'
[5.568s] INFO:colcon.colcon_core.shell:Creating package script '/home/aimane/humble_ws/src/VNAV_23/vnav_ws/install/mav_state_machine_msgs/share/mav_state_machine_msgs/package.zsh'
[5.569s] Level 1:colcon.colcon_core.environment:create_file_with_runtime_dependencies(/home/aimane/humble_ws/src/VNAV_23/vnav_ws/install/mav_state_machine_msgs/share/colcon-core/packages/mav_state_machine_msgs)
[5.570s] Level 1:colcon.colcon_core.environment:create_environment_scripts_only(mav_state_machine_msgs)
[5.570s] Level 1:colcon.colcon_core.environment:checking '/home/aimane/humble_ws/src/VNAV_23/vnav_ws/install/mav_state_machine_msgs' for CMake module files
[5.571s] Level 1:colcon.colcon_core.environment:checking '/home/aimane/humble_ws/src/VNAV_23/vnav_ws/install/mav_state_machine_msgs' for CMake config files
[5.572s] Level 1:colcon.colcon_core.shell:create_environment_hook('mav_state_machine_msgs', 'cmake_prefix_path')
[5.572s] INFO:colcon.colcon_core.shell:Creating environment hook '/home/aimane/humble_ws/src/VNAV_23/vnav_ws/install/mav_state_machine_msgs/share/mav_state_machine_msgs/hook/cmake_prefix_path.ps1'
[5.573s] INFO:colcon.colcon_core.shell:Creating environment descriptor '/home/aimane/humble_ws/src/VNAV_23/vnav_ws/install/mav_state_machine_msgs/share/mav_state_machine_msgs/hook/cmake_prefix_path.dsv'
[5.573s] INFO:colcon.colcon_core.shell:Creating environment hook '/home/aimane/humble_ws/src/VNAV_23/vnav_ws/install/mav_state_machine_msgs/share/mav_state_machine_msgs/hook/cmake_prefix_path.sh'
[5.574s] Level 1:colcon.colcon_core.environment:checking '/home/aimane/humble_ws/src/VNAV_23/vnav_ws/install/mav_state_machine_msgs/lib'
[5.574s] Level 1:colcon.colcon_core.shell:create_environment_hook('mav_state_machine_msgs', 'ld_library_path_lib')
[5.574s] INFO:colcon.colcon_core.shell:Creating environment hook '/home/aimane/humble_ws/src/VNAV_23/vnav_ws/install/mav_state_machine_msgs/share/mav_state_machine_msgs/hook/ld_library_path_lib.ps1'
[5.575s] INFO:colcon.colcon_core.shell:Creating environment descriptor '/home/aimane/humble_ws/src/VNAV_23/vnav_ws/install/mav_state_machine_msgs/share/mav_state_machine_msgs/hook/ld_library_path_lib.dsv'
[5.575s] INFO:colcon.colcon_core.shell:Creating environment hook '/home/aimane/humble_ws/src/VNAV_23/vnav_ws/install/mav_state_machine_msgs/share/mav_state_machine_msgs/hook/ld_library_path_lib.sh'
[5.576s] Level 1:colcon.colcon_core.environment:checking '/home/aimane/humble_ws/src/VNAV_23/vnav_ws/install/mav_state_machine_msgs/bin'
[5.576s] Level 1:colcon.colcon_core.environment:checking '/home/aimane/humble_ws/src/VNAV_23/vnav_ws/install/mav_state_machine_msgs/lib/pkgconfig/mav_state_machine_msgs.pc'
[5.576s] Level 1:colcon.colcon_core.environment:checking '/home/aimane/humble_ws/src/VNAV_23/vnav_ws/install/mav_state_machine_msgs/lib/python3.10/site-packages'
[5.577s] Level 1:colcon.colcon_core.environment:checking '/home/aimane/humble_ws/src/VNAV_23/vnav_ws/install/mav_state_machine_msgs/bin'
[5.578s] INFO:colcon.colcon_core.shell:Creating package script '/home/aimane/humble_ws/src/VNAV_23/vnav_ws/install/mav_state_machine_msgs/share/mav_state_machine_msgs/package.ps1'
[5.579s] INFO:colcon.colcon_core.shell:Creating package descriptor '/home/aimane/humble_ws/src/VNAV_23/vnav_ws/install/mav_state_machine_msgs/share/mav_state_machine_msgs/package.dsv'
[5.580s] INFO:colcon.colcon_core.shell:Creating package script '/home/aimane/humble_ws/src/VNAV_23/vnav_ws/install/mav_state_machine_msgs/share/mav_state_machine_msgs/package.sh'
[5.581s] INFO:colcon.colcon_core.shell:Creating package script '/home/aimane/humble_ws/src/VNAV_23/vnav_ws/install/mav_state_machine_msgs/share/mav_state_machine_msgs/package.bash'
[5.581s] INFO:colcon.colcon_core.shell:Creating package script '/home/aimane/humble_ws/src/VNAV_23/vnav_ws/install/mav_state_machine_msgs/share/mav_state_machine_msgs/package.zsh'
[5.582s] Level 1:colcon.colcon_core.environment:create_file_with_runtime_dependencies(/home/aimane/humble_ws/src/VNAV_23/vnav_ws/install/mav_state_machine_msgs/share/colcon-core/packages/mav_state_machine_msgs)
[5.583s] Level 1:colcon.colcon_core.environment:create_environment_scripts_only(mav_system_msgs)
[5.584s] Level 1:colcon.colcon_core.environment:checking '/home/aimane/humble_ws/src/VNAV_23/vnav_ws/install/mav_system_msgs' for CMake module files
[5.585s] DEBUG:colcon.colcon_core.event_handler.log_command:Invoked command in '/home/aimane/humble_ws/src/VNAV_23/vnav_ws/build/mav_system_msgs' returned '0': CMAKE_PREFIX_PATH=${CMAKE_PREFIX_PATH}:/home/aimane/humble_ws/src/VNAV_23/vnav_ws/install/tesse_ros_bridge:/opt/ros/humble /usr/bin/cmake --install /home/aimane/humble_ws/src/VNAV_23/vnav_ws/build/mav_system_msgs
[5.586s] Level 1:colcon.colcon_core.environment:checking '/home/aimane/humble_ws/src/VNAV_23/vnav_ws/install/mav_system_msgs' for CMake config files
[5.587s] Level 1:colcon.colcon_core.shell:create_environment_hook('mav_system_msgs', 'cmake_prefix_path')
[5.588s] INFO:colcon.colcon_core.shell:Creating environment hook '/home/aimane/humble_ws/src/VNAV_23/vnav_ws/install/mav_system_msgs/share/mav_system_msgs/hook/cmake_prefix_path.ps1'
[5.589s] INFO:colcon.colcon_core.shell:Creating environment descriptor '/home/aimane/humble_ws/src/VNAV_23/vnav_ws/install/mav_system_msgs/share/mav_system_msgs/hook/cmake_prefix_path.dsv'
[5.590s] INFO:colcon.colcon_core.shell:Creating environment hook '/home/aimane/humble_ws/src/VNAV_23/vnav_ws/install/mav_system_msgs/share/mav_system_msgs/hook/cmake_prefix_path.sh'
[5.591s] Level 1:colcon.colcon_core.environment:checking '/home/aimane/humble_ws/src/VNAV_23/vnav_ws/install/mav_system_msgs/lib'
[5.591s] Level 1:colcon.colcon_core.shell:create_environment_hook('mav_system_msgs', 'ld_library_path_lib')
[5.592s] INFO:colcon.colcon_core.shell:Creating environment hook '/home/aimane/humble_ws/src/VNAV_23/vnav_ws/install/mav_system_msgs/share/mav_system_msgs/hook/ld_library_path_lib.ps1'
[5.593s] INFO:colcon.colcon_core.shell:Creating environment descriptor '/home/aimane/humble_ws/src/VNAV_23/vnav_ws/install/mav_system_msgs/share/mav_system_msgs/hook/ld_library_path_lib.dsv'
[5.594s] INFO:colcon.colcon_core.shell:Creating environment hook '/home/aimane/humble_ws/src/VNAV_23/vnav_ws/install/mav_system_msgs/share/mav_system_msgs/hook/ld_library_path_lib.sh'
[5.595s] Level 1:colcon.colcon_core.environment:checking '/home/aimane/humble_ws/src/VNAV_23/vnav_ws/install/mav_system_msgs/bin'
[5.595s] Level 1:colcon.colcon_core.environment:checking '/home/aimane/humble_ws/src/VNAV_23/vnav_ws/install/mav_system_msgs/lib/pkgconfig/mav_system_msgs.pc'
[5.595s] Level 1:colcon.colcon_core.environment:checking '/home/aimane/humble_ws/src/VNAV_23/vnav_ws/install/mav_system_msgs/lib/python3.10/site-packages'
[5.596s] Level 1:colcon.colcon_core.environment:checking '/home/aimane/humble_ws/src/VNAV_23/vnav_ws/install/mav_system_msgs/bin'
[5.597s] INFO:colcon.colcon_core.shell:Creating package script '/home/aimane/humble_ws/src/VNAV_23/vnav_ws/install/mav_system_msgs/share/mav_system_msgs/package.ps1'
[5.598s] INFO:colcon.colcon_core.shell:Creating package descriptor '/home/aimane/humble_ws/src/VNAV_23/vnav_ws/install/mav_system_msgs/share/mav_system_msgs/package.dsv'
[5.598s] INFO:colcon.colcon_core.shell:Creating package script '/home/aimane/humble_ws/src/VNAV_23/vnav_ws/install/mav_system_msgs/share/mav_system_msgs/package.sh'
[5.599s] INFO:colcon.colcon_core.shell:Creating package script '/home/aimane/humble_ws/src/VNAV_23/vnav_ws/install/mav_system_msgs/share/mav_system_msgs/package.bash'
[5.600s] INFO:colcon.colcon_core.shell:Creating package script '/home/aimane/humble_ws/src/VNAV_23/vnav_ws/install/mav_system_msgs/share/mav_system_msgs/package.zsh'
[5.601s] Level 1:colcon.colcon_core.environment:create_file_with_runtime_dependencies(/home/aimane/humble_ws/src/VNAV_23/vnav_ws/install/mav_system_msgs/share/colcon-core/packages/mav_system_msgs)
[5.602s] Level 1:colcon.colcon_core.environment:create_environment_scripts_only(mav_system_msgs)
[5.602s] Level 1:colcon.colcon_core.environment:checking '/home/aimane/humble_ws/src/VNAV_23/vnav_ws/install/mav_system_msgs' for CMake module files
[5.605s] Level 1:colcon.colcon_core.environment:checking '/home/aimane/humble_ws/src/VNAV_23/vnav_ws/install/mav_system_msgs' for CMake config files
[5.606s] Level 1:colcon.colcon_core.shell:create_environment_hook('mav_system_msgs', 'cmake_prefix_path')
[5.607s] INFO:colcon.colcon_core.shell:Creating environment hook '/home/aimane/humble_ws/src/VNAV_23/vnav_ws/install/mav_system_msgs/share/mav_system_msgs/hook/cmake_prefix_path.ps1'
[5.609s] INFO:colcon.colcon_core.shell:Creating environment descriptor '/home/aimane/humble_ws/src/VNAV_23/vnav_ws/install/mav_system_msgs/share/mav_system_msgs/hook/cmake_prefix_path.dsv'
[5.610s] INFO:colcon.colcon_core.shell:Creating environment hook '/home/aimane/humble_ws/src/VNAV_23/vnav_ws/install/mav_system_msgs/share/mav_system_msgs/hook/cmake_prefix_path.sh'
[5.611s] Level 1:colcon.colcon_core.environment:checking '/home/aimane/humble_ws/src/VNAV_23/vnav_ws/install/mav_system_msgs/lib'
[5.612s] Level 1:colcon.colcon_core.shell:create_environment_hook('mav_system_msgs', 'ld_library_path_lib')
[5.612s] INFO:colcon.colcon_core.shell:Creating environment hook '/home/aimane/humble_ws/src/VNAV_23/vnav_ws/install/mav_system_msgs/share/mav_system_msgs/hook/ld_library_path_lib.ps1'
[5.614s] INFO:colcon.colcon_core.shell:Creating environment descriptor '/home/aimane/humble_ws/src/VNAV_23/vnav_ws/install/mav_system_msgs/share/mav_system_msgs/hook/ld_library_path_lib.dsv'
[5.615s] INFO:colcon.colcon_core.shell:Creating environment hook '/home/aimane/humble_ws/src/VNAV_23/vnav_ws/install/mav_system_msgs/share/mav_system_msgs/hook/ld_library_path_lib.sh'
[5.616s] Level 1:colcon.colcon_core.environment:checking '/home/aimane/humble_ws/src/VNAV_23/vnav_ws/install/mav_system_msgs/bin'
[5.616s] Level 1:colcon.colcon_core.environment:checking '/home/aimane/humble_ws/src/VNAV_23/vnav_ws/install/mav_system_msgs/lib/pkgconfig/mav_system_msgs.pc'
[5.616s] Level 1:colcon.colcon_core.environment:checking '/home/aimane/humble_ws/src/VNAV_23/vnav_ws/install/mav_system_msgs/lib/python3.10/site-packages'
[5.618s] Level 1:colcon.colcon_core.environment:checking '/home/aimane/humble_ws/src/VNAV_23/vnav_ws/install/mav_system_msgs/bin'
[5.619s] INFO:colcon.colcon_core.shell:Creating package script '/home/aimane/humble_ws/src/VNAV_23/vnav_ws/install/mav_system_msgs/share/mav_system_msgs/package.ps1'
[5.621s] INFO:colcon.colcon_core.shell:Creating package descriptor '/home/aimane/humble_ws/src/VNAV_23/vnav_ws/install/mav_system_msgs/share/mav_system_msgs/package.dsv'
[5.622s] INFO:colcon.colcon_core.shell:Creating package script '/home/aimane/humble_ws/src/VNAV_23/vnav_ws/install/mav_system_msgs/share/mav_system_msgs/package.sh'
[5.623s] INFO:colcon.colcon_core.shell:Creating package script '/home/aimane/humble_ws/src/VNAV_23/vnav_ws/install/mav_system_msgs/share/mav_system_msgs/package.bash'
[5.625s] INFO:colcon.colcon_core.shell:Creating package script '/home/aimane/humble_ws/src/VNAV_23/vnav_ws/install/mav_system_msgs/share/mav_system_msgs/package.zsh'
[5.627s] Level 1:colcon.colcon_core.environment:create_file_with_runtime_dependencies(/home/aimane/humble_ws/src/VNAV_23/vnav_ws/install/mav_system_msgs/share/colcon-core/packages/mav_system_msgs)
[5.724s] Level 1:colcon.colcon_core.environment:checking '/home/aimane/humble_ws/src/VNAV_23/vnav_ws/install/tesse_ros_bridge' for CMake module files
[5.725s] DEBUG:colcon.colcon_core.event_handler.log_command:Invoked command in '/home/aimane/humble_ws/src/VNAV_23/vnav_ws/src/Lab3/tesse_ros_bridge' returned '0': PYTHONPATH=/home/aimane/humble_ws/src/VNAV_23/vnav_ws/build/tesse_ros_bridge/prefix_override:/usr/lib/python3/dist-packages/colcon_core/task/python/colcon_distutils_commands:/home/aimane/humble_ws/src/VNAV_23/vnav_ws/install/tesse_ros_bridge/lib/python3.10/site-packages:${PYTHONPATH} /usr/bin/python3 -W ignore:setup.py install is deprecated -W ignore:easy_install command is deprecated setup.py egg_info --egg-base ../../../build/tesse_ros_bridge build --build-base /home/aimane/humble_ws/src/VNAV_23/vnav_ws/build/tesse_ros_bridge/build install --record /home/aimane/humble_ws/src/VNAV_23/vnav_ws/build/tesse_ros_bridge/install.log --single-version-externally-managed install_data
[5.726s] Level 1:colcon.colcon_core.environment:checking '/home/aimane/humble_ws/src/VNAV_23/vnav_ws/install/tesse_ros_bridge' for CMake config files
[5.727s] Level 1:colcon.colcon_core.environment:checking '/home/aimane/humble_ws/src/VNAV_23/vnav_ws/install/tesse_ros_bridge/lib'
[5.728s] Level 1:colcon.colcon_core.environment:checking '/home/aimane/humble_ws/src/VNAV_23/vnav_ws/install/tesse_ros_bridge/bin'
[5.728s] Level 1:colcon.colcon_core.environment:checking '/home/aimane/humble_ws/src/VNAV_23/vnav_ws/install/tesse_ros_bridge/lib/pkgconfig/tesse_ros_bridge.pc'
[5.728s] Level 1:colcon.colcon_core.environment:checking '/home/aimane/humble_ws/src/VNAV_23/vnav_ws/install/tesse_ros_bridge/lib/python3.10/site-packages'
[5.729s] Level 1:colcon.colcon_core.shell:create_environment_hook('tesse_ros_bridge', 'pythonpath')
[5.729s] INFO:colcon.colcon_core.shell:Creating environment hook '/home/aimane/humble_ws/src/VNAV_23/vnav_ws/install/tesse_ros_bridge/share/tesse_ros_bridge/hook/pythonpath.ps1'
[5.730s] INFO:colcon.colcon_core.shell:Creating environment descriptor '/home/aimane/humble_ws/src/VNAV_23/vnav_ws/install/tesse_ros_bridge/share/tesse_ros_bridge/hook/pythonpath.dsv'
[5.730s] INFO:colcon.colcon_core.shell:Creating environment hook '/home/aimane/humble_ws/src/VNAV_23/vnav_ws/install/tesse_ros_bridge/share/tesse_ros_bridge/hook/pythonpath.sh'
[5.731s] Level 1:colcon.colcon_core.environment:checking '/home/aimane/humble_ws/src/VNAV_23/vnav_ws/install/tesse_ros_bridge/bin'
[5.731s] Level 1:colcon.colcon_core.environment:create_environment_scripts_only(tesse_ros_bridge)
[5.732s] INFO:colcon.colcon_core.shell:Creating package script '/home/aimane/humble_ws/src/VNAV_23/vnav_ws/install/tesse_ros_bridge/share/tesse_ros_bridge/package.ps1'
[5.733s] INFO:colcon.colcon_core.shell:Creating package descriptor '/home/aimane/humble_ws/src/VNAV_23/vnav_ws/install/tesse_ros_bridge/share/tesse_ros_bridge/package.dsv'
[5.734s] INFO:colcon.colcon_core.shell:Creating package script '/home/aimane/humble_ws/src/VNAV_23/vnav_ws/install/tesse_ros_bridge/share/tesse_ros_bridge/package.sh'
[5.735s] INFO:colcon.colcon_core.shell:Creating package script '/home/aimane/humble_ws/src/VNAV_23/vnav_ws/install/tesse_ros_bridge/share/tesse_ros_bridge/package.bash'
[5.736s] INFO:colcon.colcon_core.shell:Creating package script '/home/aimane/humble_ws/src/VNAV_23/vnav_ws/install/tesse_ros_bridge/share/tesse_ros_bridge/package.zsh'
[5.737s] Level 1:colcon.colcon_core.environment:create_file_with_runtime_dependencies(/home/aimane/humble_ws/src/VNAV_23/vnav_ws/install/tesse_ros_bridge/share/colcon-core/packages/tesse_ros_bridge)
[5.866s] DEBUG:colcon.colcon_core.event_handler.log_command:Invoked command in '/home/aimane/humble_ws/src/VNAV_23/vnav_ws/build/tesse_msgs' returned '0': CMAKE_PREFIX_PATH=${CMAKE_PREFIX_PATH}:/home/aimane/humble_ws/src/VNAV_23/vnav_ws/install/tesse_ros_bridge:/opt/ros/humble /usr/bin/cmake --build /home/aimane/humble_ws/src/VNAV_23/vnav_ws/build/tesse_msgs -- -j8 -l8
[5.869s] DEBUG:colcon.colcon_core.event_handler.log_command:Invoking command in '/home/aimane/humble_ws/src/VNAV_23/vnav_ws/build/tesse_msgs': CMAKE_PREFIX_PATH=${CMAKE_PREFIX_PATH}:/home/aimane/humble_ws/src/VNAV_23/vnav_ws/install/tesse_ros_bridge:/opt/ros/humble /usr/bin/cmake --install /home/aimane/humble_ws/src/VNAV_23/vnav_ws/build/tesse_msgs
[6.244s] Level 1:colcon.colcon_core.environment:create_environment_scripts_only(tesse_msgs)
[6.245s] Level 1:colcon.colcon_core.environment:checking '/home/aimane/humble_ws/src/VNAV_23/vnav_ws/install/tesse_msgs' for CMake module files
[6.245s] DEBUG:colcon.colcon_core.event_handler.log_command:Invoked command in '/home/aimane/humble_ws/src/VNAV_23/vnav_ws/build/tesse_msgs' returned '0': CMAKE_PREFIX_PATH=${CMAKE_PREFIX_PATH}:/home/aimane/humble_ws/src/VNAV_23/vnav_ws/install/tesse_ros_bridge:/opt/ros/humble /usr/bin/cmake --install /home/aimane/humble_ws/src/VNAV_23/vnav_ws/build/tesse_msgs
[6.246s] Level 1:colcon.colcon_core.environment:checking '/home/aimane/humble_ws/src/VNAV_23/vnav_ws/install/tesse_msgs' for CMake config files
[6.247s] Level 1:colcon.colcon_core.shell:create_environment_hook('tesse_msgs', 'cmake_prefix_path')
[6.247s] INFO:colcon.colcon_core.shell:Creating environment hook '/home/aimane/humble_ws/src/VNAV_23/vnav_ws/install/tesse_msgs/share/tesse_msgs/hook/cmake_prefix_path.ps1'
[6.248s] INFO:colcon.colcon_core.shell:Creating environment descriptor '/home/aimane/humble_ws/src/VNAV_23/vnav_ws/install/tesse_msgs/share/tesse_msgs/hook/cmake_prefix_path.dsv'
[6.248s] INFO:colcon.colcon_core.shell:Creating environment hook '/home/aimane/humble_ws/src/VNAV_23/vnav_ws/install/tesse_msgs/share/tesse_msgs/hook/cmake_prefix_path.sh'
[6.249s] Level 1:colcon.colcon_core.environment:checking '/home/aimane/humble_ws/src/VNAV_23/vnav_ws/install/tesse_msgs/lib'
[6.249s] Level 1:colcon.colcon_core.shell:create_environment_hook('tesse_msgs', 'ld_library_path_lib')
[6.249s] INFO:colcon.colcon_core.shell:Creating environment hook '/home/aimane/humble_ws/src/VNAV_23/vnav_ws/install/tesse_msgs/share/tesse_msgs/hook/ld_library_path_lib.ps1'
[6.250s] INFO:colcon.colcon_core.shell:Creating environment descriptor '/home/aimane/humble_ws/src/VNAV_23/vnav_ws/install/tesse_msgs/share/tesse_msgs/hook/ld_library_path_lib.dsv'
[6.250s] INFO:colcon.colcon_core.shell:Creating environment hook '/home/aimane/humble_ws/src/VNAV_23/vnav_ws/install/tesse_msgs/share/tesse_msgs/hook/ld_library_path_lib.sh'
[6.251s] Level 1:colcon.colcon_core.environment:checking '/home/aimane/humble_ws/src/VNAV_23/vnav_ws/install/tesse_msgs/bin'
[6.251s] Level 1:colcon.colcon_core.environment:checking '/home/aimane/humble_ws/src/VNAV_23/vnav_ws/install/tesse_msgs/lib/pkgconfig/tesse_msgs.pc'
[6.251s] Level 1:colcon.colcon_core.environment:checking '/home/aimane/humble_ws/src/VNAV_23/vnav_ws/install/tesse_msgs/lib/python3.10/site-packages'
[6.252s] Level 1:colcon.colcon_core.environment:checking '/home/aimane/humble_ws/src/VNAV_23/vnav_ws/install/tesse_msgs/bin'
[6.252s] INFO:colcon.colcon_core.shell:Creating package script '/home/aimane/humble_ws/src/VNAV_23/vnav_ws/install/tesse_msgs/share/tesse_msgs/package.ps1'
[6.253s] INFO:colcon.colcon_core.shell:Creating package descriptor '/home/aimane/humble_ws/src/VNAV_23/vnav_ws/install/tesse_msgs/share/tesse_msgs/package.dsv'
[6.253s] INFO:colcon.colcon_core.shell:Creating package script '/home/aimane/humble_ws/src/VNAV_23/vnav_ws/install/tesse_msgs/share/tesse_msgs/package.sh'
[6.254s] INFO:colcon.colcon_core.shell:Creating package script '/home/aimane/humble_ws/src/VNAV_23/vnav_ws/install/tesse_msgs/share/tesse_msgs/package.bash'
[6.254s] INFO:colcon.colcon_core.shell:Creating package script '/home/aimane/humble_ws/src/VNAV_23/vnav_ws/install/tesse_msgs/share/tesse_msgs/package.zsh'
[6.255s] Level 1:colcon.colcon_core.environment:create_file_with_runtime_dependencies(/home/aimane/humble_ws/src/VNAV_23/vnav_ws/install/tesse_msgs/share/colcon-core/packages/tesse_msgs)
[6.256s] Level 1:colcon.colcon_core.environment:create_environment_scripts_only(tesse_msgs)
[6.256s] Level 1:colcon.colcon_core.environment:checking '/home/aimane/humble_ws/src/VNAV_23/vnav_ws/install/tesse_msgs' for CMake module files
[6.257s] Level 1:colcon.colcon_core.environment:checking '/home/aimane/humble_ws/src/VNAV_23/vnav_ws/install/tesse_msgs' for CMake config files
[6.258s] Level 1:colcon.colcon_core.shell:create_environment_hook('tesse_msgs', 'cmake_prefix_path')
[6.258s] INFO:colcon.colcon_core.shell:Creating environment hook '/home/aimane/humble_ws/src/VNAV_23/vnav_ws/install/tesse_msgs/share/tesse_msgs/hook/cmake_prefix_path.ps1'
[6.258s] INFO:colcon.colcon_core.shell:Creating environment descriptor '/home/aimane/humble_ws/src/VNAV_23/vnav_ws/install/tesse_msgs/share/tesse_msgs/hook/cmake_prefix_path.dsv'
[6.259s] INFO:colcon.colcon_core.shell:Creating environment hook '/home/aimane/humble_ws/src/VNAV_23/vnav_ws/install/tesse_msgs/share/tesse_msgs/hook/cmake_prefix_path.sh'
[6.259s] Level 1:colcon.colcon_core.environment:checking '/home/aimane/humble_ws/src/VNAV_23/vnav_ws/install/tesse_msgs/lib'
[6.260s] Level 1:colcon.colcon_core.shell:create_environment_hook('tesse_msgs', 'ld_library_path_lib')
[6.260s] INFO:colcon.colcon_core.shell:Creating environment hook '/home/aimane/humble_ws/src/VNAV_23/vnav_ws/install/tesse_msgs/share/tesse_msgs/hook/ld_library_path_lib.ps1'
[6.260s] INFO:colcon.colcon_core.shell:Creating environment descriptor '/home/aimane/humble_ws/src/VNAV_23/vnav_ws/install/tesse_msgs/share/tesse_msgs/hook/ld_library_path_lib.dsv'
[6.261s] INFO:colcon.colcon_core.shell:Creating environment hook '/home/aimane/humble_ws/src/VNAV_23/vnav_ws/install/tesse_msgs/share/tesse_msgs/hook/ld_library_path_lib.sh'
[6.261s] Level 1:colcon.colcon_core.environment:checking '/home/aimane/humble_ws/src/VNAV_23/vnav_ws/install/tesse_msgs/bin'
[6.261s] Level 1:colcon.colcon_core.environment:checking '/home/aimane/humble_ws/src/VNAV_23/vnav_ws/install/tesse_msgs/lib/pkgconfig/tesse_msgs.pc'
[6.262s] Level 1:colcon.colcon_core.environment:checking '/home/aimane/humble_ws/src/VNAV_23/vnav_ws/install/tesse_msgs/lib/python3.10/site-packages'
[6.262s] Level 1:colcon.colcon_core.environment:checking '/home/aimane/humble_ws/src/VNAV_23/vnav_ws/install/tesse_msgs/bin'
[6.263s] INFO:colcon.colcon_core.shell:Creating package script '/home/aimane/humble_ws/src/VNAV_23/vnav_ws/install/tesse_msgs/share/tesse_msgs/package.ps1'
[6.263s] INFO:colcon.colcon_core.shell:Creating package descriptor '/home/aimane/humble_ws/src/VNAV_23/vnav_ws/install/tesse_msgs/share/tesse_msgs/package.dsv'
[6.264s] INFO:colcon.colcon_core.shell:Creating package script '/home/aimane/humble_ws/src/VNAV_23/vnav_ws/install/tesse_msgs/share/tesse_msgs/package.sh'
[6.264s] INFO:colcon.colcon_core.shell:Creating package script '/home/aimane/humble_ws/src/VNAV_23/vnav_ws/install/tesse_msgs/share/tesse_msgs/package.bash'
[6.265s] INFO:colcon.colcon_core.shell:Creating package script '/home/aimane/humble_ws/src/VNAV_23/vnav_ws/install/tesse_msgs/share/tesse_msgs/package.zsh'
[6.265s] Level 1:colcon.colcon_core.environment:create_file_with_runtime_dependencies(/home/aimane/humble_ws/src/VNAV_23/vnav_ws/install/tesse_msgs/share/colcon-core/packages/tesse_msgs)
[6.443s] DEBUG:colcon.colcon_core.event_handler.log_command:Invoked command in '/home/aimane/humble_ws/src/VNAV_23/vnav_ws/build/mav_msgs' returned '0': CMAKE_PREFIX_PATH=${CMAKE_PREFIX_PATH}:/home/aimane/humble_ws/src/VNAV_23/vnav_ws/install/tesse_ros_bridge:/opt/ros/humble /usr/bin/cmake --build /home/aimane/humble_ws/src/VNAV_23/vnav_ws/build/mav_msgs -- -j8 -l8
[6.487s] DEBUG:colcon.colcon_core.event_handler.log_command:Invoking command in '/home/aimane/humble_ws/src/VNAV_23/vnav_ws/build/mav_msgs': CMAKE_PREFIX_PATH=${CMAKE_PREFIX_PATH}:/home/aimane/humble_ws/src/VNAV_23/vnav_ws/install/tesse_ros_bridge:/opt/ros/humble /usr/bin/cmake --install /home/aimane/humble_ws/src/VNAV_23/vnav_ws/build/mav_msgs
[6.667s] Level 1:colcon.colcon_core.environment:create_environment_scripts_only(mav_msgs)
[6.668s] Level 1:colcon.colcon_core.environment:checking '/home/aimane/humble_ws/src/VNAV_23/vnav_ws/install/mav_msgs' for CMake module files
[6.668s] DEBUG:colcon.colcon_core.event_handler.log_command:Invoked command in '/home/aimane/humble_ws/src/VNAV_23/vnav_ws/build/mav_msgs' returned '0': CMAKE_PREFIX_PATH=${CMAKE_PREFIX_PATH}:/home/aimane/humble_ws/src/VNAV_23/vnav_ws/install/tesse_ros_bridge:/opt/ros/humble /usr/bin/cmake --install /home/aimane/humble_ws/src/VNAV_23/vnav_ws/build/mav_msgs
[6.669s] Level 1:colcon.colcon_core.environment:checking '/home/aimane/humble_ws/src/VNAV_23/vnav_ws/install/mav_msgs' for CMake config files
[6.670s] Level 1:colcon.colcon_core.shell:create_environment_hook('mav_msgs', 'cmake_prefix_path')
[6.670s] INFO:colcon.colcon_core.shell:Creating environment hook '/home/aimane/humble_ws/src/VNAV_23/vnav_ws/install/mav_msgs/share/mav_msgs/hook/cmake_prefix_path.ps1'
[6.671s] INFO:colcon.colcon_core.shell:Creating environment descriptor '/home/aimane/humble_ws/src/VNAV_23/vnav_ws/install/mav_msgs/share/mav_msgs/hook/cmake_prefix_path.dsv'
[6.671s] INFO:colcon.colcon_core.shell:Creating environment hook '/home/aimane/humble_ws/src/VNAV_23/vnav_ws/install/mav_msgs/share/mav_msgs/hook/cmake_prefix_path.sh'
[6.672s] Level 1:colcon.colcon_core.environment:checking '/home/aimane/humble_ws/src/VNAV_23/vnav_ws/install/mav_msgs/lib'
[6.672s] Level 1:colcon.colcon_core.shell:create_environment_hook('mav_msgs', 'ld_library_path_lib')
[6.673s] INFO:colcon.colcon_core.shell:Creating environment hook '/home/aimane/humble_ws/src/VNAV_23/vnav_ws/install/mav_msgs/share/mav_msgs/hook/ld_library_path_lib.ps1'
[6.673s] INFO:colcon.colcon_core.shell:Creating environment descriptor '/home/aimane/humble_ws/src/VNAV_23/vnav_ws/install/mav_msgs/share/mav_msgs/hook/ld_library_path_lib.dsv'
[6.673s] INFO:colcon.colcon_core.shell:Creating environment hook '/home/aimane/humble_ws/src/VNAV_23/vnav_ws/install/mav_msgs/share/mav_msgs/hook/ld_library_path_lib.sh'
[6.674s] Level 1:colcon.colcon_core.environment:checking '/home/aimane/humble_ws/src/VNAV_23/vnav_ws/install/mav_msgs/bin'
[6.674s] Level 1:colcon.colcon_core.environment:checking '/home/aimane/humble_ws/src/VNAV_23/vnav_ws/install/mav_msgs/lib/pkgconfig/mav_msgs.pc'
[6.674s] Level 1:colcon.colcon_core.environment:checking '/home/aimane/humble_ws/src/VNAV_23/vnav_ws/install/mav_msgs/lib/python3.10/site-packages'
[6.675s] Level 1:colcon.colcon_core.environment:checking '/home/aimane/humble_ws/src/VNAV_23/vnav_ws/install/mav_msgs/bin'
[6.675s] INFO:colcon.colcon_core.shell:Creating package script '/home/aimane/humble_ws/src/VNAV_23/vnav_ws/install/mav_msgs/share/mav_msgs/package.ps1'
[6.676s] INFO:colcon.colcon_core.shell:Creating package descriptor '/home/aimane/humble_ws/src/VNAV_23/vnav_ws/install/mav_msgs/share/mav_msgs/package.dsv'
[6.677s] INFO:colcon.colcon_core.shell:Creating package script '/home/aimane/humble_ws/src/VNAV_23/vnav_ws/install/mav_msgs/share/mav_msgs/package.sh'
[6.677s] INFO:colcon.colcon_core.shell:Creating package script '/home/aimane/humble_ws/src/VNAV_23/vnav_ws/install/mav_msgs/share/mav_msgs/package.bash'
[6.678s] INFO:colcon.colcon_core.shell:Creating package script '/home/aimane/humble_ws/src/VNAV_23/vnav_ws/install/mav_msgs/share/mav_msgs/package.zsh'
[6.678s] Level 1:colcon.colcon_core.environment:create_file_with_runtime_dependencies(/home/aimane/humble_ws/src/VNAV_23/vnav_ws/install/mav_msgs/share/colcon-core/packages/mav_msgs)
[6.679s] Level 1:colcon.colcon_core.environment:create_environment_scripts_only(mav_msgs)
[6.679s] Level 1:colcon.colcon_core.environment:checking '/home/aimane/humble_ws/src/VNAV_23/vnav_ws/install/mav_msgs' for CMake module files
[6.680s] Level 1:colcon.colcon_core.environment:checking '/home/aimane/humble_ws/src/VNAV_23/vnav_ws/install/mav_msgs' for CMake config files
[6.681s] Level 1:colcon.colcon_core.shell:create_environment_hook('mav_msgs', 'cmake_prefix_path')
[6.681s] INFO:colcon.colcon_core.shell:Creating environment hook '/home/aimane/humble_ws/src/VNAV_23/vnav_ws/install/mav_msgs/share/mav_msgs/hook/cmake_prefix_path.ps1'
[6.682s] INFO:colcon.colcon_core.shell:Creating environment descriptor '/home/aimane/humble_ws/src/VNAV_23/vnav_ws/install/mav_msgs/share/mav_msgs/hook/cmake_prefix_path.dsv'
[6.682s] INFO:colcon.colcon_core.shell:Creating environment hook '/home/aimane/humble_ws/src/VNAV_23/vnav_ws/install/mav_msgs/share/mav_msgs/hook/cmake_prefix_path.sh'
[6.683s] Level 1:colcon.colcon_core.environment:checking '/home/aimane/humble_ws/src/VNAV_23/vnav_ws/install/mav_msgs/lib'
[6.683s] Level 1:colcon.colcon_core.shell:create_environment_hook('mav_msgs', 'ld_library_path_lib')
[6.683s] INFO:colcon.colcon_core.shell:Creating environment hook '/home/aimane/humble_ws/src/VNAV_23/vnav_ws/install/mav_msgs/share/mav_msgs/hook/ld_library_path_lib.ps1'
[6.684s] INFO:colcon.colcon_core.shell:Creating environment descriptor '/home/aimane/humble_ws/src/VNAV_23/vnav_ws/install/mav_msgs/share/mav_msgs/hook/ld_library_path_lib.dsv'
[6.684s] INFO:colcon.colcon_core.shell:Creating environment hook '/home/aimane/humble_ws/src/VNAV_23/vnav_ws/install/mav_msgs/share/mav_msgs/hook/ld_library_path_lib.sh'
[6.685s] Level 1:colcon.colcon_core.environment:checking '/home/aimane/humble_ws/src/VNAV_23/vnav_ws/install/mav_msgs/bin'
[6.685s] Level 1:colcon.colcon_core.environment:checking '/home/aimane/humble_ws/src/VNAV_23/vnav_ws/install/mav_msgs/lib/pkgconfig/mav_msgs.pc'
[6.685s] Level 1:colcon.colcon_core.environment:checking '/home/aimane/humble_ws/src/VNAV_23/vnav_ws/install/mav_msgs/lib/python3.10/site-packages'
[6.686s] Level 1:colcon.colcon_core.environment:checking '/home/aimane/humble_ws/src/VNAV_23/vnav_ws/install/mav_msgs/bin'
[6.686s] INFO:colcon.colcon_core.shell:Creating package script '/home/aimane/humble_ws/src/VNAV_23/vnav_ws/install/mav_msgs/share/mav_msgs/package.ps1'
[6.687s] INFO:colcon.colcon_core.shell:Creating package descriptor '/home/aimane/humble_ws/src/VNAV_23/vnav_ws/install/mav_msgs/share/mav_msgs/package.dsv'
[6.688s] INFO:colcon.colcon_core.shell:Creating package script '/home/aimane/humble_ws/src/VNAV_23/vnav_ws/install/mav_msgs/share/mav_msgs/package.sh'
[6.689s] INFO:colcon.colcon_core.shell:Creating package script '/home/aimane/humble_ws/src/VNAV_23/vnav_ws/install/mav_msgs/share/mav_msgs/package.bash'
[6.689s] INFO:colcon.colcon_core.shell:Creating package script '/home/aimane/humble_ws/src/VNAV_23/vnav_ws/install/mav_msgs/share/mav_msgs/package.zsh'
[6.690s] Level 1:colcon.colcon_core.environment:create_file_with_runtime_dependencies(/home/aimane/humble_ws/src/VNAV_23/vnav_ws/install/mav_msgs/share/colcon-core/packages/mav_msgs)
[6.690s] INFO:colcon.colcon_ros.task.ament_cmake.build:Building ROS package in '/home/aimane/humble_ws/src/VNAV_23/vnav_ws/src/mav_comm/mav_planning_msgs' with build type 'ament_cmake'
[6.690s] INFO:colcon.colcon_cmake.task.cmake.build:Building CMake package in '/home/aimane/humble_ws/src/VNAV_23/vnav_ws/src/mav_comm/mav_planning_msgs'
[6.691s] INFO:colcon.colcon_core.shell:Skip shell extension 'powershell' for command environment: Not usable outside of PowerShell
[6.691s] DEBUG:colcon.colcon_core.shell:Skip shell extension 'dsv' for command environment
[6.700s] INFO:colcon.colcon_ros.task.ament_cmake.build:Building ROS package in '/home/aimane/humble_ws/src/VNAV_23/vnav_ws/src/Lab3/controller_pkg' with build type 'ament_cmake'
[6.700s] INFO:colcon.colcon_cmake.task.cmake.build:Building CMake package in '/home/aimane/humble_ws/src/VNAV_23/vnav_ws/src/Lab3/controller_pkg'
[6.701s] INFO:colcon.colcon_core.shell:Skip shell extension 'powershell' for command environment: Not usable outside of PowerShell
[6.701s] DEBUG:colcon.colcon_core.shell:Skip shell extension 'dsv' for command environment
[6.724s] DEBUG:colcon.colcon_core.event_handler.log_command:Invoking command in '/home/aimane/humble_ws/src/VNAV_23/vnav_ws/build/mav_planning_msgs': CMAKE_PREFIX_PATH=/home/aimane/humble_ws/src/VNAV_23/vnav_ws/install/mav_msgs:/home/aimane/humble_ws/src/VNAV_23/vnav_ws/install/tesse_msgs:/home/aimane/humble_ws/src/VNAV_23/vnav_ws/install/mav_comm:/home/aimane/humble_ws/src/VNAV_23/vnav_ws/install/mav_system_msgs:/home/aimane/humble_ws/src/VNAV_23/vnav_ws/install/mav_state_machine_msgs:/home/aimane/humble_ws/src/VNAV_23/vnav_ws/install/mav_planning_msgs:/home/aimane/humble_ws/src/VNAV_23/vnav_ws/install/controller_pkg:/home/aimane/humble_ws/install/two_drones_pkg:/home/aimane/humble_ws/src/VNAV_23/vnav_ws/install/tesse_ros_bridge:/opt/ros/humble LD_LIBRARY_PATH=/home/aimane/humble_ws/src/VNAV_23/vnav_ws/install/mav_msgs/lib:/home/aimane/humble_ws/src/VNAV_23/vnav_ws/install/tesse_msgs/lib:/home/aimane/humble_ws/src/VNAV_23/vnav_ws/install/mav_system_msgs/lib:/home/aimane/humble_ws/src/VNAV_23/vnav_ws/install/mav_state_machine_msgs/lib:/home/aimane/humble_ws/src/VNAV_23/vnav_ws/install/mav_planning_msgs/lib:/opt/ros/humble/opt/rviz_ogre_vendor/lib:/opt/ros/humble/lib/x86_64-linux-gnu:/opt/ros/humble/lib /usr/bin/cmake --build /home/aimane/humble_ws/src/VNAV_23/vnav_ws/build/mav_planning_msgs -- -j8 -l8
[6.729s] DEBUG:colcon.colcon_core.event_handler.log_command:Invoking command in '/home/aimane/humble_ws/src/VNAV_23/vnav_ws/build/controller_pkg': CMAKE_PREFIX_PATH=/home/aimane/humble_ws/src/VNAV_23/vnav_ws/install/mav_msgs:/home/aimane/humble_ws/src/VNAV_23/vnav_ws/install/tesse_msgs:/home/aimane/humble_ws/src/VNAV_23/vnav_ws/install/mav_comm:/home/aimane/humble_ws/src/VNAV_23/vnav_ws/install/mav_system_msgs:/home/aimane/humble_ws/src/VNAV_23/vnav_ws/install/mav_state_machine_msgs:/home/aimane/humble_ws/src/VNAV_23/vnav_ws/install/mav_planning_msgs:/home/aimane/humble_ws/src/VNAV_23/vnav_ws/install/controller_pkg:/home/aimane/humble_ws/install/two_drones_pkg:/home/aimane/humble_ws/src/VNAV_23/vnav_ws/install/tesse_ros_bridge:/opt/ros/humble LD_LIBRARY_PATH=/home/aimane/humble_ws/src/VNAV_23/vnav_ws/install/mav_msgs/lib:/home/aimane/humble_ws/src/VNAV_23/vnav_ws/install/tesse_msgs/lib:/home/aimane/humble_ws/src/VNAV_23/vnav_ws/install/mav_system_msgs/lib:/home/aimane/humble_ws/src/VNAV_23/vnav_ws/install/mav_state_machine_msgs/lib:/home/aimane/humble_ws/src/VNAV_23/vnav_ws/install/mav_planning_msgs/lib:/opt/ros/humble/opt/rviz_ogre_vendor/lib:/opt/ros/humble/lib/x86_64-linux-gnu:/opt/ros/humble/lib /usr/bin/cmake --build /home/aimane/humble_ws/src/VNAV_23/vnav_ws/build/controller_pkg -- -j8 -l8
[6.889s] DEBUG:colcon.colcon_core.event_handler.log_command:Invoked command in '/home/aimane/humble_ws/src/VNAV_23/vnav_ws/build/controller_pkg' returned '0': CMAKE_PREFIX_PATH=/home/aimane/humble_ws/src/VNAV_23/vnav_ws/install/mav_msgs:/home/aimane/humble_ws/src/VNAV_23/vnav_ws/install/tesse_msgs:/home/aimane/humble_ws/src/VNAV_23/vnav_ws/install/mav_comm:/home/aimane/humble_ws/src/VNAV_23/vnav_ws/install/mav_system_msgs:/home/aimane/humble_ws/src/VNAV_23/vnav_ws/install/mav_state_machine_msgs:/home/aimane/humble_ws/src/VNAV_23/vnav_ws/install/mav_planning_msgs:/home/aimane/humble_ws/src/VNAV_23/vnav_ws/install/controller_pkg:/home/aimane/humble_ws/install/two_drones_pkg:/home/aimane/humble_ws/src/VNAV_23/vnav_ws/install/tesse_ros_bridge:/opt/ros/humble LD_LIBRARY_PATH=/home/aimane/humble_ws/src/VNAV_23/vnav_ws/install/mav_msgs/lib:/home/aimane/humble_ws/src/VNAV_23/vnav_ws/install/tesse_msgs/lib:/home/aimane/humble_ws/src/VNAV_23/vnav_ws/install/mav_system_msgs/lib:/home/aimane/humble_ws/src/VNAV_23/vnav_ws/install/mav_state_machine_msgs/lib:/home/aimane/humble_ws/src/VNAV_23/vnav_ws/install/mav_planning_msgs/lib:/opt/ros/humble/opt/rviz_ogre_vendor/lib:/opt/ros/humble/lib/x86_64-linux-gnu:/opt/ros/humble/lib /usr/bin/cmake --build /home/aimane/humble_ws/src/VNAV_23/vnav_ws/build/controller_pkg -- -j8 -l8
[6.891s] DEBUG:colcon.colcon_core.event_handler.log_command:Invoking command in '/home/aimane/humble_ws/src/VNAV_23/vnav_ws/build/controller_pkg': CMAKE_PREFIX_PATH=/home/aimane/humble_ws/src/VNAV_23/vnav_ws/install/mav_msgs:/home/aimane/humble_ws/src/VNAV_23/vnav_ws/install/tesse_msgs:/home/aimane/humble_ws/src/VNAV_23/vnav_ws/install/mav_comm:/home/aimane/humble_ws/src/VNAV_23/vnav_ws/install/mav_system_msgs:/home/aimane/humble_ws/src/VNAV_23/vnav_ws/install/mav_state_machine_msgs:/home/aimane/humble_ws/src/VNAV_23/vnav_ws/install/mav_planning_msgs:/home/aimane/humble_ws/src/VNAV_23/vnav_ws/install/controller_pkg:/home/aimane/humble_ws/install/two_drones_pkg:/home/aimane/humble_ws/src/VNAV_23/vnav_ws/install/tesse_ros_bridge:/opt/ros/humble LD_LIBRARY_PATH=/home/aimane/humble_ws/src/VNAV_23/vnav_ws/install/mav_msgs/lib:/home/aimane/humble_ws/src/VNAV_23/vnav_ws/install/tesse_msgs/lib:/home/aimane/humble_ws/src/VNAV_23/vnav_ws/install/mav_system_msgs/lib:/home/aimane/humble_ws/src/VNAV_23/vnav_ws/install/mav_state_machine_msgs/lib:/home/aimane/humble_ws/src/VNAV_23/vnav_ws/install/mav_planning_msgs/lib:/opt/ros/humble/opt/rviz_ogre_vendor/lib:/opt/ros/humble/lib/x86_64-linux-gnu:/opt/ros/humble/lib /usr/bin/cmake --install /home/aimane/humble_ws/src/VNAV_23/vnav_ws/build/controller_pkg
[6.910s] Level 1:colcon.colcon_core.environment:create_environment_scripts_only(controller_pkg)
[6.910s] Level 1:colcon.colcon_core.environment:checking '/home/aimane/humble_ws/src/VNAV_23/vnav_ws/install/controller_pkg' for CMake module files
[6.911s] DEBUG:colcon.colcon_core.event_handler.log_command:Invoked command in '/home/aimane/humble_ws/src/VNAV_23/vnav_ws/build/controller_pkg' returned '0': CMAKE_PREFIX_PATH=/home/aimane/humble_ws/src/VNAV_23/vnav_ws/install/mav_msgs:/home/aimane/humble_ws/src/VNAV_23/vnav_ws/install/tesse_msgs:/home/aimane/humble_ws/src/VNAV_23/vnav_ws/install/mav_comm:/home/aimane/humble_ws/src/VNAV_23/vnav_ws/install/mav_system_msgs:/home/aimane/humble_ws/src/VNAV_23/vnav_ws/install/mav_state_machine_msgs:/home/aimane/humble_ws/src/VNAV_23/vnav_ws/install/mav_planning_msgs:/home/aimane/humble_ws/src/VNAV_23/vnav_ws/install/controller_pkg:/home/aimane/humble_ws/install/two_drones_pkg:/home/aimane/humble_ws/src/VNAV_23/vnav_ws/install/tesse_ros_bridge:/opt/ros/humble LD_LIBRARY_PATH=/home/aimane/humble_ws/src/VNAV_23/vnav_ws/install/mav_msgs/lib:/home/aimane/humble_ws/src/VNAV_23/vnav_ws/install/tesse_msgs/lib:/home/aimane/humble_ws/src/VNAV_23/vnav_ws/install/mav_system_msgs/lib:/home/aimane/humble_ws/src/VNAV_23/vnav_ws/install/mav_state_machine_msgs/lib:/home/aimane/humble_ws/src/VNAV_23/vnav_ws/install/mav_planning_msgs/lib:/opt/ros/humble/opt/rviz_ogre_vendor/lib:/opt/ros/humble/lib/x86_64-linux-gnu:/opt/ros/humble/lib /usr/bin/cmake --install /home/aimane/humble_ws/src/VNAV_23/vnav_ws/build/controller_pkg
[6.912s] Level 1:colcon.colcon_core.environment:checking '/home/aimane/humble_ws/src/VNAV_23/vnav_ws/install/controller_pkg' for CMake config files
[6.913s] Level 1:colcon.colcon_core.shell:create_environment_hook('controller_pkg', 'cmake_prefix_path')
[6.914s] INFO:colcon.colcon_core.shell:Creating environment hook '/home/aimane/humble_ws/src/VNAV_23/vnav_ws/install/controller_pkg/share/controller_pkg/hook/cmake_prefix_path.ps1'
[6.915s] INFO:colcon.colcon_core.shell:Creating environment descriptor '/home/aimane/humble_ws/src/VNAV_23/vnav_ws/install/controller_pkg/share/controller_pkg/hook/cmake_prefix_path.dsv'
[6.916s] INFO:colcon.colcon_core.shell:Creating environment hook '/home/aimane/humble_ws/src/VNAV_23/vnav_ws/install/controller_pkg/share/controller_pkg/hook/cmake_prefix_path.sh'
[6.917s] Level 1:colcon.colcon_core.environment:checking '/home/aimane/humble_ws/src/VNAV_23/vnav_ws/install/controller_pkg/lib'
[6.918s] Level 1:colcon.colcon_core.environment:checking '/home/aimane/humble_ws/src/VNAV_23/vnav_ws/install/controller_pkg/bin'
[6.918s] Level 1:colcon.colcon_core.environment:checking '/home/aimane/humble_ws/src/VNAV_23/vnav_ws/install/controller_pkg/lib/pkgconfig/controller_pkg.pc'
[6.918s] Level 1:colcon.colcon_core.environment:checking '/home/aimane/humble_ws/src/VNAV_23/vnav_ws/install/controller_pkg/lib/python3.10/site-packages'
[6.919s] Level 1:colcon.colcon_core.environment:checking '/home/aimane/humble_ws/src/VNAV_23/vnav_ws/install/controller_pkg/bin'
[6.920s] INFO:colcon.colcon_core.shell:Creating package script '/home/aimane/humble_ws/src/VNAV_23/vnav_ws/install/controller_pkg/share/controller_pkg/package.ps1'
[6.921s] INFO:colcon.colcon_core.shell:Creating package descriptor '/home/aimane/humble_ws/src/VNAV_23/vnav_ws/install/controller_pkg/share/controller_pkg/package.dsv'
[6.922s] INFO:colcon.colcon_core.shell:Creating package script '/home/aimane/humble_ws/src/VNAV_23/vnav_ws/install/controller_pkg/share/controller_pkg/package.sh'
[6.922s] INFO:colcon.colcon_core.shell:Creating package script '/home/aimane/humble_ws/src/VNAV_23/vnav_ws/install/controller_pkg/share/controller_pkg/package.bash'
[6.923s] INFO:colcon.colcon_core.shell:Creating package script '/home/aimane/humble_ws/src/VNAV_23/vnav_ws/install/controller_pkg/share/controller_pkg/package.zsh'
[6.924s] Level 1:colcon.colcon_core.environment:create_file_with_runtime_dependencies(/home/aimane/humble_ws/src/VNAV_23/vnav_ws/install/controller_pkg/share/colcon-core/packages/controller_pkg)
[6.925s] Level 1:colcon.colcon_core.environment:create_environment_scripts_only(controller_pkg)
[6.925s] Level 1:colcon.colcon_core.environment:checking '/home/aimane/humble_ws/src/VNAV_23/vnav_ws/install/controller_pkg' for CMake module files
[6.926s] Level 1:colcon.colcon_core.environment:checking '/home/aimane/humble_ws/src/VNAV_23/vnav_ws/install/controller_pkg' for CMake config files
[6.926s] Level 1:colcon.colcon_core.shell:create_environment_hook('controller_pkg', 'cmake_prefix_path')
[6.926s] INFO:colcon.colcon_core.shell:Creating environment hook '/home/aimane/humble_ws/src/VNAV_23/vnav_ws/install/controller_pkg/share/controller_pkg/hook/cmake_prefix_path.ps1'
[6.927s] INFO:colcon.colcon_core.shell:Creating environment descriptor '/home/aimane/humble_ws/src/VNAV_23/vnav_ws/install/controller_pkg/share/controller_pkg/hook/cmake_prefix_path.dsv'
[6.927s] INFO:colcon.colcon_core.shell:Creating environment hook '/home/aimane/humble_ws/src/VNAV_23/vnav_ws/install/controller_pkg/share/controller_pkg/hook/cmake_prefix_path.sh'
[6.928s] Level 1:colcon.colcon_core.environment:checking '/home/aimane/humble_ws/src/VNAV_23/vnav_ws/install/controller_pkg/lib'
[6.928s] Level 1:colcon.colcon_core.environment:checking '/home/aimane/humble_ws/src/VNAV_23/vnav_ws/install/controller_pkg/bin'
[6.928s] Level 1:colcon.colcon_core.environment:checking '/home/aimane/humble_ws/src/VNAV_23/vnav_ws/install/controller_pkg/lib/pkgconfig/controller_pkg.pc'
[6.929s] Level 1:colcon.colcon_core.environment:checking '/home/aimane/humble_ws/src/VNAV_23/vnav_ws/install/controller_pkg/lib/python3.10/site-packages'
[6.929s] Level 1:colcon.colcon_core.environment:checking '/home/aimane/humble_ws/src/VNAV_23/vnav_ws/install/controller_pkg/bin'
[6.930s] INFO:colcon.colcon_core.shell:Creating package script '/home/aimane/humble_ws/src/VNAV_23/vnav_ws/install/controller_pkg/share/controller_pkg/package.ps1'
[6.930s] INFO:colcon.colcon_core.shell:Creating package descriptor '/home/aimane/humble_ws/src/VNAV_23/vnav_ws/install/controller_pkg/share/controller_pkg/package.dsv'
[6.931s] INFO:colcon.colcon_core.shell:Creating package script '/home/aimane/humble_ws/src/VNAV_23/vnav_ws/install/controller_pkg/share/controller_pkg/package.sh'
[6.932s] INFO:colcon.colcon_core.shell:Creating package script '/home/aimane/humble_ws/src/VNAV_23/vnav_ws/install/controller_pkg/share/controller_pkg/package.bash'
[6.932s] INFO:colcon.colcon_core.shell:Creating package script '/home/aimane/humble_ws/src/VNAV_23/vnav_ws/install/controller_pkg/share/controller_pkg/package.zsh'
[6.933s] Level 1:colcon.colcon_core.environment:create_file_with_runtime_dependencies(/home/aimane/humble_ws/src/VNAV_23/vnav_ws/install/controller_pkg/share/colcon-core/packages/controller_pkg)
[8.434s] DEBUG:colcon.colcon_core.event_handler.log_command:Invoked command in '/home/aimane/humble_ws/src/VNAV_23/vnav_ws/build/mav_planning_msgs' returned '0': CMAKE_PREFIX_PATH=/home/aimane/humble_ws/src/VNAV_23/vnav_ws/install/mav_msgs:/home/aimane/humble_ws/src/VNAV_23/vnav_ws/install/tesse_msgs:/home/aimane/humble_ws/src/VNAV_23/vnav_ws/install/mav_comm:/home/aimane/humble_ws/src/VNAV_23/vnav_ws/install/mav_system_msgs:/home/aimane/humble_ws/src/VNAV_23/vnav_ws/install/mav_state_machine_msgs:/home/aimane/humble_ws/src/VNAV_23/vnav_ws/install/mav_planning_msgs:/home/aimane/humble_ws/src/VNAV_23/vnav_ws/install/controller_pkg:/home/aimane/humble_ws/install/two_drones_pkg:/home/aimane/humble_ws/src/VNAV_23/vnav_ws/install/tesse_ros_bridge:/opt/ros/humble LD_LIBRARY_PATH=/home/aimane/humble_ws/src/VNAV_23/vnav_ws/install/mav_msgs/lib:/home/aimane/humble_ws/src/VNAV_23/vnav_ws/install/tesse_msgs/lib:/home/aimane/humble_ws/src/VNAV_23/vnav_ws/install/mav_system_msgs/lib:/home/aimane/humble_ws/src/VNAV_23/vnav_ws/install/mav_state_machine_msgs/lib:/home/aimane/humble_ws/src/VNAV_23/vnav_ws/install/mav_planning_msgs/lib:/opt/ros/humble/opt/rviz_ogre_vendor/lib:/opt/ros/humble/lib/x86_64-linux-gnu:/opt/ros/humble/lib /usr/bin/cmake --build /home/aimane/humble_ws/src/VNAV_23/vnav_ws/build/mav_planning_msgs -- -j8 -l8
[8.472s] DEBUG:colcon.colcon_core.event_handler.log_command:Invoking command in '/home/aimane/humble_ws/src/VNAV_23/vnav_ws/build/mav_planning_msgs': CMAKE_PREFIX_PATH=/home/aimane/humble_ws/src/VNAV_23/vnav_ws/install/mav_msgs:/home/aimane/humble_ws/src/VNAV_23/vnav_ws/install/tesse_msgs:/home/aimane/humble_ws/src/VNAV_23/vnav_ws/install/mav_comm:/home/aimane/humble_ws/src/VNAV_23/vnav_ws/install/mav_system_msgs:/home/aimane/humble_ws/src/VNAV_23/vnav_ws/install/mav_state_machine_msgs:/home/aimane/humble_ws/src/VNAV_23/vnav_ws/install/mav_planning_msgs:/home/aimane/humble_ws/src/VNAV_23/vnav_ws/install/controller_pkg:/home/aimane/humble_ws/install/two_drones_pkg:/home/aimane/humble_ws/src/VNAV_23/vnav_ws/install/tesse_ros_bridge:/opt/ros/humble LD_LIBRARY_PATH=/home/aimane/humble_ws/src/VNAV_23/vnav_ws/install/mav_msgs/lib:/home/aimane/humble_ws/src/VNAV_23/vnav_ws/install/tesse_msgs/lib:/home/aimane/humble_ws/src/VNAV_23/vnav_ws/install/mav_system_msgs/lib:/home/aimane/humble_ws/src/VNAV_23/vnav_ws/install/mav_state_machine_msgs/lib:/home/aimane/humble_ws/src/VNAV_23/vnav_ws/install/mav_planning_msgs/lib:/opt/ros/humble/opt/rviz_ogre_vendor/lib:/opt/ros/humble/lib/x86_64-linux-gnu:/opt/ros/humble/lib /usr/bin/cmake --install /home/aimane/humble_ws/src/VNAV_23/vnav_ws/build/mav_planning_msgs
[8.732s] Level 1:colcon.colcon_core.environment:create_environment_scripts_only(mav_planning_msgs)
[8.732s] DEBUG:colcon.colcon_core.event_handler.log_command:Invoked command in '/home/aimane/humble_ws/src/VNAV_23/vnav_ws/build/mav_planning_msgs' returned '0': CMAKE_PREFIX_PATH=/home/aimane/humble_ws/src/VNAV_23/vnav_ws/install/mav_msgs:/home/aimane/humble_ws/src/VNAV_23/vnav_ws/install/tesse_msgs:/home/aimane/humble_ws/src/VNAV_23/vnav_ws/install/mav_comm:/home/aimane/humble_ws/src/VNAV_23/vnav_ws/install/mav_system_msgs:/home/aimane/humble_ws/src/VNAV_23/vnav_ws/install/mav_state_machine_msgs:/home/aimane/humble_ws/src/VNAV_23/vnav_ws/install/mav_planning_msgs:/home/aimane/humble_ws/src/VNAV_23/vnav_ws/install/controller_pkg:/home/aimane/humble_ws/install/two_drones_pkg:/home/aimane/humble_ws/src/VNAV_23/vnav_ws/install/tesse_ros_bridge:/opt/ros/humble LD_LIBRARY_PATH=/home/aimane/humble_ws/src/VNAV_23/vnav_ws/install/mav_msgs/lib:/home/aimane/humble_ws/src/VNAV_23/vnav_ws/install/tesse_msgs/lib:/home/aimane/humble_ws/src/VNAV_23/vnav_ws/install/mav_system_msgs/lib:/home/aimane/humble_ws/src/VNAV_23/vnav_ws/install/mav_state_machine_msgs/lib:/home/aimane/humble_ws/src/VNAV_23/vnav_ws/install/mav_planning_msgs/lib:/opt/ros/humble/opt/rviz_ogre_vendor/lib:/opt/ros/humble/lib/x86_64-linux-gnu:/opt/ros/humble/lib /usr/bin/cmake --install /home/aimane/humble_ws/src/VNAV_23/vnav_ws/build/mav_planning_msgs
[8.733s] Level 1:colcon.colcon_core.environment:checking '/home/aimane/humble_ws/src/VNAV_23/vnav_ws/install/mav_planning_msgs' for CMake module files
[8.735s] Level 1:colcon.colcon_core.environment:checking '/home/aimane/humble_ws/src/VNAV_23/vnav_ws/install/mav_planning_msgs' for CMake config files
[8.736s] Level 1:colcon.colcon_core.shell:create_environment_hook('mav_planning_msgs', 'cmake_prefix_path')
[8.736s] INFO:colcon.colcon_core.shell:Creating environment hook '/home/aimane/humble_ws/src/VNAV_23/vnav_ws/install/mav_planning_msgs/share/mav_planning_msgs/hook/cmake_prefix_path.ps1'
[8.736s] INFO:colcon.colcon_core.shell:Creating environment descriptor '/home/aimane/humble_ws/src/VNAV_23/vnav_ws/install/mav_planning_msgs/share/mav_planning_msgs/hook/cmake_prefix_path.dsv'
[8.737s] INFO:colcon.colcon_core.shell:Creating environment hook '/home/aimane/humble_ws/src/VNAV_23/vnav_ws/install/mav_planning_msgs/share/mav_planning_msgs/hook/cmake_prefix_path.sh'
[8.738s] Level 1:colcon.colcon_core.environment:checking '/home/aimane/humble_ws/src/VNAV_23/vnav_ws/install/mav_planning_msgs/lib'
[8.738s] Level 1:colcon.colcon_core.shell:create_environment_hook('mav_planning_msgs', 'ld_library_path_lib')
[8.738s] INFO:colcon.colcon_core.shell:Creating environment hook '/home/aimane/humble_ws/src/VNAV_23/vnav_ws/install/mav_planning_msgs/share/mav_planning_msgs/hook/ld_library_path_lib.ps1'
[8.739s] INFO:colcon.colcon_core.shell:Creating environment descriptor '/home/aimane/humble_ws/src/VNAV_23/vnav_ws/install/mav_planning_msgs/share/mav_planning_msgs/hook/ld_library_path_lib.dsv'
[8.739s] INFO:colcon.colcon_core.shell:Creating environment hook '/home/aimane/humble_ws/src/VNAV_23/vnav_ws/install/mav_planning_msgs/share/mav_planning_msgs/hook/ld_library_path_lib.sh'
[8.740s] Level 1:colcon.colcon_core.environment:checking '/home/aimane/humble_ws/src/VNAV_23/vnav_ws/install/mav_planning_msgs/bin'
[8.740s] Level 1:colcon.colcon_core.environment:checking '/home/aimane/humble_ws/src/VNAV_23/vnav_ws/install/mav_planning_msgs/lib/pkgconfig/mav_planning_msgs.pc'
[8.740s] Level 1:colcon.colcon_core.environment:checking '/home/aimane/humble_ws/src/VNAV_23/vnav_ws/install/mav_planning_msgs/lib/python3.10/site-packages'
[8.741s] Level 1:colcon.colcon_core.environment:checking '/home/aimane/humble_ws/src/VNAV_23/vnav_ws/install/mav_planning_msgs/bin'
[8.741s] INFO:colcon.colcon_core.shell:Creating package script '/home/aimane/humble_ws/src/VNAV_23/vnav_ws/install/mav_planning_msgs/share/mav_planning_msgs/package.ps1'
[8.742s] INFO:colcon.colcon_core.shell:Creating package descriptor '/home/aimane/humble_ws/src/VNAV_23/vnav_ws/install/mav_planning_msgs/share/mav_planning_msgs/package.dsv'
[8.742s] INFO:colcon.colcon_core.shell:Creating package script '/home/aimane/humble_ws/src/VNAV_23/vnav_ws/install/mav_planning_msgs/share/mav_planning_msgs/package.sh'
[8.743s] INFO:colcon.colcon_core.shell:Creating package script '/home/aimane/humble_ws/src/VNAV_23/vnav_ws/install/mav_planning_msgs/share/mav_planning_msgs/package.bash'
[8.743s] INFO:colcon.colcon_core.shell:Creating package script '/home/aimane/humble_ws/src/VNAV_23/vnav_ws/install/mav_planning_msgs/share/mav_planning_msgs/package.zsh'
[8.744s] Level 1:colcon.colcon_core.environment:create_file_with_runtime_dependencies(/home/aimane/humble_ws/src/VNAV_23/vnav_ws/install/mav_planning_msgs/share/colcon-core/packages/mav_planning_msgs)
[8.744s] Level 1:colcon.colcon_core.environment:create_environment_scripts_only(mav_planning_msgs)
[8.745s] Level 1:colcon.colcon_core.environment:checking '/home/aimane/humble_ws/src/VNAV_23/vnav_ws/install/mav_planning_msgs' for CMake module files
[8.745s] Level 1:colcon.colcon_core.environment:checking '/home/aimane/humble_ws/src/VNAV_23/vnav_ws/install/mav_planning_msgs' for CMake config files
[8.746s] Level 1:colcon.colcon_core.shell:create_environment_hook('mav_planning_msgs', 'cmake_prefix_path')
[8.747s] INFO:colcon.colcon_core.shell:Creating environment hook '/home/aimane/humble_ws/src/VNAV_23/vnav_ws/install/mav_planning_msgs/share/mav_planning_msgs/hook/cmake_prefix_path.ps1'
[8.747s] INFO:colcon.colcon_core.shell:Creating environment descriptor '/home/aimane/humble_ws/src/VNAV_23/vnav_ws/install/mav_planning_msgs/share/mav_planning_msgs/hook/cmake_prefix_path.dsv'
[8.748s] INFO:colcon.colcon_core.shell:Creating environment hook '/home/aimane/humble_ws/src/VNAV_23/vnav_ws/install/mav_planning_msgs/share/mav_planning_msgs/hook/cmake_prefix_path.sh'
[8.748s] Level 1:colcon.colcon_core.environment:checking '/home/aimane/humble_ws/src/VNAV_23/vnav_ws/install/mav_planning_msgs/lib'
[8.748s] Level 1:colcon.colcon_core.shell:create_environment_hook('mav_planning_msgs', 'ld_library_path_lib')
[8.749s] INFO:colcon.colcon_core.shell:Creating environment hook '/home/aimane/humble_ws/src/VNAV_23/vnav_ws/install/mav_planning_msgs/share/mav_planning_msgs/hook/ld_library_path_lib.ps1'
[8.749s] INFO:colcon.colcon_core.shell:Creating environment descriptor '/home/aimane/humble_ws/src/VNAV_23/vnav_ws/install/mav_planning_msgs/share/mav_planning_msgs/hook/ld_library_path_lib.dsv'
[8.750s] INFO:colcon.colcon_core.shell:Creating environment hook '/home/aimane/humble_ws/src/VNAV_23/vnav_ws/install/mav_planning_msgs/share/mav_planning_msgs/hook/ld_library_path_lib.sh'
[8.750s] Level 1:colcon.colcon_core.environment:checking '/home/aimane/humble_ws/src/VNAV_23/vnav_ws/install/mav_planning_msgs/bin'
[8.750s] Level 1:colcon.colcon_core.environment:checking '/home/aimane/humble_ws/src/VNAV_23/vnav_ws/install/mav_planning_msgs/lib/pkgconfig/mav_planning_msgs.pc'
[8.750s] Level 1:colcon.colcon_core.environment:checking '/home/aimane/humble_ws/src/VNAV_23/vnav_ws/install/mav_planning_msgs/lib/python3.10/site-packages'
[8.751s] Level 1:colcon.colcon_core.environment:checking '/home/aimane/humble_ws/src/VNAV_23/vnav_ws/install/mav_planning_msgs/bin'
[8.751s] INFO:colcon.colcon_core.shell:Creating package script '/home/aimane/humble_ws/src/VNAV_23/vnav_ws/install/mav_planning_msgs/share/mav_planning_msgs/package.ps1'
[8.752s] INFO:colcon.colcon_core.shell:Creating package descriptor '/home/aimane/humble_ws/src/VNAV_23/vnav_ws/install/mav_planning_msgs/share/mav_planning_msgs/package.dsv'
[8.753s] INFO:colcon.colcon_core.shell:Creating package script '/home/aimane/humble_ws/src/VNAV_23/vnav_ws/install/mav_planning_msgs/share/mav_planning_msgs/package.sh'
[8.754s] INFO:colcon.colcon_core.shell:Creating package script '/home/aimane/humble_ws/src/VNAV_23/vnav_ws/install/mav_planning_msgs/share/mav_planning_msgs/package.bash'
[8.754s] INFO:colcon.colcon_core.shell:Creating package script '/home/aimane/humble_ws/src/VNAV_23/vnav_ws/install/mav_planning_msgs/share/mav_planning_msgs/package.zsh'
[8.755s] Level 1:colcon.colcon_core.environment:create_file_with_runtime_dependencies(/home/aimane/humble_ws/src/VNAV_23/vnav_ws/install/mav_planning_msgs/share/colcon-core/packages/mav_planning_msgs)
[8.755s] INFO:colcon.colcon_ros.task.ament_cmake.build:Building ROS package in '/home/aimane/humble_ws/src/VNAV_23/vnav_ws/src/mav_comm/mav_comm' with build type 'ament_cmake'
[8.755s] INFO:colcon.colcon_cmake.task.cmake.build:Building CMake package in '/home/aimane/humble_ws/src/VNAV_23/vnav_ws/src/mav_comm/mav_comm'
[8.755s] INFO:colcon.colcon_core.shell:Skip shell extension 'powershell' for command environment: Not usable outside of PowerShell
[8.756s] DEBUG:colcon.colcon_core.shell:Skip shell extension 'dsv' for command environment
[8.914s] DEBUG:colcon.colcon_core.event_handler.log_command:Invoking command in '/home/aimane/humble_ws/src/VNAV_23/vnav_ws/build/mav_comm': CMAKE_PREFIX_PATH=/home/aimane/humble_ws/src/VNAV_23/vnav_ws/install/mav_planning_msgs:/home/aimane/humble_ws/src/VNAV_23/vnav_ws/install/mav_system_msgs:/home/aimane/humble_ws/src/VNAV_23/vnav_ws/install/mav_state_machine_msgs:/home/aimane/humble_ws/src/VNAV_23/vnav_ws/install/mav_msgs:/home/aimane/humble_ws/src/VNAV_23/vnav_ws/install/tesse_msgs:/home/aimane/humble_ws/src/VNAV_23/vnav_ws/install/mav_comm:/home/aimane/humble_ws/src/VNAV_23/vnav_ws/install/controller_pkg:/home/aimane/humble_ws/install/two_drones_pkg:/home/aimane/humble_ws/src/VNAV_23/vnav_ws/install/tesse_ros_bridge:/opt/ros/humble LD_LIBRARY_PATH=/home/aimane/humble_ws/src/VNAV_23/vnav_ws/install/mav_planning_msgs/lib:/home/aimane/humble_ws/src/VNAV_23/vnav_ws/install/mav_system_msgs/lib:/home/aimane/humble_ws/src/VNAV_23/vnav_ws/install/mav_state_machine_msgs/lib:/home/aimane/humble_ws/src/VNAV_23/vnav_ws/install/mav_msgs/lib:/home/aimane/humble_ws/src/VNAV_23/vnav_ws/install/tesse_msgs/lib:/opt/ros/humble/opt/rviz_ogre_vendor/lib:/opt/ros/humble/lib/x86_64-linux-gnu:/opt/ros/humble/lib /usr/bin/cmake --build /home/aimane/humble_ws/src/VNAV_23/vnav_ws/build/mav_comm -- -j8 -l8
[9.017s] DEBUG:colcon.colcon_core.event_handler.log_command:Invoked command in '/home/aimane/humble_ws/src/VNAV_23/vnav_ws/build/mav_comm' returned '0': CMAKE_PREFIX_PATH=/home/aimane/humble_ws/src/VNAV_23/vnav_ws/install/mav_planning_msgs:/home/aimane/humble_ws/src/VNAV_23/vnav_ws/install/mav_system_msgs:/home/aimane/humble_ws/src/VNAV_23/vnav_ws/install/mav_state_machine_msgs:/home/aimane/humble_ws/src/VNAV_23/vnav_ws/install/mav_msgs:/home/aimane/humble_ws/src/VNAV_23/vnav_ws/install/tesse_msgs:/home/aimane/humble_ws/src/VNAV_23/vnav_ws/install/mav_comm:/home/aimane/humble_ws/src/VNAV_23/vnav_ws/install/controller_pkg:/home/aimane/humble_ws/install/two_drones_pkg:/home/aimane/humble_ws/src/VNAV_23/vnav_ws/install/tesse_ros_bridge:/opt/ros/humble LD_LIBRARY_PATH=/home/aimane/humble_ws/src/VNAV_23/vnav_ws/install/mav_planning_msgs/lib:/home/aimane/humble_ws/src/VNAV_23/vnav_ws/install/mav_system_msgs/lib:/home/aimane/humble_ws/src/VNAV_23/vnav_ws/install/mav_state_machine_msgs/lib:/home/aimane/humble_ws/src/VNAV_23/vnav_ws/install/mav_msgs/lib:/home/aimane/humble_ws/src/VNAV_23/vnav_ws/install/tesse_msgs/lib:/opt/ros/humble/opt/rviz_ogre_vendor/lib:/opt/ros/humble/lib/x86_64-linux-gnu:/opt/ros/humble/lib /usr/bin/cmake --build /home/aimane/humble_ws/src/VNAV_23/vnav_ws/build/mav_comm -- -j8 -l8
[9.061s] DEBUG:colcon.colcon_core.event_handler.log_command:Invoking command in '/home/aimane/humble_ws/src/VNAV_23/vnav_ws/build/mav_comm': CMAKE_PREFIX_PATH=/home/aimane/humble_ws/src/VNAV_23/vnav_ws/install/mav_planning_msgs:/home/aimane/humble_ws/src/VNAV_23/vnav_ws/install/mav_system_msgs:/home/aimane/humble_ws/src/VNAV_23/vnav_ws/install/mav_state_machine_msgs:/home/aimane/humble_ws/src/VNAV_23/vnav_ws/install/mav_msgs:/home/aimane/humble_ws/src/VNAV_23/vnav_ws/install/tesse_msgs:/home/aimane/humble_ws/src/VNAV_23/vnav_ws/install/mav_comm:/home/aimane/humble_ws/src/VNAV_23/vnav_ws/install/controller_pkg:/home/aimane/humble_ws/install/two_drones_pkg:/home/aimane/humble_ws/src/VNAV_23/vnav_ws/install/tesse_ros_bridge:/opt/ros/humble LD_LIBRARY_PATH=/home/aimane/humble_ws/src/VNAV_23/vnav_ws/install/mav_planning_msgs/lib:/home/aimane/humble_ws/src/VNAV_23/vnav_ws/install/mav_system_msgs/lib:/home/aimane/humble_ws/src/VNAV_23/vnav_ws/install/mav_state_machine_msgs/lib:/home/aimane/humble_ws/src/VNAV_23/vnav_ws/install/mav_msgs/lib:/home/aimane/humble_ws/src/VNAV_23/vnav_ws/install/tesse_msgs/lib:/opt/ros/humble/opt/rviz_ogre_vendor/lib:/opt/ros/humble/lib/x86_64-linux-gnu:/opt/ros/humble/lib /usr/bin/cmake --install /home/aimane/humble_ws/src/VNAV_23/vnav_ws/build/mav_comm
[9.118s] Level 1:colcon.colcon_core.environment:create_environment_scripts_only(mav_comm)
[9.119s] Level 1:colcon.colcon_core.environment:checking '/home/aimane/humble_ws/src/VNAV_23/vnav_ws/install/mav_comm' for CMake module files
[9.120s] DEBUG:colcon.colcon_core.event_handler.log_command:Invoked command in '/home/aimane/humble_ws/src/VNAV_23/vnav_ws/build/mav_comm' returned '0': CMAKE_PREFIX_PATH=/home/aimane/humble_ws/src/VNAV_23/vnav_ws/install/mav_planning_msgs:/home/aimane/humble_ws/src/VNAV_23/vnav_ws/install/mav_system_msgs:/home/aimane/humble_ws/src/VNAV_23/vnav_ws/install/mav_state_machine_msgs:/home/aimane/humble_ws/src/VNAV_23/vnav_ws/install/mav_msgs:/home/aimane/humble_ws/src/VNAV_23/vnav_ws/install/tesse_msgs:/home/aimane/humble_ws/src/VNAV_23/vnav_ws/install/mav_comm:/home/aimane/humble_ws/src/VNAV_23/vnav_ws/install/controller_pkg:/home/aimane/humble_ws/install/two_drones_pkg:/home/aimane/humble_ws/src/VNAV_23/vnav_ws/install/tesse_ros_bridge:/opt/ros/humble LD_LIBRARY_PATH=/home/aimane/humble_ws/src/VNAV_23/vnav_ws/install/mav_planning_msgs/lib:/home/aimane/humble_ws/src/VNAV_23/vnav_ws/install/mav_system_msgs/lib:/home/aimane/humble_ws/src/VNAV_23/vnav_ws/install/mav_state_machine_msgs/lib:/home/aimane/humble_ws/src/VNAV_23/vnav_ws/install/mav_msgs/lib:/home/aimane/humble_ws/src/VNAV_23/vnav_ws/install/tesse_msgs/lib:/opt/ros/humble/opt/rviz_ogre_vendor/lib:/opt/ros/humble/lib/x86_64-linux-gnu:/opt/ros/humble/lib /usr/bin/cmake --install /home/aimane/humble_ws/src/VNAV_23/vnav_ws/build/mav_comm
[9.121s] Level 1:colcon.colcon_core.environment:checking '/home/aimane/humble_ws/src/VNAV_23/vnav_ws/install/mav_comm' for CMake config files
[9.121s] Level 1:colcon.colcon_core.shell:create_environment_hook('mav_comm', 'cmake_prefix_path')
[9.121s] INFO:colcon.colcon_core.shell:Creating environment hook '/home/aimane/humble_ws/src/VNAV_23/vnav_ws/install/mav_comm/share/mav_comm/hook/cmake_prefix_path.ps1'
[9.122s] INFO:colcon.colcon_core.shell:Creating environment descriptor '/home/aimane/humble_ws/src/VNAV_23/vnav_ws/install/mav_comm/share/mav_comm/hook/cmake_prefix_path.dsv'
[9.122s] INFO:colcon.colcon_core.shell:Creating environment hook '/home/aimane/humble_ws/src/VNAV_23/vnav_ws/install/mav_comm/share/mav_comm/hook/cmake_prefix_path.sh'
[9.123s] Level 1:colcon.colcon_core.environment:checking '/home/aimane/humble_ws/src/VNAV_23/vnav_ws/install/mav_comm/bin'
[9.123s] Level 1:colcon.colcon_core.environment:checking '/home/aimane/humble_ws/src/VNAV_23/vnav_ws/install/mav_comm/lib/pkgconfig/mav_comm.pc'
[9.124s] Level 1:colcon.colcon_core.environment:checking '/home/aimane/humble_ws/src/VNAV_23/vnav_ws/install/mav_comm/lib/python3.10/site-packages'
[9.124s] Level 1:colcon.colcon_core.environment:checking '/home/aimane/humble_ws/src/VNAV_23/vnav_ws/install/mav_comm/bin'
[9.124s] INFO:colcon.colcon_core.shell:Creating package script '/home/aimane/humble_ws/src/VNAV_23/vnav_ws/install/mav_comm/share/mav_comm/package.ps1'
[9.125s] INFO:colcon.colcon_core.shell:Creating package descriptor '/home/aimane/humble_ws/src/VNAV_23/vnav_ws/install/mav_comm/share/mav_comm/package.dsv'
[9.126s] INFO:colcon.colcon_core.shell:Creating package script '/home/aimane/humble_ws/src/VNAV_23/vnav_ws/install/mav_comm/share/mav_comm/package.sh'
[9.126s] INFO:colcon.colcon_core.shell:Creating package script '/home/aimane/humble_ws/src/VNAV_23/vnav_ws/install/mav_comm/share/mav_comm/package.bash'
[9.127s] INFO:colcon.colcon_core.shell:Creating package script '/home/aimane/humble_ws/src/VNAV_23/vnav_ws/install/mav_comm/share/mav_comm/package.zsh'
[9.127s] Level 1:colcon.colcon_core.environment:create_file_with_runtime_dependencies(/home/aimane/humble_ws/src/VNAV_23/vnav_ws/install/mav_comm/share/colcon-core/packages/mav_comm)
[9.128s] Level 1:colcon.colcon_core.environment:create_environment_scripts_only(mav_comm)
[9.128s] Level 1:colcon.colcon_core.environment:checking '/home/aimane/humble_ws/src/VNAV_23/vnav_ws/install/mav_comm' for CMake module files
[9.129s] Level 1:colcon.colcon_core.environment:checking '/home/aimane/humble_ws/src/VNAV_23/vnav_ws/install/mav_comm' for CMake config files
[9.129s] Level 1:colcon.colcon_core.shell:create_environment_hook('mav_comm', 'cmake_prefix_path')
[9.129s] INFO:colcon.colcon_core.shell:Creating environment hook '/home/aimane/humble_ws/src/VNAV_23/vnav_ws/install/mav_comm/share/mav_comm/hook/cmake_prefix_path.ps1'
[9.130s] INFO:colcon.colcon_core.shell:Creating environment descriptor '/home/aimane/humble_ws/src/VNAV_23/vnav_ws/install/mav_comm/share/mav_comm/hook/cmake_prefix_path.dsv'
[9.130s] INFO:colcon.colcon_core.shell:Creating environment hook '/home/aimane/humble_ws/src/VNAV_23/vnav_ws/install/mav_comm/share/mav_comm/hook/cmake_prefix_path.sh'
[9.131s] Level 1:colcon.colcon_core.environment:checking '/home/aimane/humble_ws/src/VNAV_23/vnav_ws/install/mav_comm/bin'
[9.131s] Level 1:colcon.colcon_core.environment:checking '/home/aimane/humble_ws/src/VNAV_23/vnav_ws/install/mav_comm/lib/pkgconfig/mav_comm.pc'
[9.131s] Level 1:colcon.colcon_core.environment:checking '/home/aimane/humble_ws/src/VNAV_23/vnav_ws/install/mav_comm/lib/python3.10/site-packages'
[9.132s] Level 1:colcon.colcon_core.environment:checking '/home/aimane/humble_ws/src/VNAV_23/vnav_ws/install/mav_comm/bin'
[9.132s] INFO:colcon.colcon_core.shell:Creating package script '/home/aimane/humble_ws/src/VNAV_23/vnav_ws/install/mav_comm/share/mav_comm/package.ps1'
[9.133s] INFO:colcon.colcon_core.shell:Creating package descriptor '/home/aimane/humble_ws/src/VNAV_23/vnav_ws/install/mav_comm/share/mav_comm/package.dsv'
[9.133s] INFO:colcon.colcon_core.shell:Creating package script '/home/aimane/humble_ws/src/VNAV_23/vnav_ws/install/mav_comm/share/mav_comm/package.sh'
[9.134s] INFO:colcon.colcon_core.shell:Creating package script '/home/aimane/humble_ws/src/VNAV_23/vnav_ws/install/mav_comm/share/mav_comm/package.bash'
[9.135s] INFO:colcon.colcon_core.shell:Creating package script '/home/aimane/humble_ws/src/VNAV_23/vnav_ws/install/mav_comm/share/mav_comm/package.zsh'
[9.135s] Level 1:colcon.colcon_core.environment:create_file_with_runtime_dependencies(/home/aimane/humble_ws/src/VNAV_23/vnav_ws/install/mav_comm/share/colcon-core/packages/mav_comm)
[9.135s] DEBUG:colcon.colcon_parallel_executor.executor.parallel:closing loop
[9.136s] DEBUG:colcon.colcon_parallel_executor.executor.parallel:loop closed
[9.136s] DEBUG:colcon.colcon_parallel_executor.executor.parallel:run_until_complete finished with '0'
[9.136s] DEBUG:colcon.colcon_core.event_reactor:joining thread
[9.146s] INFO:colcon.colcon_core.plugin_system:Skipping extension 'colcon_notification.desktop_notification.notify_send': Could not find 'notify-send'
[9.146s] INFO:colcon.colcon_core.plugin_system:Skipping extension 'colcon_notification.desktop_notification.terminal_notifier': Not used on non-Darwin systems
[9.146s] INFO:colcon.colcon_core.plugin_system:Skipping extension 'colcon_notification.desktop_notification.win32': Not used on non-Windows systems
[9.146s] INFO:colcon.colcon_notification.desktop_notification:Sending desktop notification using 'notify2'
[9.150s] DEBUG:colcon.colcon_notification.desktop_notification.notify2:Failed to initialize notify2: org.freedesktop.DBus.Error.Spawn.ExecFailed: /usr/bin/dbus-launch terminated abnormally without any error message
[9.150s] DEBUG:colcon.colcon_core.event_reactor:joined thread
[9.151s] INFO:colcon.colcon_core.shell:Creating prefix script '/home/aimane/humble_ws/src/VNAV_23/vnav_ws/install/local_setup.ps1'
[9.154s] INFO:colcon.colcon_core.shell:Creating prefix util module '/home/aimane/humble_ws/src/VNAV_23/vnav_ws/install/_local_setup_util_ps1.py'
[9.158s] INFO:colcon.colcon_core.shell:Creating prefix chain script '/home/aimane/humble_ws/src/VNAV_23/vnav_ws/install/setup.ps1'
[9.160s] INFO:colcon.colcon_core.shell:Creating prefix script '/home/aimane/humble_ws/src/VNAV_23/vnav_ws/install/local_setup.sh'
[9.161s] INFO:colcon.colcon_core.shell:Creating prefix util module '/home/aimane/humble_ws/src/VNAV_23/vnav_ws/install/_local_setup_util_sh.py'
[9.162s] INFO:colcon.colcon_core.shell:Creating prefix chain script '/home/aimane/humble_ws/src/VNAV_23/vnav_ws/install/setup.sh'
[9.165s] INFO:colcon.colcon_core.shell:Creating prefix script '/home/aimane/humble_ws/src/VNAV_23/vnav_ws/install/local_setup.bash'
[9.165s] INFO:colcon.colcon_core.shell:Creating prefix chain script '/home/aimane/humble_ws/src/VNAV_23/vnav_ws/install/setup.bash'
[9.167s] INFO:colcon.colcon_core.shell:Creating prefix script '/home/aimane/humble_ws/src/VNAV_23/vnav_ws/install/local_setup.zsh'
[9.168s] INFO:colcon.colcon_core.shell:Creating prefix chain script '/home/aimane/humble_ws/src/VNAV_23/vnav_ws/install/setup.zsh'
