[0.000000] (-) TimerEvent: {}
[0.000127] (mav_msgs) JobQueued: {'identifier': 'mav_msgs', 'dependencies': OrderedDict()}
[0.000170] (mav_state_machine_msgs) JobQueued: {'identifier': 'mav_state_machine_msgs', 'dependencies': OrderedDict()}
[0.000204] (mav_system_msgs) JobQueued: {'identifier': 'mav_system_msgs', 'dependencies': OrderedDict()}
[0.000236] (tesse) JobQueued: {'identifier': 'tesse', 'dependencies': OrderedDict()}
[0.000267] (tesse_msgs) JobQueued: {'identifier': 'tesse_msgs', 'dependencies': OrderedDict()}
[0.000301] (tesse_ros_bridge) JobQueued: {'identifier': 'tesse_ros_bridge', 'dependencies': OrderedDict()}
[0.000335] (controller_pkg) JobQueued: {'identifier': 'controller_pkg', 'dependencies': OrderedDict([('mav_msgs', '/home/aimane/humble_ws/src/VNAV_23/vnav_ws/install/mav_msgs')])}
[0.000372] (mav_planning_msgs) JobQueued: {'identifier': 'mav_planning_msgs', 'dependencies': OrderedDict([('mav_msgs', '/home/aimane/humble_ws/src/VNAV_23/vnav_ws/install/mav_msgs')])}
[0.000406] (mav_comm) JobQueued: {'identifier': 'mav_comm', 'dependencies': OrderedDict([('mav_msgs', '/home/aimane/humble_ws/src/VNAV_23/vnav_ws/install/mav_msgs'), ('mav_state_machine_msgs', '/home/aimane/humble_ws/src/VNAV_23/vnav_ws/install/mav_state_machine_msgs'), ('mav_system_msgs', '/home/aimane/humble_ws/src/VNAV_23/vnav_ws/install/mav_system_msgs'), ('mav_planning_msgs', '/home/aimane/humble_ws/src/VNAV_23/vnav_ws/install/mav_planning_msgs')])}
[0.000437] (mav_msgs) JobStarted: {'identifier': 'mav_msgs'}
[0.010081] (mav_state_machine_msgs) JobStarted: {'identifier': 'mav_state_machine_msgs'}
[0.014146] (mav_system_msgs) JobStarted: {'identifier': 'mav_system_msgs'}
[0.017848] (tesse) JobStarted: {'identifier': 'tesse'}
[0.021009] (tesse_msgs) JobStarted: {'identifier': 'tesse_msgs'}
[0.026310] (tesse_ros_bridge) JobStarted: {'identifier': 'tesse_ros_bridge'}
[0.037046] (mav_msgs) JobProgress: {'identifier': 'mav_msgs', 'progress': 'cmake'}
[0.038458] (mav_msgs) JobProgress: {'identifier': 'mav_msgs', 'progress': 'build'}
[0.038653] (mav_msgs) Command: {'cmd': ['/usr/bin/cmake', '--build', '/home/aimane/humble_ws/src/VNAV_23/vnav_ws/build/mav_msgs', '--', '-j8', '-l8'], 'cwd': '/home/aimane/humble_ws/src/VNAV_23/vnav_ws/build/mav_msgs', 'env': OrderedDict([('HOSTNAME', 'aimane'), ('SHLVL', '1'), ('LD_LIBRARY_PATH', '/opt/ros/humble/opt/rviz_ogre_vendor/lib:/opt/ros/humble/lib/x86_64-linux-gnu:/opt/ros/humble/lib'), ('HOME', '/home/aimane'), ('OLDPWD', '/home/aimane/humble_ws/src/VNAV_23/vnav_ws'), ('ROS_PYTHON_VERSION', '3'), ('ROS_DISTRO', 'humble'), ('_', '/usr/bin/colcon'), ('ROS_VERSION', '2'), ('TERM', 'xterm-256color'), ('ROS_LOCALHOST_ONLY', '0'), ('PATH', '/opt/ros/humble/bin:/usr/local/sbin:/usr/local/bin:/usr/sbin:/usr/bin:/sbin:/bin'), ('DISPLAY', ':1'), ('LANG', 'C.UTF-8'), ('AMENT_PREFIX_PATH', '/opt/ros/humble'), ('DEBIAN_FRONTEND', 'noninteractive'), ('PWD', '/home/aimane/humble_ws/src/VNAV_23/vnav_ws/build/mav_msgs'), ('LC_ALL', 'C.UTF-8'), ('PYTHONPATH', '/opt/ros/humble/lib/python3.10/site-packages:/opt/ros/humble/local/lib/python3.10/dist-packages'), ('COLCON', '1'), ('CMAKE_PREFIX_PATH', '/opt/ros/humble')]), 'shell': False}
[0.040810] (mav_state_machine_msgs) JobProgress: {'identifier': 'mav_state_machine_msgs', 'progress': 'cmake'}
[0.041444] (mav_state_machine_msgs) JobProgress: {'identifier': 'mav_state_machine_msgs', 'progress': 'build'}
[0.041766] (mav_state_machine_msgs) Command: {'cmd': ['/usr/bin/cmake', '--build', '/home/aimane/humble_ws/src/VNAV_23/vnav_ws/build/mav_state_machine_msgs', '--', '-j8', '-l8'], 'cwd': '/home/aimane/humble_ws/src/VNAV_23/vnav_ws/build/mav_state_machine_msgs', 'env': OrderedDict([('HOSTNAME', 'aimane'), ('SHLVL', '1'), ('LD_LIBRARY_PATH', '/opt/ros/humble/opt/rviz_ogre_vendor/lib:/opt/ros/humble/lib/x86_64-linux-gnu:/opt/ros/humble/lib'), ('HOME', '/home/aimane'), ('OLDPWD', '/home/aimane/humble_ws/src/VNAV_23/vnav_ws'), ('ROS_PYTHON_VERSION', '3'), ('ROS_DISTRO', 'humble'), ('_', '/usr/bin/colcon'), ('ROS_VERSION', '2'), ('TERM', 'xterm-256color'), ('ROS_LOCALHOST_ONLY', '0'), ('PATH', '/opt/ros/humble/bin:/usr/local/sbin:/usr/local/bin:/usr/sbin:/usr/bin:/sbin:/bin'), ('DISPLAY', ':1'), ('LANG', 'C.UTF-8'), ('AMENT_PREFIX_PATH', '/opt/ros/humble'), ('DEBIAN_FRONTEND', 'noninteractive'), ('PWD', '/home/aimane/humble_ws/src/VNAV_23/vnav_ws/build/mav_state_machine_msgs'), ('LC_ALL', 'C.UTF-8'), ('PYTHONPATH', '/opt/ros/humble/lib/python3.10/site-packages:/opt/ros/humble/local/lib/python3.10/dist-packages'), ('COLCON', '1'), ('CMAKE_PREFIX_PATH', '/opt/ros/humble')]), 'shell': False}
[0.043552] (mav_system_msgs) JobProgress: {'identifier': 'mav_system_msgs', 'progress': 'cmake'}
[0.044011] (mav_system_msgs) JobProgress: {'identifier': 'mav_system_msgs', 'progress': 'build'}
[0.044308] (mav_system_msgs) Command: {'cmd': ['/usr/bin/cmake', '--build', '/home/aimane/humble_ws/src/VNAV_23/vnav_ws/build/mav_system_msgs', '--', '-j8', '-l8'], 'cwd': '/home/aimane/humble_ws/src/VNAV_23/vnav_ws/build/mav_system_msgs', 'env': OrderedDict([('HOSTNAME', 'aimane'), ('SHLVL', '1'), ('LD_LIBRARY_PATH', '/opt/ros/humble/opt/rviz_ogre_vendor/lib:/opt/ros/humble/lib/x86_64-linux-gnu:/opt/ros/humble/lib'), ('HOME', '/home/aimane'), ('OLDPWD', '/home/aimane/humble_ws/src/VNAV_23/vnav_ws'), ('ROS_PYTHON_VERSION', '3'), ('ROS_DISTRO', 'humble'), ('_', '/usr/bin/colcon'), ('ROS_VERSION', '2'), ('TERM', 'xterm-256color'), ('ROS_LOCALHOST_ONLY', '0'), ('PATH', '/opt/ros/humble/bin:/usr/local/sbin:/usr/local/bin:/usr/sbin:/usr/bin:/sbin:/bin'), ('DISPLAY', ':1'), ('LANG', 'C.UTF-8'), ('AMENT_PREFIX_PATH', '/opt/ros/humble'), ('DEBIAN_FRONTEND', 'noninteractive'), ('PWD', '/home/aimane/humble_ws/src/VNAV_23/vnav_ws/build/mav_system_msgs'), ('LC_ALL', 'C.UTF-8'), ('PYTHONPATH', '/opt/ros/humble/lib/python3.10/site-packages:/opt/ros/humble/local/lib/python3.10/dist-packages'), ('COLCON', '1'), ('CMAKE_PREFIX_PATH', '/opt/ros/humble')]), 'shell': False}
[0.099804] (-) TimerEvent: {}
[0.200697] (-) TimerEvent: {}
[0.301160] (-) TimerEvent: {}
[0.401471] (-) TimerEvent: {}
[0.467689] (tesse_msgs) JobProgress: {'identifier': 'tesse_msgs', 'progress': 'cmake'}
[0.469048] (tesse_msgs) JobProgress: {'identifier': 'tesse_msgs', 'progress': 'build'}
[0.469122] (tesse_msgs) Command: {'cmd': ['/usr/bin/cmake', '--build', '/home/aimane/humble_ws/src/VNAV_23/vnav_ws/build/tesse_msgs', '--', '-j8', '-l8'], 'cwd': '/home/aimane/humble_ws/src/VNAV_23/vnav_ws/build/tesse_msgs', 'env': OrderedDict([('HOSTNAME', 'aimane'), ('SHLVL', '1'), ('LD_LIBRARY_PATH', '/opt/ros/humble/opt/rviz_ogre_vendor/lib:/opt/ros/humble/lib/x86_64-linux-gnu:/opt/ros/humble/lib'), ('HOME', '/home/aimane'), ('OLDPWD', '/home/aimane/humble_ws/src/VNAV_23/vnav_ws'), ('ROS_PYTHON_VERSION', '3'), ('ROS_DISTRO', 'humble'), ('_', '/usr/bin/colcon'), ('ROS_VERSION', '2'), ('TERM', 'xterm-256color'), ('ROS_LOCALHOST_ONLY', '0'), ('PATH', '/opt/ros/humble/bin:/usr/local/sbin:/usr/local/bin:/usr/sbin:/usr/bin:/sbin:/bin'), ('DISPLAY', ':1'), ('LANG', 'C.UTF-8'), ('AMENT_PREFIX_PATH', '/opt/ros/humble'), ('DEBIAN_FRONTEND', 'noninteractive'), ('PWD', '/home/aimane/humble_ws/src/VNAV_23/vnav_ws/build/tesse_msgs'), ('LC_ALL', 'C.UTF-8'), ('PYTHONPATH', '/opt/ros/humble/lib/python3.10/site-packages:/opt/ros/humble/local/lib/python3.10/dist-packages'), ('COLCON', '1'), ('CMAKE_PREFIX_PATH', '/opt/ros/humble')]), 'shell': False}
[0.488181] (mav_msgs) StdoutLine: {'line': b'[  1%] Built target mav_msgs__cpp\n'}
[0.489120] (mav_msgs) StdoutLine: {'line': b'[ 12%] Built target mav_msgs__rosidl_generator_c\n'}
[0.489500] (mav_msgs) StdoutLine: {'line': b'[ 12%] Built target ament_cmake_python_copy_mav_msgs\n'}
[0.490307] (mav_msgs) StdoutLine: {'line': b'[ 24%] Built target mav_msgs__rosidl_typesupport_cpp\n'}
[0.490619] (mav_msgs) StdoutLine: {'line': b'[ 35%] Built target mav_msgs__rosidl_typesupport_introspection_cpp\n'}
[0.490766] (mav_msgs) StdoutLine: {'line': b'[ 47%] Built target mav_msgs__rosidl_typesupport_fastrtps_c\n'}
[0.490896] (mav_msgs) StdoutLine: {'line': b'[ 58%] Built target mav_msgs__rosidl_typesupport_fastrtps_cpp\n'}
[0.491030] (mav_msgs) StdoutLine: {'line': b'[ 70%] Built target mav_msgs__rosidl_typesupport_introspection_c\n'}
[0.491383] (mav_msgs) StdoutLine: {'line': b'[ 81%] Built target mav_msgs__rosidl_typesupport_c\n'}
[0.491529] (mav_msgs) StdoutLine: {'line': b'[ 81%] Built target mav_msgs\n'}
[0.491670] (mav_msgs) StdoutLine: {'line': b'[ 82%] Built target mav_msgs__py\n'}
[0.491807] (mav_msgs) StdoutLine: {'line': b'[ 93%] Built target mav_msgs__rosidl_generator_py\n'}
[0.491942] (mav_msgs) StdoutLine: {'line': b'[100%] Built target mav_msgs__rosidl_typesupport_c__pyext\n'}
[0.492068] (mav_msgs) StdoutLine: {'line': b'[100%] Built target mav_msgs__rosidl_typesupport_introspection_c__pyext\n'}
[0.492705] (mav_msgs) StdoutLine: {'line': b'[100%] Built target mav_msgs__rosidl_typesupport_fastrtps_c__pyext\n'}
[0.492878] (mav_state_machine_msgs) StdoutLine: {'line': b'[  3%] Built target mav_state_machine_msgs__cpp\n'}
[0.493034] (mav_state_machine_msgs) StdoutLine: {'line': b'[ 17%] Built target mav_state_machine_msgs__rosidl_generator_c\n'}
[0.493174] (mav_state_machine_msgs) StdoutLine: {'line': b'[ 31%] Built target mav_state_machine_msgs__rosidl_typesupport_fastrtps_cpp\n'}
[0.493309] (mav_state_machine_msgs) StdoutLine: {'line': b'[ 44%] Built target mav_state_machine_msgs__rosidl_typesupport_introspection_c\n'}
[0.493429] (mav_state_machine_msgs) StdoutLine: {'line': b'[ 58%] Built target mav_state_machine_msgs__rosidl_typesupport_fastrtps_c\n'}
[0.493553] (mav_state_machine_msgs) StdoutLine: {'line': b'[ 72%] Built target mav_state_machine_msgs__rosidl_typesupport_introspection_cpp\n'}
[0.493680] (mav_state_machine_msgs) StdoutLine: {'line': b'[ 86%] Built target mav_state_machine_msgs__rosidl_typesupport_c\n'}
[0.493798] (mav_state_machine_msgs) StdoutLine: {'line': b'[100%] Built target mav_state_machine_msgs__rosidl_typesupport_cpp\n'}
[0.493922] (mav_state_machine_msgs) StdoutLine: {'line': b'[100%] Built target mav_state_machine_msgs\n'}
[0.494042] (mav_system_msgs) StdoutLine: {'line': b'[  3%] Built target mav_system_msgs__cpp\n'}
[0.494225] (mav_system_msgs) StdoutLine: {'line': b'[ 17%] Built target mav_system_msgs__rosidl_generator_c\n'}
[0.494360] (mav_system_msgs) StdoutLine: {'line': b'[ 31%] Built target mav_system_msgs__rosidl_typesupport_c\n'}
[0.494481] (mav_system_msgs) StdoutLine: {'line': b'[ 44%] Built target mav_system_msgs__rosidl_typesupport_introspection_cpp\n'}
[0.494605] (mav_system_msgs) StdoutLine: {'line': b'[ 58%] Built target mav_system_msgs__rosidl_typesupport_introspection_c\n'}
[0.494723] (mav_system_msgs) StdoutLine: {'line': b'[ 72%] Built target mav_system_msgs__rosidl_typesupport_fastrtps_cpp\n'}
[0.494837] (mav_system_msgs) StdoutLine: {'line': b'[ 86%] Built target mav_system_msgs__rosidl_typesupport_cpp\n'}
[0.494960] (mav_system_msgs) StdoutLine: {'line': b'[100%] Built target mav_system_msgs__rosidl_typesupport_fastrtps_c\n'}
[0.495078] (mav_system_msgs) StdoutLine: {'line': b'[100%] Built target mav_system_msgs\n'}
[0.501576] (-) TimerEvent: {}
[0.514082] (mav_msgs) StdoutLine: {'line': b'running egg_info\n'}
[0.514965] (mav_msgs) StdoutLine: {'line': b'writing mav_msgs.egg-info/PKG-INFO\n'}
[0.515232] (mav_msgs) StdoutLine: {'line': b'writing dependency_links to mav_msgs.egg-info/dependency_links.txt\n'}
[0.515492] (mav_msgs) StdoutLine: {'line': b'writing top-level names to mav_msgs.egg-info/top_level.txt\n'}
[0.519075] (mav_msgs) StdoutLine: {'line': b"reading manifest file 'mav_msgs.egg-info/SOURCES.txt'\n"}
[0.519951] (mav_msgs) StdoutLine: {'line': b"writing manifest file 'mav_msgs.egg-info/SOURCES.txt'\n"}
[0.541551] (tesse_msgs) StdoutLine: {'line': b'[  1%] Built target tesse_msgs__cpp\n'}
[0.547219] (tesse_msgs) StdoutLine: {'line': b'[ 12%] Built target tesse_msgs__rosidl_generator_c\n'}
[0.555016] (tesse_msgs) StdoutLine: {'line': b'[ 12%] Built target ament_cmake_python_copy_tesse_msgs\n'}
[0.568246] (mav_msgs) StdoutLine: {'line': b'[100%] Built target ament_cmake_python_build_mav_msgs_egg\n'}
[0.583165] (tesse_msgs) StdoutLine: {'line': b'[ 23%] Built target tesse_msgs__rosidl_typesupport_cpp\n'}
[0.591287] (tesse_msgs) StdoutLine: {'line': b'[ 34%] Built target tesse_msgs__rosidl_typesupport_introspection_cpp\n'}
[0.598852] (tesse_msgs) StdoutLine: {'line': b'[ 45%] Built target tesse_msgs__rosidl_typesupport_fastrtps_cpp\n'}
[0.599086] (tesse_msgs) StdoutLine: {'line': b'[ 56%] Built target tesse_msgs__rosidl_typesupport_introspection_c\n'}
[0.600062] (tesse_msgs) StdoutLine: {'line': b'[ 72%] Built target tesse_msgs__rosidl_typesupport_c\n'}
[0.600475] (tesse_msgs) StdoutLine: {'line': b'[ 78%] Built target tesse_msgs__rosidl_typesupport_fastrtps_c\n'}
[0.601649] (-) TimerEvent: {}
[0.628844] (tesse_msgs) StdoutLine: {'line': b'[ 78%] Built target tesse_msgs\n'}
[0.653384] (tesse_msgs) StdoutLine: {'line': b'[ 80%] Built target tesse_msgs__py\n'}
[0.680160] (tesse_msgs) StdoutLine: {'line': b'[ 89%] Built target tesse_msgs__rosidl_generator_py\n'}
[0.701763] (-) TimerEvent: {}
[0.713649] (tesse_msgs) StdoutLine: {'line': b'[ 92%] Built target tesse_msgs__rosidl_typesupport_fastrtps_c__pyext\n'}
[0.713937] (tesse_msgs) StdoutLine: {'line': b'[ 96%] Built target tesse_msgs__rosidl_typesupport_c__pyext\n'}
[0.716435] (tesse_msgs) StdoutLine: {'line': b'[100%] Built target tesse_msgs__rosidl_typesupport_introspection_c__pyext\n'}
[0.801877] (-) TimerEvent: {}
[0.825812] (mav_state_machine_msgs) CommandEnded: {'returncode': 0}
[0.826704] (mav_state_machine_msgs) JobProgress: {'identifier': 'mav_state_machine_msgs', 'progress': 'install'}
[0.836524] (mav_state_machine_msgs) Command: {'cmd': ['/usr/bin/cmake', '--install', '/home/aimane/humble_ws/src/VNAV_23/vnav_ws/build/mav_state_machine_msgs'], 'cwd': '/home/aimane/humble_ws/src/VNAV_23/vnav_ws/build/mav_state_machine_msgs', 'env': OrderedDict([('HOSTNAME', 'aimane'), ('SHLVL', '1'), ('LD_LIBRARY_PATH', '/opt/ros/humble/opt/rviz_ogre_vendor/lib:/opt/ros/humble/lib/x86_64-linux-gnu:/opt/ros/humble/lib'), ('HOME', '/home/aimane'), ('OLDPWD', '/home/aimane/humble_ws/src/VNAV_23/vnav_ws'), ('ROS_PYTHON_VERSION', '3'), ('ROS_DISTRO', 'humble'), ('_', '/usr/bin/colcon'), ('ROS_VERSION', '2'), ('TERM', 'xterm-256color'), ('ROS_LOCALHOST_ONLY', '0'), ('PATH', '/opt/ros/humble/bin:/usr/local/sbin:/usr/local/bin:/usr/sbin:/usr/bin:/sbin:/bin'), ('DISPLAY', ':1'), ('LANG', 'C.UTF-8'), ('AMENT_PREFIX_PATH', '/opt/ros/humble'), ('DEBIAN_FRONTEND', 'noninteractive'), ('PWD', '/home/aimane/humble_ws/src/VNAV_23/vnav_ws/build/mav_state_machine_msgs'), ('LC_ALL', 'C.UTF-8'), ('PYTHONPATH', '/opt/ros/humble/lib/python3.10/site-packages:/opt/ros/humble/local/lib/python3.10/dist-packages'), ('COLCON', '1'), ('CMAKE_PREFIX_PATH', '/opt/ros/humble')]), 'shell': False}
[0.838158] (mav_system_msgs) CommandEnded: {'returncode': 0}
[0.838963] (mav_system_msgs) JobProgress: {'identifier': 'mav_system_msgs', 'progress': 'install'}
[0.839303] (mav_system_msgs) Command: {'cmd': ['/usr/bin/cmake', '--install', '/home/aimane/humble_ws/src/VNAV_23/vnav_ws/build/mav_system_msgs'], 'cwd': '/home/aimane/humble_ws/src/VNAV_23/vnav_ws/build/mav_system_msgs', 'env': OrderedDict([('HOSTNAME', 'aimane'), ('SHLVL', '1'), ('LD_LIBRARY_PATH', '/opt/ros/humble/opt/rviz_ogre_vendor/lib:/opt/ros/humble/lib/x86_64-linux-gnu:/opt/ros/humble/lib'), ('HOME', '/home/aimane'), ('OLDPWD', '/home/aimane/humble_ws/src/VNAV_23/vnav_ws'), ('ROS_PYTHON_VERSION', '3'), ('ROS_DISTRO', 'humble'), ('_', '/usr/bin/colcon'), ('ROS_VERSION', '2'), ('TERM', 'xterm-256color'), ('ROS_LOCALHOST_ONLY', '0'), ('PATH', '/opt/ros/humble/bin:/usr/local/sbin:/usr/local/bin:/usr/sbin:/usr/bin:/sbin:/bin'), ('DISPLAY', ':1'), ('LANG', 'C.UTF-8'), ('AMENT_PREFIX_PATH', '/opt/ros/humble'), ('DEBIAN_FRONTEND', 'noninteractive'), ('PWD', '/home/aimane/humble_ws/src/VNAV_23/vnav_ws/build/mav_system_msgs'), ('LC_ALL', 'C.UTF-8'), ('PYTHONPATH', '/opt/ros/humble/lib/python3.10/site-packages:/opt/ros/humble/local/lib/python3.10/dist-packages'), ('COLCON', '1'), ('CMAKE_PREFIX_PATH', '/opt/ros/humble')]), 'shell': False}
[0.844941] (mav_msgs) CommandEnded: {'returncode': 0}
[0.845867] (mav_msgs) JobProgress: {'identifier': 'mav_msgs', 'progress': 'install'}
[0.846539] (mav_msgs) Command: {'cmd': ['/usr/bin/cmake', '--install', '/home/aimane/humble_ws/src/VNAV_23/vnav_ws/build/mav_msgs'], 'cwd': '/home/aimane/humble_ws/src/VNAV_23/vnav_ws/build/mav_msgs', 'env': OrderedDict([('HOSTNAME', 'aimane'), ('SHLVL', '1'), ('LD_LIBRARY_PATH', '/opt/ros/humble/opt/rviz_ogre_vendor/lib:/opt/ros/humble/lib/x86_64-linux-gnu:/opt/ros/humble/lib'), ('HOME', '/home/aimane'), ('OLDPWD', '/home/aimane/humble_ws/src/VNAV_23/vnav_ws'), ('ROS_PYTHON_VERSION', '3'), ('ROS_DISTRO', 'humble'), ('_', '/usr/bin/colcon'), ('ROS_VERSION', '2'), ('TERM', 'xterm-256color'), ('ROS_LOCALHOST_ONLY', '0'), ('PATH', '/opt/ros/humble/bin:/usr/local/sbin:/usr/local/bin:/usr/sbin:/usr/bin:/sbin:/bin'), ('DISPLAY', ':1'), ('LANG', 'C.UTF-8'), ('AMENT_PREFIX_PATH', '/opt/ros/humble'), ('DEBIAN_FRONTEND', 'noninteractive'), ('PWD', '/home/aimane/humble_ws/src/VNAV_23/vnav_ws/build/mav_msgs'), ('LC_ALL', 'C.UTF-8'), ('PYTHONPATH', '/opt/ros/humble/lib/python3.10/site-packages:/opt/ros/humble/local/lib/python3.10/dist-packages'), ('COLCON', '1'), ('CMAKE_PREFIX_PATH', '/opt/ros/humble')]), 'shell': False}
[0.848032] (mav_state_machine_msgs) StdoutLine: {'line': b'-- Install configuration: ""\n'}
[0.849234] (mav_state_machine_msgs) StdoutLine: {'line': b'-- Up-to-date: /home/aimane/humble_ws/src/VNAV_23/vnav_ws/install/mav_state_machine_msgs/share/ament_index/resource_index/rosidl_interfaces/mav_state_machine_msgs\n'}
[0.849381] (mav_state_machine_msgs) StdoutLine: {'line': b'-- Up-to-date: /home/aimane/humble_ws/src/VNAV_23/vnav_ws/install/mav_state_machine_msgs/include/mav_state_machine_msgs/mav_state_machine_msgs\n'}
[0.849506] (mav_state_machine_msgs) StdoutLine: {'line': b'-- Up-to-date: /home/aimane/humble_ws/src/VNAV_23/vnav_ws/install/mav_state_machine_msgs/include/mav_state_machine_msgs/mav_state_machine_msgs/msg\n'}
[0.849627] (mav_state_machine_msgs) StdoutLine: {'line': b'-- Up-to-date: /home/aimane/humble_ws/src/VNAV_23/vnav_ws/install/mav_state_machine_msgs/include/mav_state_machine_msgs/mav_state_machine_msgs/msg/detail\n'}
[0.849756] (mav_state_machine_msgs) StdoutLine: {'line': b'-- Up-to-date: /home/aimane/humble_ws/src/VNAV_23/vnav_ws/install/mav_state_machine_msgs/include/mav_state_machine_msgs/mav_state_machine_msgs/msg/detail/start_stop_task__type_support.h\n'}
[0.849875] (mav_state_machine_msgs) StdoutLine: {'line': b'-- Up-to-date: /home/aimane/humble_ws/src/VNAV_23/vnav_ws/install/mav_state_machine_msgs/include/mav_state_machine_msgs/mav_state_machine_msgs/msg/detail/start_stop_task__functions.h\n'}
[0.850000] (mav_state_machine_msgs) StdoutLine: {'line': b'-- Up-to-date: /home/aimane/humble_ws/src/VNAV_23/vnav_ws/install/mav_state_machine_msgs/include/mav_state_machine_msgs/mav_state_machine_msgs/msg/detail/start_stop_task__functions.c\n'}
[0.850113] (mav_state_machine_msgs) StdoutLine: {'line': b'-- Up-to-date: /home/aimane/humble_ws/src/VNAV_23/vnav_ws/install/mav_state_machine_msgs/include/mav_state_machine_msgs/mav_state_machine_msgs/msg/detail/start_stop_task__struct.h\n'}
[0.850258] (mav_state_machine_msgs) StdoutLine: {'line': b'-- Up-to-date: /home/aimane/humble_ws/src/VNAV_23/vnav_ws/install/mav_state_machine_msgs/include/mav_state_machine_msgs/mav_state_machine_msgs/msg/start_stop_task.h\n'}
[0.850378] (mav_state_machine_msgs) StdoutLine: {'line': b'-- Up-to-date: /home/aimane/humble_ws/src/VNAV_23/vnav_ws/install/mav_state_machine_msgs/include/mav_state_machine_msgs/mav_state_machine_msgs/msg/rosidl_generator_c__visibility_control.h\n'}
[0.850662] (mav_state_machine_msgs) StdoutLine: {'line': b'-- Up-to-date: /home/aimane/humble_ws/src/VNAV_23/vnav_ws/install/mav_state_machine_msgs/include/mav_state_machine_msgs/mav_state_machine_msgs/srv\n'}
[0.850874] (mav_state_machine_msgs) StdoutLine: {'line': b'-- Up-to-date: /home/aimane/humble_ws/src/VNAV_23/vnav_ws/install/mav_state_machine_msgs/include/mav_state_machine_msgs/mav_state_machine_msgs/srv/run_task_service.h\n'}
[0.851194] (mav_state_machine_msgs) StdoutLine: {'line': b'-- Up-to-date: /home/aimane/humble_ws/src/VNAV_23/vnav_ws/install/mav_state_machine_msgs/include/mav_state_machine_msgs/mav_state_machine_msgs/srv/detail\n'}
[0.851560] (mav_state_machine_msgs) StdoutLine: {'line': b'-- Up-to-date: /home/aimane/humble_ws/src/VNAV_23/vnav_ws/install/mav_state_machine_msgs/include/mav_state_machine_msgs/mav_state_machine_msgs/srv/detail/run_task_service__struct.h\n'}
[0.851787] (mav_state_machine_msgs) StdoutLine: {'line': b'-- Up-to-date: /home/aimane/humble_ws/src/VNAV_23/vnav_ws/install/mav_state_machine_msgs/include/mav_state_machine_msgs/mav_state_machine_msgs/srv/detail/run_task_service__functions.h\n'}
[0.851927] (mav_state_machine_msgs) StdoutLine: {'line': b'-- Up-to-date: /home/aimane/humble_ws/src/VNAV_23/vnav_ws/install/mav_state_machine_msgs/include/mav_state_machine_msgs/mav_state_machine_msgs/srv/detail/run_task_service__functions.c\n'}
[0.852043] (mav_state_machine_msgs) StdoutLine: {'line': b'-- Up-to-date: /home/aimane/humble_ws/src/VNAV_23/vnav_ws/install/mav_state_machine_msgs/include/mav_state_machine_msgs/mav_state_machine_msgs/srv/detail/run_task_service__type_support.h\n'}
[0.852166] (mav_state_machine_msgs) StdoutLine: {'line': b'-- Up-to-date: /home/aimane/humble_ws/src/VNAV_23/vnav_ws/install/mav_state_machine_msgs/share/mav_state_machine_msgs/environment/library_path.sh\n'}
[0.852292] (mav_state_machine_msgs) StdoutLine: {'line': b'-- Up-to-date: /home/aimane/humble_ws/src/VNAV_23/vnav_ws/install/mav_state_machine_msgs/share/mav_state_machine_msgs/environment/library_path.dsv\n'}
[0.852420] (mav_state_machine_msgs) StdoutLine: {'line': b'-- Up-to-date: /home/aimane/humble_ws/src/VNAV_23/vnav_ws/install/mav_state_machine_msgs/lib/libmav_state_machine_msgs__rosidl_generator_c.so\n'}
[0.852535] (mav_state_machine_msgs) StdoutLine: {'line': b'-- Up-to-date: /home/aimane/humble_ws/src/VNAV_23/vnav_ws/install/mav_state_machine_msgs/include/mav_state_machine_msgs/mav_state_machine_msgs\n'}
[0.852665] (mav_state_machine_msgs) StdoutLine: {'line': b'-- Up-to-date: /home/aimane/humble_ws/src/VNAV_23/vnav_ws/install/mav_state_machine_msgs/include/mav_state_machine_msgs/mav_state_machine_msgs/msg\n'}
[0.852779] (mav_state_machine_msgs) StdoutLine: {'line': b'-- Up-to-date: /home/aimane/humble_ws/src/VNAV_23/vnav_ws/install/mav_state_machine_msgs/include/mav_state_machine_msgs/mav_state_machine_msgs/msg/detail\n'}
[0.852889] (mav_state_machine_msgs) StdoutLine: {'line': b'-- Up-to-date: /home/aimane/humble_ws/src/VNAV_23/vnav_ws/install/mav_state_machine_msgs/include/mav_state_machine_msgs/mav_state_machine_msgs/msg/detail/start_stop_task__rosidl_typesupport_fastrtps_c.h\n'}
[0.853010] (mav_state_machine_msgs) StdoutLine: {'line': b'-- Up-to-date: /home/aimane/humble_ws/src/VNAV_23/vnav_ws/install/mav_state_machine_msgs/include/mav_state_machine_msgs/mav_state_machine_msgs/msg/rosidl_typesupport_fastrtps_c__visibility_control.h\n'}
[0.853127] (mav_state_machine_msgs) StdoutLine: {'line': b'-- Up-to-date: /home/aimane/humble_ws/src/VNAV_23/vnav_ws/install/mav_state_machine_msgs/include/mav_state_machine_msgs/mav_state_machine_msgs/srv\n'}
[0.853251] (mav_state_machine_msgs) StdoutLine: {'line': b'-- Up-to-date: /home/aimane/humble_ws/src/VNAV_23/vnav_ws/install/mav_state_machine_msgs/include/mav_state_machine_msgs/mav_state_machine_msgs/srv/detail\n'}
[0.853364] (mav_state_machine_msgs) StdoutLine: {'line': b'-- Up-to-date: /home/aimane/humble_ws/src/VNAV_23/vnav_ws/install/mav_state_machine_msgs/include/mav_state_machine_msgs/mav_state_machine_msgs/srv/detail/run_task_service__rosidl_typesupport_fastrtps_c.h\n'}
[0.853492] (mav_state_machine_msgs) StdoutLine: {'line': b'-- Up-to-date: /home/aimane/humble_ws/src/VNAV_23/vnav_ws/install/mav_state_machine_msgs/lib/libmav_state_machine_msgs__rosidl_typesupport_fastrtps_c.so\n'}
[0.853611] (mav_state_machine_msgs) StdoutLine: {'line': b'-- Up-to-date: /home/aimane/humble_ws/src/VNAV_23/vnav_ws/install/mav_state_machine_msgs/include/mav_state_machine_msgs/mav_state_machine_msgs\n'}
[0.853731] (mav_state_machine_msgs) StdoutLine: {'line': b'-- Up-to-date: /home/aimane/humble_ws/src/VNAV_23/vnav_ws/install/mav_state_machine_msgs/include/mav_state_machine_msgs/mav_state_machine_msgs/msg\n'}
[0.853867] (mav_state_machine_msgs) StdoutLine: {'line': b'-- Up-to-date: /home/aimane/humble_ws/src/VNAV_23/vnav_ws/install/mav_state_machine_msgs/include/mav_state_machine_msgs/mav_state_machine_msgs/msg/detail\n'}
[0.853991] (mav_state_machine_msgs) StdoutLine: {'line': b'-- Up-to-date: /home/aimane/humble_ws/src/VNAV_23/vnav_ws/install/mav_state_machine_msgs/include/mav_state_machine_msgs/mav_state_machine_msgs/msg/detail/start_stop_task__builder.hpp\n'}
[0.854106] (mav_system_msgs) StdoutLine: {'line': b'-- Install configuration: ""\n'}
[0.854245] (mav_state_machine_msgs) StdoutLine: {'line': b'-- Up-to-date: /home/aimane/humble_ws/src/VNAV_23/vnav_ws/install/mav_state_machine_msgs/include/mav_state_machine_msgs/mav_state_machine_msgs/msg/detail/start_stop_task__traits.hpp\n'}
[0.854375] (mav_system_msgs) StdoutLine: {'line': b'-- Up-to-date: /home/aimane/humble_ws/src/VNAV_23/vnav_ws/install/mav_system_msgs/share/ament_index/resource_index/rosidl_interfaces/mav_system_msgs\n'}
[0.854477] (mav_system_msgs) StdoutLine: {'line': b'-- Up-to-date: /home/aimane/humble_ws/src/VNAV_23/vnav_ws/install/mav_system_msgs/include/mav_system_msgs/mav_system_msgs\n'}
[0.854582] (mav_state_machine_msgs) StdoutLine: {'line': b'-- Up-to-date: /home/aimane/humble_ws/src/VNAV_23/vnav_ws/install/mav_state_machine_msgs/include/mav_state_machine_msgs/mav_state_machine_msgs/msg/detail/start_stop_task__struct.hpp\n'}
[0.854688] (mav_state_machine_msgs) StdoutLine: {'line': b'-- Up-to-date: /home/aimane/humble_ws/src/VNAV_23/vnav_ws/install/mav_state_machine_msgs/include/mav_state_machine_msgs/mav_state_machine_msgs/msg/detail/start_stop_task__type_support.hpp\n'}
[0.854798] (mav_system_msgs) StdoutLine: {'line': b'-- Up-to-date: /home/aimane/humble_ws/src/VNAV_23/vnav_ws/install/mav_system_msgs/include/mav_system_msgs/mav_system_msgs/msg\n'}
[0.854921] (mav_system_msgs) StdoutLine: {'line': b'-- Up-to-date: /home/aimane/humble_ws/src/VNAV_23/vnav_ws/install/mav_system_msgs/include/mav_system_msgs/mav_system_msgs/msg/process_info.h\n'}
[0.855039] (mav_state_machine_msgs) StdoutLine: {'line': b'-- Up-to-date: /home/aimane/humble_ws/src/VNAV_23/vnav_ws/install/mav_state_machine_msgs/include/mav_state_machine_msgs/mav_state_machine_msgs/msg/start_stop_task.hpp\n'}
[0.855231] (mav_state_machine_msgs) StdoutLine: {'line': b'-- Up-to-date: /home/aimane/humble_ws/src/VNAV_23/vnav_ws/install/mav_state_machine_msgs/include/mav_state_machine_msgs/mav_state_machine_msgs/msg/rosidl_generator_cpp__visibility_control.hpp\n'}
[0.855379] (mav_state_machine_msgs) StdoutLine: {'line': b'-- Up-to-date: /home/aimane/humble_ws/src/VNAV_23/vnav_ws/install/mav_state_machine_msgs/include/mav_state_machine_msgs/mav_state_machine_msgs/srv\n'}
[0.855645] (mav_system_msgs) StdoutLine: {'line': b'-- Up-to-date: /home/aimane/humble_ws/src/VNAV_23/vnav_ws/install/mav_system_msgs/include/mav_system_msgs/mav_system_msgs/msg/detail\n'}
[0.856049] (mav_state_machine_msgs) StdoutLine: {'line': b'-- Up-to-date: /home/aimane/humble_ws/src/VNAV_23/vnav_ws/install/mav_state_machine_msgs/include/mav_state_machine_msgs/mav_state_machine_msgs/srv/detail\n'}
[0.856884] (mav_state_machine_msgs) StdoutLine: {'line': b'-- Up-to-date: /home/aimane/humble_ws/src/VNAV_23/vnav_ws/install/mav_state_machine_msgs/include/mav_state_machine_msgs/mav_state_machine_msgs/srv/detail/run_task_service__traits.hpp\n'}
[0.857027] (mav_state_machine_msgs) StdoutLine: {'line': b'-- Up-to-date: /home/aimane/humble_ws/src/VNAV_23/vnav_ws/install/mav_state_machine_msgs/include/mav_state_machine_msgs/mav_state_machine_msgs/srv/detail/run_task_service__struct.hpp\n'}
[0.857198] (mav_state_machine_msgs) StdoutLine: {'line': b'-- Up-to-date: /home/aimane/humble_ws/src/VNAV_23/vnav_ws/install/mav_state_machine_msgs/include/mav_state_machine_msgs/mav_state_machine_msgs/srv/detail/run_task_service__builder.hpp\n'}
[0.857321] (mav_state_machine_msgs) StdoutLine: {'line': b'-- Up-to-date: /home/aimane/humble_ws/src/VNAV_23/vnav_ws/install/mav_state_machine_msgs/include/mav_state_machine_msgs/mav_state_machine_msgs/srv/detail/run_task_service__type_support.hpp\n'}
[0.857483] (mav_state_machine_msgs) StdoutLine: {'line': b'-- Up-to-date: /home/aimane/humble_ws/src/VNAV_23/vnav_ws/install/mav_state_machine_msgs/include/mav_state_machine_msgs/mav_state_machine_msgs/srv/run_task_service.hpp\n'}
[0.857657] (mav_state_machine_msgs) StdoutLine: {'line': b'-- Up-to-date: /home/aimane/humble_ws/src/VNAV_23/vnav_ws/install/mav_state_machine_msgs/include/mav_state_machine_msgs/mav_state_machine_msgs\n'}
[0.857811] (mav_state_machine_msgs) StdoutLine: {'line': b'-- Up-to-date: /home/aimane/humble_ws/src/VNAV_23/vnav_ws/install/mav_state_machine_msgs/include/mav_state_machine_msgs/mav_state_machine_msgs/msg\n'}
[0.858055] (mav_state_machine_msgs) StdoutLine: {'line': b'-- Up-to-date: /home/aimane/humble_ws/src/VNAV_23/vnav_ws/install/mav_state_machine_msgs/include/mav_state_machine_msgs/mav_state_machine_msgs/msg/detail\n'}
[0.858352] (mav_state_machine_msgs) StdoutLine: {'line': b'-- Up-to-date: /home/aimane/humble_ws/src/VNAV_23/vnav_ws/install/mav_state_machine_msgs/include/mav_state_machine_msgs/mav_state_machine_msgs/msg/detail/dds_fastrtps\n'}
[0.858550] (mav_state_machine_msgs) StdoutLine: {'line': b'-- Up-to-date: /home/aimane/humble_ws/src/VNAV_23/vnav_ws/install/mav_state_machine_msgs/include/mav_state_machine_msgs/mav_state_machine_msgs/msg/detail/start_stop_task__rosidl_typesupport_fastrtps_cpp.hpp\n'}
[0.858674] (mav_state_machine_msgs) StdoutLine: {'line': b'-- Up-to-date: /home/aimane/humble_ws/src/VNAV_23/vnav_ws/install/mav_state_machine_msgs/include/mav_state_machine_msgs/mav_state_machine_msgs/msg/rosidl_typesupport_fastrtps_cpp__visibility_control.h\n'}
[0.858793] (mav_state_machine_msgs) StdoutLine: {'line': b'-- Up-to-date: /home/aimane/humble_ws/src/VNAV_23/vnav_ws/install/mav_state_machine_msgs/include/mav_state_machine_msgs/mav_state_machine_msgs/srv\n'}
[0.859092] (mav_state_machine_msgs) StdoutLine: {'line': b'-- Up-to-date: /home/aimane/humble_ws/src/VNAV_23/vnav_ws/install/mav_state_machine_msgs/include/mav_state_machine_msgs/mav_state_machine_msgs/srv/detail\n'}
[0.859360] (mav_state_machine_msgs) StdoutLine: {'line': b'-- Up-to-date: /home/aimane/humble_ws/src/VNAV_23/vnav_ws/install/mav_state_machine_msgs/include/mav_state_machine_msgs/mav_state_machine_msgs/srv/detail/dds_fastrtps\n'}
[0.859554] (mav_state_machine_msgs) StdoutLine: {'line': b'-- Up-to-date: /home/aimane/humble_ws/src/VNAV_23/vnav_ws/install/mav_state_machine_msgs/include/mav_state_machine_msgs/mav_state_machine_msgs/srv/detail/run_task_service__rosidl_typesupport_fastrtps_cpp.hpp\n'}
[0.859680] (mav_state_machine_msgs) StdoutLine: {'line': b'-- Up-to-date: /home/aimane/humble_ws/src/VNAV_23/vnav_ws/install/mav_state_machine_msgs/lib/libmav_state_machine_msgs__rosidl_typesupport_fastrtps_cpp.so\n'}
[0.859997] (mav_state_machine_msgs) StdoutLine: {'line': b'-- Up-to-date: /home/aimane/humble_ws/src/VNAV_23/vnav_ws/install/mav_state_machine_msgs/include/mav_state_machine_msgs/mav_state_machine_msgs\n'}
[0.860332] (mav_state_machine_msgs) StdoutLine: {'line': b'-- Up-to-date: /home/aimane/humble_ws/src/VNAV_23/vnav_ws/install/mav_state_machine_msgs/include/mav_state_machine_msgs/mav_state_machine_msgs/msg\n'}
[0.860626] (mav_state_machine_msgs) StdoutLine: {'line': b'-- Up-to-date: /home/aimane/humble_ws/src/VNAV_23/vnav_ws/install/mav_state_machine_msgs/include/mav_state_machine_msgs/mav_state_machine_msgs/msg/rosidl_typesupport_introspection_c__visibility_control.h\n'}
[0.860897] (mav_state_machine_msgs) StdoutLine: {'line': b'-- Up-to-date: /home/aimane/humble_ws/src/VNAV_23/vnav_ws/install/mav_state_machine_msgs/include/mav_state_machine_msgs/mav_state_machine_msgs/msg/detail\n'}
[0.861077] (mav_state_machine_msgs) StdoutLine: {'line': b'-- Up-to-date: /home/aimane/humble_ws/src/VNAV_23/vnav_ws/install/mav_state_machine_msgs/include/mav_state_machine_msgs/mav_state_machine_msgs/msg/detail/start_stop_task__rosidl_typesupport_introspection_c.h\n'}
[0.861636] (mav_state_machine_msgs) StdoutLine: {'line': b'-- Up-to-date: /home/aimane/humble_ws/src/VNAV_23/vnav_ws/install/mav_state_machine_msgs/include/mav_state_machine_msgs/mav_state_machine_msgs/msg/detail/start_stop_task__type_support.c\n'}
[0.862067] (mav_state_machine_msgs) StdoutLine: {'line': b'-- Up-to-date: /home/aimane/humble_ws/src/VNAV_23/vnav_ws/install/mav_state_machine_msgs/include/mav_state_machine_msgs/mav_state_machine_msgs/srv\n'}
[0.862599] (mav_state_machine_msgs) StdoutLine: {'line': b'-- Up-to-date: /home/aimane/humble_ws/src/VNAV_23/vnav_ws/install/mav_state_machine_msgs/include/mav_state_machine_msgs/mav_state_machine_msgs/srv/detail\n'}
[0.862998] (mav_state_machine_msgs) StdoutLine: {'line': b'-- Up-to-date: /home/aimane/humble_ws/src/VNAV_23/vnav_ws/install/mav_state_machine_msgs/include/mav_state_machine_msgs/mav_state_machine_msgs/srv/detail/run_task_service__rosidl_typesupport_introspection_c.h\n'}
[0.863412] (mav_state_machine_msgs) StdoutLine: {'line': b'-- Up-to-date: /home/aimane/humble_ws/src/VNAV_23/vnav_ws/install/mav_state_machine_msgs/include/mav_state_machine_msgs/mav_state_machine_msgs/srv/detail/run_task_service__type_support.c\n'}
[0.863610] (mav_state_machine_msgs) StdoutLine: {'line': b'-- Up-to-date: /home/aimane/humble_ws/src/VNAV_23/vnav_ws/install/mav_state_machine_msgs/lib/libmav_state_machine_msgs__rosidl_typesupport_introspection_c.so\n'}
[0.863747] (mav_state_machine_msgs) StdoutLine: {'line': b'-- Up-to-date: /home/aimane/humble_ws/src/VNAV_23/vnav_ws/install/mav_state_machine_msgs/lib/libmav_state_machine_msgs__rosidl_typesupport_c.so\n'}
[0.863969] (mav_state_machine_msgs) StdoutLine: {'line': b'-- Up-to-date: /home/aimane/humble_ws/src/VNAV_23/vnav_ws/install/mav_state_machine_msgs/include/mav_state_machine_msgs/mav_state_machine_msgs\n'}
[0.864180] (mav_state_machine_msgs) StdoutLine: {'line': b'-- Up-to-date: /home/aimane/humble_ws/src/VNAV_23/vnav_ws/install/mav_state_machine_msgs/include/mav_state_machine_msgs/mav_state_machine_msgs/msg\n'}
[0.864528] (mav_system_msgs) StdoutLine: {'line': b'-- Up-to-date: /home/aimane/humble_ws/src/VNAV_23/vnav_ws/install/mav_system_msgs/include/mav_system_msgs/mav_system_msgs/msg/detail/process_info__functions.h\n'}
[0.864687] (mav_state_machine_msgs) StdoutLine: {'line': b'-- Up-to-date: /home/aimane/humble_ws/src/VNAV_23/vnav_ws/install/mav_state_machine_msgs/include/mav_state_machine_msgs/mav_state_machine_msgs/msg/detail\n'}
[0.864813] (mav_state_machine_msgs) StdoutLine: {'line': b'-- Up-to-date: /home/aimane/humble_ws/src/VNAV_23/vnav_ws/install/mav_state_machine_msgs/include/mav_state_machine_msgs/mav_state_machine_msgs/msg/detail/start_stop_task__rosidl_typesupport_introspection_cpp.hpp\n'}
[0.864950] (mav_state_machine_msgs) StdoutLine: {'line': b'-- Up-to-date: /home/aimane/humble_ws/src/VNAV_23/vnav_ws/install/mav_state_machine_msgs/include/mav_state_machine_msgs/mav_state_machine_msgs/msg/detail/start_stop_task__type_support.cpp\n'}
[0.865058] (mav_state_machine_msgs) StdoutLine: {'line': b'-- Up-to-date: /home/aimane/humble_ws/src/VNAV_23/vnav_ws/install/mav_state_machine_msgs/include/mav_state_machine_msgs/mav_state_machine_msgs/srv\n'}
[0.865362] (mav_state_machine_msgs) StdoutLine: {'line': b'-- Up-to-date: /home/aimane/humble_ws/src/VNAV_23/vnav_ws/install/mav_state_machine_msgs/include/mav_state_machine_msgs/mav_state_machine_msgs/srv/detail\n'}
[0.865508] (mav_system_msgs) StdoutLine: {'line': b'-- Up-to-date: /home/aimane/humble_ws/src/VNAV_23/vnav_ws/install/mav_system_msgs/include/mav_system_msgs/mav_system_msgs/msg/detail/process_info__functions.c\n'}
[0.865852] (mav_system_msgs) StdoutLine: {'line': b'-- Up-to-date: /home/aimane/humble_ws/src/VNAV_23/vnav_ws/install/mav_system_msgs/include/mav_system_msgs/mav_system_msgs/msg/detail/cpu_info__functions.c\n'}
[0.865982] (mav_system_msgs) StdoutLine: {'line': b'-- Up-to-date: /home/aimane/humble_ws/src/VNAV_23/vnav_ws/install/mav_system_msgs/include/mav_system_msgs/mav_system_msgs/msg/detail/cpu_info__struct.h\n'}
[0.866101] (mav_system_msgs) StdoutLine: {'line': b'-- Up-to-date: /home/aimane/humble_ws/src/VNAV_23/vnav_ws/install/mav_system_msgs/include/mav_system_msgs/mav_system_msgs/msg/detail/cpu_info__type_support.h\n'}
[0.866736] (mav_system_msgs) StdoutLine: {'line': b'-- Up-to-date: /home/aimane/humble_ws/src/VNAV_23/vnav_ws/install/mav_system_msgs/include/mav_system_msgs/mav_system_msgs/msg/detail/process_info__struct.h\n'}
[0.866995] (mav_system_msgs) StdoutLine: {'line': b'-- Up-to-date: /home/aimane/humble_ws/src/VNAV_23/vnav_ws/install/mav_system_msgs/include/mav_system_msgs/mav_system_msgs/msg/detail/process_info__type_support.h\n'}
[0.867438] (mav_system_msgs) StdoutLine: {'line': b'-- Up-to-date: /home/aimane/humble_ws/src/VNAV_23/vnav_ws/install/mav_system_msgs/include/mav_system_msgs/mav_system_msgs/msg/detail/cpu_info__functions.h\n'}
[0.868162] (mav_system_msgs) StdoutLine: {'line': b'-- Up-to-date: /home/aimane/humble_ws/src/VNAV_23/vnav_ws/install/mav_system_msgs/include/mav_system_msgs/mav_system_msgs/msg/cpu_info.h\n'}
[0.868461] (mav_system_msgs) StdoutLine: {'line': b'-- Up-to-date: /home/aimane/humble_ws/src/VNAV_23/vnav_ws/install/mav_system_msgs/include/mav_system_msgs/mav_system_msgs/msg/rosidl_generator_c__visibility_control.h\n'}
[0.868593] (mav_system_msgs) StdoutLine: {'line': b'-- Up-to-date: /home/aimane/humble_ws/src/VNAV_23/vnav_ws/install/mav_system_msgs/share/mav_system_msgs/environment/library_path.sh\n'}
[0.868714] (mav_system_msgs) StdoutLine: {'line': b'-- Up-to-date: /home/aimane/humble_ws/src/VNAV_23/vnav_ws/install/mav_system_msgs/share/mav_system_msgs/environment/library_path.dsv\n'}
[0.868832] (mav_system_msgs) StdoutLine: {'line': b'-- Up-to-date: /home/aimane/humble_ws/src/VNAV_23/vnav_ws/install/mav_system_msgs/lib/libmav_system_msgs__rosidl_generator_c.so\n'}
[0.868998] (mav_system_msgs) StdoutLine: {'line': b'-- Up-to-date: /home/aimane/humble_ws/src/VNAV_23/vnav_ws/install/mav_system_msgs/include/mav_system_msgs/mav_system_msgs\n'}
[0.869121] (mav_system_msgs) StdoutLine: {'line': b'-- Up-to-date: /home/aimane/humble_ws/src/VNAV_23/vnav_ws/install/mav_system_msgs/include/mav_system_msgs/mav_system_msgs/msg\n'}
[0.869252] (mav_system_msgs) StdoutLine: {'line': b'-- Up-to-date: /home/aimane/humble_ws/src/VNAV_23/vnav_ws/install/mav_system_msgs/include/mav_system_msgs/mav_system_msgs/msg/detail\n'}
[0.869371] (mav_system_msgs) StdoutLine: {'line': b'-- Up-to-date: /home/aimane/humble_ws/src/VNAV_23/vnav_ws/install/mav_system_msgs/include/mav_system_msgs/mav_system_msgs/msg/detail/process_info__rosidl_typesupport_fastrtps_c.h\n'}
[0.869488] (mav_system_msgs) StdoutLine: {'line': b'-- Up-to-date: /home/aimane/humble_ws/src/VNAV_23/vnav_ws/install/mav_system_msgs/include/mav_system_msgs/mav_system_msgs/msg/detail/cpu_info__rosidl_typesupport_fastrtps_c.h\n'}
[0.869604] (mav_system_msgs) StdoutLine: {'line': b'-- Up-to-date: /home/aimane/humble_ws/src/VNAV_23/vnav_ws/install/mav_system_msgs/include/mav_system_msgs/mav_system_msgs/msg/rosidl_typesupport_fastrtps_c__visibility_control.h\n'}
[0.869915] (mav_system_msgs) StdoutLine: {'line': b'-- Up-to-date: /home/aimane/humble_ws/src/VNAV_23/vnav_ws/install/mav_system_msgs/lib/libmav_system_msgs__rosidl_typesupport_fastrtps_c.so\n'}
[0.870042] (mav_system_msgs) StdoutLine: {'line': b'-- Up-to-date: /home/aimane/humble_ws/src/VNAV_23/vnav_ws/install/mav_system_msgs/include/mav_system_msgs/mav_system_msgs\n'}
[0.870318] (mav_system_msgs) StdoutLine: {'line': b'-- Up-to-date: /home/aimane/humble_ws/src/VNAV_23/vnav_ws/install/mav_system_msgs/include/mav_system_msgs/mav_system_msgs/msg\n'}
[0.870445] (mav_system_msgs) StdoutLine: {'line': b'-- Up-to-date: /home/aimane/humble_ws/src/VNAV_23/vnav_ws/install/mav_system_msgs/include/mav_system_msgs/mav_system_msgs/msg/process_info.hpp\n'}
[0.870561] (mav_system_msgs) StdoutLine: {'line': b'-- Up-to-date: /home/aimane/humble_ws/src/VNAV_23/vnav_ws/install/mav_system_msgs/include/mav_system_msgs/mav_system_msgs/msg/detail\n'}
[0.870674] (mav_system_msgs) StdoutLine: {'line': b'-- Up-to-date: /home/aimane/humble_ws/src/VNAV_23/vnav_ws/install/mav_system_msgs/include/mav_system_msgs/mav_system_msgs/msg/detail/process_info__traits.hpp\n'}
[0.870946] (mav_system_msgs) StdoutLine: {'line': b'-- Up-to-date: /home/aimane/humble_ws/src/VNAV_23/vnav_ws/install/mav_system_msgs/include/mav_system_msgs/mav_system_msgs/msg/detail/cpu_info__traits.hpp\n'}
[0.871066] (mav_system_msgs) StdoutLine: {'line': b'-- Up-to-date: /home/aimane/humble_ws/src/VNAV_23/vnav_ws/install/mav_system_msgs/include/mav_system_msgs/mav_system_msgs/msg/detail/cpu_info__builder.hpp\n'}
[0.871202] (mav_system_msgs) StdoutLine: {'line': b'-- Up-to-date: /home/aimane/humble_ws/src/VNAV_23/vnav_ws/install/mav_system_msgs/include/mav_system_msgs/mav_system_msgs/msg/detail/process_info__struct.hpp\n'}
[0.871323] (mav_state_machine_msgs) StdoutLine: {'line': b'-- Up-to-date: /home/aimane/humble_ws/src/VNAV_23/vnav_ws/install/mav_state_machine_msgs/include/mav_state_machine_msgs/mav_state_machine_msgs/srv/detail/run_task_service__rosidl_typesupport_introspection_cpp.hpp\n'}
[0.871550] (mav_state_machine_msgs) StdoutLine: {'line': b'-- Up-to-date: /home/aimane/humble_ws/src/VNAV_23/vnav_ws/install/mav_state_machine_msgs/include/mav_state_machine_msgs/mav_state_machine_msgs/srv/detail/run_task_service__type_support.cpp\n'}
[0.871679] (mav_system_msgs) StdoutLine: {'line': b'-- Up-to-date: /home/aimane/humble_ws/src/VNAV_23/vnav_ws/install/mav_system_msgs/include/mav_system_msgs/mav_system_msgs/msg/detail/process_info__builder.hpp\n'}
[0.871889] (mav_system_msgs) StdoutLine: {'line': b'-- Up-to-date: /home/aimane/humble_ws/src/VNAV_23/vnav_ws/install/mav_system_msgs/include/mav_system_msgs/mav_system_msgs/msg/detail/process_info__type_support.hpp\n'}
[0.872013] (mav_system_msgs) StdoutLine: {'line': b'-- Up-to-date: /home/aimane/humble_ws/src/VNAV_23/vnav_ws/install/mav_system_msgs/include/mav_system_msgs/mav_system_msgs/msg/detail/cpu_info__type_support.hpp\n'}
[0.872242] (mav_system_msgs) StdoutLine: {'line': b'-- Up-to-date: /home/aimane/humble_ws/src/VNAV_23/vnav_ws/install/mav_system_msgs/include/mav_system_msgs/mav_system_msgs/msg/detail/cpu_info__struct.hpp\n'}
[0.872371] (mav_system_msgs) StdoutLine: {'line': b'-- Up-to-date: /home/aimane/humble_ws/src/VNAV_23/vnav_ws/install/mav_system_msgs/include/mav_system_msgs/mav_system_msgs/msg/cpu_info.hpp\n'}
[0.872486] (mav_system_msgs) StdoutLine: {'line': b'-- Up-to-date: /home/aimane/humble_ws/src/VNAV_23/vnav_ws/install/mav_system_msgs/include/mav_system_msgs/mav_system_msgs/msg/rosidl_generator_cpp__visibility_control.hpp\n'}
[0.872599] (mav_system_msgs) StdoutLine: {'line': b'-- Up-to-date: /home/aimane/humble_ws/src/VNAV_23/vnav_ws/install/mav_system_msgs/include/mav_system_msgs/mav_system_msgs\n'}
[0.872720] (mav_system_msgs) StdoutLine: {'line': b'-- Up-to-date: /home/aimane/humble_ws/src/VNAV_23/vnav_ws/install/mav_system_msgs/include/mav_system_msgs/mav_system_msgs/msg\n'}
[0.872834] (mav_system_msgs) StdoutLine: {'line': b'-- Up-to-date: /home/aimane/humble_ws/src/VNAV_23/vnav_ws/install/mav_system_msgs/include/mav_system_msgs/mav_system_msgs/msg/detail\n'}
[0.872946] (mav_system_msgs) StdoutLine: {'line': b'-- Up-to-date: /home/aimane/humble_ws/src/VNAV_23/vnav_ws/install/mav_system_msgs/include/mav_system_msgs/mav_system_msgs/msg/detail/dds_fastrtps\n'}
[0.873061] (mav_system_msgs) StdoutLine: {'line': b'-- Up-to-date: /home/aimane/humble_ws/src/VNAV_23/vnav_ws/install/mav_system_msgs/include/mav_system_msgs/mav_system_msgs/msg/detail/process_info__rosidl_typesupport_fastrtps_cpp.hpp\n'}
[0.873286] (mav_system_msgs) StdoutLine: {'line': b'-- Up-to-date: /home/aimane/humble_ws/src/VNAV_23/vnav_ws/install/mav_system_msgs/include/mav_system_msgs/mav_system_msgs/msg/detail/cpu_info__rosidl_typesupport_fastrtps_cpp.hpp\n'}
[0.873526] (mav_system_msgs) StdoutLine: {'line': b'-- Up-to-date: /home/aimane/humble_ws/src/VNAV_23/vnav_ws/install/mav_system_msgs/include/mav_system_msgs/mav_system_msgs/msg/rosidl_typesupport_fastrtps_cpp__visibility_control.h\n'}
[0.873646] (mav_system_msgs) StdoutLine: {'line': b'-- Up-to-date: /home/aimane/humble_ws/src/VNAV_23/vnav_ws/install/mav_system_msgs/lib/libmav_system_msgs__rosidl_typesupport_fastrtps_cpp.so\n'}
[0.873991] (mav_system_msgs) StdoutLine: {'line': b'-- Up-to-date: /home/aimane/humble_ws/src/VNAV_23/vnav_ws/install/mav_system_msgs/include/mav_system_msgs/mav_system_msgs\n'}
[0.874111] (mav_system_msgs) StdoutLine: {'line': b'-- Up-to-date: /home/aimane/humble_ws/src/VNAV_23/vnav_ws/install/mav_system_msgs/include/mav_system_msgs/mav_system_msgs/msg\n'}
[0.874248] (mav_system_msgs) StdoutLine: {'line': b'-- Up-to-date: /home/aimane/humble_ws/src/VNAV_23/vnav_ws/install/mav_system_msgs/include/mav_system_msgs/mav_system_msgs/msg/rosidl_typesupport_introspection_c__visibility_control.h\n'}
[0.874368] (mav_system_msgs) StdoutLine: {'line': b'-- Up-to-date: /home/aimane/humble_ws/src/VNAV_23/vnav_ws/install/mav_system_msgs/include/mav_system_msgs/mav_system_msgs/msg/detail\n'}
[0.874484] (mav_system_msgs) StdoutLine: {'line': b'-- Up-to-date: /home/aimane/humble_ws/src/VNAV_23/vnav_ws/install/mav_system_msgs/include/mav_system_msgs/mav_system_msgs/msg/detail/process_info__type_support.c\n'}
[0.874835] (mav_system_msgs) StdoutLine: {'line': b'-- Up-to-date: /home/aimane/humble_ws/src/VNAV_23/vnav_ws/install/mav_system_msgs/include/mav_system_msgs/mav_system_msgs/msg/detail/cpu_info__rosidl_typesupport_introspection_c.h\n'}
[0.874969] (mav_system_msgs) StdoutLine: {'line': b'-- Up-to-date: /home/aimane/humble_ws/src/VNAV_23/vnav_ws/install/mav_system_msgs/include/mav_system_msgs/mav_system_msgs/msg/detail/cpu_info__type_support.c\n'}
[0.875088] (mav_system_msgs) StdoutLine: {'line': b'-- Up-to-date: /home/aimane/humble_ws/src/VNAV_23/vnav_ws/install/mav_system_msgs/include/mav_system_msgs/mav_system_msgs/msg/detail/process_info__rosidl_typesupport_introspection_c.h\n'}
[0.875222] (mav_state_machine_msgs) StdoutLine: {'line': b'-- Up-to-date: /home/aimane/humble_ws/src/VNAV_23/vnav_ws/install/mav_state_machine_msgs/lib/libmav_state_machine_msgs__rosidl_typesupport_introspection_cpp.so\n'}
[0.875472] (mav_system_msgs) StdoutLine: {'line': b'-- Up-to-date: /home/aimane/humble_ws/src/VNAV_23/vnav_ws/install/mav_system_msgs/lib/libmav_system_msgs__rosidl_typesupport_introspection_c.so\n'}
[0.875597] (mav_state_machine_msgs) StdoutLine: {'line': b'-- Up-to-date: /home/aimane/humble_ws/src/VNAV_23/vnav_ws/install/mav_state_machine_msgs/lib/libmav_state_machine_msgs__rosidl_typesupport_cpp.so\n'}
[0.876094] (mav_system_msgs) StdoutLine: {'line': b'-- Up-to-date: /home/aimane/humble_ws/src/VNAV_23/vnav_ws/install/mav_system_msgs/lib/libmav_system_msgs__rosidl_typesupport_c.so\n'}
[0.876283] (mav_state_machine_msgs) StdoutLine: {'line': b'-- Up-to-date: /home/aimane/humble_ws/src/VNAV_23/vnav_ws/install/mav_state_machine_msgs/share/mav_state_machine_msgs/msg/StartStopTask.idl\n'}
[0.876415] (mav_state_machine_msgs) StdoutLine: {'line': b'-- Up-to-date: /home/aimane/humble_ws/src/VNAV_23/vnav_ws/install/mav_state_machine_msgs/share/mav_state_machine_msgs/srv/RunTaskService.idl\n'}
[0.876535] (mav_system_msgs) StdoutLine: {'line': b'-- Up-to-date: /home/aimane/humble_ws/src/VNAV_23/vnav_ws/install/mav_system_msgs/include/mav_system_msgs/mav_system_msgs\n'}
[0.876661] (mav_system_msgs) StdoutLine: {'line': b'-- Up-to-date: /home/aimane/humble_ws/src/VNAV_23/vnav_ws/install/mav_system_msgs/include/mav_system_msgs/mav_system_msgs/msg\n'}
[0.876780] (mav_system_msgs) StdoutLine: {'line': b'-- Up-to-date: /home/aimane/humble_ws/src/VNAV_23/vnav_ws/install/mav_system_msgs/include/mav_system_msgs/mav_system_msgs/msg/detail\n'}
[0.876930] (mav_state_machine_msgs) StdoutLine: {'line': b'-- Up-to-date: /home/aimane/humble_ws/src/VNAV_23/vnav_ws/install/mav_state_machine_msgs/share/mav_state_machine_msgs/msg/StartStopTask.msg\n'}
[0.877293] (mav_state_machine_msgs) StdoutLine: {'line': b'-- Up-to-date: /home/aimane/humble_ws/src/VNAV_23/vnav_ws/install/mav_state_machine_msgs/share/mav_state_machine_msgs/srv/RunTaskService.srv\n'}
[0.877502] (mav_state_machine_msgs) StdoutLine: {'line': b'-- Up-to-date: /home/aimane/humble_ws/src/VNAV_23/vnav_ws/install/mav_state_machine_msgs/share/mav_state_machine_msgs/srv/RunTaskService_Request.msg\n'}
[0.877677] (mav_system_msgs) StdoutLine: {'line': b'-- Up-to-date: /home/aimane/humble_ws/src/VNAV_23/vnav_ws/install/mav_system_msgs/include/mav_system_msgs/mav_system_msgs/msg/detail/process_info__rosidl_typesupport_introspection_cpp.hpp\n'}
[0.877805] (mav_system_msgs) StdoutLine: {'line': b'-- Up-to-date: /home/aimane/humble_ws/src/VNAV_23/vnav_ws/install/mav_system_msgs/include/mav_system_msgs/mav_system_msgs/msg/detail/cpu_info__rosidl_typesupport_introspection_cpp.hpp\n'}
[0.877923] (mav_system_msgs) StdoutLine: {'line': b'-- Up-to-date: /home/aimane/humble_ws/src/VNAV_23/vnav_ws/install/mav_system_msgs/include/mav_system_msgs/mav_system_msgs/msg/detail/process_info__type_support.cpp\n'}
[0.878041] (mav_system_msgs) StdoutLine: {'line': b'-- Up-to-date: /home/aimane/humble_ws/src/VNAV_23/vnav_ws/install/mav_system_msgs/include/mav_system_msgs/mav_system_msgs/msg/detail/cpu_info__type_support.cpp\n'}
[0.878288] (mav_state_machine_msgs) StdoutLine: {'line': b'-- Up-to-date: /home/aimane/humble_ws/src/VNAV_23/vnav_ws/install/mav_state_machine_msgs/share/mav_state_machine_msgs/srv/RunTaskService_Response.msg\n'}
[0.878655] (mav_state_machine_msgs) StdoutLine: {'line': b'-- Up-to-date: /home/aimane/humble_ws/src/VNAV_23/vnav_ws/install/mav_state_machine_msgs/share/ament_index/resource_index/package_run_dependencies/mav_state_machine_msgs\n'}
[0.878789] (mav_system_msgs) StdoutLine: {'line': b'-- Up-to-date: /home/aimane/humble_ws/src/VNAV_23/vnav_ws/install/mav_system_msgs/lib/libmav_system_msgs__rosidl_typesupport_introspection_cpp.so\n'}
[0.878904] (mav_state_machine_msgs) StdoutLine: {'line': b'-- Up-to-date: /home/aimane/humble_ws/src/VNAV_23/vnav_ws/install/mav_state_machine_msgs/share/ament_index/resource_index/parent_prefix_path/mav_state_machine_msgs\n'}
[0.879012] (mav_state_machine_msgs) StdoutLine: {'line': b'-- Up-to-date: /home/aimane/humble_ws/src/VNAV_23/vnav_ws/install/mav_state_machine_msgs/share/mav_state_machine_msgs/environment/ament_prefix_path.sh\n'}
[0.879169] (mav_state_machine_msgs) StdoutLine: {'line': b'-- Up-to-date: /home/aimane/humble_ws/src/VNAV_23/vnav_ws/install/mav_state_machine_msgs/share/mav_state_machine_msgs/environment/ament_prefix_path.dsv\n'}
[0.879443] (mav_state_machine_msgs) StdoutLine: {'line': b'-- Up-to-date: /home/aimane/humble_ws/src/VNAV_23/vnav_ws/install/mav_state_machine_msgs/share/mav_state_machine_msgs/environment/path.sh\n'}
[0.879597] (mav_state_machine_msgs) StdoutLine: {'line': b'-- Up-to-date: /home/aimane/humble_ws/src/VNAV_23/vnav_ws/install/mav_state_machine_msgs/share/mav_state_machine_msgs/environment/path.dsv\n'}
[0.879782] (mav_state_machine_msgs) StdoutLine: {'line': b'-- Up-to-date: /home/aimane/humble_ws/src/VNAV_23/vnav_ws/install/mav_state_machine_msgs/share/mav_state_machine_msgs/local_setup.bash\n'}
[0.879933] (mav_state_machine_msgs) StdoutLine: {'line': b'-- Up-to-date: /home/aimane/humble_ws/src/VNAV_23/vnav_ws/install/mav_state_machine_msgs/share/mav_state_machine_msgs/local_setup.sh\n'}
[0.880122] (mav_system_msgs) StdoutLine: {'line': b'-- Up-to-date: /home/aimane/humble_ws/src/VNAV_23/vnav_ws/install/mav_system_msgs/lib/libmav_system_msgs__rosidl_typesupport_cpp.so\n'}
[0.880401] (mav_state_machine_msgs) StdoutLine: {'line': b'-- Up-to-date: /home/aimane/humble_ws/src/VNAV_23/vnav_ws/install/mav_state_machine_msgs/share/mav_state_machine_msgs/local_setup.zsh\n'}
[0.880721] (mav_state_machine_msgs) StdoutLine: {'line': b'-- Up-to-date: /home/aimane/humble_ws/src/VNAV_23/vnav_ws/install/mav_state_machine_msgs/share/mav_state_machine_msgs/local_setup.dsv\n'}
[0.880891] (mav_state_machine_msgs) StdoutLine: {'line': b'-- Installing: /home/aimane/humble_ws/src/VNAV_23/vnav_ws/install/mav_state_machine_msgs/share/mav_state_machine_msgs/package.dsv\n'}
[0.881060] (mav_system_msgs) StdoutLine: {'line': b'-- Up-to-date: /home/aimane/humble_ws/src/VNAV_23/vnav_ws/install/mav_system_msgs/share/mav_system_msgs/msg/CpuInfo.idl\n'}
[0.881343] (mav_system_msgs) StdoutLine: {'line': b'-- Up-to-date: /home/aimane/humble_ws/src/VNAV_23/vnav_ws/install/mav_system_msgs/share/mav_system_msgs/msg/ProcessInfo.idl\n'}
[0.881579] (mav_system_msgs) StdoutLine: {'line': b'-- Up-to-date: /home/aimane/humble_ws/src/VNAV_23/vnav_ws/install/mav_system_msgs/share/mav_system_msgs/msg/CpuInfo.msg\n'}
[0.881729] (mav_state_machine_msgs) StdoutLine: {'line': b'-- Up-to-date: /home/aimane/humble_ws/src/VNAV_23/vnav_ws/install/mav_state_machine_msgs/share/ament_index/resource_index/packages/mav_state_machine_msgs\n'}
[0.882024] (mav_msgs) StdoutLine: {'line': b'-- Install configuration: ""\n'}
[0.882209] (mav_msgs) StdoutLine: {'line': b'-- Up-to-date: /home/aimane/humble_ws/src/VNAV_23/vnav_ws/install/mav_msgs/share/ament_index/resource_index/rosidl_interfaces/mav_msgs\n'}
[0.882651] (mav_system_msgs) StdoutLine: {'line': b'-- Up-to-date: /home/aimane/humble_ws/src/VNAV_23/vnav_ws/install/mav_system_msgs/share/mav_system_msgs/msg/ProcessInfo.msg\n'}
[0.882908] (mav_system_msgs) StdoutLine: {'line': b'-- Up-to-date: /home/aimane/humble_ws/src/VNAV_23/vnav_ws/install/mav_system_msgs/share/ament_index/resource_index/package_run_dependencies/mav_system_msgs\n'}
[0.883055] (mav_system_msgs) StdoutLine: {'line': b'-- Up-to-date: /home/aimane/humble_ws/src/VNAV_23/vnav_ws/install/mav_system_msgs/share/ament_index/resource_index/parent_prefix_path/mav_system_msgs\n'}
[0.883246] (mav_system_msgs) StdoutLine: {'line': b'-- Up-to-date: /home/aimane/humble_ws/src/VNAV_23/vnav_ws/install/mav_system_msgs/share/mav_system_msgs/environment/ament_prefix_path.sh\n'}
[0.883422] (mav_state_machine_msgs) StdoutLine: {'line': b'-- Up-to-date: /home/aimane/humble_ws/src/VNAV_23/vnav_ws/install/mav_state_machine_msgs/share/mav_state_machine_msgs/cmake/export_mav_state_machine_msgs__rosidl_generator_cExport.cmake\n'}
[0.883712] (mav_state_machine_msgs) StdoutLine: {'line': b'-- Up-to-date: /home/aimane/humble_ws/src/VNAV_23/vnav_ws/install/mav_state_machine_msgs/share/mav_state_machine_msgs/cmake/export_mav_state_machine_msgs__rosidl_generator_cExport-noconfig.cmake\n'}
[0.883852] (mav_msgs) StdoutLine: {'line': b'-- Up-to-date: /home/aimane/humble_ws/src/VNAV_23/vnav_ws/install/mav_msgs/include/mav_msgs/mav_msgs\n'}
[0.884055] (mav_msgs) StdoutLine: {'line': b'-- Up-to-date: /home/aimane/humble_ws/src/VNAV_23/vnav_ws/install/mav_msgs/include/mav_msgs/mav_msgs/msg\n'}
[0.884227] (mav_system_msgs) StdoutLine: {'line': b'-- Up-to-date: /home/aimane/humble_ws/src/VNAV_23/vnav_ws/install/mav_system_msgs/share/mav_system_msgs/environment/ament_prefix_path.dsv\n'}
[0.884533] (mav_msgs) StdoutLine: {'line': b'-- Up-to-date: /home/aimane/humble_ws/src/VNAV_23/vnav_ws/install/mav_msgs/include/mav_msgs/mav_msgs/msg/actuators.h\n'}
[0.884688] (mav_msgs) StdoutLine: {'line': b'-- Up-to-date: /home/aimane/humble_ws/src/VNAV_23/vnav_ws/install/mav_msgs/include/mav_msgs/mav_msgs/msg/detail\n'}
[0.884817] (mav_system_msgs) StdoutLine: {'line': b'-- Up-to-date: /home/aimane/humble_ws/src/VNAV_23/vnav_ws/install/mav_system_msgs/share/mav_system_msgs/environment/path.sh\n'}
[0.884944] (mav_system_msgs) StdoutLine: {'line': b'-- Up-to-date: /home/aimane/humble_ws/src/VNAV_23/vnav_ws/install/mav_system_msgs/share/mav_system_msgs/environment/path.dsv\n'}
[0.885071] (mav_system_msgs) StdoutLine: {'line': b'-- Up-to-date: /home/aimane/humble_ws/src/VNAV_23/vnav_ws/install/mav_system_msgs/share/mav_system_msgs/local_setup.bash\n'}
[0.885258] (mav_msgs) StdoutLine: {'line': b'-- Up-to-date: /home/aimane/humble_ws/src/VNAV_23/vnav_ws/install/mav_msgs/include/mav_msgs/mav_msgs/msg/detail/attitude_thrust__struct.h\n'}
[0.885482] (mav_msgs) StdoutLine: {'line': b'-- Up-to-date: /home/aimane/humble_ws/src/VNAV_23/vnav_ws/install/mav_msgs/include/mav_msgs/mav_msgs/msg/detail/roll_pitch_yawrate_thrust__functions.h\n'}
[0.885611] (mav_msgs) StdoutLine: {'line': b'-- Up-to-date: /home/aimane/humble_ws/src/VNAV_23/vnav_ws/install/mav_msgs/include/mav_msgs/mav_msgs/msg/detail/rate_thrust__struct.h\n'}
[0.885732] (mav_system_msgs) StdoutLine: {'line': b'-- Up-to-date: /home/aimane/humble_ws/src/VNAV_23/vnav_ws/install/mav_system_msgs/share/mav_system_msgs/local_setup.sh\n'}
[0.885965] (mav_system_msgs) StdoutLine: {'line': b'-- Up-to-date: /home/aimane/humble_ws/src/VNAV_23/vnav_ws/install/mav_system_msgs/share/mav_system_msgs/local_setup.zsh\n'}
[0.886105] (mav_system_msgs) StdoutLine: {'line': b'-- Up-to-date: /home/aimane/humble_ws/src/VNAV_23/vnav_ws/install/mav_system_msgs/share/mav_system_msgs/local_setup.dsv\n'}
[0.886331] (mav_system_msgs) StdoutLine: {'line': b'-- Installing: /home/aimane/humble_ws/src/VNAV_23/vnav_ws/install/mav_system_msgs/share/mav_system_msgs/package.dsv\n'}
[0.886592] (mav_msgs) StdoutLine: {'line': b'-- Up-to-date: /home/aimane/humble_ws/src/VNAV_23/vnav_ws/install/mav_msgs/include/mav_msgs/mav_msgs/msg/detail/filtered_sensor_data__type_support.h\n'}
[0.886812] (mav_msgs) StdoutLine: {'line': b'-- Up-to-date: /home/aimane/humble_ws/src/VNAV_23/vnav_ws/install/mav_msgs/include/mav_msgs/mav_msgs/msg/detail/roll_pitch_yawrate_thrust__type_support.h\n'}
[0.886956] (mav_msgs) StdoutLine: {'line': b'-- Up-to-date: /home/aimane/humble_ws/src/VNAV_23/vnav_ws/install/mav_msgs/include/mav_msgs/mav_msgs/msg/detail/actuators__functions.h\n'}
[0.887081] (mav_msgs) StdoutLine: {'line': b'-- Up-to-date: /home/aimane/humble_ws/src/VNAV_23/vnav_ws/install/mav_msgs/include/mav_msgs/mav_msgs/msg/detail/rate_thrust__functions.c\n'}
[0.887277] (mav_msgs) StdoutLine: {'line': b'-- Up-to-date: /home/aimane/humble_ws/src/VNAV_23/vnav_ws/install/mav_msgs/include/mav_msgs/mav_msgs/msg/detail/roll_pitch_yawrate_thrust__struct.h\n'}
[0.887468] (mav_msgs) StdoutLine: {'line': b'-- Up-to-date: /home/aimane/humble_ws/src/VNAV_23/vnav_ws/install/mav_msgs/include/mav_msgs/mav_msgs/msg/detail/status__functions.c\n'}
[0.887592] (mav_msgs) StdoutLine: {'line': b'-- Up-to-date: /home/aimane/humble_ws/src/VNAV_23/vnav_ws/install/mav_msgs/include/mav_msgs/mav_msgs/msg/detail/attitude_thrust__type_support.h\n'}
[0.887817] (mav_msgs) StdoutLine: {'line': b'-- Up-to-date: /home/aimane/humble_ws/src/VNAV_23/vnav_ws/install/mav_msgs/include/mav_msgs/mav_msgs/msg/detail/filtered_sensor_data__functions.c\n'}
[0.887948] (mav_msgs) StdoutLine: {'line': b'-- Up-to-date: /home/aimane/humble_ws/src/VNAV_23/vnav_ws/install/mav_msgs/include/mav_msgs/mav_msgs/msg/detail/actuators__type_support.h\n'}
[0.888114] (mav_msgs) StdoutLine: {'line': b'-- Up-to-date: /home/aimane/humble_ws/src/VNAV_23/vnav_ws/install/mav_msgs/include/mav_msgs/mav_msgs/msg/detail/status__type_support.h\n'}
[0.888284] (mav_system_msgs) StdoutLine: {'line': b'-- Up-to-date: /home/aimane/humble_ws/src/VNAV_23/vnav_ws/install/mav_system_msgs/share/ament_index/resource_index/packages/mav_system_msgs\n'}
[0.888473] (mav_state_machine_msgs) StdoutLine: {'line': b'-- Up-to-date: /home/aimane/humble_ws/src/VNAV_23/vnav_ws/install/mav_state_machine_msgs/share/mav_state_machine_msgs/cmake/export_mav_state_machine_msgs__rosidl_typesupport_fastrtps_cExport.cmake\n'}
[0.888892] (mav_state_machine_msgs) StdoutLine: {'line': b'-- Up-to-date: /home/aimane/humble_ws/src/VNAV_23/vnav_ws/install/mav_state_machine_msgs/share/mav_state_machine_msgs/cmake/export_mav_state_machine_msgs__rosidl_typesupport_fastrtps_cExport-noconfig.cmake\n'}
[0.889088] (mav_state_machine_msgs) StdoutLine: {'line': b'-- Up-to-date: /home/aimane/humble_ws/src/VNAV_23/vnav_ws/install/mav_state_machine_msgs/share/mav_state_machine_msgs/cmake/export_mav_state_machine_msgs__rosidl_generator_cppExport.cmake\n'}
[0.889365] (mav_state_machine_msgs) StdoutLine: {'line': b'-- Up-to-date: /home/aimane/humble_ws/src/VNAV_23/vnav_ws/install/mav_state_machine_msgs/share/mav_state_machine_msgs/cmake/export_mav_state_machine_msgs__rosidl_typesupport_fastrtps_cppExport.cmake\n'}
[0.889544] (mav_state_machine_msgs) StdoutLine: {'line': b'-- Up-to-date: /home/aimane/humble_ws/src/VNAV_23/vnav_ws/install/mav_state_machine_msgs/share/mav_state_machine_msgs/cmake/export_mav_state_machine_msgs__rosidl_typesupport_fastrtps_cppExport-noconfig.cmake\n'}
[0.889671] (mav_state_machine_msgs) StdoutLine: {'line': b'-- Up-to-date: /home/aimane/humble_ws/src/VNAV_23/vnav_ws/install/mav_state_machine_msgs/share/mav_state_machine_msgs/cmake/mav_state_machine_msgs__rosidl_typesupport_introspection_cExport.cmake\n'}
[0.889810] (mav_state_machine_msgs) StdoutLine: {'line': b'-- Up-to-date: /home/aimane/humble_ws/src/VNAV_23/vnav_ws/install/mav_state_machine_msgs/share/mav_state_machine_msgs/cmake/mav_state_machine_msgs__rosidl_typesupport_introspection_cExport-noconfig.cmake\n'}
[0.889941] (mav_msgs) StdoutLine: {'line': b'-- Up-to-date: /home/aimane/humble_ws/src/VNAV_23/vnav_ws/install/mav_msgs/include/mav_msgs/mav_msgs/msg/detail/actuators__struct.h\n'}
[0.890213] (mav_msgs) StdoutLine: {'line': b'-- Up-to-date: /home/aimane/humble_ws/src/VNAV_23/vnav_ws/install/mav_msgs/include/mav_msgs/mav_msgs/msg/detail/attitude_thrust__functions.h\n'}
[0.890451] (mav_msgs) StdoutLine: {'line': b'-- Up-to-date: /home/aimane/humble_ws/src/VNAV_23/vnav_ws/install/mav_msgs/include/mav_msgs/mav_msgs/msg/detail/gps_waypoint__type_support.h\n'}
[0.890592] (mav_system_msgs) StdoutLine: {'line': b'-- Up-to-date: /home/aimane/humble_ws/src/VNAV_23/vnav_ws/install/mav_system_msgs/share/mav_system_msgs/cmake/export_mav_system_msgs__rosidl_generator_cExport.cmake\n'}
[0.890750] (mav_system_msgs) StdoutLine: {'line': b'-- Up-to-date: /home/aimane/humble_ws/src/VNAV_23/vnav_ws/install/mav_system_msgs/share/mav_system_msgs/cmake/export_mav_system_msgs__rosidl_generator_cExport-noconfig.cmake\n'}
[0.890892] (mav_msgs) StdoutLine: {'line': b'-- Up-to-date: /home/aimane/humble_ws/src/VNAV_23/vnav_ws/install/mav_msgs/include/mav_msgs/mav_msgs/msg/detail/torque_thrust__type_support.h\n'}
[0.891191] (mav_msgs) StdoutLine: {'line': b'-- Up-to-date: /home/aimane/humble_ws/src/VNAV_23/vnav_ws/install/mav_msgs/include/mav_msgs/mav_msgs/msg/detail/gps_waypoint__struct.h\n'}
[0.891339] (mav_msgs) StdoutLine: {'line': b'-- Up-to-date: /home/aimane/humble_ws/src/VNAV_23/vnav_ws/install/mav_msgs/include/mav_msgs/mav_msgs/msg/detail/rate_thrust__functions.h\n'}
[0.891513] (mav_msgs) StdoutLine: {'line': b'-- Up-to-date: /home/aimane/humble_ws/src/VNAV_23/vnav_ws/install/mav_msgs/include/mav_msgs/mav_msgs/msg/detail/status__functions.h\n'}
[0.891646] (mav_state_machine_msgs) StdoutLine: {'line': b'-- Up-to-date: /home/aimane/humble_ws/src/VNAV_23/vnav_ws/install/mav_state_machine_msgs/share/mav_state_machine_msgs/cmake/mav_state_machine_msgs__rosidl_typesupport_cExport.cmake\n'}
[0.891830] (mav_state_machine_msgs) StdoutLine: {'line': b'-- Up-to-date: /home/aimane/humble_ws/src/VNAV_23/vnav_ws/install/mav_state_machine_msgs/share/mav_state_machine_msgs/cmake/mav_state_machine_msgs__rosidl_typesupport_cExport-noconfig.cmake\n'}
[0.892209] (mav_state_machine_msgs) StdoutLine: {'line': b'-- Up-to-date: /home/aimane/humble_ws/src/VNAV_23/vnav_ws/install/mav_state_machine_msgs/share/mav_state_machine_msgs/cmake/mav_state_machine_msgs__rosidl_typesupport_introspection_cppExport.cmake\n'}
[0.892504] (mav_msgs) StdoutLine: {'line': b'-- Up-to-date: /home/aimane/humble_ws/src/VNAV_23/vnav_ws/install/mav_msgs/include/mav_msgs/mav_msgs/msg/detail/roll_pitch_yawrate_thrust__functions.c\n'}
[0.892718] (mav_msgs) StdoutLine: {'line': b'-- Up-to-date: /home/aimane/humble_ws/src/VNAV_23/vnav_ws/install/mav_msgs/include/mav_msgs/mav_msgs/msg/detail/attitude_thrust__functions.c\n'}
[0.892868] (mav_msgs) StdoutLine: {'line': b'-- Up-to-date: /home/aimane/humble_ws/src/VNAV_23/vnav_ws/install/mav_msgs/include/mav_msgs/mav_msgs/msg/detail/gps_waypoint__functions.c\n'}
[0.892994] (mav_system_msgs) StdoutLine: {'line': b'-- Up-to-date: /home/aimane/humble_ws/src/VNAV_23/vnav_ws/install/mav_system_msgs/share/mav_system_msgs/cmake/export_mav_system_msgs__rosidl_typesupport_fastrtps_cExport.cmake\n'}
[0.894169] (mav_system_msgs) StdoutLine: {'line': b'-- Up-to-date: /home/aimane/humble_ws/src/VNAV_23/vnav_ws/install/mav_system_msgs/share/mav_system_msgs/cmake/export_mav_system_msgs__rosidl_typesupport_fastrtps_cExport-noconfig.cmake\n'}
[0.894454] (mav_msgs) StdoutLine: {'line': b'-- Up-to-date: /home/aimane/humble_ws/src/VNAV_23/vnav_ws/install/mav_msgs/include/mav_msgs/mav_msgs/msg/detail/torque_thrust__functions.c\n'}
[0.894689] (mav_msgs) StdoutLine: {'line': b'-- Up-to-date: /home/aimane/humble_ws/src/VNAV_23/vnav_ws/install/mav_msgs/include/mav_msgs/mav_msgs/msg/detail/torque_thrust__functions.h\n'}
[0.894831] (mav_msgs) StdoutLine: {'line': b'-- Up-to-date: /home/aimane/humble_ws/src/VNAV_23/vnav_ws/install/mav_msgs/include/mav_msgs/mav_msgs/msg/detail/gps_waypoint__functions.h\n'}
[0.894955] (mav_state_machine_msgs) StdoutLine: {'line': b'-- Up-to-date: /home/aimane/humble_ws/src/VNAV_23/vnav_ws/install/mav_state_machine_msgs/share/mav_state_machine_msgs/cmake/mav_state_machine_msgs__rosidl_typesupport_introspection_cppExport-noconfig.cmake\n'}
[0.895204] (mav_state_machine_msgs) StdoutLine: {'line': b'-- Up-to-date: /home/aimane/humble_ws/src/VNAV_23/vnav_ws/install/mav_state_machine_msgs/share/mav_state_machine_msgs/cmake/mav_state_machine_msgs__rosidl_typesupport_cppExport.cmake\n'}
[0.895450] (mav_msgs) StdoutLine: {'line': b'-- Up-to-date: /home/aimane/humble_ws/src/VNAV_23/vnav_ws/install/mav_msgs/include/mav_msgs/mav_msgs/msg/detail/rate_thrust__type_support.h\n'}
[0.895655] (mav_msgs) StdoutLine: {'line': b'-- Up-to-date: /home/aimane/humble_ws/src/VNAV_23/vnav_ws/install/mav_msgs/include/mav_msgs/mav_msgs/msg/detail/filtered_sensor_data__struct.h\n'}
[0.895794] (mav_msgs) StdoutLine: {'line': b'-- Up-to-date: /home/aimane/humble_ws/src/VNAV_23/vnav_ws/install/mav_msgs/include/mav_msgs/mav_msgs/msg/detail/status__struct.h\n'}
[0.895956] (mav_system_msgs) StdoutLine: {'line': b'-- Up-to-date: /home/aimane/humble_ws/src/VNAV_23/vnav_ws/install/mav_system_msgs/share/mav_system_msgs/cmake/export_mav_system_msgs__rosidl_generator_cppExport.cmake\n'}
[0.896280] (mav_state_machine_msgs) StdoutLine: {'line': b'-- Up-to-date: /home/aimane/humble_ws/src/VNAV_23/vnav_ws/install/mav_state_machine_msgs/share/mav_state_machine_msgs/cmake/mav_state_machine_msgs__rosidl_typesupport_cppExport-noconfig.cmake\n'}
[0.896521] (mav_msgs) StdoutLine: {'line': b'-- Up-to-date: /home/aimane/humble_ws/src/VNAV_23/vnav_ws/install/mav_msgs/include/mav_msgs/mav_msgs/msg/detail/torque_thrust__struct.h\n'}
[0.896756] (mav_system_msgs) StdoutLine: {'line': b'-- Up-to-date: /home/aimane/humble_ws/src/VNAV_23/vnav_ws/install/mav_system_msgs/share/mav_system_msgs/cmake/export_mav_system_msgs__rosidl_typesupport_fastrtps_cppExport.cmake\n'}
[0.896951] (mav_system_msgs) StdoutLine: {'line': b'-- Up-to-date: /home/aimane/humble_ws/src/VNAV_23/vnav_ws/install/mav_system_msgs/share/mav_system_msgs/cmake/export_mav_system_msgs__rosidl_typesupport_fastrtps_cppExport-noconfig.cmake\n'}
[0.897084] (mav_msgs) StdoutLine: {'line': b'-- Up-to-date: /home/aimane/humble_ws/src/VNAV_23/vnav_ws/install/mav_msgs/include/mav_msgs/mav_msgs/msg/detail/actuators__functions.c\n'}
[0.897309] (mav_msgs) StdoutLine: {'line': b'-- Up-to-date: /home/aimane/humble_ws/src/VNAV_23/vnav_ws/install/mav_msgs/include/mav_msgs/mav_msgs/msg/detail/filtered_sensor_data__functions.h\n'}
[0.897502] (mav_state_machine_msgs) StdoutLine: {'line': b'-- Up-to-date: /home/aimane/humble_ws/src/VNAV_23/vnav_ws/install/mav_state_machine_msgs/share/mav_state_machine_msgs/cmake/rosidl_cmake-extras.cmake\n'}
[0.897710] (mav_system_msgs) StdoutLine: {'line': b'-- Up-to-date: /home/aimane/humble_ws/src/VNAV_23/vnav_ws/install/mav_system_msgs/share/mav_system_msgs/cmake/mav_system_msgs__rosidl_typesupport_introspection_cExport.cmake\n'}
[0.897916] (mav_msgs) StdoutLine: {'line': b'-- Up-to-date: /home/aimane/humble_ws/src/VNAV_23/vnav_ws/install/mav_msgs/include/mav_msgs/mav_msgs/msg/filtered_sensor_data.h\n'}
[0.898080] (mav_msgs) StdoutLine: {'line': b'-- Up-to-date: /home/aimane/humble_ws/src/VNAV_23/vnav_ws/install/mav_msgs/include/mav_msgs/mav_msgs/msg/torque_thrust.h\n'}
[0.898332] (mav_msgs) StdoutLine: {'line': b'-- Up-to-date: /home/aimane/humble_ws/src/VNAV_23/vnav_ws/install/mav_msgs/include/mav_msgs/mav_msgs/msg/rate_thrust.h\n'}
[0.898499] (mav_msgs) StdoutLine: {'line': b'-- Up-to-date: /home/aimane/humble_ws/src/VNAV_23/vnav_ws/install/mav_msgs/include/mav_msgs/mav_msgs/msg/gps_waypoint.h\n'}
[0.898653] (mav_msgs) StdoutLine: {'line': b'-- Up-to-date: /home/aimane/humble_ws/src/VNAV_23/vnav_ws/install/mav_msgs/include/mav_msgs/mav_msgs/msg/status.h\n'}
[0.898786] (mav_msgs) StdoutLine: {'line': b'-- Up-to-date: /home/aimane/humble_ws/src/VNAV_23/vnav_ws/install/mav_msgs/include/mav_msgs/mav_msgs/msg/attitude_thrust.h\n'}
[0.898912] (mav_msgs) StdoutLine: {'line': b'-- Up-to-date: /home/aimane/humble_ws/src/VNAV_23/vnav_ws/install/mav_msgs/include/mav_msgs/mav_msgs/msg/roll_pitch_yawrate_thrust.h\n'}
[0.899203] (mav_state_machine_msgs) StdoutLine: {'line': b'-- Up-to-date: /home/aimane/humble_ws/src/VNAV_23/vnav_ws/install/mav_state_machine_msgs/share/mav_state_machine_msgs/cmake/ament_cmake_export_dependencies-extras.cmake\n'}
[0.899417] (mav_state_machine_msgs) StdoutLine: {'line': b'-- Up-to-date: /home/aimane/humble_ws/src/VNAV_23/vnav_ws/install/mav_state_machine_msgs/share/mav_state_machine_msgs/cmake/ament_cmake_export_include_directories-extras.cmake\n'}
[0.899553] (mav_state_machine_msgs) StdoutLine: {'line': b'-- Up-to-date: /home/aimane/humble_ws/src/VNAV_23/vnav_ws/install/mav_state_machine_msgs/share/mav_state_machine_msgs/cmake/ament_cmake_export_libraries-extras.cmake\n'}
[0.899714] (mav_system_msgs) StdoutLine: {'line': b'-- Up-to-date: /home/aimane/humble_ws/src/VNAV_23/vnav_ws/install/mav_system_msgs/share/mav_system_msgs/cmake/mav_system_msgs__rosidl_typesupport_introspection_cExport-noconfig.cmake\n'}
[0.899891] (mav_state_machine_msgs) StdoutLine: {'line': b'-- Up-to-date: /home/aimane/humble_ws/src/VNAV_23/vnav_ws/install/mav_state_machine_msgs/share/mav_state_machine_msgs/cmake/ament_cmake_export_targets-extras.cmake\n'}
[0.900063] (mav_state_machine_msgs) StdoutLine: {'line': b'-- Up-to-date: /home/aimane/humble_ws/src/VNAV_23/vnav_ws/install/mav_state_machine_msgs/share/mav_state_machine_msgs/cmake/rosidl_cmake_export_typesupport_targets-extras.cmake\n'}
[0.900236] (mav_state_machine_msgs) StdoutLine: {'line': b'-- Up-to-date: /home/aimane/humble_ws/src/VNAV_23/vnav_ws/install/mav_state_machine_msgs/share/mav_state_machine_msgs/cmake/rosidl_cmake_export_typesupport_libraries-extras.cmake\n'}
[0.900437] (mav_system_msgs) StdoutLine: {'line': b'-- Up-to-date: /home/aimane/humble_ws/src/VNAV_23/vnav_ws/install/mav_system_msgs/share/mav_system_msgs/cmake/mav_system_msgs__rosidl_typesupport_cExport.cmake\n'}
[0.900598] (mav_system_msgs) StdoutLine: {'line': b'-- Up-to-date: /home/aimane/humble_ws/src/VNAV_23/vnav_ws/install/mav_system_msgs/share/mav_system_msgs/cmake/mav_system_msgs__rosidl_typesupport_cExport-noconfig.cmake\n'}
[0.900728] (mav_msgs) StdoutLine: {'line': b'-- Up-to-date: /home/aimane/humble_ws/src/VNAV_23/vnav_ws/install/mav_msgs/include/mav_msgs/mav_msgs/msg/rosidl_generator_c__visibility_control.h\n'}
[0.900936] (mav_msgs) StdoutLine: {'line': b'-- Up-to-date: /home/aimane/humble_ws/src/VNAV_23/vnav_ws/install/mav_msgs/share/mav_msgs/environment/library_path.sh\n'}
[0.901074] (mav_msgs) StdoutLine: {'line': b'-- Up-to-date: /home/aimane/humble_ws/src/VNAV_23/vnav_ws/install/mav_msgs/share/mav_msgs/environment/library_path.dsv\n'}
[0.901260] (mav_state_machine_msgs) StdoutLine: {'line': b'-- Up-to-date: /home/aimane/humble_ws/src/VNAV_23/vnav_ws/install/mav_state_machine_msgs/share/mav_state_machine_msgs/cmake/mav_state_machine_msgsConfig.cmake\n'}
[0.901483] (mav_state_machine_msgs) StdoutLine: {'line': b'-- Up-to-date: /home/aimane/humble_ws/src/VNAV_23/vnav_ws/install/mav_state_machine_msgs/share/mav_state_machine_msgs/cmake/mav_state_machine_msgsConfig-version.cmake\n'}
[0.901614] (mav_system_msgs) StdoutLine: {'line': b'-- Up-to-date: /home/aimane/humble_ws/src/VNAV_23/vnav_ws/install/mav_system_msgs/share/mav_system_msgs/cmake/mav_system_msgs__rosidl_typesupport_introspection_cppExport.cmake\n'}
[0.901810] (mav_state_machine_msgs) StdoutLine: {'line': b'-- Up-to-date: /home/aimane/humble_ws/src/VNAV_23/vnav_ws/install/mav_state_machine_msgs/share/mav_state_machine_msgs/package.xml\n'}
[0.901974] (-) TimerEvent: {}
[0.902180] (mav_system_msgs) StdoutLine: {'line': b'-- Up-to-date: /home/aimane/humble_ws/src/VNAV_23/vnav_ws/install/mav_system_msgs/share/mav_system_msgs/cmake/mav_system_msgs__rosidl_typesupport_introspection_cppExport-noconfig.cmake\n'}
[0.902363] (mav_system_msgs) StdoutLine: {'line': b'-- Up-to-date: /home/aimane/humble_ws/src/VNAV_23/vnav_ws/install/mav_system_msgs/share/mav_system_msgs/cmake/mav_system_msgs__rosidl_typesupport_cppExport.cmake\n'}
[0.902489] (mav_system_msgs) StdoutLine: {'line': b'-- Up-to-date: /home/aimane/humble_ws/src/VNAV_23/vnav_ws/install/mav_system_msgs/share/mav_system_msgs/cmake/mav_system_msgs__rosidl_typesupport_cppExport-noconfig.cmake\n'}
[0.902608] (mav_system_msgs) StdoutLine: {'line': b'-- Up-to-date: /home/aimane/humble_ws/src/VNAV_23/vnav_ws/install/mav_system_msgs/share/mav_system_msgs/cmake/rosidl_cmake-extras.cmake\n'}
[0.902721] (mav_msgs) StdoutLine: {'line': b'-- Up-to-date: /home/aimane/humble_ws/src/VNAV_23/vnav_ws/install/mav_msgs/lib/libmav_msgs__rosidl_generator_c.so\n'}
[0.902887] (mav_msgs) StdoutLine: {'line': b'-- Up-to-date: /home/aimane/humble_ws/src/VNAV_23/vnav_ws/install/mav_msgs/include/mav_msgs/mav_msgs\n'}
[0.903004] (mav_msgs) StdoutLine: {'line': b'-- Up-to-date: /home/aimane/humble_ws/src/VNAV_23/vnav_ws/install/mav_msgs/include/mav_msgs/mav_msgs/msg\n'}
[0.903123] (mav_msgs) StdoutLine: {'line': b'-- Up-to-date: /home/aimane/humble_ws/src/VNAV_23/vnav_ws/install/mav_msgs/include/mav_msgs/mav_msgs/msg/detail\n'}
[0.903341] (mav_system_msgs) StdoutLine: {'line': b'-- Up-to-date: /home/aimane/humble_ws/src/VNAV_23/vnav_ws/install/mav_system_msgs/share/mav_system_msgs/cmake/ament_cmake_export_dependencies-extras.cmake\n'}
[0.903527] (mav_system_msgs) StdoutLine: {'line': b'-- Up-to-date: /home/aimane/humble_ws/src/VNAV_23/vnav_ws/install/mav_system_msgs/share/mav_system_msgs/cmake/ament_cmake_export_include_directories-extras.cmake\n'}
[0.903658] (mav_system_msgs) StdoutLine: {'line': b'-- Up-to-date: /home/aimane/humble_ws/src/VNAV_23/vnav_ws/install/mav_system_msgs/share/mav_system_msgs/cmake/ament_cmake_export_libraries-extras.cmake\n'}
[0.903793] (mav_system_msgs) StdoutLine: {'line': b'-- Up-to-date: /home/aimane/humble_ws/src/VNAV_23/vnav_ws/install/mav_system_msgs/share/mav_system_msgs/cmake/ament_cmake_export_targets-extras.cmake\n'}
[0.903915] (mav_msgs) StdoutLine: {'line': b'-- Up-to-date: /home/aimane/humble_ws/src/VNAV_23/vnav_ws/install/mav_msgs/include/mav_msgs/mav_msgs/msg/detail/actuators__rosidl_typesupport_fastrtps_c.h\n'}
[0.904038] (mav_msgs) StdoutLine: {'line': b'-- Up-to-date: /home/aimane/humble_ws/src/VNAV_23/vnav_ws/install/mav_msgs/include/mav_msgs/mav_msgs/msg/detail/rate_thrust__rosidl_typesupport_fastrtps_c.h\n'}
[0.904241] (mav_msgs) StdoutLine: {'line': b'-- Up-to-date: /home/aimane/humble_ws/src/VNAV_23/vnav_ws/install/mav_msgs/include/mav_msgs/mav_msgs/msg/detail/status__rosidl_typesupport_fastrtps_c.h\n'}
[0.904459] (mav_msgs) StdoutLine: {'line': b'-- Up-to-date: /home/aimane/humble_ws/src/VNAV_23/vnav_ws/install/mav_msgs/include/mav_msgs/mav_msgs/msg/detail/filtered_sensor_data__rosidl_typesupport_fastrtps_c.h\n'}
[0.904599] (mav_msgs) StdoutLine: {'line': b'-- Up-to-date: /home/aimane/humble_ws/src/VNAV_23/vnav_ws/install/mav_msgs/include/mav_msgs/mav_msgs/msg/detail/gps_waypoint__rosidl_typesupport_fastrtps_c.h\n'}
[0.904735] (mav_msgs) StdoutLine: {'line': b'-- Up-to-date: /home/aimane/humble_ws/src/VNAV_23/vnav_ws/install/mav_msgs/include/mav_msgs/mav_msgs/msg/detail/roll_pitch_yawrate_thrust__rosidl_typesupport_fastrtps_c.h\n'}
[0.904879] (mav_msgs) StdoutLine: {'line': b'-- Up-to-date: /home/aimane/humble_ws/src/VNAV_23/vnav_ws/install/mav_msgs/include/mav_msgs/mav_msgs/msg/detail/attitude_thrust__rosidl_typesupport_fastrtps_c.h\n'}
[0.905164] (mav_msgs) StdoutLine: {'line': b'-- Up-to-date: /home/aimane/humble_ws/src/VNAV_23/vnav_ws/install/mav_msgs/include/mav_msgs/mav_msgs/msg/detail/torque_thrust__rosidl_typesupport_fastrtps_c.h\n'}
[0.905485] (mav_msgs) StdoutLine: {'line': b'-- Up-to-date: /home/aimane/humble_ws/src/VNAV_23/vnav_ws/install/mav_msgs/include/mav_msgs/mav_msgs/msg/rosidl_typesupport_fastrtps_c__visibility_control.h\n'}
[0.905653] (mav_msgs) StdoutLine: {'line': b'-- Up-to-date: /home/aimane/humble_ws/src/VNAV_23/vnav_ws/install/mav_msgs/lib/libmav_msgs__rosidl_typesupport_fastrtps_c.so\n'}
[0.906020] (mav_system_msgs) StdoutLine: {'line': b'-- Up-to-date: /home/aimane/humble_ws/src/VNAV_23/vnav_ws/install/mav_system_msgs/share/mav_system_msgs/cmake/rosidl_cmake_export_typesupport_targets-extras.cmake\n'}
[0.906584] (mav_system_msgs) StdoutLine: {'line': b'-- Up-to-date: /home/aimane/humble_ws/src/VNAV_23/vnav_ws/install/mav_system_msgs/share/mav_system_msgs/cmake/rosidl_cmake_export_typesupport_libraries-extras.cmake\n'}
[0.907410] (mav_system_msgs) StdoutLine: {'line': b'-- Up-to-date: /home/aimane/humble_ws/src/VNAV_23/vnav_ws/install/mav_system_msgs/share/mav_system_msgs/cmake/mav_system_msgsConfig.cmake\n'}
[0.907918] (mav_system_msgs) StdoutLine: {'line': b'-- Up-to-date: /home/aimane/humble_ws/src/VNAV_23/vnav_ws/install/mav_system_msgs/share/mav_system_msgs/cmake/mav_system_msgsConfig-version.cmake\n'}
[0.908123] (mav_system_msgs) StdoutLine: {'line': b'-- Up-to-date: /home/aimane/humble_ws/src/VNAV_23/vnav_ws/install/mav_system_msgs/share/mav_system_msgs/package.xml\n'}
[0.908499] (mav_msgs) StdoutLine: {'line': b'-- Up-to-date: /home/aimane/humble_ws/src/VNAV_23/vnav_ws/install/mav_msgs/include/mav_msgs/mav_msgs\n'}
[0.908868] (mav_msgs) StdoutLine: {'line': b'-- Up-to-date: /home/aimane/humble_ws/src/VNAV_23/vnav_ws/install/mav_msgs/include/mav_msgs/mav_msgs/msg\n'}
[0.909075] (mav_msgs) StdoutLine: {'line': b'-- Up-to-date: /home/aimane/humble_ws/src/VNAV_23/vnav_ws/install/mav_msgs/include/mav_msgs/mav_msgs/msg/rosidl_typesupport_introspection_c__visibility_control.h\n'}
[0.909231] (mav_msgs) StdoutLine: {'line': b'-- Up-to-date: /home/aimane/humble_ws/src/VNAV_23/vnav_ws/install/mav_msgs/include/mav_msgs/mav_msgs/msg/detail\n'}
[0.909363] (mav_msgs) StdoutLine: {'line': b'-- Up-to-date: /home/aimane/humble_ws/src/VNAV_23/vnav_ws/install/mav_msgs/include/mav_msgs/mav_msgs/msg/detail/torque_thrust__rosidl_typesupport_introspection_c.h\n'}
[0.909538] (mav_msgs) StdoutLine: {'line': b'-- Up-to-date: /home/aimane/humble_ws/src/VNAV_23/vnav_ws/install/mav_msgs/include/mav_msgs/mav_msgs/msg/detail/status__rosidl_typesupport_introspection_c.h\n'}
[0.909816] (mav_msgs) StdoutLine: {'line': b'-- Up-to-date: /home/aimane/humble_ws/src/VNAV_23/vnav_ws/install/mav_msgs/include/mav_msgs/mav_msgs/msg/detail/status__type_support.c\n'}
[0.910101] (mav_msgs) StdoutLine: {'line': b'-- Up-to-date: /home/aimane/humble_ws/src/VNAV_23/vnav_ws/install/mav_msgs/include/mav_msgs/mav_msgs/msg/detail/attitude_thrust__type_support.c\n'}
[0.910559] (mav_msgs) StdoutLine: {'line': b'-- Up-to-date: /home/aimane/humble_ws/src/VNAV_23/vnav_ws/install/mav_msgs/include/mav_msgs/mav_msgs/msg/detail/roll_pitch_yawrate_thrust__rosidl_typesupport_introspection_c.h\n'}
[0.910768] (mav_msgs) StdoutLine: {'line': b'-- Up-to-date: /home/aimane/humble_ws/src/VNAV_23/vnav_ws/install/mav_msgs/include/mav_msgs/mav_msgs/msg/detail/attitude_thrust__rosidl_typesupport_introspection_c.h\n'}
[0.911579] (mav_msgs) StdoutLine: {'line': b'-- Up-to-date: /home/aimane/humble_ws/src/VNAV_23/vnav_ws/install/mav_msgs/include/mav_msgs/mav_msgs/msg/detail/actuators__rosidl_typesupport_introspection_c.h\n'}
[0.911855] (mav_msgs) StdoutLine: {'line': b'-- Up-to-date: /home/aimane/humble_ws/src/VNAV_23/vnav_ws/install/mav_msgs/include/mav_msgs/mav_msgs/msg/detail/filtered_sensor_data__type_support.c\n'}
[0.912425] (mav_msgs) StdoutLine: {'line': b'-- Up-to-date: /home/aimane/humble_ws/src/VNAV_23/vnav_ws/install/mav_msgs/include/mav_msgs/mav_msgs/msg/detail/rate_thrust__rosidl_typesupport_introspection_c.h\n'}
[0.912603] (mav_msgs) StdoutLine: {'line': b'-- Up-to-date: /home/aimane/humble_ws/src/VNAV_23/vnav_ws/install/mav_msgs/include/mav_msgs/mav_msgs/msg/detail/roll_pitch_yawrate_thrust__type_support.c\n'}
[0.912990] (mav_msgs) StdoutLine: {'line': b'-- Up-to-date: /home/aimane/humble_ws/src/VNAV_23/vnav_ws/install/mav_msgs/include/mav_msgs/mav_msgs/msg/detail/gps_waypoint__rosidl_typesupport_introspection_c.h\n'}
[0.913180] (mav_msgs) StdoutLine: {'line': b'-- Up-to-date: /home/aimane/humble_ws/src/VNAV_23/vnav_ws/install/mav_msgs/include/mav_msgs/mav_msgs/msg/detail/torque_thrust__type_support.c\n'}
[0.913366] (mav_msgs) StdoutLine: {'line': b'-- Up-to-date: /home/aimane/humble_ws/src/VNAV_23/vnav_ws/install/mav_msgs/include/mav_msgs/mav_msgs/msg/detail/rate_thrust__type_support.c\n'}
[0.913713] (mav_msgs) StdoutLine: {'line': b'-- Up-to-date: /home/aimane/humble_ws/src/VNAV_23/vnav_ws/install/mav_msgs/include/mav_msgs/mav_msgs/msg/detail/actuators__type_support.c\n'}
[0.913888] (mav_msgs) StdoutLine: {'line': b'-- Up-to-date: /home/aimane/humble_ws/src/VNAV_23/vnav_ws/install/mav_msgs/include/mav_msgs/mav_msgs/msg/detail/filtered_sensor_data__rosidl_typesupport_introspection_c.h\n'}
[0.914252] (mav_msgs) StdoutLine: {'line': b'-- Up-to-date: /home/aimane/humble_ws/src/VNAV_23/vnav_ws/install/mav_msgs/include/mav_msgs/mav_msgs/msg/detail/gps_waypoint__type_support.c\n'}
[0.914440] (mav_msgs) StdoutLine: {'line': b'-- Up-to-date: /home/aimane/humble_ws/src/VNAV_23/vnav_ws/install/mav_msgs/lib/libmav_msgs__rosidl_typesupport_introspection_c.so\n'}
[0.914831] (mav_state_machine_msgs) CommandEnded: {'returncode': 0}
[0.915459] (mav_msgs) StdoutLine: {'line': b'-- Up-to-date: /home/aimane/humble_ws/src/VNAV_23/vnav_ws/install/mav_msgs/lib/libmav_msgs__rosidl_typesupport_c.so\n'}
[0.915665] (mav_msgs) StdoutLine: {'line': b'-- Up-to-date: /home/aimane/humble_ws/src/VNAV_23/vnav_ws/install/mav_msgs/include/mav_msgs/mav_msgs\n'}
[0.916568] (mav_msgs) StdoutLine: {'line': b'-- Up-to-date: /home/aimane/humble_ws/src/VNAV_23/vnav_ws/install/mav_msgs/include/mav_msgs/mav_msgs/msg\n'}
[0.917784] (mav_msgs) StdoutLine: {'line': b'-- Up-to-date: /home/aimane/humble_ws/src/VNAV_23/vnav_ws/install/mav_msgs/include/mav_msgs/mav_msgs/msg/status.hpp\n'}
[0.918665] (mav_msgs) StdoutLine: {'line': b'-- Up-to-date: /home/aimane/humble_ws/src/VNAV_23/vnav_ws/install/mav_msgs/include/mav_msgs/mav_msgs/msg/roll_pitch_yawrate_thrust.hpp\n'}
[0.918901] (mav_msgs) StdoutLine: {'line': b'-- Up-to-date: /home/aimane/humble_ws/src/VNAV_23/vnav_ws/install/mav_msgs/include/mav_msgs/mav_msgs/msg/detail\n'}
[0.919090] (mav_msgs) StdoutLine: {'line': b'-- Up-to-date: /home/aimane/humble_ws/src/VNAV_23/vnav_ws/install/mav_msgs/include/mav_msgs/mav_msgs/msg/detail/gps_waypoint__builder.hpp\n'}
[0.919464] (mav_msgs) StdoutLine: {'line': b'-- Up-to-date: /home/aimane/humble_ws/src/VNAV_23/vnav_ws/install/mav_msgs/include/mav_msgs/mav_msgs/msg/detail/rate_thrust__struct.hpp\n'}
[0.919608] (mav_msgs) StdoutLine: {'line': b'-- Up-to-date: /home/aimane/humble_ws/src/VNAV_23/vnav_ws/install/mav_msgs/include/mav_msgs/mav_msgs/msg/detail/actuators__type_support.hpp\n'}
[0.919785] (mav_msgs) StdoutLine: {'line': b'-- Up-to-date: /home/aimane/humble_ws/src/VNAV_23/vnav_ws/install/mav_msgs/include/mav_msgs/mav_msgs/msg/detail/torque_thrust__type_support.hpp\n'}
[0.920413] (mav_msgs) StdoutLine: {'line': b'-- Up-to-date: /home/aimane/humble_ws/src/VNAV_23/vnav_ws/install/mav_msgs/include/mav_msgs/mav_msgs/msg/detail/status__traits.hpp\n'}
[0.920611] (mav_msgs) StdoutLine: {'line': b'-- Up-to-date: /home/aimane/humble_ws/src/VNAV_23/vnav_ws/install/mav_msgs/include/mav_msgs/mav_msgs/msg/detail/torque_thrust__traits.hpp\n'}
[0.920977] (mav_msgs) StdoutLine: {'line': b'-- Up-to-date: /home/aimane/humble_ws/src/VNAV_23/vnav_ws/install/mav_msgs/include/mav_msgs/mav_msgs/msg/detail/rate_thrust__traits.hpp\n'}
[0.921118] (mav_msgs) StdoutLine: {'line': b'-- Up-to-date: /home/aimane/humble_ws/src/VNAV_23/vnav_ws/install/mav_msgs/include/mav_msgs/mav_msgs/msg/detail/filtered_sensor_data__type_support.hpp\n'}
[0.921293] (mav_msgs) StdoutLine: {'line': b'-- Up-to-date: /home/aimane/humble_ws/src/VNAV_23/vnav_ws/install/mav_msgs/include/mav_msgs/mav_msgs/msg/detail/actuators__builder.hpp\n'}
[0.922300] (mav_msgs) StdoutLine: {'line': b'-- Up-to-date: /home/aimane/humble_ws/src/VNAV_23/vnav_ws/install/mav_msgs/include/mav_msgs/mav_msgs/msg/detail/filtered_sensor_data__builder.hpp\n'}
[0.922512] (mav_msgs) StdoutLine: {'line': b'-- Up-to-date: /home/aimane/humble_ws/src/VNAV_23/vnav_ws/install/mav_msgs/include/mav_msgs/mav_msgs/msg/detail/actuators__traits.hpp\n'}
[0.922936] (mav_msgs) StdoutLine: {'line': b'-- Up-to-date: /home/aimane/humble_ws/src/VNAV_23/vnav_ws/install/mav_msgs/include/mav_msgs/mav_msgs/msg/detail/roll_pitch_yawrate_thrust__builder.hpp\n'}
[0.923775] (mav_msgs) StdoutLine: {'line': b'-- Up-to-date: /home/aimane/humble_ws/src/VNAV_23/vnav_ws/install/mav_msgs/include/mav_msgs/mav_msgs/msg/detail/rate_thrust__type_support.hpp\n'}
[0.924009] (mav_msgs) StdoutLine: {'line': b'-- Up-to-date: /home/aimane/humble_ws/src/VNAV_23/vnav_ws/install/mav_msgs/include/mav_msgs/mav_msgs/msg/detail/roll_pitch_yawrate_thrust__type_support.hpp\n'}
[0.924385] (mav_msgs) StdoutLine: {'line': b'-- Up-to-date: /home/aimane/humble_ws/src/VNAV_23/vnav_ws/install/mav_msgs/include/mav_msgs/mav_msgs/msg/detail/status__type_support.hpp\n'}
[0.924543] (mav_msgs) StdoutLine: {'line': b'-- Up-to-date: /home/aimane/humble_ws/src/VNAV_23/vnav_ws/install/mav_msgs/include/mav_msgs/mav_msgs/msg/detail/attitude_thrust__type_support.hpp\n'}
[0.925217] (mav_msgs) StdoutLine: {'line': b'-- Up-to-date: /home/aimane/humble_ws/src/VNAV_23/vnav_ws/install/mav_msgs/include/mav_msgs/mav_msgs/msg/detail/torque_thrust__struct.hpp\n'}
[0.925384] (mav_msgs) StdoutLine: {'line': b'-- Up-to-date: /home/aimane/humble_ws/src/VNAV_23/vnav_ws/install/mav_msgs/include/mav_msgs/mav_msgs/msg/detail/status__struct.hpp\n'}
[0.925575] (mav_msgs) StdoutLine: {'line': b'-- Up-to-date: /home/aimane/humble_ws/src/VNAV_23/vnav_ws/install/mav_msgs/include/mav_msgs/mav_msgs/msg/detail/attitude_thrust__builder.hpp\n'}
[0.925975] (mav_msgs) StdoutLine: {'line': b'-- Up-to-date: /home/aimane/humble_ws/src/VNAV_23/vnav_ws/install/mav_msgs/include/mav_msgs/mav_msgs/msg/detail/roll_pitch_yawrate_thrust__struct.hpp\n'}
[0.926173] (mav_msgs) StdoutLine: {'line': b'-- Up-to-date: /home/aimane/humble_ws/src/VNAV_23/vnav_ws/install/mav_msgs/include/mav_msgs/mav_msgs/msg/detail/gps_waypoint__traits.hpp\n'}
[0.926440] (mav_msgs) StdoutLine: {'line': b'-- Up-to-date: /home/aimane/humble_ws/src/VNAV_23/vnav_ws/install/mav_msgs/include/mav_msgs/mav_msgs/msg/detail/gps_waypoint__type_support.hpp\n'}
[0.926642] (mav_msgs) StdoutLine: {'line': b'-- Up-to-date: /home/aimane/humble_ws/src/VNAV_23/vnav_ws/install/mav_msgs/include/mav_msgs/mav_msgs/msg/detail/filtered_sensor_data__struct.hpp\n'}
[0.926885] (mav_msgs) StdoutLine: {'line': b'-- Up-to-date: /home/aimane/humble_ws/src/VNAV_23/vnav_ws/install/mav_msgs/include/mav_msgs/mav_msgs/msg/detail/gps_waypoint__struct.hpp\n'}
[0.927451] (mav_msgs) StdoutLine: {'line': b'-- Up-to-date: /home/aimane/humble_ws/src/VNAV_23/vnav_ws/install/mav_msgs/include/mav_msgs/mav_msgs/msg/detail/roll_pitch_yawrate_thrust__traits.hpp\n'}
[0.928142] (mav_msgs) StdoutLine: {'line': b'-- Up-to-date: /home/aimane/humble_ws/src/VNAV_23/vnav_ws/install/mav_msgs/include/mav_msgs/mav_msgs/msg/detail/status__builder.hpp\n'}
[0.928291] (tesse_msgs) StdoutLine: {'line': b'running egg_info\n'}
[0.928491] (mav_msgs) StdoutLine: {'line': b'-- Up-to-date: /home/aimane/humble_ws/src/VNAV_23/vnav_ws/install/mav_msgs/include/mav_msgs/mav_msgs/msg/detail/attitude_thrust__traits.hpp\n'}
[0.928651] (mav_msgs) StdoutLine: {'line': b'-- Up-to-date: /home/aimane/humble_ws/src/VNAV_23/vnav_ws/install/mav_msgs/include/mav_msgs/mav_msgs/msg/detail/torque_thrust__builder.hpp\n'}
[0.928798] (mav_msgs) StdoutLine: {'line': b'-- Up-to-date: /home/aimane/humble_ws/src/VNAV_23/vnav_ws/install/mav_msgs/include/mav_msgs/mav_msgs/msg/detail/actuators__struct.hpp\n'}
[0.928948] (mav_msgs) StdoutLine: {'line': b'-- Up-to-date: /home/aimane/humble_ws/src/VNAV_23/vnav_ws/install/mav_msgs/include/mav_msgs/mav_msgs/msg/detail/filtered_sensor_data__traits.hpp\n'}
[0.929114] (mav_msgs) StdoutLine: {'line': b'-- Up-to-date: /home/aimane/humble_ws/src/VNAV_23/vnav_ws/install/mav_msgs/include/mav_msgs/mav_msgs/msg/detail/rate_thrust__builder.hpp\n'}
[0.929388] (mav_msgs) StdoutLine: {'line': b'-- Up-to-date: /home/aimane/humble_ws/src/VNAV_23/vnav_ws/install/mav_msgs/include/mav_msgs/mav_msgs/msg/detail/attitude_thrust__struct.hpp\n'}
[0.929526] (mav_msgs) StdoutLine: {'line': b'-- Up-to-date: /home/aimane/humble_ws/src/VNAV_23/vnav_ws/install/mav_msgs/include/mav_msgs/mav_msgs/msg/torque_thrust.hpp\n'}
[0.929677] (mav_msgs) StdoutLine: {'line': b'-- Up-to-date: /home/aimane/humble_ws/src/VNAV_23/vnav_ws/install/mav_msgs/include/mav_msgs/mav_msgs/msg/rate_thrust.hpp\n'}
[0.929850] (mav_msgs) StdoutLine: {'line': b'-- Up-to-date: /home/aimane/humble_ws/src/VNAV_23/vnav_ws/install/mav_msgs/include/mav_msgs/mav_msgs/msg/attitude_thrust.hpp\n'}
[0.930006] (mav_msgs) StdoutLine: {'line': b'-- Up-to-date: /home/aimane/humble_ws/src/VNAV_23/vnav_ws/install/mav_msgs/include/mav_msgs/mav_msgs/msg/filtered_sensor_data.hpp\n'}
[0.930166] (mav_msgs) StdoutLine: {'line': b'-- Up-to-date: /home/aimane/humble_ws/src/VNAV_23/vnav_ws/install/mav_msgs/include/mav_msgs/mav_msgs/msg/gps_waypoint.hpp\n'}
[0.930359] (mav_msgs) StdoutLine: {'line': b'-- Up-to-date: /home/aimane/humble_ws/src/VNAV_23/vnav_ws/install/mav_msgs/include/mav_msgs/mav_msgs/msg/actuators.hpp\n'}
[0.930525] (mav_msgs) StdoutLine: {'line': b'-- Up-to-date: /home/aimane/humble_ws/src/VNAV_23/vnav_ws/install/mav_msgs/include/mav_msgs/mav_msgs/msg/rosidl_generator_cpp__visibility_control.hpp\n'}
[0.930662] (mav_msgs) StdoutLine: {'line': b'-- Up-to-date: /home/aimane/humble_ws/src/VNAV_23/vnav_ws/install/mav_msgs/include/mav_msgs/mav_msgs\n'}
[0.930789] (mav_msgs) StdoutLine: {'line': b'-- Up-to-date: /home/aimane/humble_ws/src/VNAV_23/vnav_ws/install/mav_msgs/include/mav_msgs/mav_msgs/msg\n'}
[0.930941] (mav_msgs) StdoutLine: {'line': b'-- Up-to-date: /home/aimane/humble_ws/src/VNAV_23/vnav_ws/install/mav_msgs/include/mav_msgs/mav_msgs/msg/detail\n'}
[0.931084] (mav_msgs) StdoutLine: {'line': b'-- Up-to-date: /home/aimane/humble_ws/src/VNAV_23/vnav_ws/install/mav_msgs/include/mav_msgs/mav_msgs/msg/detail/gps_waypoint__rosidl_typesupport_fastrtps_cpp.hpp\n'}
[0.931378] (mav_msgs) StdoutLine: {'line': b'-- Up-to-date: /home/aimane/humble_ws/src/VNAV_23/vnav_ws/install/mav_msgs/include/mav_msgs/mav_msgs/msg/detail/dds_fastrtps\n'}
[0.931556] (tesse_msgs) StdoutLine: {'line': b'writing tesse_msgs.egg-info/PKG-INFO\n'}
[0.931696] (mav_msgs) StdoutLine: {'line': b'-- Up-to-date: /home/aimane/humble_ws/src/VNAV_23/vnav_ws/install/mav_msgs/include/mav_msgs/mav_msgs/msg/detail/status__rosidl_typesupport_fastrtps_cpp.hpp\n'}
[0.931853] (mav_msgs) StdoutLine: {'line': b'-- Up-to-date: /home/aimane/humble_ws/src/VNAV_23/vnav_ws/install/mav_msgs/include/mav_msgs/mav_msgs/msg/detail/actuators__rosidl_typesupport_fastrtps_cpp.hpp\n'}
[0.932006] (mav_msgs) StdoutLine: {'line': b'-- Up-to-date: /home/aimane/humble_ws/src/VNAV_23/vnav_ws/install/mav_msgs/include/mav_msgs/mav_msgs/msg/detail/roll_pitch_yawrate_thrust__rosidl_typesupport_fastrtps_cpp.hpp\n'}
[0.932197] (mav_msgs) StdoutLine: {'line': b'-- Up-to-date: /home/aimane/humble_ws/src/VNAV_23/vnav_ws/install/mav_msgs/include/mav_msgs/mav_msgs/msg/detail/attitude_thrust__rosidl_typesupport_fastrtps_cpp.hpp\n'}
[0.932371] (mav_msgs) StdoutLine: {'line': b'-- Up-to-date: /home/aimane/humble_ws/src/VNAV_23/vnav_ws/install/mav_msgs/include/mav_msgs/mav_msgs/msg/detail/rate_thrust__rosidl_typesupport_fastrtps_cpp.hpp\n'}
[0.932512] (tesse_msgs) StdoutLine: {'line': b'writing dependency_links to tesse_msgs.egg-info/dependency_links.txt\n'}
[0.932702] (tesse_msgs) StdoutLine: {'line': b'writing top-level names to tesse_msgs.egg-info/top_level.txt\n'}
[0.932876] (mav_msgs) StdoutLine: {'line': b'-- Up-to-date: /home/aimane/humble_ws/src/VNAV_23/vnav_ws/install/mav_msgs/include/mav_msgs/mav_msgs/msg/detail/torque_thrust__rosidl_typesupport_fastrtps_cpp.hpp\n'}
[0.933060] (mav_msgs) StdoutLine: {'line': b'-- Up-to-date: /home/aimane/humble_ws/src/VNAV_23/vnav_ws/install/mav_msgs/include/mav_msgs/mav_msgs/msg/detail/filtered_sensor_data__rosidl_typesupport_fastrtps_cpp.hpp\n'}
[0.933259] (mav_msgs) StdoutLine: {'line': b'-- Up-to-date: /home/aimane/humble_ws/src/VNAV_23/vnav_ws/install/mav_msgs/include/mav_msgs/mav_msgs/msg/rosidl_typesupport_fastrtps_cpp__visibility_control.h\n'}
[0.933436] (mav_msgs) StdoutLine: {'line': b'-- Up-to-date: /home/aimane/humble_ws/src/VNAV_23/vnav_ws/install/mav_msgs/lib/libmav_msgs__rosidl_typesupport_fastrtps_cpp.so\n'}
[0.933616] (mav_msgs) StdoutLine: {'line': b'-- Up-to-date: /home/aimane/humble_ws/src/VNAV_23/vnav_ws/install/mav_msgs/include/mav_msgs/mav_msgs\n'}
[0.933816] (mav_msgs) StdoutLine: {'line': b'-- Up-to-date: /home/aimane/humble_ws/src/VNAV_23/vnav_ws/install/mav_msgs/include/mav_msgs/mav_msgs/msg\n'}
[0.934367] (mav_msgs) StdoutLine: {'line': b'-- Up-to-date: /home/aimane/humble_ws/src/VNAV_23/vnav_ws/install/mav_msgs/include/mav_msgs/mav_msgs/msg/detail\n'}
[0.934706] (mav_msgs) StdoutLine: {'line': b'-- Up-to-date: /home/aimane/humble_ws/src/VNAV_23/vnav_ws/install/mav_msgs/include/mav_msgs/mav_msgs/msg/detail/status__type_support.cpp\n'}
[0.934887] (mav_msgs) StdoutLine: {'line': b'-- Up-to-date: /home/aimane/humble_ws/src/VNAV_23/vnav_ws/install/mav_msgs/include/mav_msgs/mav_msgs/msg/detail/filtered_sensor_data__rosidl_typesupport_introspection_cpp.hpp\n'}
[0.935071] (mav_msgs) StdoutLine: {'line': b'-- Up-to-date: /home/aimane/humble_ws/src/VNAV_23/vnav_ws/install/mav_msgs/include/mav_msgs/mav_msgs/msg/detail/gps_waypoint__type_support.cpp\n'}
[0.935471] (mav_msgs) StdoutLine: {'line': b'-- Up-to-date: /home/aimane/humble_ws/src/VNAV_23/vnav_ws/install/mav_msgs/include/mav_msgs/mav_msgs/msg/detail/attitude_thrust__type_support.cpp\n'}
[0.935786] (mav_msgs) StdoutLine: {'line': b'-- Up-to-date: /home/aimane/humble_ws/src/VNAV_23/vnav_ws/install/mav_msgs/include/mav_msgs/mav_msgs/msg/detail/rate_thrust__type_support.cpp\n'}
[0.935947] (mav_msgs) StdoutLine: {'line': b'-- Up-to-date: /home/aimane/humble_ws/src/VNAV_23/vnav_ws/install/mav_msgs/include/mav_msgs/mav_msgs/msg/detail/status__rosidl_typesupport_introspection_cpp.hpp\n'}
[0.936220] (mav_msgs) StdoutLine: {'line': b'-- Up-to-date: /home/aimane/humble_ws/src/VNAV_23/vnav_ws/install/mav_msgs/include/mav_msgs/mav_msgs/msg/detail/rate_thrust__rosidl_typesupport_introspection_cpp.hpp\n'}
[0.936564] (mav_msgs) StdoutLine: {'line': b'-- Up-to-date: /home/aimane/humble_ws/src/VNAV_23/vnav_ws/install/mav_msgs/include/mav_msgs/mav_msgs/msg/detail/gps_waypoint__rosidl_typesupport_introspection_cpp.hpp\n'}
[0.936734] (mav_msgs) StdoutLine: {'line': b'-- Up-to-date: /home/aimane/humble_ws/src/VNAV_23/vnav_ws/install/mav_msgs/include/mav_msgs/mav_msgs/msg/detail/roll_pitch_yawrate_thrust__rosidl_typesupport_introspection_cpp.hpp\n'}
[0.937107] (mav_msgs) StdoutLine: {'line': b'-- Up-to-date: /home/aimane/humble_ws/src/VNAV_23/vnav_ws/install/mav_msgs/include/mav_msgs/mav_msgs/msg/detail/filtered_sensor_data__type_support.cpp\n'}
[0.937307] (mav_msgs) StdoutLine: {'line': b'-- Up-to-date: /home/aimane/humble_ws/src/VNAV_23/vnav_ws/install/mav_msgs/include/mav_msgs/mav_msgs/msg/detail/attitude_thrust__rosidl_typesupport_introspection_cpp.hpp\n'}
[0.937501] (mav_msgs) StdoutLine: {'line': b'-- Up-to-date: /home/aimane/humble_ws/src/VNAV_23/vnav_ws/install/mav_msgs/include/mav_msgs/mav_msgs/msg/detail/actuators__rosidl_typesupport_introspection_cpp.hpp\n'}
[0.937891] (mav_msgs) StdoutLine: {'line': b'-- Up-to-date: /home/aimane/humble_ws/src/VNAV_23/vnav_ws/install/mav_msgs/include/mav_msgs/mav_msgs/msg/detail/actuators__type_support.cpp\n'}
[0.938063] (mav_msgs) StdoutLine: {'line': b'-- Up-to-date: /home/aimane/humble_ws/src/VNAV_23/vnav_ws/install/mav_msgs/include/mav_msgs/mav_msgs/msg/detail/torque_thrust__rosidl_typesupport_introspection_cpp.hpp\n'}
[0.938355] (mav_msgs) StdoutLine: {'line': b'-- Up-to-date: /home/aimane/humble_ws/src/VNAV_23/vnav_ws/install/mav_msgs/include/mav_msgs/mav_msgs/msg/detail/torque_thrust__type_support.cpp\n'}
[0.938605] (mav_msgs) StdoutLine: {'line': b'-- Up-to-date: /home/aimane/humble_ws/src/VNAV_23/vnav_ws/install/mav_msgs/include/mav_msgs/mav_msgs/msg/detail/roll_pitch_yawrate_thrust__type_support.cpp\n'}
[0.939145] (mav_msgs) StdoutLine: {'line': b'-- Up-to-date: /home/aimane/humble_ws/src/VNAV_23/vnav_ws/install/mav_msgs/lib/libmav_msgs__rosidl_typesupport_introspection_cpp.so\n'}
[0.939348] (mav_msgs) StdoutLine: {'line': b'-- Up-to-date: /home/aimane/humble_ws/src/VNAV_23/vnav_ws/install/mav_msgs/lib/libmav_msgs__rosidl_typesupport_cpp.so\n'}
[0.939755] (mav_msgs) StdoutLine: {'line': b'-- Up-to-date: /home/aimane/humble_ws/src/VNAV_23/vnav_ws/install/mav_msgs/share/mav_msgs/environment/pythonpath.sh\n'}
[0.939893] (mav_msgs) StdoutLine: {'line': b'-- Up-to-date: /home/aimane/humble_ws/src/VNAV_23/vnav_ws/install/mav_msgs/share/mav_msgs/environment/pythonpath.dsv\n'}
[0.940054] (mav_msgs) StdoutLine: {'line': b'-- Up-to-date: /home/aimane/humble_ws/src/VNAV_23/vnav_ws/install/mav_msgs/local/lib/python3.10/dist-packages/mav_msgs-3.3.3-py3.10.egg-info\n'}
[0.940442] (mav_msgs) StdoutLine: {'line': b'-- Installing: /home/aimane/humble_ws/src/VNAV_23/vnav_ws/install/mav_msgs/local/lib/python3.10/dist-packages/mav_msgs-3.3.3-py3.10.egg-info/SOURCES.txt\n'}
[0.940607] (mav_msgs) StdoutLine: {'line': b'-- Installing: /home/aimane/humble_ws/src/VNAV_23/vnav_ws/install/mav_msgs/local/lib/python3.10/dist-packages/mav_msgs-3.3.3-py3.10.egg-info/top_level.txt\n'}
[0.940889] (tesse_msgs) StdoutLine: {'line': b"reading manifest file 'tesse_msgs.egg-info/SOURCES.txt'\n"}
[0.941061] (mav_msgs) StdoutLine: {'line': b'-- Installing: /home/aimane/humble_ws/src/VNAV_23/vnav_ws/install/mav_msgs/local/lib/python3.10/dist-packages/mav_msgs-3.3.3-py3.10.egg-info/PKG-INFO\n'}
[0.941260] (mav_msgs) StdoutLine: {'line': b'-- Installing: /home/aimane/humble_ws/src/VNAV_23/vnav_ws/install/mav_msgs/local/lib/python3.10/dist-packages/mav_msgs-3.3.3-py3.10.egg-info/dependency_links.txt\n'}
[0.941862] (mav_msgs) StdoutLine: {'line': b'-- Up-to-date: /home/aimane/humble_ws/src/VNAV_23/vnav_ws/install/mav_msgs/local/lib/python3.10/dist-packages/mav_msgs\n'}
[0.942048] (mav_msgs) StdoutLine: {'line': b'-- Up-to-date: /home/aimane/humble_ws/src/VNAV_23/vnav_ws/install/mav_msgs/local/lib/python3.10/dist-packages/mav_msgs/_mav_msgs_s.ep.rosidl_typesupport_c.c\n'}
[0.942251] (mav_msgs) StdoutLine: {'line': b'-- Up-to-date: /home/aimane/humble_ws/src/VNAV_23/vnav_ws/install/mav_msgs/local/lib/python3.10/dist-packages/mav_msgs/libmav_msgs__rosidl_generator_py.so\n'}
[0.942504] (mav_msgs) StdoutLine: {'line': b'-- Up-to-date: /home/aimane/humble_ws/src/VNAV_23/vnav_ws/install/mav_msgs/local/lib/python3.10/dist-packages/mav_msgs/_mav_msgs_s.ep.rosidl_typesupport_introspection_c.c\n'}
[0.943168] (mav_msgs) StdoutLine: {'line': b'-- Up-to-date: /home/aimane/humble_ws/src/VNAV_23/vnav_ws/install/mav_msgs/local/lib/python3.10/dist-packages/mav_msgs/_mav_msgs_s.ep.rosidl_typesupport_fastrtps_c.c\n'}
[0.945372] (mav_msgs) StdoutLine: {'line': b'-- Up-to-date: /home/aimane/humble_ws/src/VNAV_23/vnav_ws/install/mav_msgs/local/lib/python3.10/dist-packages/mav_msgs/msg\n'}
[0.946304] (mav_msgs) StdoutLine: {'line': b'-- Up-to-date: /home/aimane/humble_ws/src/VNAV_23/vnav_ws/install/mav_msgs/local/lib/python3.10/dist-packages/mav_msgs/msg/_actuators_s.c\n'}
[0.946464] (mav_msgs) StdoutLine: {'line': b'-- Up-to-date: /home/aimane/humble_ws/src/VNAV_23/vnav_ws/install/mav_msgs/local/lib/python3.10/dist-packages/mav_msgs/msg/_actuators.py\n'}
[0.946582] (mav_msgs) StdoutLine: {'line': b'-- Up-to-date: /home/aimane/humble_ws/src/VNAV_23/vnav_ws/install/mav_msgs/local/lib/python3.10/dist-packages/mav_msgs/msg/_attitude_thrust_s.c\n'}
[0.946691] (mav_msgs) StdoutLine: {'line': b'-- Up-to-date: /home/aimane/humble_ws/src/VNAV_23/vnav_ws/install/mav_msgs/local/lib/python3.10/dist-packages/mav_msgs/msg/_gps_waypoint_s.c\n'}
[0.946793] (mav_msgs) StdoutLine: {'line': b'-- Up-to-date: /home/aimane/humble_ws/src/VNAV_23/vnav_ws/install/mav_msgs/local/lib/python3.10/dist-packages/mav_msgs/msg/_rate_thrust.py\n'}
[0.947048] (mav_msgs) StdoutLine: {'line': b'-- Up-to-date: /home/aimane/humble_ws/src/VNAV_23/vnav_ws/install/mav_msgs/local/lib/python3.10/dist-packages/mav_msgs/msg/_torque_thrust.py\n'}
[0.947172] (mav_msgs) StdoutLine: {'line': b'-- Up-to-date: /home/aimane/humble_ws/src/VNAV_23/vnav_ws/install/mav_msgs/local/lib/python3.10/dist-packages/mav_msgs/msg/_roll_pitch_yawrate_thrust_s.c\n'}
[0.947426] (mav_msgs) StdoutLine: {'line': b'-- Up-to-date: /home/aimane/humble_ws/src/VNAV_23/vnav_ws/install/mav_msgs/local/lib/python3.10/dist-packages/mav_msgs/msg/_status.py\n'}
[0.947570] (mav_msgs) StdoutLine: {'line': b'-- Up-to-date: /home/aimane/humble_ws/src/VNAV_23/vnav_ws/install/mav_msgs/local/lib/python3.10/dist-packages/mav_msgs/msg/_gps_waypoint.py\n'}
[0.947688] (mav_msgs) StdoutLine: {'line': b'-- Up-to-date: /home/aimane/humble_ws/src/VNAV_23/vnav_ws/install/mav_msgs/local/lib/python3.10/dist-packages/mav_msgs/msg/_roll_pitch_yawrate_thrust.py\n'}
[0.947792] (mav_msgs) StdoutLine: {'line': b'-- Up-to-date: /home/aimane/humble_ws/src/VNAV_23/vnav_ws/install/mav_msgs/local/lib/python3.10/dist-packages/mav_msgs/msg/_status_s.c\n'}
[0.947896] (mav_msgs) StdoutLine: {'line': b'-- Up-to-date: /home/aimane/humble_ws/src/VNAV_23/vnav_ws/install/mav_msgs/local/lib/python3.10/dist-packages/mav_msgs/msg/__init__.py\n'}
[0.948002] (mav_msgs) StdoutLine: {'line': b'-- Up-to-date: /home/aimane/humble_ws/src/VNAV_23/vnav_ws/install/mav_msgs/local/lib/python3.10/dist-packages/mav_msgs/msg/_filtered_sensor_data_s.c\n'}
[0.948112] (mav_msgs) StdoutLine: {'line': b'-- Up-to-date: /home/aimane/humble_ws/src/VNAV_23/vnav_ws/install/mav_msgs/local/lib/python3.10/dist-packages/mav_msgs/msg/_rate_thrust_s.c\n'}
[0.948606] (mav_msgs) StdoutLine: {'line': b'-- Up-to-date: /home/aimane/humble_ws/src/VNAV_23/vnav_ws/install/mav_msgs/local/lib/python3.10/dist-packages/mav_msgs/msg/_filtered_sensor_data.py\n'}
[0.948919] (mav_msgs) StdoutLine: {'line': b'-- Up-to-date: /home/aimane/humble_ws/src/VNAV_23/vnav_ws/install/mav_msgs/local/lib/python3.10/dist-packages/mav_msgs/msg/_torque_thrust_s.c\n'}
[0.949029] (mav_msgs) StdoutLine: {'line': b'-- Up-to-date: /home/aimane/humble_ws/src/VNAV_23/vnav_ws/install/mav_msgs/local/lib/python3.10/dist-packages/mav_msgs/msg/_attitude_thrust.py\n'}
[0.949151] (mav_msgs) StdoutLine: {'line': b'-- Up-to-date: /home/aimane/humble_ws/src/VNAV_23/vnav_ws/install/mav_msgs/local/lib/python3.10/dist-packages/mav_msgs/__init__.py\n'}
[0.949400] (mav_msgs) StdoutLine: {'line': b'-- Up-to-date: /home/aimane/humble_ws/src/VNAV_23/vnav_ws/install/mav_msgs/local/lib/python3.10/dist-packages/mav_msgs/mav_msgs_s__rosidl_typesupport_fastrtps_c.cpython-310-x86_64-linux-gnu.so\n'}
[0.949528] (mav_msgs) StdoutLine: {'line': b'-- Up-to-date: /home/aimane/humble_ws/src/VNAV_23/vnav_ws/install/mav_msgs/local/lib/python3.10/dist-packages/mav_msgs/mav_msgs_s__rosidl_typesupport_introspection_c.cpython-310-x86_64-linux-gnu.so\n'}
[0.949632] (mav_msgs) StdoutLine: {'line': b'-- Up-to-date: /home/aimane/humble_ws/src/VNAV_23/vnav_ws/install/mav_msgs/local/lib/python3.10/dist-packages/mav_msgs/mav_msgs_s__rosidl_typesupport_c.cpython-310-x86_64-linux-gnu.so\n'}
[0.949757] (tesse_msgs) StdoutLine: {'line': b"writing manifest file 'tesse_msgs.egg-info/SOURCES.txt'\n"}
[0.950627] (tesse_msgs) StdoutLine: {'line': b'[100%] Built target ament_cmake_python_build_tesse_msgs_egg\n'}
[0.950861] (mav_msgs) StdoutLine: {'line': b"Listing '/home/aimane/humble_ws/src/VNAV_23/vnav_ws/install/mav_msgs/local/lib/python3.10/dist-packages/mav_msgs'...\n"}
[0.951081] (mav_msgs) StdoutLine: {'line': b"Listing '/home/aimane/humble_ws/src/VNAV_23/vnav_ws/install/mav_msgs/local/lib/python3.10/dist-packages/mav_msgs/msg'...\n"}
[0.951268] (mav_msgs) StdoutLine: {'line': b'-- Up-to-date: /home/aimane/humble_ws/src/VNAV_23/vnav_ws/install/mav_msgs/local/lib/python3.10/dist-packages/mav_msgs/mav_msgs_s__rosidl_typesupport_fastrtps_c.cpython-310-x86_64-linux-gnu.so\n'}
[0.951398] (mav_msgs) StdoutLine: {'line': b'-- Up-to-date: /home/aimane/humble_ws/src/VNAV_23/vnav_ws/install/mav_msgs/local/lib/python3.10/dist-packages/mav_msgs/mav_msgs_s__rosidl_typesupport_introspection_c.cpython-310-x86_64-linux-gnu.so\n'}
[0.951526] (mav_msgs) StdoutLine: {'line': b'-- Up-to-date: /home/aimane/humble_ws/src/VNAV_23/vnav_ws/install/mav_msgs/local/lib/python3.10/dist-packages/mav_msgs/mav_msgs_s__rosidl_typesupport_c.cpython-310-x86_64-linux-gnu.so\n'}
[0.951645] (mav_msgs) StdoutLine: {'line': b'-- Up-to-date: /home/aimane/humble_ws/src/VNAV_23/vnav_ws/install/mav_msgs/lib/libmav_msgs__rosidl_generator_py.so\n'}
[0.951752] (mav_msgs) StdoutLine: {'line': b'-- Up-to-date: /home/aimane/humble_ws/src/VNAV_23/vnav_ws/install/mav_msgs/share/mav_msgs/msg/Actuators.idl\n'}
[0.951862] (mav_msgs) StdoutLine: {'line': b'-- Up-to-date: /home/aimane/humble_ws/src/VNAV_23/vnav_ws/install/mav_msgs/share/mav_msgs/msg/AttitudeThrust.idl\n'}
[0.951975] (mav_msgs) StdoutLine: {'line': b'-- Up-to-date: /home/aimane/humble_ws/src/VNAV_23/vnav_ws/install/mav_msgs/share/mav_msgs/msg/FilteredSensorData.idl\n'}
[0.952086] (mav_msgs) StdoutLine: {'line': b'-- Up-to-date: /home/aimane/humble_ws/src/VNAV_23/vnav_ws/install/mav_msgs/share/mav_msgs/msg/GpsWaypoint.idl\n'}
[0.952389] (mav_msgs) StdoutLine: {'line': b'-- Up-to-date: /home/aimane/humble_ws/src/VNAV_23/vnav_ws/install/mav_msgs/share/mav_msgs/msg/RateThrust.idl\n'}
[0.952548] (mav_msgs) StdoutLine: {'line': b'-- Up-to-date: /home/aimane/humble_ws/src/VNAV_23/vnav_ws/install/mav_msgs/share/mav_msgs/msg/RollPitchYawrateThrust.idl\n'}
[0.952662] (mav_msgs) StdoutLine: {'line': b'-- Up-to-date: /home/aimane/humble_ws/src/VNAV_23/vnav_ws/install/mav_msgs/share/mav_msgs/msg/Status.idl\n'}
[0.952774] (mav_msgs) StdoutLine: {'line': b'-- Up-to-date: /home/aimane/humble_ws/src/VNAV_23/vnav_ws/install/mav_msgs/share/mav_msgs/msg/TorqueThrust.idl\n'}
[0.952886] (mav_msgs) StdoutLine: {'line': b'-- Up-to-date: /home/aimane/humble_ws/src/VNAV_23/vnav_ws/install/mav_msgs/share/mav_msgs/msg/Actuators.msg\n'}
[0.952994] (mav_msgs) StdoutLine: {'line': b'-- Up-to-date: /home/aimane/humble_ws/src/VNAV_23/vnav_ws/install/mav_msgs/share/mav_msgs/msg/AttitudeThrust.msg\n'}
[0.953104] (mav_msgs) StdoutLine: {'line': b'-- Up-to-date: /home/aimane/humble_ws/src/VNAV_23/vnav_ws/install/mav_msgs/share/mav_msgs/msg/FilteredSensorData.msg\n'}
[0.953451] (mav_msgs) StdoutLine: {'line': b'-- Up-to-date: /home/aimane/humble_ws/src/VNAV_23/vnav_ws/install/mav_msgs/share/mav_msgs/msg/GpsWaypoint.msg\n'}
[0.953583] (mav_msgs) StdoutLine: {'line': b'-- Up-to-date: /home/aimane/humble_ws/src/VNAV_23/vnav_ws/install/mav_msgs/share/mav_msgs/msg/RateThrust.msg\n'}
[0.953697] (mav_msgs) StdoutLine: {'line': b'-- Up-to-date: /home/aimane/humble_ws/src/VNAV_23/vnav_ws/install/mav_msgs/share/mav_msgs/msg/RollPitchYawrateThrust.msg\n'}
[0.953810] (mav_msgs) StdoutLine: {'line': b'-- Up-to-date: /home/aimane/humble_ws/src/VNAV_23/vnav_ws/install/mav_msgs/share/mav_msgs/msg/Status.msg\n'}
[0.953919] (mav_msgs) StdoutLine: {'line': b'-- Up-to-date: /home/aimane/humble_ws/src/VNAV_23/vnav_ws/install/mav_msgs/share/mav_msgs/msg/TorqueThrust.msg\n'}
[0.954028] (mav_msgs) StdoutLine: {'line': b'-- Up-to-date: /home/aimane/humble_ws/src/VNAV_23/vnav_ws/install/mav_msgs/include/mav_msgs\n'}
[0.954125] (mav_msgs) StdoutLine: {'line': b'-- Up-to-date: /home/aimane/humble_ws/src/VNAV_23/vnav_ws/install/mav_msgs/include/mav_msgs/default_topics.hpp\n'}
[0.954451] (mav_msgs) StdoutLine: {'line': b'-- Up-to-date: /home/aimane/humble_ws/src/VNAV_23/vnav_ws/install/mav_msgs/include/mav_msgs/conversions.hpp\n'}
[0.954558] (mav_msgs) StdoutLine: {'line': b'-- Up-to-date: /home/aimane/humble_ws/src/VNAV_23/vnav_ws/install/mav_msgs/include/mav_msgs/common.hpp\n'}
[0.954656] (mav_msgs) StdoutLine: {'line': b'-- Up-to-date: /home/aimane/humble_ws/src/VNAV_23/vnav_ws/install/mav_msgs/include/mav_msgs/default_values.hpp\n'}
[0.954779] (mav_msgs) StdoutLine: {'line': b'-- Up-to-date: /home/aimane/humble_ws/src/VNAV_23/vnav_ws/install/mav_msgs/include/mav_msgs/eigen_mav_msgs.hpp\n'}
[0.954918] (mav_msgs) StdoutLine: {'line': b'-- Up-to-date: /home/aimane/humble_ws/src/VNAV_23/vnav_ws/install/mav_msgs/share/ament_index/resource_index/package_run_dependencies/mav_msgs\n'}
[0.955030] (mav_msgs) StdoutLine: {'line': b'-- Up-to-date: /home/aimane/humble_ws/src/VNAV_23/vnav_ws/install/mav_msgs/share/ament_index/resource_index/parent_prefix_path/mav_msgs\n'}
[0.955154] (mav_msgs) StdoutLine: {'line': b'-- Up-to-date: /home/aimane/humble_ws/src/VNAV_23/vnav_ws/install/mav_msgs/share/mav_msgs/environment/ament_prefix_path.sh\n'}
[0.955652] (mav_msgs) StdoutLine: {'line': b'-- Up-to-date: /home/aimane/humble_ws/src/VNAV_23/vnav_ws/install/mav_msgs/share/mav_msgs/environment/ament_prefix_path.dsv\n'}
[0.955814] (mav_msgs) StdoutLine: {'line': b'-- Up-to-date: /home/aimane/humble_ws/src/VNAV_23/vnav_ws/install/mav_msgs/share/mav_msgs/environment/path.sh\n'}
[0.956073] (mav_msgs) StdoutLine: {'line': b'-- Up-to-date: /home/aimane/humble_ws/src/VNAV_23/vnav_ws/install/mav_msgs/share/mav_msgs/environment/path.dsv\n'}
[0.956710] (mav_msgs) StdoutLine: {'line': b'-- Up-to-date: /home/aimane/humble_ws/src/VNAV_23/vnav_ws/install/mav_msgs/share/mav_msgs/local_setup.bash\n'}
[0.956887] (mav_msgs) StdoutLine: {'line': b'-- Up-to-date: /home/aimane/humble_ws/src/VNAV_23/vnav_ws/install/mav_msgs/share/mav_msgs/local_setup.sh\n'}
[0.957038] (mav_msgs) StdoutLine: {'line': b'-- Up-to-date: /home/aimane/humble_ws/src/VNAV_23/vnav_ws/install/mav_msgs/share/mav_msgs/local_setup.zsh\n'}
[0.957198] (mav_msgs) StdoutLine: {'line': b'-- Up-to-date: /home/aimane/humble_ws/src/VNAV_23/vnav_ws/install/mav_msgs/share/mav_msgs/local_setup.dsv\n'}
[0.957552] (mav_msgs) StdoutLine: {'line': b'-- Installing: /home/aimane/humble_ws/src/VNAV_23/vnav_ws/install/mav_msgs/share/mav_msgs/package.dsv\n'}
[0.957933] (mav_msgs) StdoutLine: {'line': b'-- Up-to-date: /home/aimane/humble_ws/src/VNAV_23/vnav_ws/install/mav_msgs/share/ament_index/resource_index/packages/mav_msgs\n'}
[0.958112] (mav_msgs) StdoutLine: {'line': b'-- Up-to-date: /home/aimane/humble_ws/src/VNAV_23/vnav_ws/install/mav_msgs/share/mav_msgs/cmake/export_mav_msgs__rosidl_generator_cExport.cmake\n'}
[0.958316] (mav_msgs) StdoutLine: {'line': b'-- Up-to-date: /home/aimane/humble_ws/src/VNAV_23/vnav_ws/install/mav_msgs/share/mav_msgs/cmake/export_mav_msgs__rosidl_generator_cExport-noconfig.cmake\n'}
[0.958659] (mav_msgs) StdoutLine: {'line': b'-- Up-to-date: /home/aimane/humble_ws/src/VNAV_23/vnav_ws/install/mav_msgs/share/mav_msgs/cmake/export_mav_msgs__rosidl_typesupport_fastrtps_cExport.cmake\n'}
[0.958847] (mav_msgs) StdoutLine: {'line': b'-- Up-to-date: /home/aimane/humble_ws/src/VNAV_23/vnav_ws/install/mav_msgs/share/mav_msgs/cmake/export_mav_msgs__rosidl_typesupport_fastrtps_cExport-noconfig.cmake\n'}
[0.959164] (mav_msgs) StdoutLine: {'line': b'-- Up-to-date: /home/aimane/humble_ws/src/VNAV_23/vnav_ws/install/mav_msgs/share/mav_msgs/cmake/mav_msgs__rosidl_typesupport_introspection_cExport.cmake\n'}
[0.960163] (mav_msgs) StdoutLine: {'line': b'-- Up-to-date: /home/aimane/humble_ws/src/VNAV_23/vnav_ws/install/mav_msgs/share/mav_msgs/cmake/mav_msgs__rosidl_typesupport_introspection_cExport-noconfig.cmake\n'}
[0.960584] (mav_msgs) StdoutLine: {'line': b'-- Up-to-date: /home/aimane/humble_ws/src/VNAV_23/vnav_ws/install/mav_msgs/share/mav_msgs/cmake/mav_msgs__rosidl_typesupport_cExport.cmake\n'}
[0.960656] (mav_msgs) StdoutLine: {'line': b'-- Up-to-date: /home/aimane/humble_ws/src/VNAV_23/vnav_ws/install/mav_msgs/share/mav_msgs/cmake/mav_msgs__rosidl_typesupport_cExport-noconfig.cmake\n'}
[0.960721] (mav_msgs) StdoutLine: {'line': b'-- Up-to-date: /home/aimane/humble_ws/src/VNAV_23/vnav_ws/install/mav_msgs/share/mav_msgs/cmake/export_mav_msgs__rosidl_generator_cppExport.cmake\n'}
[0.960785] (mav_msgs) StdoutLine: {'line': b'-- Up-to-date: /home/aimane/humble_ws/src/VNAV_23/vnav_ws/install/mav_msgs/share/mav_msgs/cmake/export_mav_msgs__rosidl_typesupport_fastrtps_cppExport.cmake\n'}
[0.960849] (mav_msgs) StdoutLine: {'line': b'-- Up-to-date: /home/aimane/humble_ws/src/VNAV_23/vnav_ws/install/mav_msgs/share/mav_msgs/cmake/export_mav_msgs__rosidl_typesupport_fastrtps_cppExport-noconfig.cmake\n'}
[0.960922] (mav_msgs) StdoutLine: {'line': b'-- Up-to-date: /home/aimane/humble_ws/src/VNAV_23/vnav_ws/install/mav_msgs/share/mav_msgs/cmake/mav_msgs__rosidl_typesupport_introspection_cppExport.cmake\n'}
[0.960986] (mav_msgs) StdoutLine: {'line': b'-- Up-to-date: /home/aimane/humble_ws/src/VNAV_23/vnav_ws/install/mav_msgs/share/mav_msgs/cmake/mav_msgs__rosidl_typesupport_introspection_cppExport-noconfig.cmake\n'}
[0.961050] (mav_msgs) StdoutLine: {'line': b'-- Up-to-date: /home/aimane/humble_ws/src/VNAV_23/vnav_ws/install/mav_msgs/share/mav_msgs/cmake/mav_msgs__rosidl_typesupport_cppExport.cmake\n'}
[0.961113] (mav_msgs) StdoutLine: {'line': b'-- Up-to-date: /home/aimane/humble_ws/src/VNAV_23/vnav_ws/install/mav_msgs/share/mav_msgs/cmake/mav_msgs__rosidl_typesupport_cppExport-noconfig.cmake\n'}
[0.961253] (mav_msgs) StdoutLine: {'line': b'-- Up-to-date: /home/aimane/humble_ws/src/VNAV_23/vnav_ws/install/mav_msgs/share/mav_msgs/cmake/export_mav_msgs__rosidl_generator_pyExport.cmake\n'}
[0.961340] (mav_msgs) StdoutLine: {'line': b'-- Up-to-date: /home/aimane/humble_ws/src/VNAV_23/vnav_ws/install/mav_msgs/share/mav_msgs/cmake/export_mav_msgs__rosidl_generator_pyExport-noconfig.cmake\n'}
[0.961405] (mav_msgs) StdoutLine: {'line': b'-- Up-to-date: /home/aimane/humble_ws/src/VNAV_23/vnav_ws/install/mav_msgs/share/mav_msgs/cmake/rosidl_cmake-extras.cmake\n'}
[0.961468] (mav_msgs) StdoutLine: {'line': b'-- Up-to-date: /home/aimane/humble_ws/src/VNAV_23/vnav_ws/install/mav_msgs/share/mav_msgs/cmake/ament_cmake_export_dependencies-extras.cmake\n'}
[0.961531] (mav_msgs) StdoutLine: {'line': b'-- Up-to-date: /home/aimane/humble_ws/src/VNAV_23/vnav_ws/install/mav_msgs/share/mav_msgs/cmake/ament_cmake_export_include_directories-extras.cmake\n'}
[0.961593] (mav_msgs) StdoutLine: {'line': b'-- Up-to-date: /home/aimane/humble_ws/src/VNAV_23/vnav_ws/install/mav_msgs/share/mav_msgs/cmake/ament_cmake_export_libraries-extras.cmake\n'}
[0.961656] (mav_msgs) StdoutLine: {'line': b'-- Up-to-date: /home/aimane/humble_ws/src/VNAV_23/vnav_ws/install/mav_msgs/share/mav_msgs/cmake/ament_cmake_export_targets-extras.cmake\n'}
[0.961718] (mav_msgs) StdoutLine: {'line': b'-- Up-to-date: /home/aimane/humble_ws/src/VNAV_23/vnav_ws/install/mav_msgs/share/mav_msgs/cmake/rosidl_cmake_export_typesupport_targets-extras.cmake\n'}
[0.961822] (mav_msgs) StdoutLine: {'line': b'-- Up-to-date: /home/aimane/humble_ws/src/VNAV_23/vnav_ws/install/mav_msgs/share/mav_msgs/cmake/rosidl_cmake_export_typesupport_libraries-extras.cmake\n'}
[0.961886] (mav_msgs) StdoutLine: {'line': b'-- Up-to-date: /home/aimane/humble_ws/src/VNAV_23/vnav_ws/install/mav_msgs/share/mav_msgs/cmake/mav_msgsConfig.cmake\n'}
[0.961949] (mav_msgs) StdoutLine: {'line': b'-- Up-to-date: /home/aimane/humble_ws/src/VNAV_23/vnav_ws/install/mav_msgs/share/mav_msgs/cmake/mav_msgsConfig-version.cmake\n'}
[0.962012] (mav_msgs) StdoutLine: {'line': b'-- Up-to-date: /home/aimane/humble_ws/src/VNAV_23/vnav_ws/install/mav_msgs/share/mav_msgs/package.xml\n'}
[0.962075] (mav_state_machine_msgs) JobEnded: {'identifier': 'mav_state_machine_msgs', 'rc': 0}
[0.962697] (mav_system_msgs) CommandEnded: {'returncode': 0}
[0.980671] (mav_system_msgs) JobEnded: {'identifier': 'mav_system_msgs', 'rc': 0}
[0.982515] (mav_msgs) CommandEnded: {'returncode': 0}
[1.000760] (mav_msgs) JobEnded: {'identifier': 'mav_msgs', 'rc': 0}
[1.002585] (-) TimerEvent: {}
[1.002781] (tesse_msgs) CommandEnded: {'returncode': 0}
[1.003228] (tesse_msgs) JobProgress: {'identifier': 'tesse_msgs', 'progress': 'install'}
[1.003273] (tesse_msgs) Command: {'cmd': ['/usr/bin/cmake', '--install', '/home/aimane/humble_ws/src/VNAV_23/vnav_ws/build/tesse_msgs'], 'cwd': '/home/aimane/humble_ws/src/VNAV_23/vnav_ws/build/tesse_msgs', 'env': OrderedDict([('HOSTNAME', 'aimane'), ('SHLVL', '1'), ('LD_LIBRARY_PATH', '/opt/ros/humble/opt/rviz_ogre_vendor/lib:/opt/ros/humble/lib/x86_64-linux-gnu:/opt/ros/humble/lib'), ('HOME', '/home/aimane'), ('OLDPWD', '/home/aimane/humble_ws/src/VNAV_23/vnav_ws'), ('ROS_PYTHON_VERSION', '3'), ('ROS_DISTRO', 'humble'), ('_', '/usr/bin/colcon'), ('ROS_VERSION', '2'), ('TERM', 'xterm-256color'), ('ROS_LOCALHOST_ONLY', '0'), ('PATH', '/opt/ros/humble/bin:/usr/local/sbin:/usr/local/bin:/usr/sbin:/usr/bin:/sbin:/bin'), ('DISPLAY', ':1'), ('LANG', 'C.UTF-8'), ('AMENT_PREFIX_PATH', '/opt/ros/humble'), ('DEBIAN_FRONTEND', 'noninteractive'), ('PWD', '/home/aimane/humble_ws/src/VNAV_23/vnav_ws/build/tesse_msgs'), ('LC_ALL', 'C.UTF-8'), ('PYTHONPATH', '/opt/ros/humble/lib/python3.10/site-packages:/opt/ros/humble/local/lib/python3.10/dist-packages'), ('COLCON', '1'), ('CMAKE_PREFIX_PATH', '/opt/ros/humble')]), 'shell': False}
[1.004406] (tesse) Command: {'cmd': ['/usr/bin/python3', '-W', 'ignore:setup.py install is deprecated', '-W', 'ignore:easy_install command is deprecated', 'setup.py', 'egg_info', '--egg-base', '../../../build/tesse', 'build', '--build-base', '/home/aimane/humble_ws/src/VNAV_23/vnav_ws/build/tesse/build', 'install', '--record', '/home/aimane/humble_ws/src/VNAV_23/vnav_ws/build/tesse/install.log', '--single-version-externally-managed'], 'cwd': '/home/aimane/humble_ws/src/VNAV_23/vnav_ws/src/Lab3/tesse-interface', 'env': {'HOSTNAME': 'aimane', 'SHLVL': '1', 'LD_LIBRARY_PATH': '/opt/ros/humble/opt/rviz_ogre_vendor/lib:/opt/ros/humble/lib/x86_64-linux-gnu:/opt/ros/humble/lib', 'HOME': '/home/aimane', 'OLDPWD': '/home/aimane/humble_ws/src/VNAV_23/vnav_ws', 'ROS_PYTHON_VERSION': '3', 'ROS_DISTRO': 'humble', '_': '/usr/bin/colcon', 'ROS_VERSION': '2', 'TERM': 'xterm-256color', 'ROS_LOCALHOST_ONLY': '0', 'PATH': '/opt/ros/humble/bin:/usr/local/sbin:/usr/local/bin:/usr/sbin:/usr/bin:/sbin:/bin', 'DISPLAY': ':1', 'LANG': 'C.UTF-8', 'AMENT_PREFIX_PATH': '/opt/ros/humble', 'DEBIAN_FRONTEND': 'noninteractive', 'PWD': '/home/aimane/humble_ws/src/VNAV_23/vnav_ws/build/tesse', 'LC_ALL': 'C.UTF-8', 'PYTHONPATH': '/home/aimane/humble_ws/src/VNAV_23/vnav_ws/build/tesse/prefix_override:/usr/lib/python3/dist-packages/colcon_core/task/python/colcon_distutils_commands:/home/aimane/humble_ws/src/VNAV_23/vnav_ws/install/tesse/lib/python3.10/site-packages:/opt/ros/humble/lib/python3.10/site-packages:/opt/ros/humble/local/lib/python3.10/dist-packages', 'COLCON': '1'}, 'shell': False}
[1.008305] (mav_planning_msgs) JobStarted: {'identifier': 'mav_planning_msgs'}
[1.013301] (controller_pkg) JobStarted: {'identifier': 'controller_pkg'}
[1.020556] (tesse_msgs) StdoutLine: {'line': b'-- Install configuration: ""\n'}
[1.021235] (tesse_msgs) StdoutLine: {'line': b'-- Up-to-date: /home/aimane/humble_ws/src/VNAV_23/vnav_ws/install/tesse_msgs/share/ament_index/resource_index/rosidl_interfaces/tesse_msgs\n'}
[1.021528] (tesse_msgs) StdoutLine: {'line': b'-- Up-to-date: /home/aimane/humble_ws/src/VNAV_23/vnav_ws/install/tesse_msgs/include/tesse_msgs/tesse_msgs\n'}
[1.021864] (tesse_msgs) StdoutLine: {'line': b'-- Up-to-date: /home/aimane/humble_ws/src/VNAV_23/vnav_ws/install/tesse_msgs/include/tesse_msgs/tesse_msgs/msg\n'}
[1.022102] (tesse_msgs) StdoutLine: {'line': b'-- Up-to-date: /home/aimane/humble_ws/src/VNAV_23/vnav_ws/install/tesse_msgs/include/tesse_msgs/tesse_msgs/msg/detail\n'}
[1.022413] (tesse_msgs) StdoutLine: {'line': b'-- Up-to-date: /home/aimane/humble_ws/src/VNAV_23/vnav_ws/install/tesse_msgs/include/tesse_msgs/tesse_msgs/msg/detail/collision_stats__type_support.h\n'}
[1.023006] (tesse_msgs) StdoutLine: {'line': b'-- Up-to-date: /home/aimane/humble_ws/src/VNAV_23/vnav_ws/install/tesse_msgs/include/tesse_msgs/tesse_msgs/msg/detail/collision_stats__functions.h\n'}
[1.023205] (tesse_msgs) StdoutLine: {'line': b'-- Up-to-date: /home/aimane/humble_ws/src/VNAV_23/vnav_ws/install/tesse_msgs/include/tesse_msgs/tesse_msgs/msg/detail/collision_stats__functions.c\n'}
[1.023393] (tesse_msgs) StdoutLine: {'line': b'-- Up-to-date: /home/aimane/humble_ws/src/VNAV_23/vnav_ws/install/tesse_msgs/include/tesse_msgs/tesse_msgs/msg/detail/collision_stats__struct.h\n'}
[1.023533] (tesse_msgs) StdoutLine: {'line': b'-- Up-to-date: /home/aimane/humble_ws/src/VNAV_23/vnav_ws/install/tesse_msgs/include/tesse_msgs/tesse_msgs/msg/collision_stats.h\n'}
[1.023842] (tesse_msgs) StdoutLine: {'line': b'-- Up-to-date: /home/aimane/humble_ws/src/VNAV_23/vnav_ws/install/tesse_msgs/include/tesse_msgs/tesse_msgs/msg/rosidl_generator_c__visibility_control.h\n'}
[1.023982] (tesse_msgs) StdoutLine: {'line': b'-- Up-to-date: /home/aimane/humble_ws/src/VNAV_23/vnav_ws/install/tesse_msgs/include/tesse_msgs/tesse_msgs/srv\n'}
[1.024471] (tesse_msgs) StdoutLine: {'line': b'-- Up-to-date: /home/aimane/humble_ws/src/VNAV_23/vnav_ws/install/tesse_msgs/include/tesse_msgs/tesse_msgs/srv/reposition_request_service.h\n'}
[1.024630] (tesse_msgs) StdoutLine: {'line': b'-- Up-to-date: /home/aimane/humble_ws/src/VNAV_23/vnav_ws/install/tesse_msgs/include/tesse_msgs/tesse_msgs/srv/detail\n'}
[1.024802] (tesse_msgs) StdoutLine: {'line': b'-- Up-to-date: /home/aimane/humble_ws/src/VNAV_23/vnav_ws/install/tesse_msgs/include/tesse_msgs/tesse_msgs/srv/detail/scene_request_service__type_support.h\n'}
[1.024941] (tesse_msgs) StdoutLine: {'line': b'-- Up-to-date: /home/aimane/humble_ws/src/VNAV_23/vnav_ws/install/tesse_msgs/include/tesse_msgs/tesse_msgs/srv/detail/reposition_request_service__functions.h\n'}
[1.025326] (tesse_msgs) StdoutLine: {'line': b'-- Up-to-date: /home/aimane/humble_ws/src/VNAV_23/vnav_ws/install/tesse_msgs/include/tesse_msgs/tesse_msgs/srv/detail/object_spawn_request_service__functions.c\n'}
[1.025582] (tesse_msgs) StdoutLine: {'line': b'-- Up-to-date: /home/aimane/humble_ws/src/VNAV_23/vnav_ws/install/tesse_msgs/include/tesse_msgs/tesse_msgs/srv/detail/object_spawn_request_service__type_support.h\n'}
[1.026308] (tesse_msgs) StdoutLine: {'line': b'-- Up-to-date: /home/aimane/humble_ws/src/VNAV_23/vnav_ws/install/tesse_msgs/include/tesse_msgs/tesse_msgs/srv/detail/reposition_request_service__functions.c\n'}
[1.027327] (tesse_msgs) StdoutLine: {'line': b'-- Up-to-date: /home/aimane/humble_ws/src/VNAV_23/vnav_ws/install/tesse_msgs/include/tesse_msgs/tesse_msgs/srv/detail/scene_request_service__functions.h\n'}
[1.027830] (tesse_msgs) StdoutLine: {'line': b'-- Up-to-date: /home/aimane/humble_ws/src/VNAV_23/vnav_ws/install/tesse_msgs/include/tesse_msgs/tesse_msgs/srv/detail/scene_request_service__functions.c\n'}
[1.027994] (tesse_msgs) StdoutLine: {'line': b'-- Up-to-date: /home/aimane/humble_ws/src/VNAV_23/vnav_ws/install/tesse_msgs/include/tesse_msgs/tesse_msgs/srv/detail/object_spawn_request_service__struct.h\n'}
[1.028526] (tesse_msgs) StdoutLine: {'line': b'-- Up-to-date: /home/aimane/humble_ws/src/VNAV_23/vnav_ws/install/tesse_msgs/include/tesse_msgs/tesse_msgs/srv/detail/reposition_request_service__type_support.h\n'}
[1.028712] (tesse_msgs) StdoutLine: {'line': b'-- Up-to-date: /home/aimane/humble_ws/src/VNAV_23/vnav_ws/install/tesse_msgs/include/tesse_msgs/tesse_msgs/srv/detail/object_spawn_request_service__functions.h\n'}
[1.028858] (tesse_msgs) StdoutLine: {'line': b'-- Up-to-date: /home/aimane/humble_ws/src/VNAV_23/vnav_ws/install/tesse_msgs/include/tesse_msgs/tesse_msgs/srv/detail/reposition_request_service__struct.h\n'}
[1.028978] (tesse_msgs) StdoutLine: {'line': b'-- Up-to-date: /home/aimane/humble_ws/src/VNAV_23/vnav_ws/install/tesse_msgs/include/tesse_msgs/tesse_msgs/srv/detail/scene_request_service__struct.h\n'}
[1.029091] (tesse_msgs) StdoutLine: {'line': b'-- Up-to-date: /home/aimane/humble_ws/src/VNAV_23/vnav_ws/install/tesse_msgs/include/tesse_msgs/tesse_msgs/srv/object_spawn_request_service.h\n'}
[1.029556] (tesse_msgs) StdoutLine: {'line': b'-- Up-to-date: /home/aimane/humble_ws/src/VNAV_23/vnav_ws/install/tesse_msgs/include/tesse_msgs/tesse_msgs/srv/scene_request_service.h\n'}
[1.030382] (tesse_msgs) StdoutLine: {'line': b'-- Up-to-date: /home/aimane/humble_ws/src/VNAV_23/vnav_ws/install/tesse_msgs/share/tesse_msgs/environment/library_path.sh\n'}
[1.030681] (tesse_msgs) StdoutLine: {'line': b'-- Up-to-date: /home/aimane/humble_ws/src/VNAV_23/vnav_ws/install/tesse_msgs/share/tesse_msgs/environment/library_path.dsv\n'}
[1.030846] (tesse_msgs) StdoutLine: {'line': b'-- Up-to-date: /home/aimane/humble_ws/src/VNAV_23/vnav_ws/install/tesse_msgs/lib/libtesse_msgs__rosidl_generator_c.so\n'}
[1.031015] (tesse_msgs) StdoutLine: {'line': b'-- Up-to-date: /home/aimane/humble_ws/src/VNAV_23/vnav_ws/install/tesse_msgs/include/tesse_msgs/tesse_msgs\n'}
[1.031427] (tesse_msgs) StdoutLine: {'line': b'-- Up-to-date: /home/aimane/humble_ws/src/VNAV_23/vnav_ws/install/tesse_msgs/include/tesse_msgs/tesse_msgs/msg\n'}
[1.032367] (tesse_msgs) StdoutLine: {'line': b'-- Up-to-date: /home/aimane/humble_ws/src/VNAV_23/vnav_ws/install/tesse_msgs/include/tesse_msgs/tesse_msgs/msg/detail\n'}
[1.032595] (tesse_msgs) StdoutLine: {'line': b'-- Up-to-date: /home/aimane/humble_ws/src/VNAV_23/vnav_ws/install/tesse_msgs/include/tesse_msgs/tesse_msgs/msg/detail/collision_stats__rosidl_typesupport_fastrtps_c.h\n'}
[1.032751] (tesse_msgs) StdoutLine: {'line': b'-- Up-to-date: /home/aimane/humble_ws/src/VNAV_23/vnav_ws/install/tesse_msgs/include/tesse_msgs/tesse_msgs/msg/rosidl_typesupport_fastrtps_c__visibility_control.h\n'}
[1.032893] (tesse_msgs) StdoutLine: {'line': b'-- Up-to-date: /home/aimane/humble_ws/src/VNAV_23/vnav_ws/install/tesse_msgs/include/tesse_msgs/tesse_msgs/srv\n'}
[1.033043] (tesse_msgs) StdoutLine: {'line': b'-- Up-to-date: /home/aimane/humble_ws/src/VNAV_23/vnav_ws/install/tesse_msgs/include/tesse_msgs/tesse_msgs/srv/detail\n'}
[1.033229] (tesse_msgs) StdoutLine: {'line': b'-- Up-to-date: /home/aimane/humble_ws/src/VNAV_23/vnav_ws/install/tesse_msgs/include/tesse_msgs/tesse_msgs/srv/detail/object_spawn_request_service__rosidl_typesupport_fastrtps_c.h\n'}
[1.033531] (tesse_msgs) StdoutLine: {'line': b'-- Up-to-date: /home/aimane/humble_ws/src/VNAV_23/vnav_ws/install/tesse_msgs/include/tesse_msgs/tesse_msgs/srv/detail/reposition_request_service__rosidl_typesupport_fastrtps_c.h\n'}
[1.033678] (tesse_msgs) StdoutLine: {'line': b'-- Up-to-date: /home/aimane/humble_ws/src/VNAV_23/vnav_ws/install/tesse_msgs/include/tesse_msgs/tesse_msgs/srv/detail/scene_request_service__rosidl_typesupport_fastrtps_c.h\n'}
[1.033821] (tesse_msgs) StdoutLine: {'line': b'-- Up-to-date: /home/aimane/humble_ws/src/VNAV_23/vnav_ws/install/tesse_msgs/lib/libtesse_msgs__rosidl_typesupport_fastrtps_c.so\n'}
[1.033972] (tesse_msgs) StdoutLine: {'line': b'-- Up-to-date: /home/aimane/humble_ws/src/VNAV_23/vnav_ws/install/tesse_msgs/include/tesse_msgs/tesse_msgs\n'}
[1.034128] (tesse_msgs) StdoutLine: {'line': b'-- Up-to-date: /home/aimane/humble_ws/src/VNAV_23/vnav_ws/install/tesse_msgs/include/tesse_msgs/tesse_msgs/msg\n'}
[1.034364] (tesse_msgs) StdoutLine: {'line': b'-- Up-to-date: /home/aimane/humble_ws/src/VNAV_23/vnav_ws/install/tesse_msgs/include/tesse_msgs/tesse_msgs/msg/collision_stats.hpp\n'}
[1.034494] (tesse_msgs) StdoutLine: {'line': b'-- Up-to-date: /home/aimane/humble_ws/src/VNAV_23/vnav_ws/install/tesse_msgs/include/tesse_msgs/tesse_msgs/msg/detail\n'}
[1.034618] (tesse_msgs) StdoutLine: {'line': b'-- Up-to-date: /home/aimane/humble_ws/src/VNAV_23/vnav_ws/install/tesse_msgs/include/tesse_msgs/tesse_msgs/msg/detail/collision_stats__builder.hpp\n'}
[1.034740] (tesse_msgs) StdoutLine: {'line': b'-- Up-to-date: /home/aimane/humble_ws/src/VNAV_23/vnav_ws/install/tesse_msgs/include/tesse_msgs/tesse_msgs/msg/detail/collision_stats__struct.hpp\n'}
[1.034852] (tesse_msgs) StdoutLine: {'line': b'-- Up-to-date: /home/aimane/humble_ws/src/VNAV_23/vnav_ws/install/tesse_msgs/include/tesse_msgs/tesse_msgs/msg/detail/collision_stats__type_support.hpp\n'}
[1.034964] (tesse_msgs) StdoutLine: {'line': b'-- Up-to-date: /home/aimane/humble_ws/src/VNAV_23/vnav_ws/install/tesse_msgs/include/tesse_msgs/tesse_msgs/msg/detail/collision_stats__traits.hpp\n'}
[1.035083] (tesse_msgs) StdoutLine: {'line': b'-- Up-to-date: /home/aimane/humble_ws/src/VNAV_23/vnav_ws/install/tesse_msgs/include/tesse_msgs/tesse_msgs/msg/rosidl_generator_cpp__visibility_control.hpp\n'}
[1.035282] (tesse_msgs) StdoutLine: {'line': b'-- Up-to-date: /home/aimane/humble_ws/src/VNAV_23/vnav_ws/install/tesse_msgs/include/tesse_msgs/tesse_msgs/srv\n'}
[1.035444] (tesse_msgs) StdoutLine: {'line': b'-- Up-to-date: /home/aimane/humble_ws/src/VNAV_23/vnav_ws/install/tesse_msgs/include/tesse_msgs/tesse_msgs/srv/object_spawn_request_service.hpp\n'}
[1.035574] (tesse_msgs) StdoutLine: {'line': b'-- Up-to-date: /home/aimane/humble_ws/src/VNAV_23/vnav_ws/install/tesse_msgs/include/tesse_msgs/tesse_msgs/srv/detail\n'}
[1.035695] (tesse_msgs) StdoutLine: {'line': b'-- Up-to-date: /home/aimane/humble_ws/src/VNAV_23/vnav_ws/install/tesse_msgs/include/tesse_msgs/tesse_msgs/srv/detail/object_spawn_request_service__traits.hpp\n'}
[1.035818] (tesse_msgs) StdoutLine: {'line': b'-- Up-to-date: /home/aimane/humble_ws/src/VNAV_23/vnav_ws/install/tesse_msgs/include/tesse_msgs/tesse_msgs/srv/detail/scene_request_service__builder.hpp\n'}
[1.035935] (tesse_msgs) StdoutLine: {'line': b'-- Up-to-date: /home/aimane/humble_ws/src/VNAV_23/vnav_ws/install/tesse_msgs/include/tesse_msgs/tesse_msgs/srv/detail/reposition_request_service__builder.hpp\n'}
[1.036062] (tesse_msgs) StdoutLine: {'line': b'-- Up-to-date: /home/aimane/humble_ws/src/VNAV_23/vnav_ws/install/tesse_msgs/include/tesse_msgs/tesse_msgs/srv/detail/scene_request_service__struct.hpp\n'}
[1.036445] (tesse_msgs) StdoutLine: {'line': b'-- Up-to-date: /home/aimane/humble_ws/src/VNAV_23/vnav_ws/install/tesse_msgs/include/tesse_msgs/tesse_msgs/srv/detail/scene_request_service__type_support.hpp\n'}
[1.036609] (tesse_msgs) StdoutLine: {'line': b'-- Up-to-date: /home/aimane/humble_ws/src/VNAV_23/vnav_ws/install/tesse_msgs/include/tesse_msgs/tesse_msgs/srv/detail/scene_request_service__traits.hpp\n'}
[1.036735] (tesse_msgs) StdoutLine: {'line': b'-- Up-to-date: /home/aimane/humble_ws/src/VNAV_23/vnav_ws/install/tesse_msgs/include/tesse_msgs/tesse_msgs/srv/detail/reposition_request_service__type_support.hpp\n'}
[1.036858] (tesse_msgs) StdoutLine: {'line': b'-- Up-to-date: /home/aimane/humble_ws/src/VNAV_23/vnav_ws/install/tesse_msgs/include/tesse_msgs/tesse_msgs/srv/detail/object_spawn_request_service__type_support.hpp\n'}
[1.037012] (tesse_msgs) StdoutLine: {'line': b'-- Up-to-date: /home/aimane/humble_ws/src/VNAV_23/vnav_ws/install/tesse_msgs/include/tesse_msgs/tesse_msgs/srv/detail/reposition_request_service__traits.hpp\n'}
[1.037158] (tesse_msgs) StdoutLine: {'line': b'-- Up-to-date: /home/aimane/humble_ws/src/VNAV_23/vnav_ws/install/tesse_msgs/include/tesse_msgs/tesse_msgs/srv/detail/reposition_request_service__struct.hpp\n'}
[1.037366] (tesse_msgs) StdoutLine: {'line': b'-- Up-to-date: /home/aimane/humble_ws/src/VNAV_23/vnav_ws/install/tesse_msgs/include/tesse_msgs/tesse_msgs/srv/detail/object_spawn_request_service__struct.hpp\n'}
[1.037503] (tesse_msgs) StdoutLine: {'line': b'-- Up-to-date: /home/aimane/humble_ws/src/VNAV_23/vnav_ws/install/tesse_msgs/include/tesse_msgs/tesse_msgs/srv/detail/object_spawn_request_service__builder.hpp\n'}
[1.037635] (tesse_msgs) StdoutLine: {'line': b'-- Up-to-date: /home/aimane/humble_ws/src/VNAV_23/vnav_ws/install/tesse_msgs/include/tesse_msgs/tesse_msgs/srv/scene_request_service.hpp\n'}
[1.037777] (tesse_msgs) StdoutLine: {'line': b'-- Up-to-date: /home/aimane/humble_ws/src/VNAV_23/vnav_ws/install/tesse_msgs/include/tesse_msgs/tesse_msgs/srv/reposition_request_service.hpp\n'}
[1.037905] (tesse_msgs) StdoutLine: {'line': b'-- Up-to-date: /home/aimane/humble_ws/src/VNAV_23/vnav_ws/install/tesse_msgs/include/tesse_msgs/tesse_msgs\n'}
[1.038711] (tesse_msgs) StdoutLine: {'line': b'-- Up-to-date: /home/aimane/humble_ws/src/VNAV_23/vnav_ws/install/tesse_msgs/include/tesse_msgs/tesse_msgs/msg\n'}
[1.040138] (tesse_msgs) StdoutLine: {'line': b'-- Up-to-date: /home/aimane/humble_ws/src/VNAV_23/vnav_ws/install/tesse_msgs/include/tesse_msgs/tesse_msgs/msg/detail\n'}
[1.040403] (tesse_msgs) StdoutLine: {'line': b'-- Up-to-date: /home/aimane/humble_ws/src/VNAV_23/vnav_ws/install/tesse_msgs/include/tesse_msgs/tesse_msgs/msg/detail/dds_fastrtps\n'}
[1.040527] (tesse_msgs) StdoutLine: {'line': b'-- Up-to-date: /home/aimane/humble_ws/src/VNAV_23/vnav_ws/install/tesse_msgs/include/tesse_msgs/tesse_msgs/msg/detail/collision_stats__rosidl_typesupport_fastrtps_cpp.hpp\n'}
[1.040652] (tesse_msgs) StdoutLine: {'line': b'-- Up-to-date: /home/aimane/humble_ws/src/VNAV_23/vnav_ws/install/tesse_msgs/include/tesse_msgs/tesse_msgs/msg/rosidl_typesupport_fastrtps_cpp__visibility_control.h\n'}
[1.040764] (tesse_msgs) StdoutLine: {'line': b'-- Up-to-date: /home/aimane/humble_ws/src/VNAV_23/vnav_ws/install/tesse_msgs/include/tesse_msgs/tesse_msgs/srv\n'}
[1.040871] (tesse_msgs) StdoutLine: {'line': b'-- Up-to-date: /home/aimane/humble_ws/src/VNAV_23/vnav_ws/install/tesse_msgs/include/tesse_msgs/tesse_msgs/srv/detail\n'}
[1.040975] (tesse_msgs) StdoutLine: {'line': b'-- Up-to-date: /home/aimane/humble_ws/src/VNAV_23/vnav_ws/install/tesse_msgs/include/tesse_msgs/tesse_msgs/srv/detail/dds_fastrtps\n'}
[1.041080] (tesse_msgs) StdoutLine: {'line': b'-- Up-to-date: /home/aimane/humble_ws/src/VNAV_23/vnav_ws/install/tesse_msgs/include/tesse_msgs/tesse_msgs/srv/detail/reposition_request_service__rosidl_typesupport_fastrtps_cpp.hpp\n'}
[1.041200] (tesse_msgs) StdoutLine: {'line': b'-- Up-to-date: /home/aimane/humble_ws/src/VNAV_23/vnav_ws/install/tesse_msgs/include/tesse_msgs/tesse_msgs/srv/detail/object_spawn_request_service__rosidl_typesupport_fastrtps_cpp.hpp\n'}
[1.041326] (tesse_msgs) StdoutLine: {'line': b'-- Up-to-date: /home/aimane/humble_ws/src/VNAV_23/vnav_ws/install/tesse_msgs/include/tesse_msgs/tesse_msgs/srv/detail/scene_request_service__rosidl_typesupport_fastrtps_cpp.hpp\n'}
[1.041433] (tesse_msgs) StdoutLine: {'line': b'-- Up-to-date: /home/aimane/humble_ws/src/VNAV_23/vnav_ws/install/tesse_msgs/lib/libtesse_msgs__rosidl_typesupport_fastrtps_cpp.so\n'}
[1.041541] (mav_planning_msgs) JobProgress: {'identifier': 'mav_planning_msgs', 'progress': 'cmake'}
[1.041578] (tesse_msgs) StdoutLine: {'line': b'-- Up-to-date: /home/aimane/humble_ws/src/VNAV_23/vnav_ws/install/tesse_msgs/include/tesse_msgs/tesse_msgs\n'}
[1.041685] (tesse_msgs) StdoutLine: {'line': b'-- Up-to-date: /home/aimane/humble_ws/src/VNAV_23/vnav_ws/install/tesse_msgs/include/tesse_msgs/tesse_msgs/msg\n'}
[1.041791] (tesse_msgs) StdoutLine: {'line': b'-- Up-to-date: /home/aimane/humble_ws/src/VNAV_23/vnav_ws/install/tesse_msgs/include/tesse_msgs/tesse_msgs/msg/rosidl_typesupport_introspection_c__visibility_control.h\n'}
[1.041896] (tesse_msgs) StdoutLine: {'line': b'-- Up-to-date: /home/aimane/humble_ws/src/VNAV_23/vnav_ws/install/tesse_msgs/include/tesse_msgs/tesse_msgs/msg/detail\n'}
[1.042002] (tesse_msgs) StdoutLine: {'line': b'-- Up-to-date: /home/aimane/humble_ws/src/VNAV_23/vnav_ws/install/tesse_msgs/include/tesse_msgs/tesse_msgs/msg/detail/collision_stats__type_support.c\n'}
[1.042108] (tesse_msgs) StdoutLine: {'line': b'-- Up-to-date: /home/aimane/humble_ws/src/VNAV_23/vnav_ws/install/tesse_msgs/include/tesse_msgs/tesse_msgs/msg/detail/collision_stats__rosidl_typesupport_introspection_c.h\n'}
[1.042233] (tesse_msgs) StdoutLine: {'line': b'-- Up-to-date: /home/aimane/humble_ws/src/VNAV_23/vnav_ws/install/tesse_msgs/include/tesse_msgs/tesse_msgs/srv\n'}
[1.042342] (tesse_msgs) StdoutLine: {'line': b'-- Up-to-date: /home/aimane/humble_ws/src/VNAV_23/vnav_ws/install/tesse_msgs/include/tesse_msgs/tesse_msgs/srv/detail\n'}
[1.042445] (tesse_msgs) StdoutLine: {'line': b'-- Up-to-date: /home/aimane/humble_ws/src/VNAV_23/vnav_ws/install/tesse_msgs/include/tesse_msgs/tesse_msgs/srv/detail/object_spawn_request_service__type_support.c\n'}
[1.042553] (tesse_msgs) StdoutLine: {'line': b'-- Up-to-date: /home/aimane/humble_ws/src/VNAV_23/vnav_ws/install/tesse_msgs/include/tesse_msgs/tesse_msgs/srv/detail/scene_request_service__type_support.c\n'}
[1.042659] (tesse_msgs) StdoutLine: {'line': b'-- Up-to-date: /home/aimane/humble_ws/src/VNAV_23/vnav_ws/install/tesse_msgs/include/tesse_msgs/tesse_msgs/srv/detail/scene_request_service__rosidl_typesupport_introspection_c.h\n'}
[1.042763] (tesse_msgs) StdoutLine: {'line': b'-- Up-to-date: /home/aimane/humble_ws/src/VNAV_23/vnav_ws/install/tesse_msgs/include/tesse_msgs/tesse_msgs/srv/detail/reposition_request_service__rosidl_typesupport_introspection_c.h\n'}
[1.042868] (tesse_msgs) StdoutLine: {'line': b'-- Up-to-date: /home/aimane/humble_ws/src/VNAV_23/vnav_ws/install/tesse_msgs/include/tesse_msgs/tesse_msgs/srv/detail/object_spawn_request_service__rosidl_typesupport_introspection_c.h\n'}
[1.042983] (tesse_msgs) StdoutLine: {'line': b'-- Up-to-date: /home/aimane/humble_ws/src/VNAV_23/vnav_ws/install/tesse_msgs/include/tesse_msgs/tesse_msgs/srv/detail/reposition_request_service__type_support.c\n'}
[1.043092] (tesse_msgs) StdoutLine: {'line': b'-- Up-to-date: /home/aimane/humble_ws/src/VNAV_23/vnav_ws/install/tesse_msgs/lib/libtesse_msgs__rosidl_typesupport_introspection_c.so\n'}
[1.043222] (tesse_msgs) StdoutLine: {'line': b'-- Up-to-date: /home/aimane/humble_ws/src/VNAV_23/vnav_ws/install/tesse_msgs/lib/libtesse_msgs__rosidl_typesupport_c.so\n'}
[1.043329] (tesse_msgs) StdoutLine: {'line': b'-- Up-to-date: /home/aimane/humble_ws/src/VNAV_23/vnav_ws/install/tesse_msgs/include/tesse_msgs/tesse_msgs\n'}
[1.043432] (tesse_msgs) StdoutLine: {'line': b'-- Up-to-date: /home/aimane/humble_ws/src/VNAV_23/vnav_ws/install/tesse_msgs/include/tesse_msgs/tesse_msgs/msg\n'}
[1.043535] (tesse_msgs) StdoutLine: {'line': b'-- Up-to-date: /home/aimane/humble_ws/src/VNAV_23/vnav_ws/install/tesse_msgs/include/tesse_msgs/tesse_msgs/msg/detail\n'}
[1.043642] (tesse_msgs) StdoutLine: {'line': b'-- Up-to-date: /home/aimane/humble_ws/src/VNAV_23/vnav_ws/install/tesse_msgs/include/tesse_msgs/tesse_msgs/msg/detail/collision_stats__rosidl_typesupport_introspection_cpp.hpp\n'}
[1.043748] (tesse_msgs) StdoutLine: {'line': b'-- Up-to-date: /home/aimane/humble_ws/src/VNAV_23/vnav_ws/install/tesse_msgs/include/tesse_msgs/tesse_msgs/msg/detail/collision_stats__type_support.cpp\n'}
[1.043851] (tesse_msgs) StdoutLine: {'line': b'-- Up-to-date: /home/aimane/humble_ws/src/VNAV_23/vnav_ws/install/tesse_msgs/include/tesse_msgs/tesse_msgs/srv\n'}
[1.043953] (tesse_msgs) StdoutLine: {'line': b'-- Up-to-date: /home/aimane/humble_ws/src/VNAV_23/vnav_ws/install/tesse_msgs/include/tesse_msgs/tesse_msgs/srv/detail\n'}
[1.044056] (tesse_msgs) StdoutLine: {'line': b'-- Up-to-date: /home/aimane/humble_ws/src/VNAV_23/vnav_ws/install/tesse_msgs/include/tesse_msgs/tesse_msgs/srv/detail/object_spawn_request_service__type_support.cpp\n'}
[1.044176] (tesse_msgs) StdoutLine: {'line': b'-- Up-to-date: /home/aimane/humble_ws/src/VNAV_23/vnav_ws/install/tesse_msgs/include/tesse_msgs/tesse_msgs/srv/detail/scene_request_service__rosidl_typesupport_introspection_cpp.hpp\n'}
[1.044288] (tesse_msgs) StdoutLine: {'line': b'-- Up-to-date: /home/aimane/humble_ws/src/VNAV_23/vnav_ws/install/tesse_msgs/include/tesse_msgs/tesse_msgs/srv/detail/reposition_request_service__rosidl_typesupport_introspection_cpp.hpp\n'}
[1.044391] (tesse_msgs) StdoutLine: {'line': b'-- Up-to-date: /home/aimane/humble_ws/src/VNAV_23/vnav_ws/install/tesse_msgs/include/tesse_msgs/tesse_msgs/srv/detail/scene_request_service__type_support.cpp\n'}
[1.044510] (tesse_msgs) StdoutLine: {'line': b'-- Up-to-date: /home/aimane/humble_ws/src/VNAV_23/vnav_ws/install/tesse_msgs/include/tesse_msgs/tesse_msgs/srv/detail/reposition_request_service__type_support.cpp\n'}
[1.044616] (tesse_msgs) StdoutLine: {'line': b'-- Up-to-date: /home/aimane/humble_ws/src/VNAV_23/vnav_ws/install/tesse_msgs/include/tesse_msgs/tesse_msgs/srv/detail/object_spawn_request_service__rosidl_typesupport_introspection_cpp.hpp\n'}
[1.044720] (tesse_msgs) StdoutLine: {'line': b'-- Up-to-date: /home/aimane/humble_ws/src/VNAV_23/vnav_ws/install/tesse_msgs/lib/libtesse_msgs__rosidl_typesupport_introspection_cpp.so\n'}
[1.044825] (mav_planning_msgs) JobProgress: {'identifier': 'mav_planning_msgs', 'progress': 'build'}
[1.044861] (tesse_msgs) StdoutLine: {'line': b'-- Up-to-date: /home/aimane/humble_ws/src/VNAV_23/vnav_ws/install/tesse_msgs/lib/libtesse_msgs__rosidl_typesupport_cpp.so\n'}
[1.044967] (tesse_msgs) StdoutLine: {'line': b'-- Up-to-date: /home/aimane/humble_ws/src/VNAV_23/vnav_ws/install/tesse_msgs/share/tesse_msgs/environment/pythonpath.sh\n'}
[1.045071] (tesse_msgs) StdoutLine: {'line': b'-- Up-to-date: /home/aimane/humble_ws/src/VNAV_23/vnav_ws/install/tesse_msgs/share/tesse_msgs/environment/pythonpath.dsv\n'}
[1.045208] (mav_planning_msgs) Command: {'cmd': ['/usr/bin/cmake', '--build', '/home/aimane/humble_ws/src/VNAV_23/vnav_ws/build/mav_planning_msgs', '--', '-j8', '-l8'], 'cwd': '/home/aimane/humble_ws/src/VNAV_23/vnav_ws/build/mav_planning_msgs', 'env': OrderedDict([('HOSTNAME', 'aimane'), ('SHLVL', '1'), ('LD_LIBRARY_PATH', '/home/aimane/humble_ws/src/VNAV_23/vnav_ws/install/mav_msgs/lib:/opt/ros/humble/opt/rviz_ogre_vendor/lib:/opt/ros/humble/lib/x86_64-linux-gnu:/opt/ros/humble/lib'), ('HOME', '/home/aimane'), ('OLDPWD', '/home/aimane/humble_ws/src/VNAV_23/vnav_ws'), ('ROS_PYTHON_VERSION', '3'), ('ROS_DISTRO', 'humble'), ('_', '/usr/bin/colcon'), ('ROS_VERSION', '2'), ('TERM', 'xterm-256color'), ('ROS_LOCALHOST_ONLY', '0'), ('PATH', '/opt/ros/humble/bin:/usr/local/sbin:/usr/local/bin:/usr/sbin:/usr/bin:/sbin:/bin'), ('DISPLAY', ':1'), ('LANG', 'C.UTF-8'), ('AMENT_PREFIX_PATH', '/home/aimane/humble_ws/src/VNAV_23/vnav_ws/install/mav_msgs:/opt/ros/humble'), ('DEBIAN_FRONTEND', 'noninteractive'), ('PWD', '/home/aimane/humble_ws/src/VNAV_23/vnav_ws/build/mav_planning_msgs'), ('LC_ALL', 'C.UTF-8'), ('PYTHONPATH', '/home/aimane/humble_ws/src/VNAV_23/vnav_ws/install/mav_msgs/local/lib/python3.10/dist-packages:/opt/ros/humble/lib/python3.10/site-packages:/opt/ros/humble/local/lib/python3.10/dist-packages'), ('COLCON', '1'), ('CMAKE_PREFIX_PATH', '/home/aimane/humble_ws/src/VNAV_23/vnav_ws/install/mav_msgs:/opt/ros/humble')]), 'shell': False}
[1.045996] (tesse_msgs) StdoutLine: {'line': b'-- Up-to-date: /home/aimane/humble_ws/src/VNAV_23/vnav_ws/install/tesse_msgs/local/lib/python3.10/dist-packages/tesse_msgs-0.0.0-py3.10.egg-info\n'}
[1.046159] (tesse_msgs) StdoutLine: {'line': b'-- Installing: /home/aimane/humble_ws/src/VNAV_23/vnav_ws/install/tesse_msgs/local/lib/python3.10/dist-packages/tesse_msgs-0.0.0-py3.10.egg-info/SOURCES.txt\n'}
[1.046286] (tesse_msgs) StdoutLine: {'line': b'-- Installing: /home/aimane/humble_ws/src/VNAV_23/vnav_ws/install/tesse_msgs/local/lib/python3.10/dist-packages/tesse_msgs-0.0.0-py3.10.egg-info/top_level.txt\n'}
[1.046393] (tesse_msgs) StdoutLine: {'line': b'-- Installing: /home/aimane/humble_ws/src/VNAV_23/vnav_ws/install/tesse_msgs/local/lib/python3.10/dist-packages/tesse_msgs-0.0.0-py3.10.egg-info/PKG-INFO\n'}
[1.046499] (tesse_msgs) StdoutLine: {'line': b'-- Installing: /home/aimane/humble_ws/src/VNAV_23/vnav_ws/install/tesse_msgs/local/lib/python3.10/dist-packages/tesse_msgs-0.0.0-py3.10.egg-info/dependency_links.txt\n'}
[1.046607] (tesse_msgs) StdoutLine: {'line': b'-- Up-to-date: /home/aimane/humble_ws/src/VNAV_23/vnav_ws/install/tesse_msgs/local/lib/python3.10/dist-packages/tesse_msgs\n'}
[1.046711] (tesse_msgs) StdoutLine: {'line': b'-- Up-to-date: /home/aimane/humble_ws/src/VNAV_23/vnav_ws/install/tesse_msgs/local/lib/python3.10/dist-packages/tesse_msgs/libtesse_msgs__rosidl_generator_py.so\n'}
[1.046815] (tesse_msgs) StdoutLine: {'line': b'-- Up-to-date: /home/aimane/humble_ws/src/VNAV_23/vnav_ws/install/tesse_msgs/local/lib/python3.10/dist-packages/tesse_msgs/tesse_msgs_s__rosidl_typesupport_fastrtps_c.cpython-310-x86_64-linux-gnu.so\n'}
[1.046937] (tesse_msgs) StdoutLine: {'line': b'-- Up-to-date: /home/aimane/humble_ws/src/VNAV_23/vnav_ws/install/tesse_msgs/local/lib/python3.10/dist-packages/tesse_msgs/_tesse_msgs_s.ep.rosidl_typesupport_c.c\n'}
[1.047043] (tesse_msgs) StdoutLine: {'line': b'-- Up-to-date: /home/aimane/humble_ws/src/VNAV_23/vnav_ws/install/tesse_msgs/local/lib/python3.10/dist-packages/tesse_msgs/msg\n'}
[1.047159] (tesse_msgs) StdoutLine: {'line': b'-- Up-to-date: /home/aimane/humble_ws/src/VNAV_23/vnav_ws/install/tesse_msgs/local/lib/python3.10/dist-packages/tesse_msgs/msg/_collision_stats_s.c\n'}
[1.047278] (tesse_msgs) StdoutLine: {'line': b'-- Up-to-date: /home/aimane/humble_ws/src/VNAV_23/vnav_ws/install/tesse_msgs/local/lib/python3.10/dist-packages/tesse_msgs/msg/__init__.py\n'}
[1.047388] (tesse_msgs) StdoutLine: {'line': b'-- Up-to-date: /home/aimane/humble_ws/src/VNAV_23/vnav_ws/install/tesse_msgs/local/lib/python3.10/dist-packages/tesse_msgs/msg/_collision_stats.py\n'}
[1.047505] (tesse_msgs) StdoutLine: {'line': b'-- Up-to-date: /home/aimane/humble_ws/src/VNAV_23/vnav_ws/install/tesse_msgs/local/lib/python3.10/dist-packages/tesse_msgs/_tesse_msgs_s.ep.rosidl_typesupport_fastrtps_c.c\n'}
[1.047615] (tesse_msgs) StdoutLine: {'line': b'-- Up-to-date: /home/aimane/humble_ws/src/VNAV_23/vnav_ws/install/tesse_msgs/local/lib/python3.10/dist-packages/tesse_msgs/__init__.py\n'}
[1.047723] (tesse_msgs) StdoutLine: {'line': b'-- Up-to-date: /home/aimane/humble_ws/src/VNAV_23/vnav_ws/install/tesse_msgs/local/lib/python3.10/dist-packages/tesse_msgs/tesse_msgs_s__rosidl_typesupport_c.cpython-310-x86_64-linux-gnu.so\n'}
[1.047832] (tesse_msgs) StdoutLine: {'line': b'-- Up-to-date: /home/aimane/humble_ws/src/VNAV_23/vnav_ws/install/tesse_msgs/local/lib/python3.10/dist-packages/tesse_msgs/srv\n'}
[1.047938] (tesse_msgs) StdoutLine: {'line': b'-- Up-to-date: /home/aimane/humble_ws/src/VNAV_23/vnav_ws/install/tesse_msgs/local/lib/python3.10/dist-packages/tesse_msgs/srv/_scene_request_service.py\n'}
[1.048046] (tesse_msgs) StdoutLine: {'line': b'-- Up-to-date: /home/aimane/humble_ws/src/VNAV_23/vnav_ws/install/tesse_msgs/local/lib/python3.10/dist-packages/tesse_msgs/srv/_reposition_request_service.py\n'}
[1.048188] (tesse_msgs) StdoutLine: {'line': b'-- Up-to-date: /home/aimane/humble_ws/src/VNAV_23/vnav_ws/install/tesse_msgs/local/lib/python3.10/dist-packages/tesse_msgs/srv/_scene_request_service_s.c\n'}
[1.048319] (tesse_msgs) StdoutLine: {'line': b'-- Up-to-date: /home/aimane/humble_ws/src/VNAV_23/vnav_ws/install/tesse_msgs/local/lib/python3.10/dist-packages/tesse_msgs/srv/__init__.py\n'}
[1.048465] (tesse_msgs) StdoutLine: {'line': b'-- Up-to-date: /home/aimane/humble_ws/src/VNAV_23/vnav_ws/install/tesse_msgs/local/lib/python3.10/dist-packages/tesse_msgs/srv/_object_spawn_request_service_s.c\n'}
[1.048533] (tesse_msgs) StdoutLine: {'line': b'-- Up-to-date: /home/aimane/humble_ws/src/VNAV_23/vnav_ws/install/tesse_msgs/local/lib/python3.10/dist-packages/tesse_msgs/srv/_object_spawn_request_service.py\n'}
[1.048593] (tesse_msgs) StdoutLine: {'line': b'-- Up-to-date: /home/aimane/humble_ws/src/VNAV_23/vnav_ws/install/tesse_msgs/local/lib/python3.10/dist-packages/tesse_msgs/srv/_reposition_request_service_s.c\n'}
[1.048666] (tesse_msgs) StdoutLine: {'line': b'-- Up-to-date: /home/aimane/humble_ws/src/VNAV_23/vnav_ws/install/tesse_msgs/local/lib/python3.10/dist-packages/tesse_msgs/_tesse_msgs_s.ep.rosidl_typesupport_introspection_c.c\n'}
[1.048773] (tesse_msgs) StdoutLine: {'line': b'-- Up-to-date: /home/aimane/humble_ws/src/VNAV_23/vnav_ws/install/tesse_msgs/local/lib/python3.10/dist-packages/tesse_msgs/tesse_msgs_s__rosidl_typesupport_introspection_c.cpython-310-x86_64-linux-gnu.so\n'}
[1.048875] (controller_pkg) JobProgress: {'identifier': 'controller_pkg', 'progress': 'cmake'}
[1.048909] (controller_pkg) JobProgress: {'identifier': 'controller_pkg', 'progress': 'build'}
[1.048943] (controller_pkg) Command: {'cmd': ['/usr/bin/cmake', '--build', '/home/aimane/humble_ws/src/VNAV_23/vnav_ws/build/controller_pkg', '--', '-j8', '-l8'], 'cwd': '/home/aimane/humble_ws/src/VNAV_23/vnav_ws/build/controller_pkg', 'env': OrderedDict([('HOSTNAME', 'aimane'), ('SHLVL', '1'), ('LD_LIBRARY_PATH', '/home/aimane/humble_ws/src/VNAV_23/vnav_ws/install/mav_msgs/lib:/opt/ros/humble/opt/rviz_ogre_vendor/lib:/opt/ros/humble/lib/x86_64-linux-gnu:/opt/ros/humble/lib'), ('HOME', '/home/aimane'), ('OLDPWD', '/home/aimane/humble_ws/src/VNAV_23/vnav_ws'), ('ROS_PYTHON_VERSION', '3'), ('ROS_DISTRO', 'humble'), ('_', '/usr/bin/colcon'), ('ROS_VERSION', '2'), ('TERM', 'xterm-256color'), ('ROS_LOCALHOST_ONLY', '0'), ('PATH', '/opt/ros/humble/bin:/usr/local/sbin:/usr/local/bin:/usr/sbin:/usr/bin:/sbin:/bin'), ('DISPLAY', ':1'), ('LANG', 'C.UTF-8'), ('AMENT_PREFIX_PATH', '/home/aimane/humble_ws/src/VNAV_23/vnav_ws/install/mav_msgs:/opt/ros/humble'), ('DEBIAN_FRONTEND', 'noninteractive'), ('PWD', '/home/aimane/humble_ws/src/VNAV_23/vnav_ws/build/controller_pkg'), ('LC_ALL', 'C.UTF-8'), ('PYTHONPATH', '/home/aimane/humble_ws/src/VNAV_23/vnav_ws/install/mav_msgs/local/lib/python3.10/dist-packages:/opt/ros/humble/lib/python3.10/site-packages:/opt/ros/humble/local/lib/python3.10/dist-packages'), ('COLCON', '1'), ('CMAKE_PREFIX_PATH', '/home/aimane/humble_ws/src/VNAV_23/vnav_ws/install/mav_msgs:/opt/ros/humble')]), 'shell': False}
[1.069235] (tesse_msgs) StdoutLine: {'line': b"Listing '/home/aimane/humble_ws/src/VNAV_23/vnav_ws/install/tesse_msgs/local/lib/python3.10/dist-packages/tesse_msgs'...\n"}
[1.069469] (tesse_msgs) StdoutLine: {'line': b"Listing '/home/aimane/humble_ws/src/VNAV_23/vnav_ws/install/tesse_msgs/local/lib/python3.10/dist-packages/tesse_msgs/msg'...\n"}
[1.069600] (tesse_msgs) StdoutLine: {'line': b"Listing '/home/aimane/humble_ws/src/VNAV_23/vnav_ws/install/tesse_msgs/local/lib/python3.10/dist-packages/tesse_msgs/srv'...\n"}
[1.074761] (tesse_msgs) StdoutLine: {'line': b'-- Up-to-date: /home/aimane/humble_ws/src/VNAV_23/vnav_ws/install/tesse_msgs/local/lib/python3.10/dist-packages/tesse_msgs/tesse_msgs_s__rosidl_typesupport_fastrtps_c.cpython-310-x86_64-linux-gnu.so\n'}
[1.075350] (tesse_msgs) StdoutLine: {'line': b'-- Up-to-date: /home/aimane/humble_ws/src/VNAV_23/vnav_ws/install/tesse_msgs/local/lib/python3.10/dist-packages/tesse_msgs/tesse_msgs_s__rosidl_typesupport_introspection_c.cpython-310-x86_64-linux-gnu.so\n'}
[1.075916] (tesse_msgs) StdoutLine: {'line': b'-- Up-to-date: /home/aimane/humble_ws/src/VNAV_23/vnav_ws/install/tesse_msgs/local/lib/python3.10/dist-packages/tesse_msgs/tesse_msgs_s__rosidl_typesupport_c.cpython-310-x86_64-linux-gnu.so\n'}
[1.076515] (tesse_msgs) StdoutLine: {'line': b'-- Up-to-date: /home/aimane/humble_ws/src/VNAV_23/vnav_ws/install/tesse_msgs/lib/libtesse_msgs__rosidl_generator_py.so\n'}
[1.076866] (tesse_msgs) StdoutLine: {'line': b'-- Up-to-date: /home/aimane/humble_ws/src/VNAV_23/vnav_ws/install/tesse_msgs/share/tesse_msgs/msg/CollisionStats.idl\n'}
[1.077082] (tesse_msgs) StdoutLine: {'line': b'-- Up-to-date: /home/aimane/humble_ws/src/VNAV_23/vnav_ws/install/tesse_msgs/share/tesse_msgs/srv/ObjectSpawnRequestService.idl\n'}
[1.077303] (tesse_msgs) StdoutLine: {'line': b'-- Up-to-date: /home/aimane/humble_ws/src/VNAV_23/vnav_ws/install/tesse_msgs/share/tesse_msgs/srv/RepositionRequestService.idl\n'}
[1.077481] (tesse_msgs) StdoutLine: {'line': b'-- Up-to-date: /home/aimane/humble_ws/src/VNAV_23/vnav_ws/install/tesse_msgs/share/tesse_msgs/srv/SceneRequestService.idl\n'}
[1.077625] (tesse_msgs) StdoutLine: {'line': b'-- Up-to-date: /home/aimane/humble_ws/src/VNAV_23/vnav_ws/install/tesse_msgs/share/tesse_msgs/msg/CollisionStats.msg\n'}
[1.077818] (tesse_msgs) StdoutLine: {'line': b'-- Up-to-date: /home/aimane/humble_ws/src/VNAV_23/vnav_ws/install/tesse_msgs/share/tesse_msgs/srv/ObjectSpawnRequestService.srv\n'}
[1.078054] (tesse_msgs) StdoutLine: {'line': b'-- Up-to-date: /home/aimane/humble_ws/src/VNAV_23/vnav_ws/install/tesse_msgs/share/tesse_msgs/srv/ObjectSpawnRequestService_Request.msg\n'}
[1.078265] (tesse_msgs) StdoutLine: {'line': b'-- Up-to-date: /home/aimane/humble_ws/src/VNAV_23/vnav_ws/install/tesse_msgs/share/tesse_msgs/srv/ObjectSpawnRequestService_Response.msg\n'}
[1.078460] (tesse_msgs) StdoutLine: {'line': b'-- Up-to-date: /home/aimane/humble_ws/src/VNAV_23/vnav_ws/install/tesse_msgs/share/tesse_msgs/srv/RepositionRequestService.srv\n'}
[1.078611] (tesse_msgs) StdoutLine: {'line': b'-- Up-to-date: /home/aimane/humble_ws/src/VNAV_23/vnav_ws/install/tesse_msgs/share/tesse_msgs/srv/RepositionRequestService_Request.msg\n'}
[1.078756] (tesse_msgs) StdoutLine: {'line': b'-- Up-to-date: /home/aimane/humble_ws/src/VNAV_23/vnav_ws/install/tesse_msgs/share/tesse_msgs/srv/RepositionRequestService_Response.msg\n'}
[1.078965] (tesse_msgs) StdoutLine: {'line': b'-- Up-to-date: /home/aimane/humble_ws/src/VNAV_23/vnav_ws/install/tesse_msgs/share/tesse_msgs/srv/SceneRequestService.srv\n'}
[1.079109] (tesse_msgs) StdoutLine: {'line': b'-- Up-to-date: /home/aimane/humble_ws/src/VNAV_23/vnav_ws/install/tesse_msgs/share/tesse_msgs/srv/SceneRequestService_Request.msg\n'}
[1.079362] (tesse_msgs) StdoutLine: {'line': b'-- Up-to-date: /home/aimane/humble_ws/src/VNAV_23/vnav_ws/install/tesse_msgs/share/tesse_msgs/srv/SceneRequestService_Response.msg\n'}
[1.079516] (tesse_msgs) StdoutLine: {'line': b'-- Up-to-date: /home/aimane/humble_ws/src/VNAV_23/vnav_ws/install/tesse_msgs/share/ament_index/resource_index/package_run_dependencies/tesse_msgs\n'}
[1.079722] (tesse_msgs) StdoutLine: {'line': b'-- Up-to-date: /home/aimane/humble_ws/src/VNAV_23/vnav_ws/install/tesse_msgs/share/ament_index/resource_index/parent_prefix_path/tesse_msgs\n'}
[1.079878] (tesse_msgs) StdoutLine: {'line': b'-- Up-to-date: /home/aimane/humble_ws/src/VNAV_23/vnav_ws/install/tesse_msgs/share/tesse_msgs/environment/ament_prefix_path.sh\n'}
[1.080049] (tesse_msgs) StdoutLine: {'line': b'-- Up-to-date: /home/aimane/humble_ws/src/VNAV_23/vnav_ws/install/tesse_msgs/share/tesse_msgs/environment/ament_prefix_path.dsv\n'}
[1.080237] (tesse_msgs) StdoutLine: {'line': b'-- Up-to-date: /home/aimane/humble_ws/src/VNAV_23/vnav_ws/install/tesse_msgs/share/tesse_msgs/environment/path.sh\n'}
[1.080416] (tesse_msgs) StdoutLine: {'line': b'-- Up-to-date: /home/aimane/humble_ws/src/VNAV_23/vnav_ws/install/tesse_msgs/share/tesse_msgs/environment/path.dsv\n'}
[1.080616] (tesse_msgs) StdoutLine: {'line': b'-- Up-to-date: /home/aimane/humble_ws/src/VNAV_23/vnav_ws/install/tesse_msgs/share/tesse_msgs/local_setup.bash\n'}
[1.080759] (tesse_msgs) StdoutLine: {'line': b'-- Up-to-date: /home/aimane/humble_ws/src/VNAV_23/vnav_ws/install/tesse_msgs/share/tesse_msgs/local_setup.sh\n'}
[1.080905] (tesse_msgs) StdoutLine: {'line': b'-- Up-to-date: /home/aimane/humble_ws/src/VNAV_23/vnav_ws/install/tesse_msgs/share/tesse_msgs/local_setup.zsh\n'}
[1.081054] (tesse_msgs) StdoutLine: {'line': b'-- Up-to-date: /home/aimane/humble_ws/src/VNAV_23/vnav_ws/install/tesse_msgs/share/tesse_msgs/local_setup.dsv\n'}
[1.081208] (tesse_msgs) StdoutLine: {'line': b'-- Installing: /home/aimane/humble_ws/src/VNAV_23/vnav_ws/install/tesse_msgs/share/tesse_msgs/package.dsv\n'}
[1.081478] (tesse_msgs) StdoutLine: {'line': b'-- Up-to-date: /home/aimane/humble_ws/src/VNAV_23/vnav_ws/install/tesse_msgs/share/ament_index/resource_index/packages/tesse_msgs\n'}
[1.081633] (tesse_msgs) StdoutLine: {'line': b'-- Up-to-date: /home/aimane/humble_ws/src/VNAV_23/vnav_ws/install/tesse_msgs/share/tesse_msgs/cmake/export_tesse_msgs__rosidl_generator_cExport.cmake\n'}
[1.081777] (tesse_msgs) StdoutLine: {'line': b'-- Up-to-date: /home/aimane/humble_ws/src/VNAV_23/vnav_ws/install/tesse_msgs/share/tesse_msgs/cmake/export_tesse_msgs__rosidl_generator_cExport-noconfig.cmake\n'}
[1.081928] (tesse_msgs) StdoutLine: {'line': b'-- Up-to-date: /home/aimane/humble_ws/src/VNAV_23/vnav_ws/install/tesse_msgs/share/tesse_msgs/cmake/export_tesse_msgs__rosidl_typesupport_fastrtps_cExport.cmake\n'}
[1.082169] (tesse_msgs) StdoutLine: {'line': b'-- Up-to-date: /home/aimane/humble_ws/src/VNAV_23/vnav_ws/install/tesse_msgs/share/tesse_msgs/cmake/export_tesse_msgs__rosidl_typesupport_fastrtps_cExport-noconfig.cmake\n'}
[1.082326] (tesse_msgs) StdoutLine: {'line': b'-- Up-to-date: /home/aimane/humble_ws/src/VNAV_23/vnav_ws/install/tesse_msgs/share/tesse_msgs/cmake/export_tesse_msgs__rosidl_generator_cppExport.cmake\n'}
[1.082466] (tesse_msgs) StdoutLine: {'line': b'-- Up-to-date: /home/aimane/humble_ws/src/VNAV_23/vnav_ws/install/tesse_msgs/share/tesse_msgs/cmake/export_tesse_msgs__rosidl_typesupport_fastrtps_cppExport.cmake\n'}
[1.082614] (tesse_msgs) StdoutLine: {'line': b'-- Up-to-date: /home/aimane/humble_ws/src/VNAV_23/vnav_ws/install/tesse_msgs/share/tesse_msgs/cmake/export_tesse_msgs__rosidl_typesupport_fastrtps_cppExport-noconfig.cmake\n'}
[1.082760] (tesse_msgs) StdoutLine: {'line': b'-- Up-to-date: /home/aimane/humble_ws/src/VNAV_23/vnav_ws/install/tesse_msgs/share/tesse_msgs/cmake/tesse_msgs__rosidl_typesupport_introspection_cExport.cmake\n'}
[1.082903] (tesse_msgs) StdoutLine: {'line': b'-- Up-to-date: /home/aimane/humble_ws/src/VNAV_23/vnav_ws/install/tesse_msgs/share/tesse_msgs/cmake/tesse_msgs__rosidl_typesupport_introspection_cExport-noconfig.cmake\n'}
[1.083115] (tesse_msgs) StdoutLine: {'line': b'-- Up-to-date: /home/aimane/humble_ws/src/VNAV_23/vnav_ws/install/tesse_msgs/share/tesse_msgs/cmake/tesse_msgs__rosidl_typesupport_cExport.cmake\n'}
[1.083355] (tesse_msgs) StdoutLine: {'line': b'-- Up-to-date: /home/aimane/humble_ws/src/VNAV_23/vnav_ws/install/tesse_msgs/share/tesse_msgs/cmake/tesse_msgs__rosidl_typesupport_cExport-noconfig.cmake\n'}
[1.083659] (tesse_msgs) StdoutLine: {'line': b'-- Up-to-date: /home/aimane/humble_ws/src/VNAV_23/vnav_ws/install/tesse_msgs/share/tesse_msgs/cmake/tesse_msgs__rosidl_typesupport_introspection_cppExport.cmake\n'}
[1.083819] (tesse_msgs) StdoutLine: {'line': b'-- Up-to-date: /home/aimane/humble_ws/src/VNAV_23/vnav_ws/install/tesse_msgs/share/tesse_msgs/cmake/tesse_msgs__rosidl_typesupport_introspection_cppExport-noconfig.cmake\n'}
[1.083937] (tesse_msgs) StdoutLine: {'line': b'-- Up-to-date: /home/aimane/humble_ws/src/VNAV_23/vnav_ws/install/tesse_msgs/share/tesse_msgs/cmake/tesse_msgs__rosidl_typesupport_cppExport.cmake\n'}
[1.084058] (tesse_msgs) StdoutLine: {'line': b'-- Up-to-date: /home/aimane/humble_ws/src/VNAV_23/vnav_ws/install/tesse_msgs/share/tesse_msgs/cmake/tesse_msgs__rosidl_typesupport_cppExport-noconfig.cmake\n'}
[1.084226] (tesse_msgs) StdoutLine: {'line': b'-- Up-to-date: /home/aimane/humble_ws/src/VNAV_23/vnav_ws/install/tesse_msgs/share/tesse_msgs/cmake/export_tesse_msgs__rosidl_generator_pyExport.cmake\n'}
[1.084354] (tesse_msgs) StdoutLine: {'line': b'-- Up-to-date: /home/aimane/humble_ws/src/VNAV_23/vnav_ws/install/tesse_msgs/share/tesse_msgs/cmake/export_tesse_msgs__rosidl_generator_pyExport-noconfig.cmake\n'}
[1.084476] (tesse_msgs) StdoutLine: {'line': b'-- Up-to-date: /home/aimane/humble_ws/src/VNAV_23/vnav_ws/install/tesse_msgs/share/tesse_msgs/cmake/rosidl_cmake-extras.cmake\n'}
[1.084606] (tesse_msgs) StdoutLine: {'line': b'-- Up-to-date: /home/aimane/humble_ws/src/VNAV_23/vnav_ws/install/tesse_msgs/share/tesse_msgs/cmake/ament_cmake_export_dependencies-extras.cmake\n'}
[1.084989] (tesse_msgs) StdoutLine: {'line': b'-- Up-to-date: /home/aimane/humble_ws/src/VNAV_23/vnav_ws/install/tesse_msgs/share/tesse_msgs/cmake/ament_cmake_export_include_directories-extras.cmake\n'}
[1.085148] (tesse_msgs) StdoutLine: {'line': b'-- Up-to-date: /home/aimane/humble_ws/src/VNAV_23/vnav_ws/install/tesse_msgs/share/tesse_msgs/cmake/ament_cmake_export_libraries-extras.cmake\n'}
[1.085293] (tesse_msgs) StdoutLine: {'line': b'-- Up-to-date: /home/aimane/humble_ws/src/VNAV_23/vnav_ws/install/tesse_msgs/share/tesse_msgs/cmake/ament_cmake_export_targets-extras.cmake\n'}
[1.085425] (tesse_msgs) StdoutLine: {'line': b'-- Up-to-date: /home/aimane/humble_ws/src/VNAV_23/vnav_ws/install/tesse_msgs/share/tesse_msgs/cmake/rosidl_cmake_export_typesupport_targets-extras.cmake\n'}
[1.085556] (tesse_msgs) StdoutLine: {'line': b'-- Up-to-date: /home/aimane/humble_ws/src/VNAV_23/vnav_ws/install/tesse_msgs/share/tesse_msgs/cmake/rosidl_cmake_export_typesupport_libraries-extras.cmake\n'}
[1.085687] (tesse_msgs) StdoutLine: {'line': b'-- Up-to-date: /home/aimane/humble_ws/src/VNAV_23/vnav_ws/install/tesse_msgs/share/tesse_msgs/cmake/tesse_msgsConfig.cmake\n'}
[1.085821] (tesse_msgs) StdoutLine: {'line': b'-- Up-to-date: /home/aimane/humble_ws/src/VNAV_23/vnav_ws/install/tesse_msgs/share/tesse_msgs/cmake/tesse_msgsConfig-version.cmake\n'}
[1.085955] (tesse_msgs) StdoutLine: {'line': b'-- Up-to-date: /home/aimane/humble_ws/src/VNAV_23/vnav_ws/install/tesse_msgs/share/tesse_msgs/package.xml\n'}
[1.089585] (tesse_msgs) CommandEnded: {'returncode': 0}
[1.103183] (-) TimerEvent: {}
[1.110720] (controller_pkg) StdoutLine: {'line': b'\x1b[35m\x1b[1mConsolidate compiler generated dependencies of target controller_node\x1b[0m\n'}
[1.129877] (tesse_msgs) JobEnded: {'identifier': 'tesse_msgs', 'rc': 0}
[1.130774] (mav_planning_msgs) StdoutLine: {'line': b'[  0%] Built target mav_planning_msgs__cpp\n'}
[1.141209] (mav_planning_msgs) StdoutLine: {'line': b'[ 12%] Built target mav_planning_msgs__rosidl_generator_c\n'}
[1.141490] (controller_pkg) StdoutLine: {'line': b'[ 50%] Built target traj_publisher\n'}
[1.146529] (mav_planning_msgs) StdoutLine: {'line': b'[ 12%] Built target ament_cmake_python_copy_mav_planning_msgs\n'}
[1.152241] (controller_pkg) StdoutLine: {'line': b'[ 75%] \x1b[32mBuilding CXX object CMakeFiles/controller_node.dir/src/controller_node.cpp.o\x1b[0m\n'}
[1.193707] (mav_planning_msgs) StdoutLine: {'line': b'[ 24%] Built target mav_planning_msgs__rosidl_typesupport_introspection_c\n'}
[1.199276] (mav_planning_msgs) StdoutLine: {'line': b'[ 36%] Built target mav_planning_msgs__rosidl_typesupport_c\n'}
[1.199788] (mav_planning_msgs) StdoutLine: {'line': b'[ 47%] Built target mav_planning_msgs__rosidl_typesupport_fastrtps_cpp\n'}
[1.203292] (-) TimerEvent: {}
[1.207194] (mav_planning_msgs) StdoutLine: {'line': b'[ 59%] Built target mav_planning_msgs__rosidl_typesupport_cpp\n'}
[1.208771] (mav_planning_msgs) StdoutLine: {'line': b'[ 71%] Built target mav_planning_msgs__rosidl_typesupport_introspection_cpp\n'}
[1.210382] (mav_planning_msgs) StdoutLine: {'line': b'[ 83%] Built target mav_planning_msgs__rosidl_typesupport_fastrtps_c\n'}
[1.247339] (mav_planning_msgs) StdoutLine: {'line': b'[ 83%] Built target mav_planning_msgs\n'}
[1.284012] (mav_planning_msgs) StdoutLine: {'line': b'[ 84%] Built target mav_planning_msgs__py\n'}
[1.303981] (-) TimerEvent: {}
[1.335545] (mav_planning_msgs) StdoutLine: {'line': b'[ 95%] Built target mav_planning_msgs__rosidl_generator_py\n'}
[1.374875] (mav_planning_msgs) StdoutLine: {'line': b'[ 99%] Built target mav_planning_msgs__rosidl_typesupport_fastrtps_c__pyext\n'}
[1.375178] (mav_planning_msgs) StdoutLine: {'line': b'[ 99%] Built target mav_planning_msgs__rosidl_typesupport_introspection_c__pyext\n'}
[1.379113] (mav_planning_msgs) StdoutLine: {'line': b'[100%] Built target mav_planning_msgs__rosidl_typesupport_c__pyext\n'}
[1.390792] (tesse) StdoutLine: {'line': b'running egg_info\n'}
[1.391424] (tesse) StdoutLine: {'line': b'writing ../../../build/tesse/tesse.egg-info/PKG-INFO\n'}
[1.391700] (tesse) StdoutLine: {'line': b'writing dependency_links to ../../../build/tesse/tesse.egg-info/dependency_links.txt\n'}
[1.391939] (tesse) StdoutLine: {'line': b'writing requirements to ../../../build/tesse/tesse.egg-info/requires.txt\n'}
[1.392158] (tesse) StdoutLine: {'line': b'writing top-level names to ../../../build/tesse/tesse.egg-info/top_level.txt\n'}
[1.394763] (tesse) StdoutLine: {'line': b"reading manifest file '../../../build/tesse/tesse.egg-info/SOURCES.txt'\n"}
[1.395437] (tesse) StdoutLine: {'line': b"adding license file 'LICENSE'\n"}
[1.395788] (tesse) StdoutLine: {'line': b"writing manifest file '../../../build/tesse/tesse.egg-info/SOURCES.txt'\n"}
[1.396113] (tesse) StdoutLine: {'line': b'running build\n'}
[1.396357] (tesse) StdoutLine: {'line': b'running build_py\n'}
[1.396740] (tesse) StdoutLine: {'line': b'running install\n'}
[1.398317] (tesse_ros_bridge) Command: {'cmd': ['/usr/bin/python3', '-W', 'ignore:setup.py install is deprecated', '-W', 'ignore:easy_install command is deprecated', 'setup.py', 'egg_info', '--egg-base', '../../../build/tesse_ros_bridge', 'build', '--build-base', '/home/aimane/humble_ws/src/VNAV_23/vnav_ws/build/tesse_ros_bridge/build', 'install', '--record', '/home/aimane/humble_ws/src/VNAV_23/vnav_ws/build/tesse_ros_bridge/install.log', '--single-version-externally-managed', 'install_data'], 'cwd': '/home/aimane/humble_ws/src/VNAV_23/vnav_ws/src/Lab3/tesse_ros_bridge', 'env': {'HOSTNAME': 'aimane', 'SHLVL': '1', 'LD_LIBRARY_PATH': '/opt/ros/humble/opt/rviz_ogre_vendor/lib:/opt/ros/humble/lib/x86_64-linux-gnu:/opt/ros/humble/lib', 'HOME': '/home/aimane', 'OLDPWD': '/home/aimane/humble_ws/src/VNAV_23/vnav_ws', 'ROS_PYTHON_VERSION': '3', 'ROS_DISTRO': 'humble', '_': '/usr/bin/colcon', 'ROS_VERSION': '2', 'TERM': 'xterm-256color', 'ROS_LOCALHOST_ONLY': '0', 'PATH': '/opt/ros/humble/bin:/usr/local/sbin:/usr/local/bin:/usr/sbin:/usr/bin:/sbin:/bin', 'DISPLAY': ':1', 'LANG': 'C.UTF-8', 'AMENT_PREFIX_PATH': '/opt/ros/humble', 'DEBIAN_FRONTEND': 'noninteractive', 'PWD': '/home/aimane/humble_ws/src/VNAV_23/vnav_ws/build/tesse_ros_bridge', 'LC_ALL': 'C.UTF-8', 'PYTHONPATH': '/home/aimane/humble_ws/src/VNAV_23/vnav_ws/build/tesse_ros_bridge/prefix_override:/usr/lib/python3/dist-packages/colcon_core/task/python/colcon_distutils_commands:/home/aimane/humble_ws/src/VNAV_23/vnav_ws/install/tesse_ros_bridge/lib/python3.10/site-packages:/opt/ros/humble/lib/python3.10/site-packages:/opt/ros/humble/local/lib/python3.10/dist-packages', 'COLCON': '1'}, 'shell': False}
[1.399319] (tesse) StdoutLine: {'line': b'running install_lib\n'}
[1.399505] (tesse) StdoutLine: {'line': b'running install_egg_info\n'}
[1.401380] (tesse) StdoutLine: {'line': b"removing '/home/aimane/humble_ws/src/VNAV_23/vnav_ws/install/tesse/lib/python3.10/site-packages/tesse-0.1.2-py3.10.egg-info' (and everything under it)\n"}
[1.401674] (tesse) StdoutLine: {'line': b'Copying ../../../build/tesse/tesse.egg-info to /home/aimane/humble_ws/src/VNAV_23/vnav_ws/install/tesse/lib/python3.10/site-packages/tesse-0.1.2-py3.10.egg-info\n'}
[1.402550] (tesse) StdoutLine: {'line': b'running install_scripts\n'}
[1.404066] (-) TimerEvent: {}
[1.426651] (tesse) StdoutLine: {'line': b"writing list of installed files to '/home/aimane/humble_ws/src/VNAV_23/vnav_ws/build/tesse/install.log'\n"}
[1.455744] (tesse) CommandEnded: {'returncode': 0}
[1.465555] (tesse) JobEnded: {'identifier': 'tesse', 'rc': 0}
[1.487461] (mav_planning_msgs) StdoutLine: {'line': b'running egg_info\n'}
[1.488185] (mav_planning_msgs) StdoutLine: {'line': b'writing mav_planning_msgs.egg-info/PKG-INFO\n'}
[1.488424] (mav_planning_msgs) StdoutLine: {'line': b'writing dependency_links to mav_planning_msgs.egg-info/dependency_links.txt\n'}
[1.488630] (mav_planning_msgs) StdoutLine: {'line': b'writing top-level names to mav_planning_msgs.egg-info/top_level.txt\n'}
[1.491237] (mav_planning_msgs) StdoutLine: {'line': b"reading manifest file 'mav_planning_msgs.egg-info/SOURCES.txt'\n"}
[1.492099] (mav_planning_msgs) StdoutLine: {'line': b"writing manifest file 'mav_planning_msgs.egg-info/SOURCES.txt'\n"}
[1.504185] (-) TimerEvent: {}
[1.525333] (mav_planning_msgs) StdoutLine: {'line': b'[100%] Built target ament_cmake_python_build_mav_planning_msgs_egg\n'}
[1.540568] (mav_planning_msgs) CommandEnded: {'returncode': 0}
[1.541427] (mav_planning_msgs) JobProgress: {'identifier': 'mav_planning_msgs', 'progress': 'install'}
[1.542471] (mav_planning_msgs) Command: {'cmd': ['/usr/bin/cmake', '--install', '/home/aimane/humble_ws/src/VNAV_23/vnav_ws/build/mav_planning_msgs'], 'cwd': '/home/aimane/humble_ws/src/VNAV_23/vnav_ws/build/mav_planning_msgs', 'env': OrderedDict([('HOSTNAME', 'aimane'), ('SHLVL', '1'), ('LD_LIBRARY_PATH', '/home/aimane/humble_ws/src/VNAV_23/vnav_ws/install/mav_msgs/lib:/opt/ros/humble/opt/rviz_ogre_vendor/lib:/opt/ros/humble/lib/x86_64-linux-gnu:/opt/ros/humble/lib'), ('HOME', '/home/aimane'), ('OLDPWD', '/home/aimane/humble_ws/src/VNAV_23/vnav_ws'), ('ROS_PYTHON_VERSION', '3'), ('ROS_DISTRO', 'humble'), ('_', '/usr/bin/colcon'), ('ROS_VERSION', '2'), ('TERM', 'xterm-256color'), ('ROS_LOCALHOST_ONLY', '0'), ('PATH', '/opt/ros/humble/bin:/usr/local/sbin:/usr/local/bin:/usr/sbin:/usr/bin:/sbin:/bin'), ('DISPLAY', ':1'), ('LANG', 'C.UTF-8'), ('AMENT_PREFIX_PATH', '/home/aimane/humble_ws/src/VNAV_23/vnav_ws/install/mav_msgs:/opt/ros/humble'), ('DEBIAN_FRONTEND', 'noninteractive'), ('PWD', '/home/aimane/humble_ws/src/VNAV_23/vnav_ws/build/mav_planning_msgs'), ('LC_ALL', 'C.UTF-8'), ('PYTHONPATH', '/home/aimane/humble_ws/src/VNAV_23/vnav_ws/install/mav_msgs/local/lib/python3.10/dist-packages:/opt/ros/humble/lib/python3.10/site-packages:/opt/ros/humble/local/lib/python3.10/dist-packages'), ('COLCON', '1'), ('CMAKE_PREFIX_PATH', '/home/aimane/humble_ws/src/VNAV_23/vnav_ws/install/mav_msgs:/opt/ros/humble')]), 'shell': False}
[1.551048] (mav_planning_msgs) StdoutLine: {'line': b'-- Install configuration: ""\n'}
[1.551332] (mav_planning_msgs) StdoutLine: {'line': b'-- Up-to-date: /home/aimane/humble_ws/src/VNAV_23/vnav_ws/install/mav_planning_msgs/share/ament_index/resource_index/rosidl_interfaces/mav_planning_msgs\n'}
[1.551563] (mav_planning_msgs) StdoutLine: {'line': b'-- Up-to-date: /home/aimane/humble_ws/src/VNAV_23/vnav_ws/install/mav_planning_msgs/include/mav_planning_msgs/mav_planning_msgs\n'}
[1.551796] (mav_planning_msgs) StdoutLine: {'line': b'-- Up-to-date: /home/aimane/humble_ws/src/VNAV_23/vnav_ws/install/mav_planning_msgs/include/mav_planning_msgs/mav_planning_msgs/msg\n'}
[1.552013] (mav_planning_msgs) StdoutLine: {'line': b'-- Up-to-date: /home/aimane/humble_ws/src/VNAV_23/vnav_ws/install/mav_planning_msgs/include/mav_planning_msgs/mav_planning_msgs/msg/point2_d.h\n'}
[1.552237] (mav_planning_msgs) StdoutLine: {'line': b'-- Up-to-date: /home/aimane/humble_ws/src/VNAV_23/vnav_ws/install/mav_planning_msgs/include/mav_planning_msgs/mav_planning_msgs/msg/polynomial_segment.h\n'}
[1.552440] (mav_planning_msgs) StdoutLine: {'line': b'-- Up-to-date: /home/aimane/humble_ws/src/VNAV_23/vnav_ws/install/mav_planning_msgs/include/mav_planning_msgs/mav_planning_msgs/msg/polynomial_segment4_d.h\n'}
[1.552653] (mav_planning_msgs) StdoutLine: {'line': b'-- Up-to-date: /home/aimane/humble_ws/src/VNAV_23/vnav_ws/install/mav_planning_msgs/include/mav_planning_msgs/mav_planning_msgs/msg/detail\n'}
[1.552867] (mav_planning_msgs) StdoutLine: {'line': b'-- Up-to-date: /home/aimane/humble_ws/src/VNAV_23/vnav_ws/install/mav_planning_msgs/include/mav_planning_msgs/mav_planning_msgs/msg/detail/point_cloud_with_pose__struct.h\n'}
[1.553072] (mav_planning_msgs) StdoutLine: {'line': b'-- Up-to-date: /home/aimane/humble_ws/src/VNAV_23/vnav_ws/install/mav_planning_msgs/include/mav_planning_msgs/mav_planning_msgs/msg/detail/polygon_with_holes_stamped__functions.h\n'}
[1.553305] (mav_planning_msgs) StdoutLine: {'line': b'-- Up-to-date: /home/aimane/humble_ws/src/VNAV_23/vnav_ws/install/mav_planning_msgs/include/mav_planning_msgs/mav_planning_msgs/msg/detail/polynomial_trajectory__functions.c\n'}
[1.553535] (mav_planning_msgs) StdoutLine: {'line': b'-- Up-to-date: /home/aimane/humble_ws/src/VNAV_23/vnav_ws/install/mav_planning_msgs/include/mav_planning_msgs/mav_planning_msgs/msg/detail/polygon2_d__struct.h\n'}
[1.553767] (mav_planning_msgs) StdoutLine: {'line': b'-- Up-to-date: /home/aimane/humble_ws/src/VNAV_23/vnav_ws/install/mav_planning_msgs/include/mav_planning_msgs/mav_planning_msgs/msg/detail/polygon_with_holes__type_support.h\n'}
[1.553942] (mav_planning_msgs) StdoutLine: {'line': b'-- Up-to-date: /home/aimane/humble_ws/src/VNAV_23/vnav_ws/install/mav_planning_msgs/include/mav_planning_msgs/mav_planning_msgs/msg/detail/polynomial_segment__functions.h\n'}
[1.554139] (mav_planning_msgs) StdoutLine: {'line': b'-- Up-to-date: /home/aimane/humble_ws/src/VNAV_23/vnav_ws/install/mav_planning_msgs/include/mav_planning_msgs/mav_planning_msgs/msg/detail/point2_d__struct.h\n'}
[1.554301] (mav_planning_msgs) StdoutLine: {'line': b'-- Up-to-date: /home/aimane/humble_ws/src/VNAV_23/vnav_ws/install/mav_planning_msgs/include/mav_planning_msgs/mav_planning_msgs/msg/detail/polygon_with_holes_stamped__struct.h\n'}
[1.554474] (mav_planning_msgs) StdoutLine: {'line': b'-- Up-to-date: /home/aimane/humble_ws/src/VNAV_23/vnav_ws/install/mav_planning_msgs/include/mav_planning_msgs/mav_planning_msgs/msg/detail/polynomial_trajectory4_d__functions.c\n'}
[1.554639] (mav_planning_msgs) StdoutLine: {'line': b'-- Up-to-date: /home/aimane/humble_ws/src/VNAV_23/vnav_ws/install/mav_planning_msgs/include/mav_planning_msgs/mav_planning_msgs/msg/detail/polygon_with_holes__struct.h\n'}
[1.554789] (mav_planning_msgs) StdoutLine: {'line': b'-- Up-to-date: /home/aimane/humble_ws/src/VNAV_23/vnav_ws/install/mav_planning_msgs/include/mav_planning_msgs/mav_planning_msgs/msg/detail/polygon_with_holes__functions.h\n'}
[1.554961] (mav_planning_msgs) StdoutLine: {'line': b'-- Up-to-date: /home/aimane/humble_ws/src/VNAV_23/vnav_ws/install/mav_planning_msgs/include/mav_planning_msgs/mav_planning_msgs/msg/detail/polynomial_trajectory__type_support.h\n'}
[1.555182] (mav_planning_msgs) StdoutLine: {'line': b'-- Up-to-date: /home/aimane/humble_ws/src/VNAV_23/vnav_ws/install/mav_planning_msgs/include/mav_planning_msgs/mav_planning_msgs/msg/detail/point_cloud_with_pose__type_support.h\n'}
[1.555358] (mav_planning_msgs) StdoutLine: {'line': b'-- Up-to-date: /home/aimane/humble_ws/src/VNAV_23/vnav_ws/install/mav_planning_msgs/include/mav_planning_msgs/mav_planning_msgs/msg/detail/polynomial_segment4_d__functions.h\n'}
[1.555538] (mav_planning_msgs) StdoutLine: {'line': b'-- Up-to-date: /home/aimane/humble_ws/src/VNAV_23/vnav_ws/install/mav_planning_msgs/include/mav_planning_msgs/mav_planning_msgs/msg/detail/polynomial_segment__type_support.h\n'}
[1.555742] (mav_planning_msgs) StdoutLine: {'line': b'-- Up-to-date: /home/aimane/humble_ws/src/VNAV_23/vnav_ws/install/mav_planning_msgs/include/mav_planning_msgs/mav_planning_msgs/msg/detail/polygon2_d__functions.h\n'}
[1.555892] (mav_planning_msgs) StdoutLine: {'line': b'-- Up-to-date: /home/aimane/humble_ws/src/VNAV_23/vnav_ws/install/mav_planning_msgs/include/mav_planning_msgs/mav_planning_msgs/msg/detail/polynomial_segment4_d__type_support.h\n'}
[1.556056] (mav_planning_msgs) StdoutLine: {'line': b'-- Up-to-date: /home/aimane/humble_ws/src/VNAV_23/vnav_ws/install/mav_planning_msgs/include/mav_planning_msgs/mav_planning_msgs/msg/detail/point2_d__type_support.h\n'}
[1.556222] (mav_planning_msgs) StdoutLine: {'line': b'-- Up-to-date: /home/aimane/humble_ws/src/VNAV_23/vnav_ws/install/mav_planning_msgs/include/mav_planning_msgs/mav_planning_msgs/msg/detail/point_cloud_with_pose__functions.c\n'}
[1.556443] (mav_planning_msgs) StdoutLine: {'line': b'-- Up-to-date: /home/aimane/humble_ws/src/VNAV_23/vnav_ws/install/mav_planning_msgs/include/mav_planning_msgs/mav_planning_msgs/msg/detail/polygon_with_holes__functions.c\n'}
[1.556648] (mav_planning_msgs) StdoutLine: {'line': b'-- Up-to-date: /home/aimane/humble_ws/src/VNAV_23/vnav_ws/install/mav_planning_msgs/include/mav_planning_msgs/mav_planning_msgs/msg/detail/polygon_with_holes_stamped__type_support.h\n'}
[1.556847] (mav_planning_msgs) StdoutLine: {'line': b'-- Up-to-date: /home/aimane/humble_ws/src/VNAV_23/vnav_ws/install/mav_planning_msgs/include/mav_planning_msgs/mav_planning_msgs/msg/detail/point_cloud_with_pose__functions.h\n'}
[1.557064] (mav_planning_msgs) StdoutLine: {'line': b'-- Up-to-date: /home/aimane/humble_ws/src/VNAV_23/vnav_ws/install/mav_planning_msgs/include/mav_planning_msgs/mav_planning_msgs/msg/detail/polynomial_trajectory4_d__struct.h\n'}
[1.557290] (mav_planning_msgs) StdoutLine: {'line': b'-- Up-to-date: /home/aimane/humble_ws/src/VNAV_23/vnav_ws/install/mav_planning_msgs/include/mav_planning_msgs/mav_planning_msgs/msg/detail/polynomial_segment4_d__struct.h\n'}
[1.557492] (mav_planning_msgs) StdoutLine: {'line': b'-- Up-to-date: /home/aimane/humble_ws/src/VNAV_23/vnav_ws/install/mav_planning_msgs/include/mav_planning_msgs/mav_planning_msgs/msg/detail/point2_d__functions.c\n'}
[1.557678] (mav_planning_msgs) StdoutLine: {'line': b'-- Up-to-date: /home/aimane/humble_ws/src/VNAV_23/vnav_ws/install/mav_planning_msgs/include/mav_planning_msgs/mav_planning_msgs/msg/detail/polynomial_segment__struct.h\n'}
[1.557818] (mav_planning_msgs) StdoutLine: {'line': b'-- Up-to-date: /home/aimane/humble_ws/src/VNAV_23/vnav_ws/install/mav_planning_msgs/include/mav_planning_msgs/mav_planning_msgs/msg/detail/polynomial_trajectory4_d__type_support.h\n'}
[1.557947] (mav_planning_msgs) StdoutLine: {'line': b'-- Up-to-date: /home/aimane/humble_ws/src/VNAV_23/vnav_ws/install/mav_planning_msgs/include/mav_planning_msgs/mav_planning_msgs/msg/detail/polynomial_trajectory4_d__functions.h\n'}
[1.558056] (mav_planning_msgs) StdoutLine: {'line': b'-- Up-to-date: /home/aimane/humble_ws/src/VNAV_23/vnav_ws/install/mav_planning_msgs/include/mav_planning_msgs/mav_planning_msgs/msg/detail/polynomial_segment__functions.c\n'}
[1.558198] (mav_planning_msgs) StdoutLine: {'line': b'-- Up-to-date: /home/aimane/humble_ws/src/VNAV_23/vnav_ws/install/mav_planning_msgs/include/mav_planning_msgs/mav_planning_msgs/msg/detail/polygon2_d__type_support.h\n'}
[1.558363] (mav_planning_msgs) StdoutLine: {'line': b'-- Up-to-date: /home/aimane/humble_ws/src/VNAV_23/vnav_ws/install/mav_planning_msgs/include/mav_planning_msgs/mav_planning_msgs/msg/detail/polynomial_segment4_d__functions.c\n'}
[1.558542] (mav_planning_msgs) StdoutLine: {'line': b'-- Up-to-date: /home/aimane/humble_ws/src/VNAV_23/vnav_ws/install/mav_planning_msgs/include/mav_planning_msgs/mav_planning_msgs/msg/detail/polynomial_trajectory__functions.h\n'}
[1.558749] (mav_planning_msgs) StdoutLine: {'line': b'-- Up-to-date: /home/aimane/humble_ws/src/VNAV_23/vnav_ws/install/mav_planning_msgs/include/mav_planning_msgs/mav_planning_msgs/msg/detail/polynomial_trajectory__struct.h\n'}
[1.558953] (mav_planning_msgs) StdoutLine: {'line': b'-- Up-to-date: /home/aimane/humble_ws/src/VNAV_23/vnav_ws/install/mav_planning_msgs/include/mav_planning_msgs/mav_planning_msgs/msg/detail/polygon2_d__functions.c\n'}
[1.559181] (mav_planning_msgs) StdoutLine: {'line': b'-- Up-to-date: /home/aimane/humble_ws/src/VNAV_23/vnav_ws/install/mav_planning_msgs/include/mav_planning_msgs/mav_planning_msgs/msg/detail/polygon_with_holes_stamped__functions.c\n'}
[1.559389] (mav_planning_msgs) StdoutLine: {'line': b'-- Up-to-date: /home/aimane/humble_ws/src/VNAV_23/vnav_ws/install/mav_planning_msgs/include/mav_planning_msgs/mav_planning_msgs/msg/detail/point2_d__functions.h\n'}
[1.559585] (mav_planning_msgs) StdoutLine: {'line': b'-- Up-to-date: /home/aimane/humble_ws/src/VNAV_23/vnav_ws/install/mav_planning_msgs/include/mav_planning_msgs/mav_planning_msgs/msg/polynomial_trajectory.h\n'}
[1.559784] (mav_planning_msgs) StdoutLine: {'line': b'-- Up-to-date: /home/aimane/humble_ws/src/VNAV_23/vnav_ws/install/mav_planning_msgs/include/mav_planning_msgs/mav_planning_msgs/msg/polygon2_d.h\n'}
[1.560015] (mav_planning_msgs) StdoutLine: {'line': b'-- Up-to-date: /home/aimane/humble_ws/src/VNAV_23/vnav_ws/install/mav_planning_msgs/include/mav_planning_msgs/mav_planning_msgs/msg/polygon_with_holes_stamped.h\n'}
[1.560254] (mav_planning_msgs) StdoutLine: {'line': b'-- Up-to-date: /home/aimane/humble_ws/src/VNAV_23/vnav_ws/install/mav_planning_msgs/include/mav_planning_msgs/mav_planning_msgs/msg/polygon_with_holes.h\n'}
[1.560492] (mav_planning_msgs) StdoutLine: {'line': b'-- Up-to-date: /home/aimane/humble_ws/src/VNAV_23/vnav_ws/install/mav_planning_msgs/include/mav_planning_msgs/mav_planning_msgs/msg/polynomial_trajectory4_d.h\n'}
[1.560734] (mav_planning_msgs) StdoutLine: {'line': b'-- Up-to-date: /home/aimane/humble_ws/src/VNAV_23/vnav_ws/install/mav_planning_msgs/include/mav_planning_msgs/mav_planning_msgs/msg/point_cloud_with_pose.h\n'}
[1.560984] (mav_planning_msgs) StdoutLine: {'line': b'-- Up-to-date: /home/aimane/humble_ws/src/VNAV_23/vnav_ws/install/mav_planning_msgs/include/mav_planning_msgs/mav_planning_msgs/msg/rosidl_generator_c__visibility_control.h\n'}
[1.561263] (mav_planning_msgs) StdoutLine: {'line': b'-- Up-to-date: /home/aimane/humble_ws/src/VNAV_23/vnav_ws/install/mav_planning_msgs/include/mav_planning_msgs/mav_planning_msgs/srv\n'}
[1.561466] (mav_planning_msgs) StdoutLine: {'line': b'-- Up-to-date: /home/aimane/humble_ws/src/VNAV_23/vnav_ws/install/mav_planning_msgs/include/mav_planning_msgs/mav_planning_msgs/srv/change_name_service.h\n'}
[1.561654] (mav_planning_msgs) StdoutLine: {'line': b'-- Up-to-date: /home/aimane/humble_ws/src/VNAV_23/vnav_ws/install/mav_planning_msgs/include/mav_planning_msgs/mav_planning_msgs/srv/detail\n'}
[1.561903] (mav_planning_msgs) StdoutLine: {'line': b'-- Up-to-date: /home/aimane/humble_ws/src/VNAV_23/vnav_ws/install/mav_planning_msgs/include/mav_planning_msgs/mav_planning_msgs/srv/detail/planner_service__type_support.h\n'}
[1.562142] (mav_planning_msgs) StdoutLine: {'line': b'-- Up-to-date: /home/aimane/humble_ws/src/VNAV_23/vnav_ws/install/mav_planning_msgs/include/mav_planning_msgs/mav_planning_msgs/srv/detail/planner_service__struct.h\n'}
[1.562338] (mav_planning_msgs) StdoutLine: {'line': b'-- Up-to-date: /home/aimane/humble_ws/src/VNAV_23/vnav_ws/install/mav_planning_msgs/include/mav_planning_msgs/mav_planning_msgs/srv/detail/polygon_service__functions.c\n'}
[1.562493] (mav_planning_msgs) StdoutLine: {'line': b'-- Up-to-date: /home/aimane/humble_ws/src/VNAV_23/vnav_ws/install/mav_planning_msgs/include/mav_planning_msgs/mav_planning_msgs/srv/detail/planner_service__functions.h\n'}
[1.562658] (mav_planning_msgs) StdoutLine: {'line': b'-- Up-to-date: /home/aimane/humble_ws/src/VNAV_23/vnav_ws/install/mav_planning_msgs/include/mav_planning_msgs/mav_planning_msgs/srv/detail/change_name_service__struct.h\n'}
[1.562825] (mav_planning_msgs) StdoutLine: {'line': b'-- Up-to-date: /home/aimane/humble_ws/src/VNAV_23/vnav_ws/install/mav_planning_msgs/include/mav_planning_msgs/mav_planning_msgs/srv/detail/change_name_service__type_support.h\n'}
[1.563024] (mav_planning_msgs) StdoutLine: {'line': b'-- Up-to-date: /home/aimane/humble_ws/src/VNAV_23/vnav_ws/install/mav_planning_msgs/include/mav_planning_msgs/mav_planning_msgs/srv/detail/change_name_service__functions.c\n'}
[1.563244] (mav_planning_msgs) StdoutLine: {'line': b'-- Up-to-date: /home/aimane/humble_ws/src/VNAV_23/vnav_ws/install/mav_planning_msgs/include/mav_planning_msgs/mav_planning_msgs/srv/detail/change_name_service__functions.h\n'}
[1.563466] (mav_planning_msgs) StdoutLine: {'line': b'-- Up-to-date: /home/aimane/humble_ws/src/VNAV_23/vnav_ws/install/mav_planning_msgs/include/mav_planning_msgs/mav_planning_msgs/srv/detail/polygon_service__functions.h\n'}
[1.563686] (mav_planning_msgs) StdoutLine: {'line': b'-- Up-to-date: /home/aimane/humble_ws/src/VNAV_23/vnav_ws/install/mav_planning_msgs/include/mav_planning_msgs/mav_planning_msgs/srv/detail/polygon_service__struct.h\n'}
[1.563888] (mav_planning_msgs) StdoutLine: {'line': b'-- Up-to-date: /home/aimane/humble_ws/src/VNAV_23/vnav_ws/install/mav_planning_msgs/include/mav_planning_msgs/mav_planning_msgs/srv/detail/planner_service__functions.c\n'}
[1.564094] (mav_planning_msgs) StdoutLine: {'line': b'-- Up-to-date: /home/aimane/humble_ws/src/VNAV_23/vnav_ws/install/mav_planning_msgs/include/mav_planning_msgs/mav_planning_msgs/srv/detail/polygon_service__type_support.h\n'}
[1.564273] (mav_planning_msgs) StdoutLine: {'line': b'-- Up-to-date: /home/aimane/humble_ws/src/VNAV_23/vnav_ws/install/mav_planning_msgs/include/mav_planning_msgs/mav_planning_msgs/srv/polygon_service.h\n'}
[1.564443] (mav_planning_msgs) StdoutLine: {'line': b'-- Up-to-date: /home/aimane/humble_ws/src/VNAV_23/vnav_ws/install/mav_planning_msgs/include/mav_planning_msgs/mav_planning_msgs/srv/planner_service.h\n'}
[1.564603] (mav_planning_msgs) StdoutLine: {'line': b'-- Up-to-date: /home/aimane/humble_ws/src/VNAV_23/vnav_ws/install/mav_planning_msgs/share/mav_planning_msgs/environment/library_path.sh\n'}
[1.564758] (mav_planning_msgs) StdoutLine: {'line': b'-- Up-to-date: /home/aimane/humble_ws/src/VNAV_23/vnav_ws/install/mav_planning_msgs/share/mav_planning_msgs/environment/library_path.dsv\n'}
[1.564923] (mav_planning_msgs) StdoutLine: {'line': b'-- Up-to-date: /home/aimane/humble_ws/src/VNAV_23/vnav_ws/install/mav_planning_msgs/lib/libmav_planning_msgs__rosidl_generator_c.so\n'}
[1.565065] (mav_planning_msgs) StdoutLine: {'line': b'-- Up-to-date: /home/aimane/humble_ws/src/VNAV_23/vnav_ws/install/mav_planning_msgs/include/mav_planning_msgs/mav_planning_msgs\n'}
[1.565215] (mav_planning_msgs) StdoutLine: {'line': b'-- Up-to-date: /home/aimane/humble_ws/src/VNAV_23/vnav_ws/install/mav_planning_msgs/include/mav_planning_msgs/mav_planning_msgs/msg\n'}
[1.565324] (mav_planning_msgs) StdoutLine: {'line': b'-- Up-to-date: /home/aimane/humble_ws/src/VNAV_23/vnav_ws/install/mav_planning_msgs/include/mav_planning_msgs/mav_planning_msgs/msg/detail\n'}
[1.565489] (mav_planning_msgs) StdoutLine: {'line': b'-- Up-to-date: /home/aimane/humble_ws/src/VNAV_23/vnav_ws/install/mav_planning_msgs/include/mav_planning_msgs/mav_planning_msgs/msg/detail/polynomial_trajectory4_d__rosidl_typesupport_fastrtps_c.h\n'}
[1.565669] (mav_planning_msgs) StdoutLine: {'line': b'-- Up-to-date: /home/aimane/humble_ws/src/VNAV_23/vnav_ws/install/mav_planning_msgs/include/mav_planning_msgs/mav_planning_msgs/msg/detail/polygon2_d__rosidl_typesupport_fastrtps_c.h\n'}
[1.565836] (mav_planning_msgs) StdoutLine: {'line': b'-- Up-to-date: /home/aimane/humble_ws/src/VNAV_23/vnav_ws/install/mav_planning_msgs/include/mav_planning_msgs/mav_planning_msgs/msg/detail/polygon_with_holes__rosidl_typesupport_fastrtps_c.h\n'}
[1.566003] (mav_planning_msgs) StdoutLine: {'line': b'-- Up-to-date: /home/aimane/humble_ws/src/VNAV_23/vnav_ws/install/mav_planning_msgs/include/mav_planning_msgs/mav_planning_msgs/msg/detail/point_cloud_with_pose__rosidl_typesupport_fastrtps_c.h\n'}
[1.566209] (mav_planning_msgs) StdoutLine: {'line': b'-- Up-to-date: /home/aimane/humble_ws/src/VNAV_23/vnav_ws/install/mav_planning_msgs/include/mav_planning_msgs/mav_planning_msgs/msg/detail/polynomial_segment__rosidl_typesupport_fastrtps_c.h\n'}
[1.566422] (mav_planning_msgs) StdoutLine: {'line': b'-- Up-to-date: /home/aimane/humble_ws/src/VNAV_23/vnav_ws/install/mav_planning_msgs/include/mav_planning_msgs/mav_planning_msgs/msg/detail/polynomial_trajectory__rosidl_typesupport_fastrtps_c.h\n'}
[1.566645] (mav_planning_msgs) StdoutLine: {'line': b'-- Up-to-date: /home/aimane/humble_ws/src/VNAV_23/vnav_ws/install/mav_planning_msgs/include/mav_planning_msgs/mav_planning_msgs/msg/detail/polynomial_segment4_d__rosidl_typesupport_fastrtps_c.h\n'}
[1.566858] (mav_planning_msgs) StdoutLine: {'line': b'-- Up-to-date: /home/aimane/humble_ws/src/VNAV_23/vnav_ws/install/mav_planning_msgs/include/mav_planning_msgs/mav_planning_msgs/msg/detail/point2_d__rosidl_typesupport_fastrtps_c.h\n'}
[1.567062] (mav_planning_msgs) StdoutLine: {'line': b'-- Up-to-date: /home/aimane/humble_ws/src/VNAV_23/vnav_ws/install/mav_planning_msgs/include/mav_planning_msgs/mav_planning_msgs/msg/detail/polygon_with_holes_stamped__rosidl_typesupport_fastrtps_c.h\n'}
[1.567290] (mav_planning_msgs) StdoutLine: {'line': b'-- Up-to-date: /home/aimane/humble_ws/src/VNAV_23/vnav_ws/install/mav_planning_msgs/include/mav_planning_msgs/mav_planning_msgs/msg/rosidl_typesupport_fastrtps_c__visibility_control.h\n'}
[1.567496] (mav_planning_msgs) StdoutLine: {'line': b'-- Up-to-date: /home/aimane/humble_ws/src/VNAV_23/vnav_ws/install/mav_planning_msgs/include/mav_planning_msgs/mav_planning_msgs/srv\n'}
[1.567707] (mav_planning_msgs) StdoutLine: {'line': b'-- Up-to-date: /home/aimane/humble_ws/src/VNAV_23/vnav_ws/install/mav_planning_msgs/include/mav_planning_msgs/mav_planning_msgs/srv/detail\n'}
[1.567874] (mav_planning_msgs) StdoutLine: {'line': b'-- Up-to-date: /home/aimane/humble_ws/src/VNAV_23/vnav_ws/install/mav_planning_msgs/include/mav_planning_msgs/mav_planning_msgs/srv/detail/planner_service__rosidl_typesupport_fastrtps_c.h\n'}
[1.568022] (mav_planning_msgs) StdoutLine: {'line': b'-- Up-to-date: /home/aimane/humble_ws/src/VNAV_23/vnav_ws/install/mav_planning_msgs/include/mav_planning_msgs/mav_planning_msgs/srv/detail/polygon_service__rosidl_typesupport_fastrtps_c.h\n'}
[1.568179] (mav_planning_msgs) StdoutLine: {'line': b'-- Up-to-date: /home/aimane/humble_ws/src/VNAV_23/vnav_ws/install/mav_planning_msgs/include/mav_planning_msgs/mav_planning_msgs/srv/detail/change_name_service__rosidl_typesupport_fastrtps_c.h\n'}
[1.568305] (mav_planning_msgs) StdoutLine: {'line': b'-- Up-to-date: /home/aimane/humble_ws/src/VNAV_23/vnav_ws/install/mav_planning_msgs/lib/libmav_planning_msgs__rosidl_typesupport_fastrtps_c.so\n'}
[1.568452] (mav_planning_msgs) StdoutLine: {'line': b'-- Up-to-date: /home/aimane/humble_ws/src/VNAV_23/vnav_ws/install/mav_planning_msgs/include/mav_planning_msgs/mav_planning_msgs\n'}
[1.568596] (mav_planning_msgs) StdoutLine: {'line': b'-- Up-to-date: /home/aimane/humble_ws/src/VNAV_23/vnav_ws/install/mav_planning_msgs/include/mav_planning_msgs/mav_planning_msgs/msg\n'}
[1.568740] (mav_planning_msgs) StdoutLine: {'line': b'-- Up-to-date: /home/aimane/humble_ws/src/VNAV_23/vnav_ws/install/mav_planning_msgs/include/mav_planning_msgs/mav_planning_msgs/msg/rosidl_typesupport_introspection_c__visibility_control.h\n'}
[1.568899] (mav_planning_msgs) StdoutLine: {'line': b'-- Up-to-date: /home/aimane/humble_ws/src/VNAV_23/vnav_ws/install/mav_planning_msgs/include/mav_planning_msgs/mav_planning_msgs/msg/detail\n'}
[1.569047] (mav_planning_msgs) StdoutLine: {'line': b'-- Up-to-date: /home/aimane/humble_ws/src/VNAV_23/vnav_ws/install/mav_planning_msgs/include/mav_planning_msgs/mav_planning_msgs/msg/detail/polynomial_trajectory4_d__type_support.c\n'}
[1.569193] (mav_planning_msgs) StdoutLine: {'line': b'-- Up-to-date: /home/aimane/humble_ws/src/VNAV_23/vnav_ws/install/mav_planning_msgs/include/mav_planning_msgs/mav_planning_msgs/msg/detail/polynomial_trajectory__rosidl_typesupport_introspection_c.h\n'}
[1.569318] (mav_planning_msgs) StdoutLine: {'line': b'-- Up-to-date: /home/aimane/humble_ws/src/VNAV_23/vnav_ws/install/mav_planning_msgs/include/mav_planning_msgs/mav_planning_msgs/msg/detail/polynomial_trajectory4_d__rosidl_typesupport_introspection_c.h\n'}
[1.569466] (mav_planning_msgs) StdoutLine: {'line': b'-- Up-to-date: /home/aimane/humble_ws/src/VNAV_23/vnav_ws/install/mav_planning_msgs/include/mav_planning_msgs/mav_planning_msgs/msg/detail/polygon_with_holes_stamped__rosidl_typesupport_introspection_c.h\n'}
[1.569612] (mav_planning_msgs) StdoutLine: {'line': b'-- Up-to-date: /home/aimane/humble_ws/src/VNAV_23/vnav_ws/install/mav_planning_msgs/include/mav_planning_msgs/mav_planning_msgs/msg/detail/polygon_with_holes_stamped__type_support.c\n'}
[1.569762] (mav_planning_msgs) StdoutLine: {'line': b'-- Up-to-date: /home/aimane/humble_ws/src/VNAV_23/vnav_ws/install/mav_planning_msgs/include/mav_planning_msgs/mav_planning_msgs/msg/detail/polynomial_segment4_d__rosidl_typesupport_introspection_c.h\n'}
[1.569906] (mav_planning_msgs) StdoutLine: {'line': b'-- Up-to-date: /home/aimane/humble_ws/src/VNAV_23/vnav_ws/install/mav_planning_msgs/include/mav_planning_msgs/mav_planning_msgs/msg/detail/polynomial_segment__type_support.c\n'}
[1.570050] (mav_planning_msgs) StdoutLine: {'line': b'-- Up-to-date: /home/aimane/humble_ws/src/VNAV_23/vnav_ws/install/mav_planning_msgs/include/mav_planning_msgs/mav_planning_msgs/msg/detail/point2_d__rosidl_typesupport_introspection_c.h\n'}
[1.570196] (mav_planning_msgs) StdoutLine: {'line': b'-- Up-to-date: /home/aimane/humble_ws/src/VNAV_23/vnav_ws/install/mav_planning_msgs/include/mav_planning_msgs/mav_planning_msgs/msg/detail/polygon2_d__type_support.c\n'}
[1.570311] (mav_planning_msgs) StdoutLine: {'line': b'-- Up-to-date: /home/aimane/humble_ws/src/VNAV_23/vnav_ws/install/mav_planning_msgs/include/mav_planning_msgs/mav_planning_msgs/msg/detail/polygon2_d__rosidl_typesupport_introspection_c.h\n'}
[1.570413] (mav_planning_msgs) StdoutLine: {'line': b'-- Up-to-date: /home/aimane/humble_ws/src/VNAV_23/vnav_ws/install/mav_planning_msgs/include/mav_planning_msgs/mav_planning_msgs/msg/detail/point_cloud_with_pose__rosidl_typesupport_introspection_c.h\n'}
[1.570516] (mav_planning_msgs) StdoutLine: {'line': b'-- Up-to-date: /home/aimane/humble_ws/src/VNAV_23/vnav_ws/install/mav_planning_msgs/include/mav_planning_msgs/mav_planning_msgs/msg/detail/point_cloud_with_pose__type_support.c\n'}
[1.570620] (mav_planning_msgs) StdoutLine: {'line': b'-- Up-to-date: /home/aimane/humble_ws/src/VNAV_23/vnav_ws/install/mav_planning_msgs/include/mav_planning_msgs/mav_planning_msgs/msg/detail/polygon_with_holes__type_support.c\n'}
[1.570729] (mav_planning_msgs) StdoutLine: {'line': b'-- Up-to-date: /home/aimane/humble_ws/src/VNAV_23/vnav_ws/install/mav_planning_msgs/include/mav_planning_msgs/mav_planning_msgs/msg/detail/point2_d__type_support.c\n'}
[1.570831] (mav_planning_msgs) StdoutLine: {'line': b'-- Up-to-date: /home/aimane/humble_ws/src/VNAV_23/vnav_ws/install/mav_planning_msgs/include/mav_planning_msgs/mav_planning_msgs/msg/detail/polynomial_trajectory__type_support.c\n'}
[1.570934] (mav_planning_msgs) StdoutLine: {'line': b'-- Up-to-date: /home/aimane/humble_ws/src/VNAV_23/vnav_ws/install/mav_planning_msgs/include/mav_planning_msgs/mav_planning_msgs/msg/detail/polygon_with_holes__rosidl_typesupport_introspection_c.h\n'}
[1.571044] (mav_planning_msgs) StdoutLine: {'line': b'-- Up-to-date: /home/aimane/humble_ws/src/VNAV_23/vnav_ws/install/mav_planning_msgs/include/mav_planning_msgs/mav_planning_msgs/msg/detail/polynomial_segment4_d__type_support.c\n'}
[1.571170] (mav_planning_msgs) StdoutLine: {'line': b'-- Up-to-date: /home/aimane/humble_ws/src/VNAV_23/vnav_ws/install/mav_planning_msgs/include/mav_planning_msgs/mav_planning_msgs/msg/detail/polynomial_segment__rosidl_typesupport_introspection_c.h\n'}
[1.571280] (mav_planning_msgs) StdoutLine: {'line': b'-- Up-to-date: /home/aimane/humble_ws/src/VNAV_23/vnav_ws/install/mav_planning_msgs/include/mav_planning_msgs/mav_planning_msgs/srv\n'}
[1.571383] (mav_planning_msgs) StdoutLine: {'line': b'-- Up-to-date: /home/aimane/humble_ws/src/VNAV_23/vnav_ws/install/mav_planning_msgs/include/mav_planning_msgs/mav_planning_msgs/srv/detail\n'}
[1.571487] (mav_planning_msgs) StdoutLine: {'line': b'-- Up-to-date: /home/aimane/humble_ws/src/VNAV_23/vnav_ws/install/mav_planning_msgs/include/mav_planning_msgs/mav_planning_msgs/srv/detail/change_name_service__rosidl_typesupport_introspection_c.h\n'}
[1.571600] (mav_planning_msgs) StdoutLine: {'line': b'-- Up-to-date: /home/aimane/humble_ws/src/VNAV_23/vnav_ws/install/mav_planning_msgs/include/mav_planning_msgs/mav_planning_msgs/srv/detail/planner_service__rosidl_typesupport_introspection_c.h\n'}
[1.571705] (mav_planning_msgs) StdoutLine: {'line': b'-- Up-to-date: /home/aimane/humble_ws/src/VNAV_23/vnav_ws/install/mav_planning_msgs/include/mav_planning_msgs/mav_planning_msgs/srv/detail/change_name_service__type_support.c\n'}
[1.571807] (mav_planning_msgs) StdoutLine: {'line': b'-- Up-to-date: /home/aimane/humble_ws/src/VNAV_23/vnav_ws/install/mav_planning_msgs/include/mav_planning_msgs/mav_planning_msgs/srv/detail/polygon_service__type_support.c\n'}
[1.571915] (mav_planning_msgs) StdoutLine: {'line': b'-- Up-to-date: /home/aimane/humble_ws/src/VNAV_23/vnav_ws/install/mav_planning_msgs/include/mav_planning_msgs/mav_planning_msgs/srv/detail/polygon_service__rosidl_typesupport_introspection_c.h\n'}
[1.572022] (mav_planning_msgs) StdoutLine: {'line': b'-- Up-to-date: /home/aimane/humble_ws/src/VNAV_23/vnav_ws/install/mav_planning_msgs/include/mav_planning_msgs/mav_planning_msgs/srv/detail/planner_service__type_support.c\n'}
[1.572125] (mav_planning_msgs) StdoutLine: {'line': b'-- Up-to-date: /home/aimane/humble_ws/src/VNAV_23/vnav_ws/install/mav_planning_msgs/lib/libmav_planning_msgs__rosidl_typesupport_introspection_c.so\n'}
[1.572252] (mav_planning_msgs) StdoutLine: {'line': b'-- Up-to-date: /home/aimane/humble_ws/src/VNAV_23/vnav_ws/install/mav_planning_msgs/lib/libmav_planning_msgs__rosidl_typesupport_c.so\n'}
[1.572355] (mav_planning_msgs) StdoutLine: {'line': b'-- Up-to-date: /home/aimane/humble_ws/src/VNAV_23/vnav_ws/install/mav_planning_msgs/include/mav_planning_msgs/mav_planning_msgs\n'}
[1.572453] (mav_planning_msgs) StdoutLine: {'line': b'-- Up-to-date: /home/aimane/humble_ws/src/VNAV_23/vnav_ws/install/mav_planning_msgs/include/mav_planning_msgs/mav_planning_msgs/msg\n'}
[1.572555] (mav_planning_msgs) StdoutLine: {'line': b'-- Up-to-date: /home/aimane/humble_ws/src/VNAV_23/vnav_ws/install/mav_planning_msgs/include/mav_planning_msgs/mav_planning_msgs/msg/polynomial_trajectory.hpp\n'}
[1.572660] (mav_planning_msgs) StdoutLine: {'line': b'-- Up-to-date: /home/aimane/humble_ws/src/VNAV_23/vnav_ws/install/mav_planning_msgs/include/mav_planning_msgs/mav_planning_msgs/msg/point2_d.hpp\n'}
[1.572762] (mav_planning_msgs) StdoutLine: {'line': b'-- Up-to-date: /home/aimane/humble_ws/src/VNAV_23/vnav_ws/install/mav_planning_msgs/include/mav_planning_msgs/mav_planning_msgs/msg/detail\n'}
[1.572865] (mav_planning_msgs) StdoutLine: {'line': b'-- Up-to-date: /home/aimane/humble_ws/src/VNAV_23/vnav_ws/install/mav_planning_msgs/include/mav_planning_msgs/mav_planning_msgs/msg/detail/polynomial_segment4_d__traits.hpp\n'}
[1.572966] (mav_planning_msgs) StdoutLine: {'line': b'-- Up-to-date: /home/aimane/humble_ws/src/VNAV_23/vnav_ws/install/mav_planning_msgs/include/mav_planning_msgs/mav_planning_msgs/msg/detail/polynomial_segment__traits.hpp\n'}
[1.573075] (mav_planning_msgs) StdoutLine: {'line': b'-- Up-to-date: /home/aimane/humble_ws/src/VNAV_23/vnav_ws/install/mav_planning_msgs/include/mav_planning_msgs/mav_planning_msgs/msg/detail/polynomial_segment4_d__struct.hpp\n'}
[1.573194] (mav_planning_msgs) StdoutLine: {'line': b'-- Up-to-date: /home/aimane/humble_ws/src/VNAV_23/vnav_ws/install/mav_planning_msgs/include/mav_planning_msgs/mav_planning_msgs/msg/detail/polynomial_trajectory__traits.hpp\n'}
[1.573313] (mav_planning_msgs) StdoutLine: {'line': b'-- Up-to-date: /home/aimane/humble_ws/src/VNAV_23/vnav_ws/install/mav_planning_msgs/include/mav_planning_msgs/mav_planning_msgs/msg/detail/polynomial_trajectory4_d__struct.hpp\n'}
[1.573422] (mav_planning_msgs) StdoutLine: {'line': b'-- Up-to-date: /home/aimane/humble_ws/src/VNAV_23/vnav_ws/install/mav_planning_msgs/include/mav_planning_msgs/mav_planning_msgs/msg/detail/polygon2_d__traits.hpp\n'}
[1.573543] (mav_planning_msgs) StdoutLine: {'line': b'-- Up-to-date: /home/aimane/humble_ws/src/VNAV_23/vnav_ws/install/mav_planning_msgs/include/mav_planning_msgs/mav_planning_msgs/msg/detail/polygon2_d__builder.hpp\n'}
[1.573663] (mav_planning_msgs) StdoutLine: {'line': b'-- Up-to-date: /home/aimane/humble_ws/src/VNAV_23/vnav_ws/install/mav_planning_msgs/include/mav_planning_msgs/mav_planning_msgs/msg/detail/polygon_with_holes_stamped__struct.hpp\n'}
[1.573771] (mav_planning_msgs) StdoutLine: {'line': b'-- Up-to-date: /home/aimane/humble_ws/src/VNAV_23/vnav_ws/install/mav_planning_msgs/include/mav_planning_msgs/mav_planning_msgs/msg/detail/polynomial_trajectory__type_support.hpp\n'}
[1.573874] (mav_planning_msgs) StdoutLine: {'line': b'-- Up-to-date: /home/aimane/humble_ws/src/VNAV_23/vnav_ws/install/mav_planning_msgs/include/mav_planning_msgs/mav_planning_msgs/msg/detail/polynomial_trajectory__struct.hpp\n'}
[1.573977] (mav_planning_msgs) StdoutLine: {'line': b'-- Up-to-date: /home/aimane/humble_ws/src/VNAV_23/vnav_ws/install/mav_planning_msgs/include/mav_planning_msgs/mav_planning_msgs/msg/detail/polygon_with_holes__traits.hpp\n'}
[1.574080] (mav_planning_msgs) StdoutLine: {'line': b'-- Up-to-date: /home/aimane/humble_ws/src/VNAV_23/vnav_ws/install/mav_planning_msgs/include/mav_planning_msgs/mav_planning_msgs/msg/detail/polynomial_segment__builder.hpp\n'}
[1.574199] (mav_planning_msgs) StdoutLine: {'line': b'-- Up-to-date: /home/aimane/humble_ws/src/VNAV_23/vnav_ws/install/mav_planning_msgs/include/mav_planning_msgs/mav_planning_msgs/msg/detail/polygon2_d__type_support.hpp\n'}
[1.574320] (mav_planning_msgs) StdoutLine: {'line': b'-- Up-to-date: /home/aimane/humble_ws/src/VNAV_23/vnav_ws/install/mav_planning_msgs/include/mav_planning_msgs/mav_planning_msgs/msg/detail/point_cloud_with_pose__type_support.hpp\n'}
[1.574425] (mav_planning_msgs) StdoutLine: {'line': b'-- Up-to-date: /home/aimane/humble_ws/src/VNAV_23/vnav_ws/install/mav_planning_msgs/include/mav_planning_msgs/mav_planning_msgs/msg/detail/point_cloud_with_pose__struct.hpp\n'}
[1.574527] (mav_planning_msgs) StdoutLine: {'line': b'-- Up-to-date: /home/aimane/humble_ws/src/VNAV_23/vnav_ws/install/mav_planning_msgs/include/mav_planning_msgs/mav_planning_msgs/msg/detail/polygon_with_holes__type_support.hpp\n'}
[1.574627] (mav_planning_msgs) StdoutLine: {'line': b'-- Up-to-date: /home/aimane/humble_ws/src/VNAV_23/vnav_ws/install/mav_planning_msgs/include/mav_planning_msgs/mav_planning_msgs/msg/detail/polynomial_trajectory__builder.hpp\n'}
[1.574727] (mav_planning_msgs) StdoutLine: {'line': b'-- Up-to-date: /home/aimane/humble_ws/src/VNAV_23/vnav_ws/install/mav_planning_msgs/include/mav_planning_msgs/mav_planning_msgs/msg/detail/point_cloud_with_pose__traits.hpp\n'}
[1.574835] (mav_planning_msgs) StdoutLine: {'line': b'-- Up-to-date: /home/aimane/humble_ws/src/VNAV_23/vnav_ws/install/mav_planning_msgs/include/mav_planning_msgs/mav_planning_msgs/msg/detail/polynomial_trajectory4_d__type_support.hpp\n'}
[1.574942] (mav_planning_msgs) StdoutLine: {'line': b'-- Up-to-date: /home/aimane/humble_ws/src/VNAV_23/vnav_ws/install/mav_planning_msgs/include/mav_planning_msgs/mav_planning_msgs/msg/detail/polygon2_d__struct.hpp\n'}
[1.575067] (mav_planning_msgs) StdoutLine: {'line': b'-- Up-to-date: /home/aimane/humble_ws/src/VNAV_23/vnav_ws/install/mav_planning_msgs/include/mav_planning_msgs/mav_planning_msgs/msg/detail/polygon_with_holes__struct.hpp\n'}
[1.575184] (mav_planning_msgs) StdoutLine: {'line': b'-- Up-to-date: /home/aimane/humble_ws/src/VNAV_23/vnav_ws/install/mav_planning_msgs/include/mav_planning_msgs/mav_planning_msgs/msg/detail/polynomial_trajectory4_d__traits.hpp\n'}
[1.575292] (mav_planning_msgs) StdoutLine: {'line': b'-- Up-to-date: /home/aimane/humble_ws/src/VNAV_23/vnav_ws/install/mav_planning_msgs/include/mav_planning_msgs/mav_planning_msgs/msg/detail/point2_d__builder.hpp\n'}
[1.575393] (mav_planning_msgs) StdoutLine: {'line': b'-- Up-to-date: /home/aimane/humble_ws/src/VNAV_23/vnav_ws/install/mav_planning_msgs/include/mav_planning_msgs/mav_planning_msgs/msg/detail/polygon_with_holes_stamped__traits.hpp\n'}
[1.575493] (mav_planning_msgs) StdoutLine: {'line': b'-- Up-to-date: /home/aimane/humble_ws/src/VNAV_23/vnav_ws/install/mav_planning_msgs/include/mav_planning_msgs/mav_planning_msgs/msg/detail/point2_d__type_support.hpp\n'}
[1.575591] (mav_planning_msgs) StdoutLine: {'line': b'-- Up-to-date: /home/aimane/humble_ws/src/VNAV_23/vnav_ws/install/mav_planning_msgs/include/mav_planning_msgs/mav_planning_msgs/msg/detail/point2_d__struct.hpp\n'}
[1.575692] (mav_planning_msgs) StdoutLine: {'line': b'-- Up-to-date: /home/aimane/humble_ws/src/VNAV_23/vnav_ws/install/mav_planning_msgs/include/mav_planning_msgs/mav_planning_msgs/msg/detail/polygon_with_holes__builder.hpp\n'}
[1.575793] (mav_planning_msgs) StdoutLine: {'line': b'-- Up-to-date: /home/aimane/humble_ws/src/VNAV_23/vnav_ws/install/mav_planning_msgs/include/mav_planning_msgs/mav_planning_msgs/msg/detail/polynomial_segment__struct.hpp\n'}
[1.575893] (mav_planning_msgs) StdoutLine: {'line': b'-- Up-to-date: /home/aimane/humble_ws/src/VNAV_23/vnav_ws/install/mav_planning_msgs/include/mav_planning_msgs/mav_planning_msgs/msg/detail/polynomial_trajectory4_d__builder.hpp\n'}
[1.575993] (mav_planning_msgs) StdoutLine: {'line': b'-- Up-to-date: /home/aimane/humble_ws/src/VNAV_23/vnav_ws/install/mav_planning_msgs/include/mav_planning_msgs/mav_planning_msgs/msg/detail/polynomial_segment4_d__type_support.hpp\n'}
[1.576092] (mav_planning_msgs) StdoutLine: {'line': b'-- Up-to-date: /home/aimane/humble_ws/src/VNAV_23/vnav_ws/install/mav_planning_msgs/include/mav_planning_msgs/mav_planning_msgs/msg/detail/polynomial_segment__type_support.hpp\n'}
[1.576207] (mav_planning_msgs) StdoutLine: {'line': b'-- Up-to-date: /home/aimane/humble_ws/src/VNAV_23/vnav_ws/install/mav_planning_msgs/include/mav_planning_msgs/mav_planning_msgs/msg/detail/point2_d__traits.hpp\n'}
[1.576311] (mav_planning_msgs) StdoutLine: {'line': b'-- Up-to-date: /home/aimane/humble_ws/src/VNAV_23/vnav_ws/install/mav_planning_msgs/include/mav_planning_msgs/mav_planning_msgs/msg/detail/polygon_with_holes_stamped__builder.hpp\n'}
[1.576411] (mav_planning_msgs) StdoutLine: {'line': b'-- Up-to-date: /home/aimane/humble_ws/src/VNAV_23/vnav_ws/install/mav_planning_msgs/include/mav_planning_msgs/mav_planning_msgs/msg/detail/polygon_with_holes_stamped__type_support.hpp\n'}
[1.576513] (mav_planning_msgs) StdoutLine: {'line': b'-- Up-to-date: /home/aimane/humble_ws/src/VNAV_23/vnav_ws/install/mav_planning_msgs/include/mav_planning_msgs/mav_planning_msgs/msg/detail/polynomial_segment4_d__builder.hpp\n'}
[1.576611] (mav_planning_msgs) StdoutLine: {'line': b'-- Up-to-date: /home/aimane/humble_ws/src/VNAV_23/vnav_ws/install/mav_planning_msgs/include/mav_planning_msgs/mav_planning_msgs/msg/detail/point_cloud_with_pose__builder.hpp\n'}
[1.576721] (mav_planning_msgs) StdoutLine: {'line': b'-- Up-to-date: /home/aimane/humble_ws/src/VNAV_23/vnav_ws/install/mav_planning_msgs/include/mav_planning_msgs/mav_planning_msgs/msg/polynomial_segment4_d.hpp\n'}
[1.576851] (mav_planning_msgs) StdoutLine: {'line': b'-- Up-to-date: /home/aimane/humble_ws/src/VNAV_23/vnav_ws/install/mav_planning_msgs/include/mav_planning_msgs/mav_planning_msgs/msg/polynomial_segment.hpp\n'}
[1.576960] (mav_planning_msgs) StdoutLine: {'line': b'-- Up-to-date: /home/aimane/humble_ws/src/VNAV_23/vnav_ws/install/mav_planning_msgs/include/mav_planning_msgs/mav_planning_msgs/msg/polygon2_d.hpp\n'}
[1.577061] (mav_planning_msgs) StdoutLine: {'line': b'-- Up-to-date: /home/aimane/humble_ws/src/VNAV_23/vnav_ws/install/mav_planning_msgs/include/mav_planning_msgs/mav_planning_msgs/msg/point_cloud_with_pose.hpp\n'}
[1.577169] (mav_planning_msgs) StdoutLine: {'line': b'-- Up-to-date: /home/aimane/humble_ws/src/VNAV_23/vnav_ws/install/mav_planning_msgs/include/mav_planning_msgs/mav_planning_msgs/msg/polynomial_trajectory4_d.hpp\n'}
[1.577283] (mav_planning_msgs) StdoutLine: {'line': b'-- Up-to-date: /home/aimane/humble_ws/src/VNAV_23/vnav_ws/install/mav_planning_msgs/include/mav_planning_msgs/mav_planning_msgs/msg/polygon_with_holes_stamped.hpp\n'}
[1.577384] (mav_planning_msgs) StdoutLine: {'line': b'-- Up-to-date: /home/aimane/humble_ws/src/VNAV_23/vnav_ws/install/mav_planning_msgs/include/mav_planning_msgs/mav_planning_msgs/msg/polygon_with_holes.hpp\n'}
[1.577484] (mav_planning_msgs) StdoutLine: {'line': b'-- Up-to-date: /home/aimane/humble_ws/src/VNAV_23/vnav_ws/install/mav_planning_msgs/include/mav_planning_msgs/mav_planning_msgs/msg/rosidl_generator_cpp__visibility_control.hpp\n'}
[1.577583] (mav_planning_msgs) StdoutLine: {'line': b'-- Up-to-date: /home/aimane/humble_ws/src/VNAV_23/vnav_ws/install/mav_planning_msgs/include/mav_planning_msgs/mav_planning_msgs/srv\n'}
[1.577680] (mav_planning_msgs) StdoutLine: {'line': b'-- Up-to-date: /home/aimane/humble_ws/src/VNAV_23/vnav_ws/install/mav_planning_msgs/include/mav_planning_msgs/mav_planning_msgs/srv/detail\n'}
[1.577778] (mav_planning_msgs) StdoutLine: {'line': b'-- Up-to-date: /home/aimane/humble_ws/src/VNAV_23/vnav_ws/install/mav_planning_msgs/include/mav_planning_msgs/mav_planning_msgs/srv/detail/planner_service__type_support.hpp\n'}
[1.577892] (mav_planning_msgs) StdoutLine: {'line': b'-- Up-to-date: /home/aimane/humble_ws/src/VNAV_23/vnav_ws/install/mav_planning_msgs/include/mav_planning_msgs/mav_planning_msgs/srv/detail/change_name_service__struct.hpp\n'}
[1.577993] (mav_planning_msgs) StdoutLine: {'line': b'-- Up-to-date: /home/aimane/humble_ws/src/VNAV_23/vnav_ws/install/mav_planning_msgs/include/mav_planning_msgs/mav_planning_msgs/srv/detail/planner_service__traits.hpp\n'}
[1.578091] (mav_planning_msgs) StdoutLine: {'line': b'-- Up-to-date: /home/aimane/humble_ws/src/VNAV_23/vnav_ws/install/mav_planning_msgs/include/mav_planning_msgs/mav_planning_msgs/srv/detail/polygon_service__struct.hpp\n'}
[1.578207] (mav_planning_msgs) StdoutLine: {'line': b'-- Up-to-date: /home/aimane/humble_ws/src/VNAV_23/vnav_ws/install/mav_planning_msgs/include/mav_planning_msgs/mav_planning_msgs/srv/detail/polygon_service__traits.hpp\n'}
[1.578309] (mav_planning_msgs) StdoutLine: {'line': b'-- Up-to-date: /home/aimane/humble_ws/src/VNAV_23/vnav_ws/install/mav_planning_msgs/include/mav_planning_msgs/mav_planning_msgs/srv/detail/change_name_service__builder.hpp\n'}
[1.578410] (mav_planning_msgs) StdoutLine: {'line': b'-- Up-to-date: /home/aimane/humble_ws/src/VNAV_23/vnav_ws/install/mav_planning_msgs/include/mav_planning_msgs/mav_planning_msgs/srv/detail/planner_service__struct.hpp\n'}
[1.578505] (mav_planning_msgs) StdoutLine: {'line': b'-- Up-to-date: /home/aimane/humble_ws/src/VNAV_23/vnav_ws/install/mav_planning_msgs/include/mav_planning_msgs/mav_planning_msgs/srv/detail/change_name_service__traits.hpp\n'}
[1.578605] (mav_planning_msgs) StdoutLine: {'line': b'-- Up-to-date: /home/aimane/humble_ws/src/VNAV_23/vnav_ws/install/mav_planning_msgs/include/mav_planning_msgs/mav_planning_msgs/srv/detail/change_name_service__type_support.hpp\n'}
[1.578704] (mav_planning_msgs) StdoutLine: {'line': b'-- Up-to-date: /home/aimane/humble_ws/src/VNAV_23/vnav_ws/install/mav_planning_msgs/include/mav_planning_msgs/mav_planning_msgs/srv/detail/polygon_service__builder.hpp\n'}
[1.578813] (mav_planning_msgs) StdoutLine: {'line': b'-- Up-to-date: /home/aimane/humble_ws/src/VNAV_23/vnav_ws/install/mav_planning_msgs/include/mav_planning_msgs/mav_planning_msgs/srv/detail/polygon_service__type_support.hpp\n'}
[1.578913] (mav_planning_msgs) StdoutLine: {'line': b'-- Up-to-date: /home/aimane/humble_ws/src/VNAV_23/vnav_ws/install/mav_planning_msgs/include/mav_planning_msgs/mav_planning_msgs/srv/detail/planner_service__builder.hpp\n'}
[1.579038] (mav_planning_msgs) StdoutLine: {'line': b'-- Up-to-date: /home/aimane/humble_ws/src/VNAV_23/vnav_ws/install/mav_planning_msgs/include/mav_planning_msgs/mav_planning_msgs/srv/change_name_service.hpp\n'}
[1.579150] (mav_planning_msgs) StdoutLine: {'line': b'-- Up-to-date: /home/aimane/humble_ws/src/VNAV_23/vnav_ws/install/mav_planning_msgs/include/mav_planning_msgs/mav_planning_msgs/srv/polygon_service.hpp\n'}
[1.579265] (mav_planning_msgs) StdoutLine: {'line': b'-- Up-to-date: /home/aimane/humble_ws/src/VNAV_23/vnav_ws/install/mav_planning_msgs/include/mav_planning_msgs/mav_planning_msgs/srv/planner_service.hpp\n'}
[1.579365] (mav_planning_msgs) StdoutLine: {'line': b'-- Up-to-date: /home/aimane/humble_ws/src/VNAV_23/vnav_ws/install/mav_planning_msgs/include/mav_planning_msgs/mav_planning_msgs\n'}
[1.579467] (mav_planning_msgs) StdoutLine: {'line': b'-- Up-to-date: /home/aimane/humble_ws/src/VNAV_23/vnav_ws/install/mav_planning_msgs/include/mav_planning_msgs/mav_planning_msgs/msg\n'}
[1.579580] (mav_planning_msgs) StdoutLine: {'line': b'-- Up-to-date: /home/aimane/humble_ws/src/VNAV_23/vnav_ws/install/mav_planning_msgs/include/mav_planning_msgs/mav_planning_msgs/msg/detail\n'}
[1.579679] (mav_planning_msgs) StdoutLine: {'line': b'-- Up-to-date: /home/aimane/humble_ws/src/VNAV_23/vnav_ws/install/mav_planning_msgs/include/mav_planning_msgs/mav_planning_msgs/msg/detail/polygon_with_holes_stamped__rosidl_typesupport_fastrtps_cpp.hpp\n'}
[1.579786] (mav_planning_msgs) StdoutLine: {'line': b'-- Up-to-date: /home/aimane/humble_ws/src/VNAV_23/vnav_ws/install/mav_planning_msgs/include/mav_planning_msgs/mav_planning_msgs/msg/detail/polygon2_d__rosidl_typesupport_fastrtps_cpp.hpp\n'}
[1.579888] (mav_planning_msgs) StdoutLine: {'line': b'-- Up-to-date: /home/aimane/humble_ws/src/VNAV_23/vnav_ws/install/mav_planning_msgs/include/mav_planning_msgs/mav_planning_msgs/msg/detail/dds_fastrtps\n'}
[1.579986] (mav_planning_msgs) StdoutLine: {'line': b'-- Up-to-date: /home/aimane/humble_ws/src/VNAV_23/vnav_ws/install/mav_planning_msgs/include/mav_planning_msgs/mav_planning_msgs/msg/detail/polynomial_trajectory4_d__rosidl_typesupport_fastrtps_cpp.hpp\n'}
[1.580088] (mav_planning_msgs) StdoutLine: {'line': b'-- Up-to-date: /home/aimane/humble_ws/src/VNAV_23/vnav_ws/install/mav_planning_msgs/include/mav_planning_msgs/mav_planning_msgs/msg/detail/point_cloud_with_pose__rosidl_typesupport_fastrtps_cpp.hpp\n'}
[1.580210] (mav_planning_msgs) StdoutLine: {'line': b'-- Up-to-date: /home/aimane/humble_ws/src/VNAV_23/vnav_ws/install/mav_planning_msgs/include/mav_planning_msgs/mav_planning_msgs/msg/detail/polynomial_segment4_d__rosidl_typesupport_fastrtps_cpp.hpp\n'}
[1.580319] (mav_planning_msgs) StdoutLine: {'line': b'-- Up-to-date: /home/aimane/humble_ws/src/VNAV_23/vnav_ws/install/mav_planning_msgs/include/mav_planning_msgs/mav_planning_msgs/msg/detail/polynomial_segment__rosidl_typesupport_fastrtps_cpp.hpp\n'}
[1.580420] (mav_planning_msgs) StdoutLine: {'line': b'-- Up-to-date: /home/aimane/humble_ws/src/VNAV_23/vnav_ws/install/mav_planning_msgs/include/mav_planning_msgs/mav_planning_msgs/msg/detail/polygon_with_holes__rosidl_typesupport_fastrtps_cpp.hpp\n'}
[1.580523] (mav_planning_msgs) StdoutLine: {'line': b'-- Up-to-date: /home/aimane/humble_ws/src/VNAV_23/vnav_ws/install/mav_planning_msgs/include/mav_planning_msgs/mav_planning_msgs/msg/detail/polynomial_trajectory__rosidl_typesupport_fastrtps_cpp.hpp\n'}
[1.580620] (mav_planning_msgs) StdoutLine: {'line': b'-- Up-to-date: /home/aimane/humble_ws/src/VNAV_23/vnav_ws/install/mav_planning_msgs/include/mav_planning_msgs/mav_planning_msgs/msg/detail/point2_d__rosidl_typesupport_fastrtps_cpp.hpp\n'}
[1.580727] (mav_planning_msgs) StdoutLine: {'line': b'-- Up-to-date: /home/aimane/humble_ws/src/VNAV_23/vnav_ws/install/mav_planning_msgs/include/mav_planning_msgs/mav_planning_msgs/msg/rosidl_typesupport_fastrtps_cpp__visibility_control.h\n'}
[1.580831] (mav_planning_msgs) StdoutLine: {'line': b'-- Up-to-date: /home/aimane/humble_ws/src/VNAV_23/vnav_ws/install/mav_planning_msgs/include/mav_planning_msgs/mav_planning_msgs/srv\n'}
[1.580932] (mav_planning_msgs) StdoutLine: {'line': b'-- Up-to-date: /home/aimane/humble_ws/src/VNAV_23/vnav_ws/install/mav_planning_msgs/include/mav_planning_msgs/mav_planning_msgs/srv/detail\n'}
[1.581035] (mav_planning_msgs) StdoutLine: {'line': b'-- Up-to-date: /home/aimane/humble_ws/src/VNAV_23/vnav_ws/install/mav_planning_msgs/include/mav_planning_msgs/mav_planning_msgs/srv/detail/dds_fastrtps\n'}
[1.581142] (mav_planning_msgs) StdoutLine: {'line': b'-- Up-to-date: /home/aimane/humble_ws/src/VNAV_23/vnav_ws/install/mav_planning_msgs/include/mav_planning_msgs/mav_planning_msgs/srv/detail/planner_service__rosidl_typesupport_fastrtps_cpp.hpp\n'}
[1.581252] (mav_planning_msgs) StdoutLine: {'line': b'-- Up-to-date: /home/aimane/humble_ws/src/VNAV_23/vnav_ws/install/mav_planning_msgs/include/mav_planning_msgs/mav_planning_msgs/srv/detail/polygon_service__rosidl_typesupport_fastrtps_cpp.hpp\n'}
[1.581352] (mav_planning_msgs) StdoutLine: {'line': b'-- Up-to-date: /home/aimane/humble_ws/src/VNAV_23/vnav_ws/install/mav_planning_msgs/include/mav_planning_msgs/mav_planning_msgs/srv/detail/change_name_service__rosidl_typesupport_fastrtps_cpp.hpp\n'}
[1.581451] (mav_planning_msgs) StdoutLine: {'line': b'-- Up-to-date: /home/aimane/humble_ws/src/VNAV_23/vnav_ws/install/mav_planning_msgs/lib/libmav_planning_msgs__rosidl_typesupport_fastrtps_cpp.so\n'}
[1.581551] (mav_planning_msgs) StdoutLine: {'line': b'-- Up-to-date: /home/aimane/humble_ws/src/VNAV_23/vnav_ws/install/mav_planning_msgs/include/mav_planning_msgs/mav_planning_msgs\n'}
[1.581648] (mav_planning_msgs) StdoutLine: {'line': b'-- Up-to-date: /home/aimane/humble_ws/src/VNAV_23/vnav_ws/install/mav_planning_msgs/include/mav_planning_msgs/mav_planning_msgs/msg\n'}
[1.581748] (mav_planning_msgs) StdoutLine: {'line': b'-- Up-to-date: /home/aimane/humble_ws/src/VNAV_23/vnav_ws/install/mav_planning_msgs/include/mav_planning_msgs/mav_planning_msgs/msg/detail\n'}
[1.581844] (mav_planning_msgs) StdoutLine: {'line': b'-- Up-to-date: /home/aimane/humble_ws/src/VNAV_23/vnav_ws/install/mav_planning_msgs/include/mav_planning_msgs/mav_planning_msgs/msg/detail/polynomial_trajectory__type_support.cpp\n'}
[1.581943] (mav_planning_msgs) StdoutLine: {'line': b'-- Up-to-date: /home/aimane/humble_ws/src/VNAV_23/vnav_ws/install/mav_planning_msgs/include/mav_planning_msgs/mav_planning_msgs/msg/detail/point2_d__type_support.cpp\n'}
[1.582062] (mav_planning_msgs) StdoutLine: {'line': b'-- Up-to-date: /home/aimane/humble_ws/src/VNAV_23/vnav_ws/install/mav_planning_msgs/include/mav_planning_msgs/mav_planning_msgs/msg/detail/polynomial_trajectory4_d__rosidl_typesupport_introspection_cpp.hpp\n'}
[1.582176] (mav_planning_msgs) StdoutLine: {'line': b'-- Up-to-date: /home/aimane/humble_ws/src/VNAV_23/vnav_ws/install/mav_planning_msgs/include/mav_planning_msgs/mav_planning_msgs/msg/detail/polygon_with_holes_stamped__rosidl_typesupport_introspection_cpp.hpp\n'}
[1.582285] (mav_planning_msgs) StdoutLine: {'line': b'-- Up-to-date: /home/aimane/humble_ws/src/VNAV_23/vnav_ws/install/mav_planning_msgs/include/mav_planning_msgs/mav_planning_msgs/msg/detail/polygon_with_holes__type_support.cpp\n'}
[1.582385] (mav_planning_msgs) StdoutLine: {'line': b'-- Up-to-date: /home/aimane/humble_ws/src/VNAV_23/vnav_ws/install/mav_planning_msgs/include/mav_planning_msgs/mav_planning_msgs/msg/detail/polynomial_segment__type_support.cpp\n'}
[1.582484] (mav_planning_msgs) StdoutLine: {'line': b'-- Up-to-date: /home/aimane/humble_ws/src/VNAV_23/vnav_ws/install/mav_planning_msgs/include/mav_planning_msgs/mav_planning_msgs/msg/detail/polynomial_trajectory4_d__type_support.cpp\n'}
[1.582590] (mav_planning_msgs) StdoutLine: {'line': b'-- Up-to-date: /home/aimane/humble_ws/src/VNAV_23/vnav_ws/install/mav_planning_msgs/include/mav_planning_msgs/mav_planning_msgs/msg/detail/polynomial_segment4_d__rosidl_typesupport_introspection_cpp.hpp\n'}
[1.582690] (mav_planning_msgs) StdoutLine: {'line': b'-- Up-to-date: /home/aimane/humble_ws/src/VNAV_23/vnav_ws/install/mav_planning_msgs/include/mav_planning_msgs/mav_planning_msgs/msg/detail/point_cloud_with_pose__rosidl_typesupport_introspection_cpp.hpp\n'}
[1.582792] (mav_planning_msgs) StdoutLine: {'line': b'-- Up-to-date: /home/aimane/humble_ws/src/VNAV_23/vnav_ws/install/mav_planning_msgs/include/mav_planning_msgs/mav_planning_msgs/msg/detail/point_cloud_with_pose__type_support.cpp\n'}
[1.582892] (mav_planning_msgs) StdoutLine: {'line': b'-- Up-to-date: /home/aimane/humble_ws/src/VNAV_23/vnav_ws/install/mav_planning_msgs/include/mav_planning_msgs/mav_planning_msgs/msg/detail/polygon2_d__type_support.cpp\n'}
[1.582994] (mav_planning_msgs) StdoutLine: {'line': b'-- Up-to-date: /home/aimane/humble_ws/src/VNAV_23/vnav_ws/install/mav_planning_msgs/include/mav_planning_msgs/mav_planning_msgs/msg/detail/polynomial_trajectory__rosidl_typesupport_introspection_cpp.hpp\n'}
[1.583105] (mav_planning_msgs) StdoutLine: {'line': b'-- Up-to-date: /home/aimane/humble_ws/src/VNAV_23/vnav_ws/install/mav_planning_msgs/include/mav_planning_msgs/mav_planning_msgs/msg/detail/polygon_with_holes__rosidl_typesupport_introspection_cpp.hpp\n'}
[1.583225] (mav_planning_msgs) StdoutLine: {'line': b'-- Up-to-date: /home/aimane/humble_ws/src/VNAV_23/vnav_ws/install/mav_planning_msgs/include/mav_planning_msgs/mav_planning_msgs/msg/detail/polynomial_segment4_d__type_support.cpp\n'}
[1.583329] (mav_planning_msgs) StdoutLine: {'line': b'-- Up-to-date: /home/aimane/humble_ws/src/VNAV_23/vnav_ws/install/mav_planning_msgs/include/mav_planning_msgs/mav_planning_msgs/msg/detail/polygon2_d__rosidl_typesupport_introspection_cpp.hpp\n'}
[1.583430] (mav_planning_msgs) StdoutLine: {'line': b'-- Up-to-date: /home/aimane/humble_ws/src/VNAV_23/vnav_ws/install/mav_planning_msgs/include/mav_planning_msgs/mav_planning_msgs/msg/detail/point2_d__rosidl_typesupport_introspection_cpp.hpp\n'}
[1.583526] (mav_planning_msgs) StdoutLine: {'line': b'-- Up-to-date: /home/aimane/humble_ws/src/VNAV_23/vnav_ws/install/mav_planning_msgs/include/mav_planning_msgs/mav_planning_msgs/msg/detail/polynomial_segment__rosidl_typesupport_introspection_cpp.hpp\n'}
[1.583625] (mav_planning_msgs) StdoutLine: {'line': b'-- Up-to-date: /home/aimane/humble_ws/src/VNAV_23/vnav_ws/install/mav_planning_msgs/include/mav_planning_msgs/mav_planning_msgs/msg/detail/polygon_with_holes_stamped__type_support.cpp\n'}
[1.583724] (mav_planning_msgs) StdoutLine: {'line': b'-- Up-to-date: /home/aimane/humble_ws/src/VNAV_23/vnav_ws/install/mav_planning_msgs/include/mav_planning_msgs/mav_planning_msgs/srv\n'}
[1.583822] (mav_planning_msgs) StdoutLine: {'line': b'-- Up-to-date: /home/aimane/humble_ws/src/VNAV_23/vnav_ws/install/mav_planning_msgs/include/mav_planning_msgs/mav_planning_msgs/srv/detail\n'}
[1.583920] (mav_planning_msgs) StdoutLine: {'line': b'-- Up-to-date: /home/aimane/humble_ws/src/VNAV_23/vnav_ws/install/mav_planning_msgs/include/mav_planning_msgs/mav_planning_msgs/srv/detail/planner_service__type_support.cpp\n'}
[1.584020] (mav_planning_msgs) StdoutLine: {'line': b'-- Up-to-date: /home/aimane/humble_ws/src/VNAV_23/vnav_ws/install/mav_planning_msgs/include/mav_planning_msgs/mav_planning_msgs/srv/detail/polygon_service__type_support.cpp\n'}
[1.584116] (mav_planning_msgs) StdoutLine: {'line': b'-- Up-to-date: /home/aimane/humble_ws/src/VNAV_23/vnav_ws/install/mav_planning_msgs/include/mav_planning_msgs/mav_planning_msgs/srv/detail/change_name_service__rosidl_typesupport_introspection_cpp.hpp\n'}
[1.584232] (mav_planning_msgs) StdoutLine: {'line': b'-- Up-to-date: /home/aimane/humble_ws/src/VNAV_23/vnav_ws/install/mav_planning_msgs/include/mav_planning_msgs/mav_planning_msgs/srv/detail/polygon_service__rosidl_typesupport_introspection_cpp.hpp\n'}
[1.584358] (mav_planning_msgs) StdoutLine: {'line': b'-- Up-to-date: /home/aimane/humble_ws/src/VNAV_23/vnav_ws/install/mav_planning_msgs/include/mav_planning_msgs/mav_planning_msgs/srv/detail/change_name_service__type_support.cpp\n'}
[1.584464] (mav_planning_msgs) StdoutLine: {'line': b'-- Up-to-date: /home/aimane/humble_ws/src/VNAV_23/vnav_ws/install/mav_planning_msgs/include/mav_planning_msgs/mav_planning_msgs/srv/detail/planner_service__rosidl_typesupport_introspection_cpp.hpp\n'}
[1.584565] (mav_planning_msgs) StdoutLine: {'line': b'-- Up-to-date: /home/aimane/humble_ws/src/VNAV_23/vnav_ws/install/mav_planning_msgs/lib/libmav_planning_msgs__rosidl_typesupport_introspection_cpp.so\n'}
[1.584662] (mav_planning_msgs) StdoutLine: {'line': b'-- Up-to-date: /home/aimane/humble_ws/src/VNAV_23/vnav_ws/install/mav_planning_msgs/lib/libmav_planning_msgs__rosidl_typesupport_cpp.so\n'}
[1.584761] (mav_planning_msgs) StdoutLine: {'line': b'-- Up-to-date: /home/aimane/humble_ws/src/VNAV_23/vnav_ws/install/mav_planning_msgs/share/mav_planning_msgs/environment/pythonpath.sh\n'}
[1.584864] (mav_planning_msgs) StdoutLine: {'line': b'-- Up-to-date: /home/aimane/humble_ws/src/VNAV_23/vnav_ws/install/mav_planning_msgs/share/mav_planning_msgs/environment/pythonpath.dsv\n'}
[1.584961] (mav_planning_msgs) StdoutLine: {'line': b'-- Up-to-date: /home/aimane/humble_ws/src/VNAV_23/vnav_ws/install/mav_planning_msgs/local/lib/python3.10/dist-packages/mav_planning_msgs-3.3.3-py3.10.egg-info\n'}
[1.585063] (mav_planning_msgs) StdoutLine: {'line': b'-- Installing: /home/aimane/humble_ws/src/VNAV_23/vnav_ws/install/mav_planning_msgs/local/lib/python3.10/dist-packages/mav_planning_msgs-3.3.3-py3.10.egg-info/SOURCES.txt\n'}
[1.585172] (mav_planning_msgs) StdoutLine: {'line': b'-- Installing: /home/aimane/humble_ws/src/VNAV_23/vnav_ws/install/mav_planning_msgs/local/lib/python3.10/dist-packages/mav_planning_msgs-3.3.3-py3.10.egg-info/top_level.txt\n'}
[1.585280] (mav_planning_msgs) StdoutLine: {'line': b'-- Installing: /home/aimane/humble_ws/src/VNAV_23/vnav_ws/install/mav_planning_msgs/local/lib/python3.10/dist-packages/mav_planning_msgs-3.3.3-py3.10.egg-info/PKG-INFO\n'}
[1.585382] (mav_planning_msgs) StdoutLine: {'line': b'-- Installing: /home/aimane/humble_ws/src/VNAV_23/vnav_ws/install/mav_planning_msgs/local/lib/python3.10/dist-packages/mav_planning_msgs-3.3.3-py3.10.egg-info/dependency_links.txt\n'}
[1.585481] (mav_planning_msgs) StdoutLine: {'line': b'-- Up-to-date: /home/aimane/humble_ws/src/VNAV_23/vnav_ws/install/mav_planning_msgs/local/lib/python3.10/dist-packages/mav_planning_msgs\n'}
[1.585581] (mav_planning_msgs) StdoutLine: {'line': b'-- Up-to-date: /home/aimane/humble_ws/src/VNAV_23/vnav_ws/install/mav_planning_msgs/local/lib/python3.10/dist-packages/mav_planning_msgs/mav_planning_msgs_s__rosidl_typesupport_introspection_c.cpython-310-x86_64-linux-gnu.so\n'}
[1.585686] (mav_planning_msgs) StdoutLine: {'line': b'-- Up-to-date: /home/aimane/humble_ws/src/VNAV_23/vnav_ws/install/mav_planning_msgs/local/lib/python3.10/dist-packages/mav_planning_msgs/_mav_planning_msgs_s.ep.rosidl_typesupport_fastrtps_c.c\n'}
[1.585785] (mav_planning_msgs) StdoutLine: {'line': b'-- Up-to-date: /home/aimane/humble_ws/src/VNAV_23/vnav_ws/install/mav_planning_msgs/local/lib/python3.10/dist-packages/mav_planning_msgs/msg\n'}
[1.585882] (mav_planning_msgs) StdoutLine: {'line': b'-- Up-to-date: /home/aimane/humble_ws/src/VNAV_23/vnav_ws/install/mav_planning_msgs/local/lib/python3.10/dist-packages/mav_planning_msgs/msg/_polynomial_trajectory_s.c\n'}
[1.585992] (mav_planning_msgs) StdoutLine: {'line': b'-- Up-to-date: /home/aimane/humble_ws/src/VNAV_23/vnav_ws/install/mav_planning_msgs/local/lib/python3.10/dist-packages/mav_planning_msgs/msg/_polynomial_segment4_d_s.c\n'}
[1.586101] (mav_planning_msgs) StdoutLine: {'line': b'-- Up-to-date: /home/aimane/humble_ws/src/VNAV_23/vnav_ws/install/mav_planning_msgs/local/lib/python3.10/dist-packages/mav_planning_msgs/msg/_polygon2_d.py\n'}
[1.586220] (mav_planning_msgs) StdoutLine: {'line': b'-- Up-to-date: /home/aimane/humble_ws/src/VNAV_23/vnav_ws/install/mav_planning_msgs/local/lib/python3.10/dist-packages/mav_planning_msgs/msg/_polynomial_segment.py\n'}
[1.586331] (mav_planning_msgs) StdoutLine: {'line': b'-- Up-to-date: /home/aimane/humble_ws/src/VNAV_23/vnav_ws/install/mav_planning_msgs/local/lib/python3.10/dist-packages/mav_planning_msgs/msg/_polynomial_segment4_d.py\n'}
[1.586433] (mav_planning_msgs) StdoutLine: {'line': b'-- Up-to-date: /home/aimane/humble_ws/src/VNAV_23/vnav_ws/install/mav_planning_msgs/local/lib/python3.10/dist-packages/mav_planning_msgs/msg/_polygon_with_holes_s.c\n'}
[1.586531] (mav_planning_msgs) StdoutLine: {'line': b'-- Up-to-date: /home/aimane/humble_ws/src/VNAV_23/vnav_ws/install/mav_planning_msgs/local/lib/python3.10/dist-packages/mav_planning_msgs/msg/_polynomial_trajectory4_d.py\n'}
[1.586631] (mav_planning_msgs) StdoutLine: {'line': b'-- Up-to-date: /home/aimane/humble_ws/src/VNAV_23/vnav_ws/install/mav_planning_msgs/local/lib/python3.10/dist-packages/mav_planning_msgs/msg/__init__.py\n'}
[1.586736] (mav_planning_msgs) StdoutLine: {'line': b'-- Up-to-date: /home/aimane/humble_ws/src/VNAV_23/vnav_ws/install/mav_planning_msgs/local/lib/python3.10/dist-packages/mav_planning_msgs/msg/_polygon_with_holes_stamped_s.c\n'}
[1.586836] (mav_planning_msgs) StdoutLine: {'line': b'-- Up-to-date: /home/aimane/humble_ws/src/VNAV_23/vnav_ws/install/mav_planning_msgs/local/lib/python3.10/dist-packages/mav_planning_msgs/msg/_polynomial_trajectory.py\n'}
[1.586945] (mav_planning_msgs) StdoutLine: {'line': b'-- Up-to-date: /home/aimane/humble_ws/src/VNAV_23/vnav_ws/install/mav_planning_msgs/local/lib/python3.10/dist-packages/mav_planning_msgs/msg/_polygon_with_holes.py\n'}
[1.587043] (mav_planning_msgs) StdoutLine: {'line': b'-- Up-to-date: /home/aimane/humble_ws/src/VNAV_23/vnav_ws/install/mav_planning_msgs/local/lib/python3.10/dist-packages/mav_planning_msgs/msg/_polynomial_segment_s.c\n'}
[1.587149] (mav_planning_msgs) StdoutLine: {'line': b'-- Up-to-date: /home/aimane/humble_ws/src/VNAV_23/vnav_ws/install/mav_planning_msgs/local/lib/python3.10/dist-packages/mav_planning_msgs/msg/_point2_d.py\n'}
[1.587263] (mav_planning_msgs) StdoutLine: {'line': b'-- Up-to-date: /home/aimane/humble_ws/src/VNAV_23/vnav_ws/install/mav_planning_msgs/local/lib/python3.10/dist-packages/mav_planning_msgs/msg/_polygon_with_holes_stamped.py\n'}
[1.587363] (mav_planning_msgs) StdoutLine: {'line': b'-- Up-to-date: /home/aimane/humble_ws/src/VNAV_23/vnav_ws/install/mav_planning_msgs/local/lib/python3.10/dist-packages/mav_planning_msgs/msg/_point2_d_s.c\n'}
[1.587461] (mav_planning_msgs) StdoutLine: {'line': b'-- Up-to-date: /home/aimane/humble_ws/src/VNAV_23/vnav_ws/install/mav_planning_msgs/local/lib/python3.10/dist-packages/mav_planning_msgs/msg/_polygon2_d_s.c\n'}
[1.587563] (mav_planning_msgs) StdoutLine: {'line': b'-- Up-to-date: /home/aimane/humble_ws/src/VNAV_23/vnav_ws/install/mav_planning_msgs/local/lib/python3.10/dist-packages/mav_planning_msgs/msg/_polynomial_trajectory4_d_s.c\n'}
[1.587662] (mav_planning_msgs) StdoutLine: {'line': b'-- Up-to-date: /home/aimane/humble_ws/src/VNAV_23/vnav_ws/install/mav_planning_msgs/local/lib/python3.10/dist-packages/mav_planning_msgs/msg/_point_cloud_with_pose.py\n'}
[1.587760] (mav_planning_msgs) StdoutLine: {'line': b'-- Up-to-date: /home/aimane/humble_ws/src/VNAV_23/vnav_ws/install/mav_planning_msgs/local/lib/python3.10/dist-packages/mav_planning_msgs/msg/_point_cloud_with_pose_s.c\n'}
[1.587859] (mav_planning_msgs) StdoutLine: {'line': b'-- Up-to-date: /home/aimane/humble_ws/src/VNAV_23/vnav_ws/install/mav_planning_msgs/local/lib/python3.10/dist-packages/mav_planning_msgs/mav_planning_msgs_s__rosidl_typesupport_fastrtps_c.cpython-310-x86_64-linux-gnu.so\n'}
[1.587965] (mav_planning_msgs) StdoutLine: {'line': b'-- Up-to-date: /home/aimane/humble_ws/src/VNAV_23/vnav_ws/install/mav_planning_msgs/local/lib/python3.10/dist-packages/mav_planning_msgs/__init__.py\n'}
[1.588065] (mav_planning_msgs) StdoutLine: {'line': b'-- Up-to-date: /home/aimane/humble_ws/src/VNAV_23/vnav_ws/install/mav_planning_msgs/local/lib/python3.10/dist-packages/mav_planning_msgs/_mav_planning_msgs_s.ep.rosidl_typesupport_c.c\n'}
[1.588187] (mav_planning_msgs) StdoutLine: {'line': b'-- Up-to-date: /home/aimane/humble_ws/src/VNAV_23/vnav_ws/install/mav_planning_msgs/local/lib/python3.10/dist-packages/mav_planning_msgs/mav_planning_msgs_s__rosidl_typesupport_c.cpython-310-x86_64-linux-gnu.so\n'}
[1.588293] (mav_planning_msgs) StdoutLine: {'line': b'-- Up-to-date: /home/aimane/humble_ws/src/VNAV_23/vnav_ws/install/mav_planning_msgs/local/lib/python3.10/dist-packages/mav_planning_msgs/srv\n'}
[1.588393] (mav_planning_msgs) StdoutLine: {'line': b'-- Up-to-date: /home/aimane/humble_ws/src/VNAV_23/vnav_ws/install/mav_planning_msgs/local/lib/python3.10/dist-packages/mav_planning_msgs/srv/_change_name_service_s.c\n'}
[1.588494] (mav_planning_msgs) StdoutLine: {'line': b'-- Up-to-date: /home/aimane/humble_ws/src/VNAV_23/vnav_ws/install/mav_planning_msgs/local/lib/python3.10/dist-packages/mav_planning_msgs/srv/_planner_service.py\n'}
[1.588594] (mav_planning_msgs) StdoutLine: {'line': b'-- Up-to-date: /home/aimane/humble_ws/src/VNAV_23/vnav_ws/install/mav_planning_msgs/local/lib/python3.10/dist-packages/mav_planning_msgs/srv/_polygon_service.py\n'}
[1.588691] (mav_planning_msgs) StdoutLine: {'line': b'-- Up-to-date: /home/aimane/humble_ws/src/VNAV_23/vnav_ws/install/mav_planning_msgs/local/lib/python3.10/dist-packages/mav_planning_msgs/srv/__init__.py\n'}
[1.588790] (mav_planning_msgs) StdoutLine: {'line': b'-- Up-to-date: /home/aimane/humble_ws/src/VNAV_23/vnav_ws/install/mav_planning_msgs/local/lib/python3.10/dist-packages/mav_planning_msgs/srv/_polygon_service_s.c\n'}
[1.588894] (mav_planning_msgs) StdoutLine: {'line': b'-- Up-to-date: /home/aimane/humble_ws/src/VNAV_23/vnav_ws/install/mav_planning_msgs/local/lib/python3.10/dist-packages/mav_planning_msgs/srv/_planner_service_s.c\n'}
[1.588994] (mav_planning_msgs) StdoutLine: {'line': b'-- Up-to-date: /home/aimane/humble_ws/src/VNAV_23/vnav_ws/install/mav_planning_msgs/local/lib/python3.10/dist-packages/mav_planning_msgs/srv/_change_name_service.py\n'}
[1.589104] (mav_planning_msgs) StdoutLine: {'line': b'-- Up-to-date: /home/aimane/humble_ws/src/VNAV_23/vnav_ws/install/mav_planning_msgs/local/lib/python3.10/dist-packages/mav_planning_msgs/libmav_planning_msgs__rosidl_generator_py.so\n'}
[1.589218] (mav_planning_msgs) StdoutLine: {'line': b'-- Up-to-date: /home/aimane/humble_ws/src/VNAV_23/vnav_ws/install/mav_planning_msgs/local/lib/python3.10/dist-packages/mav_planning_msgs/_mav_planning_msgs_s.ep.rosidl_typesupport_introspection_c.c\n'}
[1.603466] (mav_planning_msgs) StdoutLine: {'line': b"Listing '/home/aimane/humble_ws/src/VNAV_23/vnav_ws/install/mav_planning_msgs/local/lib/python3.10/dist-packages/mav_planning_msgs'...\n"}
[1.603739] (mav_planning_msgs) StdoutLine: {'line': b"Listing '/home/aimane/humble_ws/src/VNAV_23/vnav_ws/install/mav_planning_msgs/local/lib/python3.10/dist-packages/mav_planning_msgs/msg'...\n"}
[1.603898] (mav_planning_msgs) StdoutLine: {'line': b"Listing '/home/aimane/humble_ws/src/VNAV_23/vnav_ws/install/mav_planning_msgs/local/lib/python3.10/dist-packages/mav_planning_msgs/srv'...\n"}
[1.604260] (-) TimerEvent: {}
[1.610213] (mav_planning_msgs) StdoutLine: {'line': b'-- Up-to-date: /home/aimane/humble_ws/src/VNAV_23/vnav_ws/install/mav_planning_msgs/local/lib/python3.10/dist-packages/mav_planning_msgs/mav_planning_msgs_s__rosidl_typesupport_fastrtps_c.cpython-310-x86_64-linux-gnu.so\n'}
[1.610631] (mav_planning_msgs) StdoutLine: {'line': b'-- Up-to-date: /home/aimane/humble_ws/src/VNAV_23/vnav_ws/install/mav_planning_msgs/local/lib/python3.10/dist-packages/mav_planning_msgs/mav_planning_msgs_s__rosidl_typesupport_introspection_c.cpython-310-x86_64-linux-gnu.so\n'}
[1.611076] (mav_planning_msgs) StdoutLine: {'line': b'-- Up-to-date: /home/aimane/humble_ws/src/VNAV_23/vnav_ws/install/mav_planning_msgs/local/lib/python3.10/dist-packages/mav_planning_msgs/mav_planning_msgs_s__rosidl_typesupport_c.cpython-310-x86_64-linux-gnu.so\n'}
[1.611679] (mav_planning_msgs) StdoutLine: {'line': b'-- Up-to-date: /home/aimane/humble_ws/src/VNAV_23/vnav_ws/install/mav_planning_msgs/lib/libmav_planning_msgs__rosidl_generator_py.so\n'}
[1.611974] (mav_planning_msgs) StdoutLine: {'line': b'-- Up-to-date: /home/aimane/humble_ws/src/VNAV_23/vnav_ws/install/mav_planning_msgs/share/mav_planning_msgs/msg/Point2D.idl\n'}
[1.612186] (mav_planning_msgs) StdoutLine: {'line': b'-- Up-to-date: /home/aimane/humble_ws/src/VNAV_23/vnav_ws/install/mav_planning_msgs/share/mav_planning_msgs/msg/PointCloudWithPose.idl\n'}
[1.612343] (mav_planning_msgs) StdoutLine: {'line': b'-- Up-to-date: /home/aimane/humble_ws/src/VNAV_23/vnav_ws/install/mav_planning_msgs/share/mav_planning_msgs/msg/Polygon2D.idl\n'}
[1.612492] (mav_planning_msgs) StdoutLine: {'line': b'-- Up-to-date: /home/aimane/humble_ws/src/VNAV_23/vnav_ws/install/mav_planning_msgs/share/mav_planning_msgs/msg/PolygonWithHoles.idl\n'}
[1.612626] (mav_planning_msgs) StdoutLine: {'line': b'-- Up-to-date: /home/aimane/humble_ws/src/VNAV_23/vnav_ws/install/mav_planning_msgs/share/mav_planning_msgs/msg/PolygonWithHolesStamped.idl\n'}
[1.612806] (mav_planning_msgs) StdoutLine: {'line': b'-- Up-to-date: /home/aimane/humble_ws/src/VNAV_23/vnav_ws/install/mav_planning_msgs/share/mav_planning_msgs/msg/PolynomialSegment.idl\n'}
[1.612965] (mav_planning_msgs) StdoutLine: {'line': b'-- Up-to-date: /home/aimane/humble_ws/src/VNAV_23/vnav_ws/install/mav_planning_msgs/share/mav_planning_msgs/msg/PolynomialSegment4D.idl\n'}
[1.613153] (mav_planning_msgs) StdoutLine: {'line': b'-- Up-to-date: /home/aimane/humble_ws/src/VNAV_23/vnav_ws/install/mav_planning_msgs/share/mav_planning_msgs/msg/PolynomialTrajectory.idl\n'}
[1.613318] (mav_planning_msgs) StdoutLine: {'line': b'-- Up-to-date: /home/aimane/humble_ws/src/VNAV_23/vnav_ws/install/mav_planning_msgs/share/mav_planning_msgs/msg/PolynomialTrajectory4D.idl\n'}
[1.613495] (mav_planning_msgs) StdoutLine: {'line': b'-- Up-to-date: /home/aimane/humble_ws/src/VNAV_23/vnav_ws/install/mav_planning_msgs/share/mav_planning_msgs/srv/PlannerService.idl\n'}
[1.613647] (mav_planning_msgs) StdoutLine: {'line': b'-- Up-to-date: /home/aimane/humble_ws/src/VNAV_23/vnav_ws/install/mav_planning_msgs/share/mav_planning_msgs/srv/PolygonService.idl\n'}
[1.613841] (mav_planning_msgs) StdoutLine: {'line': b'-- Up-to-date: /home/aimane/humble_ws/src/VNAV_23/vnav_ws/install/mav_planning_msgs/share/mav_planning_msgs/srv/ChangeNameService.idl\n'}
[1.614026] (mav_planning_msgs) StdoutLine: {'line': b'-- Up-to-date: /home/aimane/humble_ws/src/VNAV_23/vnav_ws/install/mav_planning_msgs/share/mav_planning_msgs/msg/Point2D.msg\n'}
[1.614159] (mav_planning_msgs) StdoutLine: {'line': b'-- Up-to-date: /home/aimane/humble_ws/src/VNAV_23/vnav_ws/install/mav_planning_msgs/share/mav_planning_msgs/msg/PointCloudWithPose.msg\n'}
[1.614290] (mav_planning_msgs) StdoutLine: {'line': b'-- Up-to-date: /home/aimane/humble_ws/src/VNAV_23/vnav_ws/install/mav_planning_msgs/share/mav_planning_msgs/msg/Polygon2D.msg\n'}
[1.614408] (mav_planning_msgs) StdoutLine: {'line': b'-- Up-to-date: /home/aimane/humble_ws/src/VNAV_23/vnav_ws/install/mav_planning_msgs/share/mav_planning_msgs/msg/PolygonWithHoles.msg\n'}
[1.614524] (mav_planning_msgs) StdoutLine: {'line': b'-- Up-to-date: /home/aimane/humble_ws/src/VNAV_23/vnav_ws/install/mav_planning_msgs/share/mav_planning_msgs/msg/PolygonWithHolesStamped.msg\n'}
[1.614665] (mav_planning_msgs) StdoutLine: {'line': b'-- Up-to-date: /home/aimane/humble_ws/src/VNAV_23/vnav_ws/install/mav_planning_msgs/share/mav_planning_msgs/msg/PolynomialSegment.msg\n'}
[1.614760] (mav_planning_msgs) StdoutLine: {'line': b'-- Up-to-date: /home/aimane/humble_ws/src/VNAV_23/vnav_ws/install/mav_planning_msgs/share/mav_planning_msgs/msg/PolynomialSegment4D.msg\n'}
[1.614893] (mav_planning_msgs) StdoutLine: {'line': b'-- Up-to-date: /home/aimane/humble_ws/src/VNAV_23/vnav_ws/install/mav_planning_msgs/share/mav_planning_msgs/msg/PolynomialTrajectory.msg\n'}
[1.614986] (mav_planning_msgs) StdoutLine: {'line': b'-- Up-to-date: /home/aimane/humble_ws/src/VNAV_23/vnav_ws/install/mav_planning_msgs/share/mav_planning_msgs/msg/PolynomialTrajectory4D.msg\n'}
[1.615102] (mav_planning_msgs) StdoutLine: {'line': b'-- Up-to-date: /home/aimane/humble_ws/src/VNAV_23/vnav_ws/install/mav_planning_msgs/share/mav_planning_msgs/srv/PlannerService.srv\n'}
[1.615322] (mav_planning_msgs) StdoutLine: {'line': b'-- Up-to-date: /home/aimane/humble_ws/src/VNAV_23/vnav_ws/install/mav_planning_msgs/share/mav_planning_msgs/srv/PlannerService_Request.msg\n'}
[1.615534] (mav_planning_msgs) StdoutLine: {'line': b'-- Up-to-date: /home/aimane/humble_ws/src/VNAV_23/vnav_ws/install/mav_planning_msgs/share/mav_planning_msgs/srv/PlannerService_Response.msg\n'}
[1.615699] (mav_planning_msgs) StdoutLine: {'line': b'-- Up-to-date: /home/aimane/humble_ws/src/VNAV_23/vnav_ws/install/mav_planning_msgs/share/mav_planning_msgs/srv/PolygonService.srv\n'}
[1.615883] (mav_planning_msgs) StdoutLine: {'line': b'-- Up-to-date: /home/aimane/humble_ws/src/VNAV_23/vnav_ws/install/mav_planning_msgs/share/mav_planning_msgs/srv/PolygonService_Request.msg\n'}
[1.616021] (mav_planning_msgs) StdoutLine: {'line': b'-- Up-to-date: /home/aimane/humble_ws/src/VNAV_23/vnav_ws/install/mav_planning_msgs/share/mav_planning_msgs/srv/PolygonService_Response.msg\n'}
[1.616240] (mav_planning_msgs) StdoutLine: {'line': b'-- Up-to-date: /home/aimane/humble_ws/src/VNAV_23/vnav_ws/install/mav_planning_msgs/share/mav_planning_msgs/srv/ChangeNameService.srv\n'}
[1.616418] (mav_planning_msgs) StdoutLine: {'line': b'-- Up-to-date: /home/aimane/humble_ws/src/VNAV_23/vnav_ws/install/mav_planning_msgs/share/mav_planning_msgs/srv/ChangeNameService_Request.msg\n'}
[1.616597] (mav_planning_msgs) StdoutLine: {'line': b'-- Up-to-date: /home/aimane/humble_ws/src/VNAV_23/vnav_ws/install/mav_planning_msgs/share/mav_planning_msgs/srv/ChangeNameService_Response.msg\n'}
[1.616752] (mav_planning_msgs) StdoutLine: {'line': b'-- Up-to-date: /home/aimane/humble_ws/src/VNAV_23/vnav_ws/install/mav_planning_msgs/include/mav_planning_msgs\n'}
[1.616860] (mav_planning_msgs) StdoutLine: {'line': b'-- Up-to-date: /home/aimane/humble_ws/src/VNAV_23/vnav_ws/install/mav_planning_msgs/include/mav_planning_msgs/conversions.hpp\n'}
[1.616986] (mav_planning_msgs) StdoutLine: {'line': b'-- Up-to-date: /home/aimane/humble_ws/src/VNAV_23/vnav_ws/install/mav_planning_msgs/include/mav_planning_msgs/conversions_deprecated.hpp\n'}
[1.617086] (mav_planning_msgs) StdoutLine: {'line': b'-- Up-to-date: /home/aimane/humble_ws/src/VNAV_23/vnav_ws/install/mav_planning_msgs/include/mav_planning_msgs/eigen_planning_msgs.hpp\n'}
[1.617228] (mav_planning_msgs) StdoutLine: {'line': b'-- Up-to-date: /home/aimane/humble_ws/src/VNAV_23/vnav_ws/install/mav_planning_msgs/share/ament_index/resource_index/package_run_dependencies/mav_planning_msgs\n'}
[1.617354] (mav_planning_msgs) StdoutLine: {'line': b'-- Up-to-date: /home/aimane/humble_ws/src/VNAV_23/vnav_ws/install/mav_planning_msgs/share/ament_index/resource_index/parent_prefix_path/mav_planning_msgs\n'}
[1.617452] (mav_planning_msgs) StdoutLine: {'line': b'-- Up-to-date: /home/aimane/humble_ws/src/VNAV_23/vnav_ws/install/mav_planning_msgs/share/mav_planning_msgs/environment/ament_prefix_path.sh\n'}
[1.617594] (mav_planning_msgs) StdoutLine: {'line': b'-- Up-to-date: /home/aimane/humble_ws/src/VNAV_23/vnav_ws/install/mav_planning_msgs/share/mav_planning_msgs/environment/ament_prefix_path.dsv\n'}
[1.617768] (mav_planning_msgs) StdoutLine: {'line': b'-- Up-to-date: /home/aimane/humble_ws/src/VNAV_23/vnav_ws/install/mav_planning_msgs/share/mav_planning_msgs/environment/path.sh\n'}
[1.617928] (mav_planning_msgs) StdoutLine: {'line': b'-- Up-to-date: /home/aimane/humble_ws/src/VNAV_23/vnav_ws/install/mav_planning_msgs/share/mav_planning_msgs/environment/path.dsv\n'}
[1.618089] (mav_planning_msgs) StdoutLine: {'line': b'-- Up-to-date: /home/aimane/humble_ws/src/VNAV_23/vnav_ws/install/mav_planning_msgs/share/mav_planning_msgs/local_setup.bash\n'}
[1.618267] (mav_planning_msgs) StdoutLine: {'line': b'-- Up-to-date: /home/aimane/humble_ws/src/VNAV_23/vnav_ws/install/mav_planning_msgs/share/mav_planning_msgs/local_setup.sh\n'}
[1.618389] (mav_planning_msgs) StdoutLine: {'line': b'-- Up-to-date: /home/aimane/humble_ws/src/VNAV_23/vnav_ws/install/mav_planning_msgs/share/mav_planning_msgs/local_setup.zsh\n'}
[1.618532] (mav_planning_msgs) StdoutLine: {'line': b'-- Up-to-date: /home/aimane/humble_ws/src/VNAV_23/vnav_ws/install/mav_planning_msgs/share/mav_planning_msgs/local_setup.dsv\n'}
[1.618697] (mav_planning_msgs) StdoutLine: {'line': b'-- Installing: /home/aimane/humble_ws/src/VNAV_23/vnav_ws/install/mav_planning_msgs/share/mav_planning_msgs/package.dsv\n'}
[1.618861] (mav_planning_msgs) StdoutLine: {'line': b'-- Up-to-date: /home/aimane/humble_ws/src/VNAV_23/vnav_ws/install/mav_planning_msgs/share/ament_index/resource_index/packages/mav_planning_msgs\n'}
[1.619029] (mav_planning_msgs) StdoutLine: {'line': b'-- Up-to-date: /home/aimane/humble_ws/src/VNAV_23/vnav_ws/install/mav_planning_msgs/share/mav_planning_msgs/cmake/export_mav_planning_msgs__rosidl_generator_cExport.cmake\n'}
[1.619177] (mav_planning_msgs) StdoutLine: {'line': b'-- Up-to-date: /home/aimane/humble_ws/src/VNAV_23/vnav_ws/install/mav_planning_msgs/share/mav_planning_msgs/cmake/export_mav_planning_msgs__rosidl_generator_cExport-noconfig.cmake\n'}
[1.619308] (mav_planning_msgs) StdoutLine: {'line': b'-- Up-to-date: /home/aimane/humble_ws/src/VNAV_23/vnav_ws/install/mav_planning_msgs/share/mav_planning_msgs/cmake/export_mav_planning_msgs__rosidl_typesupport_fastrtps_cExport.cmake\n'}
[1.619448] (mav_planning_msgs) StdoutLine: {'line': b'-- Up-to-date: /home/aimane/humble_ws/src/VNAV_23/vnav_ws/install/mav_planning_msgs/share/mav_planning_msgs/cmake/export_mav_planning_msgs__rosidl_typesupport_fastrtps_cExport-noconfig.cmake\n'}
[1.619586] (mav_planning_msgs) StdoutLine: {'line': b'-- Up-to-date: /home/aimane/humble_ws/src/VNAV_23/vnav_ws/install/mav_planning_msgs/share/mav_planning_msgs/cmake/mav_planning_msgs__rosidl_typesupport_introspection_cExport.cmake\n'}
[1.619718] (mav_planning_msgs) StdoutLine: {'line': b'-- Up-to-date: /home/aimane/humble_ws/src/VNAV_23/vnav_ws/install/mav_planning_msgs/share/mav_planning_msgs/cmake/mav_planning_msgs__rosidl_typesupport_introspection_cExport-noconfig.cmake\n'}
[1.619886] (mav_planning_msgs) StdoutLine: {'line': b'-- Up-to-date: /home/aimane/humble_ws/src/VNAV_23/vnav_ws/install/mav_planning_msgs/share/mav_planning_msgs/cmake/mav_planning_msgs__rosidl_typesupport_cExport.cmake\n'}
[1.620028] (mav_planning_msgs) StdoutLine: {'line': b'-- Up-to-date: /home/aimane/humble_ws/src/VNAV_23/vnav_ws/install/mav_planning_msgs/share/mav_planning_msgs/cmake/mav_planning_msgs__rosidl_typesupport_cExport-noconfig.cmake\n'}
[1.620221] (mav_planning_msgs) StdoutLine: {'line': b'-- Up-to-date: /home/aimane/humble_ws/src/VNAV_23/vnav_ws/install/mav_planning_msgs/share/mav_planning_msgs/cmake/export_mav_planning_msgs__rosidl_generator_cppExport.cmake\n'}
[1.620392] (mav_planning_msgs) StdoutLine: {'line': b'-- Up-to-date: /home/aimane/humble_ws/src/VNAV_23/vnav_ws/install/mav_planning_msgs/share/mav_planning_msgs/cmake/export_mav_planning_msgs__rosidl_typesupport_fastrtps_cppExport.cmake\n'}
[1.620554] (mav_planning_msgs) StdoutLine: {'line': b'-- Up-to-date: /home/aimane/humble_ws/src/VNAV_23/vnav_ws/install/mav_planning_msgs/share/mav_planning_msgs/cmake/export_mav_planning_msgs__rosidl_typesupport_fastrtps_cppExport-noconfig.cmake\n'}
[1.620706] (mav_planning_msgs) StdoutLine: {'line': b'-- Up-to-date: /home/aimane/humble_ws/src/VNAV_23/vnav_ws/install/mav_planning_msgs/share/mav_planning_msgs/cmake/mav_planning_msgs__rosidl_typesupport_introspection_cppExport.cmake\n'}
[1.620836] (mav_planning_msgs) StdoutLine: {'line': b'-- Up-to-date: /home/aimane/humble_ws/src/VNAV_23/vnav_ws/install/mav_planning_msgs/share/mav_planning_msgs/cmake/mav_planning_msgs__rosidl_typesupport_introspection_cppExport-noconfig.cmake\n'}
[1.620947] (mav_planning_msgs) StdoutLine: {'line': b'-- Up-to-date: /home/aimane/humble_ws/src/VNAV_23/vnav_ws/install/mav_planning_msgs/share/mav_planning_msgs/cmake/mav_planning_msgs__rosidl_typesupport_cppExport.cmake\n'}
[1.621093] (mav_planning_msgs) StdoutLine: {'line': b'-- Up-to-date: /home/aimane/humble_ws/src/VNAV_23/vnav_ws/install/mav_planning_msgs/share/mav_planning_msgs/cmake/mav_planning_msgs__rosidl_typesupport_cppExport-noconfig.cmake\n'}
[1.621242] (mav_planning_msgs) StdoutLine: {'line': b'-- Up-to-date: /home/aimane/humble_ws/src/VNAV_23/vnav_ws/install/mav_planning_msgs/share/mav_planning_msgs/cmake/export_mav_planning_msgs__rosidl_generator_pyExport.cmake\n'}
[1.621345] (mav_planning_msgs) StdoutLine: {'line': b'-- Up-to-date: /home/aimane/humble_ws/src/VNAV_23/vnav_ws/install/mav_planning_msgs/share/mav_planning_msgs/cmake/export_mav_planning_msgs__rosidl_generator_pyExport-noconfig.cmake\n'}
[1.621443] (mav_planning_msgs) StdoutLine: {'line': b'-- Up-to-date: /home/aimane/humble_ws/src/VNAV_23/vnav_ws/install/mav_planning_msgs/share/mav_planning_msgs/cmake/rosidl_cmake-extras.cmake\n'}
[1.621538] (mav_planning_msgs) StdoutLine: {'line': b'-- Up-to-date: /home/aimane/humble_ws/src/VNAV_23/vnav_ws/install/mav_planning_msgs/share/mav_planning_msgs/cmake/ament_cmake_export_dependencies-extras.cmake\n'}
[1.621634] (mav_planning_msgs) StdoutLine: {'line': b'-- Up-to-date: /home/aimane/humble_ws/src/VNAV_23/vnav_ws/install/mav_planning_msgs/share/mav_planning_msgs/cmake/ament_cmake_export_include_directories-extras.cmake\n'}
[1.621733] (mav_planning_msgs) StdoutLine: {'line': b'-- Up-to-date: /home/aimane/humble_ws/src/VNAV_23/vnav_ws/install/mav_planning_msgs/share/mav_planning_msgs/cmake/ament_cmake_export_libraries-extras.cmake\n'}
[1.621843] (mav_planning_msgs) StdoutLine: {'line': b'-- Up-to-date: /home/aimane/humble_ws/src/VNAV_23/vnav_ws/install/mav_planning_msgs/share/mav_planning_msgs/cmake/ament_cmake_export_targets-extras.cmake\n'}
[1.621951] (mav_planning_msgs) StdoutLine: {'line': b'-- Up-to-date: /home/aimane/humble_ws/src/VNAV_23/vnav_ws/install/mav_planning_msgs/share/mav_planning_msgs/cmake/rosidl_cmake_export_typesupport_targets-extras.cmake\n'}
[1.622048] (mav_planning_msgs) StdoutLine: {'line': b'-- Up-to-date: /home/aimane/humble_ws/src/VNAV_23/vnav_ws/install/mav_planning_msgs/share/mav_planning_msgs/cmake/rosidl_cmake_export_typesupport_libraries-extras.cmake\n'}
[1.622154] (mav_planning_msgs) StdoutLine: {'line': b'-- Up-to-date: /home/aimane/humble_ws/src/VNAV_23/vnav_ws/install/mav_planning_msgs/share/mav_planning_msgs/cmake/mav_planning_msgsConfig.cmake\n'}
[1.622265] (mav_planning_msgs) StdoutLine: {'line': b'-- Up-to-date: /home/aimane/humble_ws/src/VNAV_23/vnav_ws/install/mav_planning_msgs/share/mav_planning_msgs/cmake/mav_planning_msgsConfig-version.cmake\n'}
[1.622363] (mav_planning_msgs) StdoutLine: {'line': b'-- Up-to-date: /home/aimane/humble_ws/src/VNAV_23/vnav_ws/install/mav_planning_msgs/share/mav_planning_msgs/package.xml\n'}
[1.623431] (mav_planning_msgs) CommandEnded: {'returncode': 0}
[1.650264] (mav_planning_msgs) JobEnded: {'identifier': 'mav_planning_msgs', 'rc': 0}
[1.651525] (mav_comm) JobStarted: {'identifier': 'mav_comm'}
[1.669770] (mav_comm) JobProgress: {'identifier': 'mav_comm', 'progress': 'cmake'}
[1.670495] (mav_comm) JobProgress: {'identifier': 'mav_comm', 'progress': 'build'}
[1.671053] (mav_comm) Command: {'cmd': ['/usr/bin/cmake', '--build', '/home/aimane/humble_ws/src/VNAV_23/vnav_ws/build/mav_comm', '--', '-j8', '-l8'], 'cwd': '/home/aimane/humble_ws/src/VNAV_23/vnav_ws/build/mav_comm', 'env': OrderedDict([('HOSTNAME', 'aimane'), ('SHLVL', '1'), ('LD_LIBRARY_PATH', '/home/aimane/humble_ws/src/VNAV_23/vnav_ws/install/mav_planning_msgs/lib:/home/aimane/humble_ws/src/VNAV_23/vnav_ws/install/mav_system_msgs/lib:/home/aimane/humble_ws/src/VNAV_23/vnav_ws/install/mav_state_machine_msgs/lib:/home/aimane/humble_ws/src/VNAV_23/vnav_ws/install/mav_msgs/lib:/opt/ros/humble/opt/rviz_ogre_vendor/lib:/opt/ros/humble/lib/x86_64-linux-gnu:/opt/ros/humble/lib'), ('HOME', '/home/aimane'), ('OLDPWD', '/home/aimane/humble_ws/src/VNAV_23/vnav_ws'), ('ROS_PYTHON_VERSION', '3'), ('ROS_DISTRO', 'humble'), ('_', '/usr/bin/colcon'), ('ROS_VERSION', '2'), ('TERM', 'xterm-256color'), ('ROS_LOCALHOST_ONLY', '0'), ('PATH', '/opt/ros/humble/bin:/usr/local/sbin:/usr/local/bin:/usr/sbin:/usr/bin:/sbin:/bin'), ('DISPLAY', ':1'), ('LANG', 'C.UTF-8'), ('AMENT_PREFIX_PATH', '/home/aimane/humble_ws/src/VNAV_23/vnav_ws/install/mav_planning_msgs:/home/aimane/humble_ws/src/VNAV_23/vnav_ws/install/mav_system_msgs:/home/aimane/humble_ws/src/VNAV_23/vnav_ws/install/mav_state_machine_msgs:/home/aimane/humble_ws/src/VNAV_23/vnav_ws/install/mav_msgs:/opt/ros/humble'), ('DEBIAN_FRONTEND', 'noninteractive'), ('PWD', '/home/aimane/humble_ws/src/VNAV_23/vnav_ws/build/mav_comm'), ('LC_ALL', 'C.UTF-8'), ('PYTHONPATH', '/home/aimane/humble_ws/src/VNAV_23/vnav_ws/install/mav_planning_msgs/local/lib/python3.10/dist-packages:/home/aimane/humble_ws/src/VNAV_23/vnav_ws/install/mav_msgs/local/lib/python3.10/dist-packages:/opt/ros/humble/lib/python3.10/site-packages:/opt/ros/humble/local/lib/python3.10/dist-packages'), ('COLCON', '1'), ('CMAKE_PREFIX_PATH', '/home/aimane/humble_ws/src/VNAV_23/vnav_ws/install/mav_planning_msgs:/home/aimane/humble_ws/src/VNAV_23/vnav_ws/install/mav_system_msgs:/home/aimane/humble_ws/src/VNAV_23/vnav_ws/install/mav_state_machine_msgs:/home/aimane/humble_ws/src/VNAV_23/vnav_ws/install/mav_msgs:/opt/ros/humble')]), 'shell': False}
[1.680662] (tesse_ros_bridge) StdoutLine: {'line': b'running egg_info\n'}
[1.681407] (tesse_ros_bridge) StdoutLine: {'line': b'writing ../../../build/tesse_ros_bridge/tesse_ros_bridge.egg-info/PKG-INFO\n'}
[1.681669] (tesse_ros_bridge) StdoutLine: {'line': b'writing dependency_links to ../../../build/tesse_ros_bridge/tesse_ros_bridge.egg-info/dependency_links.txt\n'}
[1.681863] (tesse_ros_bridge) StdoutLine: {'line': b'writing entry points to ../../../build/tesse_ros_bridge/tesse_ros_bridge.egg-info/entry_points.txt\n'}
[1.682070] (tesse_ros_bridge) StdoutLine: {'line': b'writing requirements to ../../../build/tesse_ros_bridge/tesse_ros_bridge.egg-info/requires.txt\n'}
[1.682154] (tesse_ros_bridge) StdoutLine: {'line': b'writing top-level names to ../../../build/tesse_ros_bridge/tesse_ros_bridge.egg-info/top_level.txt\n'}
[1.685220] (tesse_ros_bridge) StdoutLine: {'line': b"reading manifest file '../../../build/tesse_ros_bridge/tesse_ros_bridge.egg-info/SOURCES.txt'\n"}
[1.686481] (tesse_ros_bridge) StdoutLine: {'line': b"writing manifest file '../../../build/tesse_ros_bridge/tesse_ros_bridge.egg-info/SOURCES.txt'\n"}
[1.686698] (tesse_ros_bridge) StdoutLine: {'line': b'running build\n'}
[1.686789] (tesse_ros_bridge) StdoutLine: {'line': b'running build_py\n'}
[1.687611] (tesse_ros_bridge) StdoutLine: {'line': b'running install\n'}
[1.687962] (tesse_ros_bridge) StdoutLine: {'line': b'running install_lib\n'}
[1.689942] (tesse_ros_bridge) StdoutLine: {'line': b'running install_data\n'}
[1.690504] (tesse_ros_bridge) StdoutLine: {'line': b'running install_egg_info\n'}
[1.692559] (tesse_ros_bridge) StdoutLine: {'line': b"removing '/home/aimane/humble_ws/src/VNAV_23/vnav_ws/install/tesse_ros_bridge/lib/python3.10/site-packages/tesse_ros_bridge-0.0.0-py3.10.egg-info' (and everything under it)\n"}
[1.693005] (tesse_ros_bridge) StdoutLine: {'line': b'Copying ../../../build/tesse_ros_bridge/tesse_ros_bridge.egg-info to /home/aimane/humble_ws/src/VNAV_23/vnav_ws/install/tesse_ros_bridge/lib/python3.10/site-packages/tesse_ros_bridge-0.0.0-py3.10.egg-info\n'}
[1.694278] (tesse_ros_bridge) StdoutLine: {'line': b'running install_scripts\n'}
[1.704368] (-) TimerEvent: {}
[1.719938] (tesse_ros_bridge) StdoutLine: {'line': b'Installing key_teleop script to /home/aimane/humble_ws/src/VNAV_23/vnav_ws/install/tesse_ros_bridge/lib/tesse_ros_bridge\n'}
[1.720323] (tesse_ros_bridge) StdoutLine: {'line': b'Installing quadrotor_control_interface script to /home/aimane/humble_ws/src/VNAV_23/vnav_ws/install/tesse_ros_bridge/lib/tesse_ros_bridge\n'}
[1.720685] (tesse_ros_bridge) StdoutLine: {'line': b'Installing tesse_ros_node script to /home/aimane/humble_ws/src/VNAV_23/vnav_ws/install/tesse_ros_bridge/lib/tesse_ros_bridge\n'}
[1.721382] (tesse_ros_bridge) StdoutLine: {'line': b"writing list of installed files to '/home/aimane/humble_ws/src/VNAV_23/vnav_ws/build/tesse_ros_bridge/install.log'\n"}
[1.722666] (mav_comm) CommandEnded: {'returncode': 0}
[1.723414] (mav_comm) JobProgress: {'identifier': 'mav_comm', 'progress': 'install'}
[1.723658] (mav_comm) Command: {'cmd': ['/usr/bin/cmake', '--install', '/home/aimane/humble_ws/src/VNAV_23/vnav_ws/build/mav_comm'], 'cwd': '/home/aimane/humble_ws/src/VNAV_23/vnav_ws/build/mav_comm', 'env': OrderedDict([('HOSTNAME', 'aimane'), ('SHLVL', '1'), ('LD_LIBRARY_PATH', '/home/aimane/humble_ws/src/VNAV_23/vnav_ws/install/mav_planning_msgs/lib:/home/aimane/humble_ws/src/VNAV_23/vnav_ws/install/mav_system_msgs/lib:/home/aimane/humble_ws/src/VNAV_23/vnav_ws/install/mav_state_machine_msgs/lib:/home/aimane/humble_ws/src/VNAV_23/vnav_ws/install/mav_msgs/lib:/opt/ros/humble/opt/rviz_ogre_vendor/lib:/opt/ros/humble/lib/x86_64-linux-gnu:/opt/ros/humble/lib'), ('HOME', '/home/aimane'), ('OLDPWD', '/home/aimane/humble_ws/src/VNAV_23/vnav_ws'), ('ROS_PYTHON_VERSION', '3'), ('ROS_DISTRO', 'humble'), ('_', '/usr/bin/colcon'), ('ROS_VERSION', '2'), ('TERM', 'xterm-256color'), ('ROS_LOCALHOST_ONLY', '0'), ('PATH', '/opt/ros/humble/bin:/usr/local/sbin:/usr/local/bin:/usr/sbin:/usr/bin:/sbin:/bin'), ('DISPLAY', ':1'), ('LANG', 'C.UTF-8'), ('AMENT_PREFIX_PATH', '/home/aimane/humble_ws/src/VNAV_23/vnav_ws/install/mav_planning_msgs:/home/aimane/humble_ws/src/VNAV_23/vnav_ws/install/mav_system_msgs:/home/aimane/humble_ws/src/VNAV_23/vnav_ws/install/mav_state_machine_msgs:/home/aimane/humble_ws/src/VNAV_23/vnav_ws/install/mav_msgs:/opt/ros/humble'), ('DEBIAN_FRONTEND', 'noninteractive'), ('PWD', '/home/aimane/humble_ws/src/VNAV_23/vnav_ws/build/mav_comm'), ('LC_ALL', 'C.UTF-8'), ('PYTHONPATH', '/home/aimane/humble_ws/src/VNAV_23/vnav_ws/install/mav_planning_msgs/local/lib/python3.10/dist-packages:/home/aimane/humble_ws/src/VNAV_23/vnav_ws/install/mav_msgs/local/lib/python3.10/dist-packages:/opt/ros/humble/lib/python3.10/site-packages:/opt/ros/humble/local/lib/python3.10/dist-packages'), ('COLCON', '1'), ('CMAKE_PREFIX_PATH', '/home/aimane/humble_ws/src/VNAV_23/vnav_ws/install/mav_planning_msgs:/home/aimane/humble_ws/src/VNAV_23/vnav_ws/install/mav_system_msgs:/home/aimane/humble_ws/src/VNAV_23/vnav_ws/install/mav_state_machine_msgs:/home/aimane/humble_ws/src/VNAV_23/vnav_ws/install/mav_msgs:/opt/ros/humble')]), 'shell': False}
[1.733379] (mav_comm) StdoutLine: {'line': b'-- Install configuration: ""\n'}
[1.733658] (mav_comm) StdoutLine: {'line': b'-- Up-to-date: /home/aimane/humble_ws/src/VNAV_23/vnav_ws/install/mav_comm/share/ament_index/resource_index/package_run_dependencies/mav_comm\n'}
[1.733842] (mav_comm) StdoutLine: {'line': b'-- Up-to-date: /home/aimane/humble_ws/src/VNAV_23/vnav_ws/install/mav_comm/share/ament_index/resource_index/parent_prefix_path/mav_comm\n'}
[1.733959] (mav_comm) StdoutLine: {'line': b'-- Up-to-date: /home/aimane/humble_ws/src/VNAV_23/vnav_ws/install/mav_comm/share/mav_comm/environment/ament_prefix_path.sh\n'}
[1.734065] (mav_comm) StdoutLine: {'line': b'-- Up-to-date: /home/aimane/humble_ws/src/VNAV_23/vnav_ws/install/mav_comm/share/mav_comm/environment/ament_prefix_path.dsv\n'}
[1.734298] (mav_comm) StdoutLine: {'line': b'-- Up-to-date: /home/aimane/humble_ws/src/VNAV_23/vnav_ws/install/mav_comm/share/mav_comm/environment/path.sh\n'}
[1.734462] (mav_comm) StdoutLine: {'line': b'-- Up-to-date: /home/aimane/humble_ws/src/VNAV_23/vnav_ws/install/mav_comm/share/mav_comm/environment/path.dsv\n'}
[1.734569] (mav_comm) StdoutLine: {'line': b'-- Up-to-date: /home/aimane/humble_ws/src/VNAV_23/vnav_ws/install/mav_comm/share/mav_comm/local_setup.bash\n'}
[1.734675] (mav_comm) StdoutLine: {'line': b'-- Up-to-date: /home/aimane/humble_ws/src/VNAV_23/vnav_ws/install/mav_comm/share/mav_comm/local_setup.sh\n'}
[1.734778] (mav_comm) StdoutLine: {'line': b'-- Up-to-date: /home/aimane/humble_ws/src/VNAV_23/vnav_ws/install/mav_comm/share/mav_comm/local_setup.zsh\n'}
[1.734881] (mav_comm) StdoutLine: {'line': b'-- Up-to-date: /home/aimane/humble_ws/src/VNAV_23/vnav_ws/install/mav_comm/share/mav_comm/local_setup.dsv\n'}
[1.735037] (mav_comm) StdoutLine: {'line': b'-- Installing: /home/aimane/humble_ws/src/VNAV_23/vnav_ws/install/mav_comm/share/mav_comm/package.dsv\n'}
[1.735164] (mav_comm) StdoutLine: {'line': b'-- Up-to-date: /home/aimane/humble_ws/src/VNAV_23/vnav_ws/install/mav_comm/share/ament_index/resource_index/packages/mav_comm\n'}
[1.735276] (mav_comm) StdoutLine: {'line': b'-- Up-to-date: /home/aimane/humble_ws/src/VNAV_23/vnav_ws/install/mav_comm/share/mav_comm/cmake/mav_commConfig.cmake\n'}
[1.735375] (mav_comm) StdoutLine: {'line': b'-- Up-to-date: /home/aimane/humble_ws/src/VNAV_23/vnav_ws/install/mav_comm/share/mav_comm/cmake/mav_commConfig-version.cmake\n'}
[1.735471] (mav_comm) StdoutLine: {'line': b'-- Up-to-date: /home/aimane/humble_ws/src/VNAV_23/vnav_ws/install/mav_comm/share/mav_comm/package.xml\n'}
[1.737384] (mav_comm) CommandEnded: {'returncode': 0}
[1.753017] (mav_comm) JobEnded: {'identifier': 'mav_comm', 'rc': 0}
[1.754934] (tesse_ros_bridge) CommandEnded: {'returncode': 0}
[1.762482] (tesse_ros_bridge) JobEnded: {'identifier': 'tesse_ros_bridge', 'rc': 0}
[1.804495] (-) TimerEvent: {}
[1.904778] (-) TimerEvent: {}
[2.005062] (-) TimerEvent: {}
[2.106362] (-) TimerEvent: {}
[2.206656] (-) TimerEvent: {}
[2.306944] (-) TimerEvent: {}
[2.407229] (-) TimerEvent: {}
[2.507513] (-) TimerEvent: {}
[2.607799] (-) TimerEvent: {}
[2.708087] (-) TimerEvent: {}
[2.808351] (-) TimerEvent: {}
[2.908662] (-) TimerEvent: {}
[3.008954] (-) TimerEvent: {}
[3.109255] (-) TimerEvent: {}
[3.209533] (-) TimerEvent: {}
[3.309793] (-) TimerEvent: {}
[3.410080] (-) TimerEvent: {}
[3.510377] (-) TimerEvent: {}
[3.610696] (-) TimerEvent: {}
[3.711021] (-) TimerEvent: {}
[3.811304] (-) TimerEvent: {}
[3.911601] (-) TimerEvent: {}
[4.011900] (-) TimerEvent: {}
[4.112201] (-) TimerEvent: {}
[4.212509] (-) TimerEvent: {}
[4.312811] (-) TimerEvent: {}
[4.413105] (-) TimerEvent: {}
[4.513399] (-) TimerEvent: {}
[4.613709] (-) TimerEvent: {}
[4.714003] (-) TimerEvent: {}
[4.814289] (-) TimerEvent: {}
[4.914574] (-) TimerEvent: {}
[5.014863] (-) TimerEvent: {}
[5.115170] (-) TimerEvent: {}
[5.121551] (controller_pkg) StderrLine: {'line': b'\x1b[01m\x1b[K/home/aimane/humble_ws/src/VNAV_23/vnav_ws/src/Lab3/controller_pkg/src/controller_node.cpp:\x1b[m\x1b[K In member function \xe2\x80\x98\x1b[01m\x1b[Kvoid ControllerNode::controlLoop()\x1b[m\x1b[K\xe2\x80\x99:\n'}
[5.121844] (controller_pkg) StderrLine: {'line': b'\x1b[01m\x1b[K/home/aimane/humble_ws/src/VNAV_23/vnav_ws/src/Lab3/controller_pkg/src/controller_node.cpp:316:77:\x1b[m\x1b[K \x1b[01;31m\x1b[Kerror: \x1b[m\x1b[Kno match for \xe2\x80\x98\x1b[01m\x1b[Koperator=\x1b[m\x1b[K\xe2\x80\x99 (operand types are \xe2\x80\x98\x1b[01m\x1b[KEigen::Vector3d\x1b[m\x1b[K\xe2\x80\x99 {aka \xe2\x80\x98\x1b[01m\x1b[KEigen::Matrix<double, 3, 1>\x1b[m\x1b[K\xe2\x80\x99} and \xe2\x80\x98\x1b[01m\x1b[KEigen::ScalarBinaryOpTraits<double, double, Eigen::internal::scalar_product_op<double, double> >::ReturnType\x1b[m\x1b[K\xe2\x80\x99 {aka \xe2\x80\x98\x1b[01m\x1b[Kdouble\x1b[m\x1b[K\xe2\x80\x99})\n'}
[5.122070] (controller_pkg) StderrLine: {'line': b'  316 |     F = ((- kx * ex - kv * ev + m * g * e3 + m * ad).transpose() * R).dot(e3\x1b[01;31m\x1b[K)\x1b[m\x1b[K;\n'}
[5.122179] (controller_pkg) StderrLine: {'line': b'      |                                                                             \x1b[01;31m\x1b[K^\x1b[m\x1b[K\n'}
[5.122276] (controller_pkg) StderrLine: {'line': b'In file included from \x1b[01m\x1b[K/usr/include/eigen3/Eigen/Core:295\x1b[m\x1b[K,\n'}
[5.122372] (controller_pkg) StderrLine: {'line': b'                 from \x1b[01m\x1b[K/usr/include/eigen3/Eigen/Dense:1\x1b[m\x1b[K,\n'}
[5.122465] (controller_pkg) StderrLine: {'line': b'                 from \x1b[01m\x1b[K/home/aimane/humble_ws/src/VNAV_23/vnav_ws/src/Lab3/controller_pkg/src/controller_node.cpp:37\x1b[m\x1b[K:\n'}
[5.122565] (controller_pkg) StderrLine: {'line': b'\x1b[01m\x1b[K/usr/include/eigen3/Eigen/src/Core/Matrix.h:223:33:\x1b[m\x1b[K \x1b[01;36m\x1b[Knote: \x1b[m\x1b[Kcandidate: \xe2\x80\x98\x1b[01m\x1b[Ktemplate<class OtherDerived> Eigen::Matrix<_Scalar, _Rows, _Cols, _Options, _MaxRows, _MaxCols>& Eigen::Matrix<_Scalar, _Rows, _Cols, _Options, _MaxRows, _MaxCols>::operator=(const Eigen::DenseBase<OtherDerived>&) [with OtherDerived = OtherDerived; _Scalar = double; int _Rows = 3; int _Cols = 1; int _Options = 0; int _MaxRows = 3; int _MaxCols = 1]\x1b[m\x1b[K\xe2\x80\x99\n'}
[5.122688] (controller_pkg) StderrLine: {'line': b'  223 |     EIGEN_STRONG_INLINE Matrix& \x1b[01;36m\x1b[Koperator\x1b[m\x1b[K=(const DenseBase<OtherDerived>& other)\n'}
[5.122787] (controller_pkg) StderrLine: {'line': b'      |                                 \x1b[01;36m\x1b[K^~~~~~~~\x1b[m\x1b[K\n'}
[5.122880] (controller_pkg) StderrLine: {'line': b'\x1b[01m\x1b[K/usr/include/eigen3/Eigen/src/Core/Matrix.h:223:33:\x1b[m\x1b[K \x1b[01;36m\x1b[Knote: \x1b[m\x1b[K  template argument deduction/substitution failed:\n'}
[5.122973] (controller_pkg) StderrLine: {'line': b'\x1b[01m\x1b[K/home/aimane/humble_ws/src/VNAV_23/vnav_ws/src/Lab3/controller_pkg/src/controller_node.cpp:316:77:\x1b[m\x1b[K \x1b[01;36m\x1b[Knote: \x1b[m\x1b[K  mismatched types \xe2\x80\x98\x1b[01m\x1b[Kconst Eigen::DenseBase<Derived>\x1b[m\x1b[K\xe2\x80\x99 and \xe2\x80\x98\x1b[01m\x1b[KEigen::ScalarBinaryOpTraits<double, double, Eigen::internal::scalar_product_op<double, double> >::ReturnType\x1b[m\x1b[K\xe2\x80\x99 {aka \xe2\x80\x98\x1b[01m\x1b[Kdouble\x1b[m\x1b[K\xe2\x80\x99}\n'}
[5.123070] (controller_pkg) StderrLine: {'line': b'  316 |     F = ((- kx * ex - kv * ev + m * g * e3 + m * ad).transpose() * R).dot(e3\x1b[01;36m\x1b[K)\x1b[m\x1b[K;\n'}
[5.123163] (controller_pkg) StderrLine: {'line': b'      |                                                                             \x1b[01;36m\x1b[K^\x1b[m\x1b[K\n'}
[5.123226] (controller_pkg) StderrLine: {'line': b'In file included from \x1b[01m\x1b[K/usr/include/eigen3/Eigen/Core:295\x1b[m\x1b[K,\n'}
[5.123280] (controller_pkg) StderrLine: {'line': b'                 from \x1b[01m\x1b[K/usr/include/eigen3/Eigen/Dense:1\x1b[m\x1b[K,\n'}
[5.123332] (controller_pkg) StderrLine: {'line': b'                 from \x1b[01m\x1b[K/home/aimane/humble_ws/src/VNAV_23/vnav_ws/src/Lab3/controller_pkg/src/controller_node.cpp:37\x1b[m\x1b[K:\n'}
[5.123386] (controller_pkg) StderrLine: {'line': b'\x1b[01m\x1b[K/usr/include/eigen3/Eigen/src/Core/Matrix.h:236:33:\x1b[m\x1b[K \x1b[01;36m\x1b[Knote: \x1b[m\x1b[Kcandidate: \xe2\x80\x98\x1b[01m\x1b[Ktemplate<class OtherDerived> Eigen::Matrix<_Scalar, _Rows, _Cols, _Options, _MaxRows, _MaxCols>& Eigen::Matrix<_Scalar, _Rows, _Cols, _Options, _MaxRows, _MaxCols>::operator=(const Eigen::EigenBase<OtherDerived>&) [with OtherDerived = OtherDerived; _Scalar = double; int _Rows = 3; int _Cols = 1; int _Options = 0; int _MaxRows = 3; int _MaxCols = 1]\x1b[m\x1b[K\xe2\x80\x99\n'}
[5.123450] (controller_pkg) StderrLine: {'line': b'  236 |     EIGEN_STRONG_INLINE Matrix& \x1b[01;36m\x1b[Koperator\x1b[m\x1b[K=(const EigenBase<OtherDerived> &other)\n'}
[5.123504] (controller_pkg) StderrLine: {'line': b'      |                                 \x1b[01;36m\x1b[K^~~~~~~~\x1b[m\x1b[K\n'}
[5.123556] (controller_pkg) StderrLine: {'line': b'\x1b[01m\x1b[K/usr/include/eigen3/Eigen/src/Core/Matrix.h:236:33:\x1b[m\x1b[K \x1b[01;36m\x1b[Knote: \x1b[m\x1b[K  template argument deduction/substitution failed:\n'}
[5.123608] (controller_pkg) StderrLine: {'line': b'\x1b[01m\x1b[K/home/aimane/humble_ws/src/VNAV_23/vnav_ws/src/Lab3/controller_pkg/src/controller_node.cpp:316:77:\x1b[m\x1b[K \x1b[01;36m\x1b[Knote: \x1b[m\x1b[K  mismatched types \xe2\x80\x98\x1b[01m\x1b[Kconst Eigen::EigenBase<Derived>\x1b[m\x1b[K\xe2\x80\x99 and \xe2\x80\x98\x1b[01m\x1b[KEigen::ScalarBinaryOpTraits<double, double, Eigen::internal::scalar_product_op<double, double> >::ReturnType\x1b[m\x1b[K\xe2\x80\x99 {aka \xe2\x80\x98\x1b[01m\x1b[Kdouble\x1b[m\x1b[K\xe2\x80\x99}\n'}
[5.123670] (controller_pkg) StderrLine: {'line': b'  316 |     F = ((- kx * ex - kv * ev + m * g * e3 + m * ad).transpose() * R).dot(e3\x1b[01;36m\x1b[K)\x1b[m\x1b[K;\n'}
[5.123727] (controller_pkg) StderrLine: {'line': b'      |                                                                             \x1b[01;36m\x1b[K^\x1b[m\x1b[K\n'}
[5.123784] (controller_pkg) StderrLine: {'line': b'In file included from \x1b[01m\x1b[K/usr/include/eigen3/Eigen/Core:295\x1b[m\x1b[K,\n'}
[5.123837] (controller_pkg) StderrLine: {'line': b'                 from \x1b[01m\x1b[K/usr/include/eigen3/Eigen/Dense:1\x1b[m\x1b[K,\n'}
[5.123890] (controller_pkg) StderrLine: {'line': b'                 from \x1b[01m\x1b[K/home/aimane/humble_ws/src/VNAV_23/vnav_ws/src/Lab3/controller_pkg/src/controller_node.cpp:37\x1b[m\x1b[K:\n'}
[5.123943] (controller_pkg) StderrLine: {'line': b'\x1b[01m\x1b[K/usr/include/eigen3/Eigen/src/Core/Matrix.h:243:33:\x1b[m\x1b[K \x1b[01;36m\x1b[Knote: \x1b[m\x1b[Kcandidate: \xe2\x80\x98\x1b[01m\x1b[Ktemplate<class OtherDerived> Eigen::Matrix<_Scalar, _Rows, _Cols, _Options, _MaxRows, _MaxCols>& Eigen::Matrix<_Scalar, _Rows, _Cols, _Options, _MaxRows, _MaxCols>::operator=(const Eigen::ReturnByValue<OtherDerived>&) [with OtherDerived = OtherDerived; _Scalar = double; int _Rows = 3; int _Cols = 1; int _Options = 0; int _MaxRows = 3; int _MaxCols = 1]\x1b[m\x1b[K\xe2\x80\x99\n'}
[5.123998] (controller_pkg) StderrLine: {'line': b'  243 |     EIGEN_STRONG_INLINE Matrix& \x1b[01;36m\x1b[Koperator\x1b[m\x1b[K=(const ReturnByValue<OtherDerived>& func)\n'}
[5.124051] (controller_pkg) StderrLine: {'line': b'      |                                 \x1b[01;36m\x1b[K^~~~~~~~\x1b[m\x1b[K\n'}
[5.124103] (controller_pkg) StderrLine: {'line': b'\x1b[01m\x1b[K/usr/include/eigen3/Eigen/src/Core/Matrix.h:243:33:\x1b[m\x1b[K \x1b[01;36m\x1b[Knote: \x1b[m\x1b[K  template argument deduction/substitution failed:\n'}
[5.124173] (controller_pkg) StderrLine: {'line': b'\x1b[01m\x1b[K/home/aimane/humble_ws/src/VNAV_23/vnav_ws/src/Lab3/controller_pkg/src/controller_node.cpp:316:77:\x1b[m\x1b[K \x1b[01;36m\x1b[Knote: \x1b[m\x1b[K  mismatched types \xe2\x80\x98\x1b[01m\x1b[Kconst Eigen::ReturnByValue<Derived>\x1b[m\x1b[K\xe2\x80\x99 and \xe2\x80\x98\x1b[01m\x1b[KEigen::ScalarBinaryOpTraits<double, double, Eigen::internal::scalar_product_op<double, double> >::ReturnType\x1b[m\x1b[K\xe2\x80\x99 {aka \xe2\x80\x98\x1b[01m\x1b[Kdouble\x1b[m\x1b[K\xe2\x80\x99}\n'}
[5.124233] (controller_pkg) StderrLine: {'line': b'  316 |     F = ((- kx * ex - kv * ev + m * g * e3 + m * ad).transpose() * R).dot(e3\x1b[01;36m\x1b[K)\x1b[m\x1b[K;\n'}
[5.124285] (controller_pkg) StderrLine: {'line': b'      |                                                                             \x1b[01;36m\x1b[K^\x1b[m\x1b[K\n'}
[5.124336] (controller_pkg) StderrLine: {'line': b'In file included from \x1b[01m\x1b[K/usr/include/eigen3/Eigen/Core:295\x1b[m\x1b[K,\n'}
[5.124388] (controller_pkg) StderrLine: {'line': b'                 from \x1b[01m\x1b[K/usr/include/eigen3/Eigen/Dense:1\x1b[m\x1b[K,\n'}
[5.124440] (controller_pkg) StderrLine: {'line': b'                 from \x1b[01m\x1b[K/home/aimane/humble_ws/src/VNAV_23/vnav_ws/src/Lab3/controller_pkg/src/controller_node.cpp:37\x1b[m\x1b[K:\n'}
[5.124491] (controller_pkg) StderrLine: {'line': b'\x1b[01m\x1b[K/usr/include/eigen3/Eigen/src/Core/Matrix.h:438:13:\x1b[m\x1b[K \x1b[01;36m\x1b[Knote: \x1b[m\x1b[Kcandidate: \xe2\x80\x98\x1b[01m\x1b[Ktemplate<class OtherDerived> Eigen::Matrix<_Scalar, _Rows, _Cols, _Options, _MaxRows, _MaxCols>& Eigen::Matrix<_Scalar, _Rows, _Cols, _Options, _MaxRows, _MaxCols>::operator=(const Eigen::RotationBase<OtherDerived, Eigen::Matrix<_Scalar, _Rows, _Cols, _Options, _MaxRows, _MaxCols>::ColsAtCompileTime>&) [with OtherDerived = OtherDerived; _Scalar = double; int _Rows = 3; int _Cols = 1; int _Options = 0; int _MaxRows = 3; int _MaxCols = 1]\x1b[m\x1b[K\xe2\x80\x99\n'}
[5.124547] (controller_pkg) StderrLine: {'line': b'  438 |     Matrix& \x1b[01;36m\x1b[Koperator\x1b[m\x1b[K=(const RotationBase<OtherDerived,ColsAtCompileTime>& r);\n'}
[5.124600] (controller_pkg) StderrLine: {'line': b'      |             \x1b[01;36m\x1b[K^~~~~~~~\x1b[m\x1b[K\n'}
[5.124656] (controller_pkg) StderrLine: {'line': b'\x1b[01m\x1b[K/usr/include/eigen3/Eigen/src/Core/Matrix.h:438:13:\x1b[m\x1b[K \x1b[01;36m\x1b[Knote: \x1b[m\x1b[K  template argument deduction/substitution failed:\n'}
[5.124709] (controller_pkg) StderrLine: {'line': b'\x1b[01m\x1b[K/home/aimane/humble_ws/src/VNAV_23/vnav_ws/src/Lab3/controller_pkg/src/controller_node.cpp:316:77:\x1b[m\x1b[K \x1b[01;36m\x1b[Knote: \x1b[m\x1b[K  mismatched types \xe2\x80\x98\x1b[01m\x1b[Kconst Eigen::RotationBase<OtherDerived, 1>\x1b[m\x1b[K\xe2\x80\x99 and \xe2\x80\x98\x1b[01m\x1b[KEigen::ScalarBinaryOpTraits<double, double, Eigen::internal::scalar_product_op<double, double> >::ReturnType\x1b[m\x1b[K\xe2\x80\x99 {aka \xe2\x80\x98\x1b[01m\x1b[Kdouble\x1b[m\x1b[K\xe2\x80\x99}\n'}
[5.124768] (controller_pkg) StderrLine: {'line': b'  316 |     F = ((- kx * ex - kv * ev + m * g * e3 + m * ad).transpose() * R).dot(e3\x1b[01;36m\x1b[K)\x1b[m\x1b[K;\n'}
[5.124821] (controller_pkg) StderrLine: {'line': b'      |                                                                             \x1b[01;36m\x1b[K^\x1b[m\x1b[K\n'}
[5.124873] (controller_pkg) StderrLine: {'line': b'In file included from \x1b[01m\x1b[K/usr/include/eigen3/Eigen/Core:295\x1b[m\x1b[K,\n'}
[5.124925] (controller_pkg) StderrLine: {'line': b'                 from \x1b[01m\x1b[K/usr/include/eigen3/Eigen/Dense:1\x1b[m\x1b[K,\n'}
[5.124976] (controller_pkg) StderrLine: {'line': b'                 from \x1b[01m\x1b[K/home/aimane/humble_ws/src/VNAV_23/vnav_ws/src/Lab3/controller_pkg/src/controller_node.cpp:37\x1b[m\x1b[K:\n'}
[5.125027] (controller_pkg) StderrLine: {'line': b'\x1b[01m\x1b[K/usr/include/eigen3/Eigen/src/Core/Matrix.h:206:33:\x1b[m\x1b[K \x1b[01;36m\x1b[Knote: \x1b[m\x1b[Kcandidate: \xe2\x80\x98\x1b[01m\x1b[KEigen::Matrix<_Scalar, _Rows, _Cols, _Options, _MaxRows, _MaxCols>& Eigen::Matrix<_Scalar, _Rows, _Cols, _Options, _MaxRows, _MaxCols>::operator=(const Eigen::Matrix<_Scalar, _Rows, _Cols, _Options, _MaxRows, _MaxCols>&) [with _Scalar = double; int _Rows = 3; int _Cols = 1; int _Options = 0; int _MaxRows = 3; int _MaxCols = 1]\x1b[m\x1b[K\xe2\x80\x99\n'}
[5.125090] (controller_pkg) StderrLine: {'line': b'  206 |     EIGEN_STRONG_INLINE Matrix& \x1b[01;36m\x1b[Koperator\x1b[m\x1b[K=(const Matrix& other)\n'}
[5.125150] (controller_pkg) StderrLine: {'line': b'      |                                 \x1b[01;36m\x1b[K^~~~~~~~\x1b[m\x1b[K\n'}
[5.125209] (controller_pkg) StderrLine: {'line': b'\x1b[01m\x1b[K/usr/include/eigen3/Eigen/src/Core/Matrix.h:206:57:\x1b[m\x1b[K \x1b[01;36m\x1b[Knote: \x1b[m\x1b[K  no known conversion for argument 1 from \xe2\x80\x98\x1b[01m\x1b[KEigen::ScalarBinaryOpTraits<double, double, Eigen::internal::scalar_product_op<double, double> >::ReturnType\x1b[m\x1b[K\xe2\x80\x99 {aka \xe2\x80\x98\x1b[01m\x1b[Kdouble\x1b[m\x1b[K\xe2\x80\x99} to \xe2\x80\x98\x1b[01m\x1b[Kconst Eigen::Matrix<double, 3, 1>&\x1b[m\x1b[K\xe2\x80\x99\n'}
[5.125265] (controller_pkg) StderrLine: {'line': b'  206 |     EIGEN_STRONG_INLINE Matrix& operator=(\x1b[01;36m\x1b[Kconst Matrix& other\x1b[m\x1b[K)\n'}
[5.125317] (controller_pkg) StderrLine: {'line': b'      |                                           \x1b[01;36m\x1b[K~~~~~~~~~~~~~~^~~~~\x1b[m\x1b[K\n'}
[5.125370] (controller_pkg) StderrLine: {'line': b'\x1b[01m\x1b[K/usr/include/eigen3/Eigen/src/Core/Matrix.h:279:13:\x1b[m\x1b[K \x1b[01;36m\x1b[Knote: \x1b[m\x1b[Kcandidate: \xe2\x80\x98\x1b[01m\x1b[KEigen::Matrix<_Scalar, _Rows, _Cols, _Options, _MaxRows, _MaxCols>& Eigen::Matrix<_Scalar, _Rows, _Cols, _Options, _MaxRows, _MaxCols>::operator=(Eigen::Matrix<_Scalar, _Rows, _Cols, _Options, _MaxRows, _MaxCols>&&) [with _Scalar = double; int _Rows = 3; int _Cols = 1; int _Options = 0; int _MaxRows = 3; int _MaxCols = 1]\x1b[m\x1b[K\xe2\x80\x99\n'}
[5.125426] (controller_pkg) StderrLine: {'line': b'  279 |     Matrix& \x1b[01;36m\x1b[Koperator\x1b[m\x1b[K=(Matrix&& other) EIGEN_NOEXCEPT_IF(std::is_nothrow_move_assignable<Scalar>::value)\n'}
[5.125478] (controller_pkg) StderrLine: {'line': b'      |             \x1b[01;36m\x1b[K^~~~~~~~\x1b[m\x1b[K\n'}
[5.125534] (controller_pkg) StderrLine: {'line': b'\x1b[01m\x1b[K/usr/include/eigen3/Eigen/src/Core/Matrix.h:279:32:\x1b[m\x1b[K \x1b[01;36m\x1b[Knote: \x1b[m\x1b[K  no known conversion for argument 1 from \xe2\x80\x98\x1b[01m\x1b[KEigen::ScalarBinaryOpTraits<double, double, Eigen::internal::scalar_product_op<double, double> >::ReturnType\x1b[m\x1b[K\xe2\x80\x99 {aka \xe2\x80\x98\x1b[01m\x1b[Kdouble\x1b[m\x1b[K\xe2\x80\x99} to \xe2\x80\x98\x1b[01m\x1b[KEigen::Matrix<double, 3, 1>&&\x1b[m\x1b[K\xe2\x80\x99\n'}
[5.125589] (controller_pkg) StderrLine: {'line': b'  279 |     Matrix& operator=(\x1b[01;36m\x1b[KMatrix&& other\x1b[m\x1b[K) EIGEN_NOEXCEPT_IF(std::is_nothrow_move_assignable<Scalar>::value)\n'}
[5.125642] (controller_pkg) StderrLine: {'line': b'      |                       \x1b[01;36m\x1b[K~~~~~~~~~^~~~~\x1b[m\x1b[K\n'}
[5.215311] (-) TimerEvent: {}
[5.315613] (-) TimerEvent: {}
[5.415937] (-) TimerEvent: {}
[5.516235] (-) TimerEvent: {}
[5.616524] (-) TimerEvent: {}
[5.716818] (-) TimerEvent: {}
[5.817126] (-) TimerEvent: {}
[5.917454] (-) TimerEvent: {}
[6.017773] (-) TimerEvent: {}
[6.118093] (-) TimerEvent: {}
[6.218411] (-) TimerEvent: {}
[6.318706] (-) TimerEvent: {}
[6.419002] (-) TimerEvent: {}
[6.519323] (-) TimerEvent: {}
[6.619615] (-) TimerEvent: {}
[6.719900] (-) TimerEvent: {}
[6.820197] (-) TimerEvent: {}
[6.920494] (-) TimerEvent: {}
[7.020787] (-) TimerEvent: {}
[7.121086] (-) TimerEvent: {}
[7.221359] (-) TimerEvent: {}
[7.321645] (-) TimerEvent: {}
[7.421930] (-) TimerEvent: {}
[7.522207] (-) TimerEvent: {}
[7.622507] (-) TimerEvent: {}
[7.722792] (-) TimerEvent: {}
[7.823072] (-) TimerEvent: {}
[7.923366] (-) TimerEvent: {}
[8.023664] (-) TimerEvent: {}
[8.123956] (-) TimerEvent: {}
[8.224254] (-) TimerEvent: {}
[8.324538] (-) TimerEvent: {}
[8.424857] (-) TimerEvent: {}
[8.525191] (-) TimerEvent: {}
[8.625486] (-) TimerEvent: {}
[8.725780] (-) TimerEvent: {}
[8.826070] (-) TimerEvent: {}
[8.926373] (-) TimerEvent: {}
[9.026658] (-) TimerEvent: {}
[9.126954] (-) TimerEvent: {}
[9.227290] (-) TimerEvent: {}
[9.327580] (-) TimerEvent: {}
[9.427871] (-) TimerEvent: {}
[9.528182] (-) TimerEvent: {}
[9.628497] (-) TimerEvent: {}
[9.728825] (-) TimerEvent: {}
[9.829161] (-) TimerEvent: {}
[9.929421] (-) TimerEvent: {}
[10.029744] (-) TimerEvent: {}
[10.130072] (-) TimerEvent: {}
[10.230362] (-) TimerEvent: {}
[10.330679] (-) TimerEvent: {}
[10.430973] (-) TimerEvent: {}
[10.531245] (-) TimerEvent: {}
[10.631532] (-) TimerEvent: {}
[10.688912] (controller_pkg) StderrLine: {'line': b'gmake[2]: *** [CMakeFiles/controller_node.dir/build.make:76: CMakeFiles/controller_node.dir/src/controller_node.cpp.o] Error 1\n'}
[10.689180] (controller_pkg) StderrLine: {'line': b'gmake[1]: *** [CMakeFiles/Makefile2:139: CMakeFiles/controller_node.dir/all] Error 2\n'}
[10.689546] (controller_pkg) StderrLine: {'line': b'gmake: *** [Makefile:146: all] Error 2\n'}
[10.691841] (controller_pkg) CommandEnded: {'returncode': 2}
[10.699079] (controller_pkg) JobEnded: {'identifier': 'controller_pkg', 'rc': 2}
[10.709800] (-) EventReactorShutdown: {}
