[0.000000] (-) TimerEvent: {}
[0.000187] (mav_msgs) JobQueued: {'identifier': 'mav_msgs', 'dependencies': OrderedDict()}
[0.000221] (mav_state_machine_msgs) JobQueued: {'identifier': 'mav_state_machine_msgs', 'dependencies': OrderedDict()}
[0.000243] (mav_system_msgs) JobQueued: {'identifier': 'mav_system_msgs', 'dependencies': OrderedDict()}
[0.000279] (tesse) JobQueued: {'identifier': 'tesse', 'dependencies': OrderedDict()}
[0.000302] (tesse_msgs) JobQueued: {'identifier': 'tesse_msgs', 'dependencies': OrderedDict()}
[0.000320] (tesse_ros_bridge) JobQueued: {'identifier': 'tesse_ros_bridge', 'dependencies': OrderedDict()}
[0.000349] (controller_pkg) JobQueued: {'identifier': 'controller_pkg', 'dependencies': OrderedDict([('mav_msgs', '/home/aimane/humble_ws/src/VNAV_23/vnav_ws/install/mav_msgs')])}
[0.000382] (mav_planning_msgs) JobQueued: {'identifier': 'mav_planning_msgs', 'dependencies': OrderedDict([('mav_msgs', '/home/aimane/humble_ws/src/VNAV_23/vnav_ws/install/mav_msgs')])}
[0.000414] (mav_comm) JobQueued: {'identifier': 'mav_comm', 'dependencies': OrderedDict([('mav_msgs', '/home/aimane/humble_ws/src/VNAV_23/vnav_ws/install/mav_msgs'), ('mav_state_machine_msgs', '/home/aimane/humble_ws/src/VNAV_23/vnav_ws/install/mav_state_machine_msgs'), ('mav_system_msgs', '/home/aimane/humble_ws/src/VNAV_23/vnav_ws/install/mav_system_msgs'), ('mav_planning_msgs', '/home/aimane/humble_ws/src/VNAV_23/vnav_ws/install/mav_planning_msgs')])}
[0.000474] (mav_msgs) JobStarted: {'identifier': 'mav_msgs'}
[0.010990] (mav_state_machine_msgs) JobStarted: {'identifier': 'mav_state_machine_msgs'}
[0.014084] (mav_system_msgs) JobStarted: {'identifier': 'mav_system_msgs'}
[0.018173] (tesse) JobStarted: {'identifier': 'tesse'}
[0.021734] (tesse_msgs) JobStarted: {'identifier': 'tesse_msgs'}
[0.025990] (tesse_ros_bridge) JobStarted: {'identifier': 'tesse_ros_bridge'}
[0.037349] (mav_msgs) JobProgress: {'identifier': 'mav_msgs', 'progress': 'cmake'}
[0.037954] (mav_msgs) JobProgress: {'identifier': 'mav_msgs', 'progress': 'build'}
[0.038702] (mav_msgs) Command: {'cmd': ['/usr/bin/cmake', '--build', '/home/aimane/humble_ws/src/VNAV_23/vnav_ws/build/mav_msgs', '--', '-j8', '-l8'], 'cwd': '/home/aimane/humble_ws/src/VNAV_23/vnav_ws/build/mav_msgs', 'env': OrderedDict([('HOSTNAME', 'aimane'), ('SHLVL', '1'), ('LD_LIBRARY_PATH', '/opt/ros/humble/opt/rviz_ogre_vendor/lib:/opt/ros/humble/lib/x86_64-linux-gnu:/opt/ros/humble/lib'), ('HOME', '/home/aimane'), ('OLDPWD', '/home/aimane/humble_ws/src/VNAV_23/vnav_ws'), ('ROS_PYTHON_VERSION', '3'), ('ROS_DISTRO', 'humble'), ('_', '/usr/bin/colcon'), ('ROS_VERSION', '2'), ('TERM', 'xterm-256color'), ('ROS_LOCALHOST_ONLY', '0'), ('PATH', '/opt/ros/humble/bin:/usr/local/sbin:/usr/local/bin:/usr/sbin:/usr/bin:/sbin:/bin'), ('DISPLAY', ':1'), ('LANG', 'C.UTF-8'), ('AMENT_PREFIX_PATH', '/opt/ros/humble'), ('DEBIAN_FRONTEND', 'noninteractive'), ('PWD', '/home/aimane/humble_ws/src/VNAV_23/vnav_ws/build/mav_msgs'), ('LC_ALL', 'C.UTF-8'), ('PYTHONPATH', '/opt/ros/humble/lib/python3.10/site-packages:/opt/ros/humble/local/lib/python3.10/dist-packages'), ('COLCON', '1'), ('CMAKE_PREFIX_PATH', '/opt/ros/humble')]), 'shell': False}
[0.041061] (mav_state_machine_msgs) JobProgress: {'identifier': 'mav_state_machine_msgs', 'progress': 'cmake'}
[0.041641] (mav_state_machine_msgs) JobProgress: {'identifier': 'mav_state_machine_msgs', 'progress': 'build'}
[0.041856] (mav_state_machine_msgs) Command: {'cmd': ['/usr/bin/cmake', '--build', '/home/aimane/humble_ws/src/VNAV_23/vnav_ws/build/mav_state_machine_msgs', '--', '-j8', '-l8'], 'cwd': '/home/aimane/humble_ws/src/VNAV_23/vnav_ws/build/mav_state_machine_msgs', 'env': OrderedDict([('HOSTNAME', 'aimane'), ('SHLVL', '1'), ('LD_LIBRARY_PATH', '/opt/ros/humble/opt/rviz_ogre_vendor/lib:/opt/ros/humble/lib/x86_64-linux-gnu:/opt/ros/humble/lib'), ('HOME', '/home/aimane'), ('OLDPWD', '/home/aimane/humble_ws/src/VNAV_23/vnav_ws'), ('ROS_PYTHON_VERSION', '3'), ('ROS_DISTRO', 'humble'), ('_', '/usr/bin/colcon'), ('ROS_VERSION', '2'), ('TERM', 'xterm-256color'), ('ROS_LOCALHOST_ONLY', '0'), ('PATH', '/opt/ros/humble/bin:/usr/local/sbin:/usr/local/bin:/usr/sbin:/usr/bin:/sbin:/bin'), ('DISPLAY', ':1'), ('LANG', 'C.UTF-8'), ('AMENT_PREFIX_PATH', '/opt/ros/humble'), ('DEBIAN_FRONTEND', 'noninteractive'), ('PWD', '/home/aimane/humble_ws/src/VNAV_23/vnav_ws/build/mav_state_machine_msgs'), ('LC_ALL', 'C.UTF-8'), ('PYTHONPATH', '/opt/ros/humble/lib/python3.10/site-packages:/opt/ros/humble/local/lib/python3.10/dist-packages'), ('COLCON', '1'), ('CMAKE_PREFIX_PATH', '/opt/ros/humble')]), 'shell': False}
[0.043656] (mav_system_msgs) JobProgress: {'identifier': 'mav_system_msgs', 'progress': 'cmake'}
[0.044001] (mav_system_msgs) JobProgress: {'identifier': 'mav_system_msgs', 'progress': 'build'}
[0.044277] (mav_system_msgs) Command: {'cmd': ['/usr/bin/cmake', '--build', '/home/aimane/humble_ws/src/VNAV_23/vnav_ws/build/mav_system_msgs', '--', '-j8', '-l8'], 'cwd': '/home/aimane/humble_ws/src/VNAV_23/vnav_ws/build/mav_system_msgs', 'env': OrderedDict([('HOSTNAME', 'aimane'), ('SHLVL', '1'), ('LD_LIBRARY_PATH', '/opt/ros/humble/opt/rviz_ogre_vendor/lib:/opt/ros/humble/lib/x86_64-linux-gnu:/opt/ros/humble/lib'), ('HOME', '/home/aimane'), ('OLDPWD', '/home/aimane/humble_ws/src/VNAV_23/vnav_ws'), ('ROS_PYTHON_VERSION', '3'), ('ROS_DISTRO', 'humble'), ('_', '/usr/bin/colcon'), ('ROS_VERSION', '2'), ('TERM', 'xterm-256color'), ('ROS_LOCALHOST_ONLY', '0'), ('PATH', '/opt/ros/humble/bin:/usr/local/sbin:/usr/local/bin:/usr/sbin:/usr/bin:/sbin:/bin'), ('DISPLAY', ':1'), ('LANG', 'C.UTF-8'), ('AMENT_PREFIX_PATH', '/opt/ros/humble'), ('DEBIAN_FRONTEND', 'noninteractive'), ('PWD', '/home/aimane/humble_ws/src/VNAV_23/vnav_ws/build/mav_system_msgs'), ('LC_ALL', 'C.UTF-8'), ('PYTHONPATH', '/opt/ros/humble/lib/python3.10/site-packages:/opt/ros/humble/local/lib/python3.10/dist-packages'), ('COLCON', '1'), ('CMAKE_PREFIX_PATH', '/opt/ros/humble')]), 'shell': False}
[0.100746] (-) TimerEvent: {}
[0.202178] (-) TimerEvent: {}
[0.302940] (-) TimerEvent: {}
[0.403286] (-) TimerEvent: {}
[0.443567] (tesse_msgs) JobProgress: {'identifier': 'tesse_msgs', 'progress': 'cmake'}
[0.444299] (tesse_msgs) JobProgress: {'identifier': 'tesse_msgs', 'progress': 'build'}
[0.444611] (tesse_msgs) Command: {'cmd': ['/usr/bin/cmake', '--build', '/home/aimane/humble_ws/src/VNAV_23/vnav_ws/build/tesse_msgs', '--', '-j8', '-l8'], 'cwd': '/home/aimane/humble_ws/src/VNAV_23/vnav_ws/build/tesse_msgs', 'env': OrderedDict([('HOSTNAME', 'aimane'), ('SHLVL', '1'), ('LD_LIBRARY_PATH', '/opt/ros/humble/opt/rviz_ogre_vendor/lib:/opt/ros/humble/lib/x86_64-linux-gnu:/opt/ros/humble/lib'), ('HOME', '/home/aimane'), ('OLDPWD', '/home/aimane/humble_ws/src/VNAV_23/vnav_ws'), ('ROS_PYTHON_VERSION', '3'), ('ROS_DISTRO', 'humble'), ('_', '/usr/bin/colcon'), ('ROS_VERSION', '2'), ('TERM', 'xterm-256color'), ('ROS_LOCALHOST_ONLY', '0'), ('PATH', '/opt/ros/humble/bin:/usr/local/sbin:/usr/local/bin:/usr/sbin:/usr/bin:/sbin:/bin'), ('DISPLAY', ':1'), ('LANG', 'C.UTF-8'), ('AMENT_PREFIX_PATH', '/opt/ros/humble'), ('DEBIAN_FRONTEND', 'noninteractive'), ('PWD', '/home/aimane/humble_ws/src/VNAV_23/vnav_ws/build/tesse_msgs'), ('LC_ALL', 'C.UTF-8'), ('PYTHONPATH', '/opt/ros/humble/lib/python3.10/site-packages:/opt/ros/humble/local/lib/python3.10/dist-packages'), ('COLCON', '1'), ('CMAKE_PREFIX_PATH', '/opt/ros/humble')]), 'shell': False}
[0.463991] (mav_msgs) StdoutLine: {'line': b'[  1%] Built target mav_msgs__cpp\n'}
[0.464439] (mav_msgs) StdoutLine: {'line': b'[ 12%] Built target mav_msgs__rosidl_generator_c\n'}
[0.465369] (mav_msgs) StdoutLine: {'line': b'[ 12%] Built target ament_cmake_python_copy_mav_msgs\n'}
[0.465551] (mav_msgs) StdoutLine: {'line': b'[ 24%] Built target mav_msgs__rosidl_typesupport_fastrtps_cpp\n'}
[0.465905] (mav_msgs) StdoutLine: {'line': b'[ 35%] Built target mav_msgs__rosidl_typesupport_cpp\n'}
[0.466037] (mav_msgs) StdoutLine: {'line': b'[ 47%] Built target mav_msgs__rosidl_typesupport_introspection_cpp\n'}
[0.466203] (mav_msgs) StdoutLine: {'line': b'[ 58%] Built target mav_msgs__rosidl_typesupport_introspection_c\n'}
[0.466384] (mav_msgs) StdoutLine: {'line': b'[ 70%] Built target mav_msgs__rosidl_typesupport_c\n'}
[0.466516] (mav_msgs) StdoutLine: {'line': b'[ 81%] Built target mav_msgs__rosidl_typesupport_fastrtps_c\n'}
[0.466633] (mav_msgs) StdoutLine: {'line': b'[ 81%] Built target mav_msgs\n'}
[0.466751] (mav_msgs) StdoutLine: {'line': b'[ 82%] Built target mav_msgs__py\n'}
[0.466873] (mav_msgs) StdoutLine: {'line': b'[ 93%] Built target mav_msgs__rosidl_generator_py\n'}
[0.466998] (mav_msgs) StdoutLine: {'line': b'[ 95%] Built target mav_msgs__rosidl_typesupport_introspection_c__pyext\n'}
[0.467336] (mav_msgs) StdoutLine: {'line': b'[ 97%] Built target mav_msgs__rosidl_typesupport_c__pyext\n'}
[0.467495] (mav_msgs) StdoutLine: {'line': b'[100%] Built target mav_msgs__rosidl_typesupport_fastrtps_c__pyext\n'}
[0.467633] (mav_state_machine_msgs) StdoutLine: {'line': b'[ 13%] Built target mav_state_machine_msgs__rosidl_generator_c\n'}
[0.468303] (mav_state_machine_msgs) StdoutLine: {'line': b'[ 17%] Built target mav_state_machine_msgs__cpp\n'}
[0.468447] (mav_state_machine_msgs) StdoutLine: {'line': b'[ 31%] Built target mav_state_machine_msgs__rosidl_typesupport_introspection_c\n'}
[0.468583] (mav_state_machine_msgs) StdoutLine: {'line': b'[ 44%] Built target mav_state_machine_msgs__rosidl_typesupport_c\n'}
[0.468702] (mav_state_machine_msgs) StdoutLine: {'line': b'[ 58%] Built target mav_state_machine_msgs__rosidl_typesupport_introspection_cpp\n'}
[0.468828] (mav_state_machine_msgs) StdoutLine: {'line': b'[ 72%] Built target mav_state_machine_msgs__rosidl_typesupport_fastrtps_cpp\n'}
[0.468949] (mav_state_machine_msgs) StdoutLine: {'line': b'[ 86%] Built target mav_state_machine_msgs__rosidl_typesupport_fastrtps_c\n'}
[0.469068] (mav_state_machine_msgs) StdoutLine: {'line': b'[100%] Built target mav_state_machine_msgs__rosidl_typesupport_cpp\n'}
[0.469217] (mav_state_machine_msgs) StdoutLine: {'line': b'[100%] Built target mav_state_machine_msgs\n'}
[0.469343] (mav_system_msgs) StdoutLine: {'line': b'[ 13%] Built target mav_system_msgs__rosidl_generator_c\n'}
[0.469506] (mav_system_msgs) StdoutLine: {'line': b'[ 17%] Built target mav_system_msgs__cpp\n'}
[0.469623] (mav_system_msgs) StdoutLine: {'line': b'[ 31%] Built target mav_system_msgs__rosidl_typesupport_fastrtps_c\n'}
[0.469733] (mav_system_msgs) StdoutLine: {'line': b'[ 44%] Built target mav_system_msgs__rosidl_typesupport_introspection_cpp\n'}
[0.469842] (mav_system_msgs) StdoutLine: {'line': b'[ 58%] Built target mav_system_msgs__rosidl_typesupport_fastrtps_cpp\n'}
[0.469975] (mav_system_msgs) StdoutLine: {'line': b'[ 72%] Built target mav_system_msgs__rosidl_typesupport_c\n'}
[0.470099] (mav_system_msgs) StdoutLine: {'line': b'[ 86%] Built target mav_system_msgs__rosidl_typesupport_introspection_c\n'}
[0.470247] (mav_system_msgs) StdoutLine: {'line': b'[100%] Built target mav_system_msgs__rosidl_typesupport_cpp\n'}
[0.470366] (mav_system_msgs) StdoutLine: {'line': b'[100%] Built target mav_system_msgs\n'}
[0.473495] (mav_msgs) StdoutLine: {'line': b'running egg_info\n'}
[0.474271] (mav_msgs) StdoutLine: {'line': b'writing mav_msgs.egg-info/PKG-INFO\n'}
[0.474505] (mav_msgs) StdoutLine: {'line': b'writing dependency_links to mav_msgs.egg-info/dependency_links.txt\n'}
[0.474695] (mav_msgs) StdoutLine: {'line': b'writing top-level names to mav_msgs.egg-info/top_level.txt\n'}
[0.477490] (mav_msgs) StdoutLine: {'line': b"reading manifest file 'mav_msgs.egg-info/SOURCES.txt'\n"}
[0.478293] (mav_msgs) StdoutLine: {'line': b"writing manifest file 'mav_msgs.egg-info/SOURCES.txt'\n"}
[0.503395] (-) TimerEvent: {}
[0.515597] (tesse_msgs) StdoutLine: {'line': b'[  1%] Built target tesse_msgs__cpp\n'}
[0.520405] (tesse_msgs) StdoutLine: {'line': b'[ 12%] Built target tesse_msgs__rosidl_generator_c\n'}
[0.523200] (mav_msgs) StdoutLine: {'line': b'[100%] Built target ament_cmake_python_build_mav_msgs_egg\n'}
[0.526238] (tesse_msgs) StdoutLine: {'line': b'[ 12%] Built target ament_cmake_python_copy_tesse_msgs\n'}
[0.563317] (tesse_msgs) StdoutLine: {'line': b'[ 23%] Built target tesse_msgs__rosidl_typesupport_introspection_c\n'}
[0.565024] (tesse_msgs) StdoutLine: {'line': b'[ 45%] Built target tesse_msgs__rosidl_typesupport_cpp\n'}
[0.565263] (tesse_msgs) StdoutLine: {'line': b'[ 45%] Built target tesse_msgs__rosidl_typesupport_c\n'}
[0.567871] (tesse_msgs) StdoutLine: {'line': b'[ 56%] Built target tesse_msgs__rosidl_typesupport_fastrtps_cpp\n'}
[0.570073] (tesse_msgs) StdoutLine: {'line': b'[ 67%] Built target tesse_msgs__rosidl_typesupport_introspection_cpp\n'}
[0.577145] (tesse_msgs) StdoutLine: {'line': b'[ 78%] Built target tesse_msgs__rosidl_typesupport_fastrtps_c\n'}
[0.600951] (tesse_msgs) StdoutLine: {'line': b'[ 78%] Built target tesse_msgs\n'}
[0.603518] (-) TimerEvent: {}
[0.626037] (tesse_msgs) StdoutLine: {'line': b'[ 80%] Built target tesse_msgs__py\n'}
[0.653143] (tesse_msgs) StdoutLine: {'line': b'[ 89%] Built target tesse_msgs__rosidl_generator_py\n'}
[0.680966] (tesse_msgs) StdoutLine: {'line': b'[ 92%] Built target tesse_msgs__rosidl_typesupport_fastrtps_c__pyext\n'}
[0.688965] (tesse_msgs) StdoutLine: {'line': b'[100%] Built target tesse_msgs__rosidl_typesupport_c__pyext\n'}
[0.689160] (tesse_msgs) StdoutLine: {'line': b'[100%] Built target tesse_msgs__rosidl_typesupport_introspection_c__pyext\n'}
[0.703647] (-) TimerEvent: {}
[0.789194] (mav_state_machine_msgs) CommandEnded: {'returncode': 0}
[0.790049] (mav_state_machine_msgs) JobProgress: {'identifier': 'mav_state_machine_msgs', 'progress': 'install'}
[0.800337] (mav_state_machine_msgs) Command: {'cmd': ['/usr/bin/cmake', '--install', '/home/aimane/humble_ws/src/VNAV_23/vnav_ws/build/mav_state_machine_msgs'], 'cwd': '/home/aimane/humble_ws/src/VNAV_23/vnav_ws/build/mav_state_machine_msgs', 'env': OrderedDict([('HOSTNAME', 'aimane'), ('SHLVL', '1'), ('LD_LIBRARY_PATH', '/opt/ros/humble/opt/rviz_ogre_vendor/lib:/opt/ros/humble/lib/x86_64-linux-gnu:/opt/ros/humble/lib'), ('HOME', '/home/aimane'), ('OLDPWD', '/home/aimane/humble_ws/src/VNAV_23/vnav_ws'), ('ROS_PYTHON_VERSION', '3'), ('ROS_DISTRO', 'humble'), ('_', '/usr/bin/colcon'), ('ROS_VERSION', '2'), ('TERM', 'xterm-256color'), ('ROS_LOCALHOST_ONLY', '0'), ('PATH', '/opt/ros/humble/bin:/usr/local/sbin:/usr/local/bin:/usr/sbin:/usr/bin:/sbin:/bin'), ('DISPLAY', ':1'), ('LANG', 'C.UTF-8'), ('AMENT_PREFIX_PATH', '/opt/ros/humble'), ('DEBIAN_FRONTEND', 'noninteractive'), ('PWD', '/home/aimane/humble_ws/src/VNAV_23/vnav_ws/build/mav_state_machine_msgs'), ('LC_ALL', 'C.UTF-8'), ('PYTHONPATH', '/opt/ros/humble/lib/python3.10/site-packages:/opt/ros/humble/local/lib/python3.10/dist-packages'), ('COLCON', '1'), ('CMAKE_PREFIX_PATH', '/opt/ros/humble')]), 'shell': False}
[0.801254] (mav_system_msgs) CommandEnded: {'returncode': 0}
[0.802142] (mav_system_msgs) JobProgress: {'identifier': 'mav_system_msgs', 'progress': 'install'}
[0.802553] (mav_system_msgs) Command: {'cmd': ['/usr/bin/cmake', '--install', '/home/aimane/humble_ws/src/VNAV_23/vnav_ws/build/mav_system_msgs'], 'cwd': '/home/aimane/humble_ws/src/VNAV_23/vnav_ws/build/mav_system_msgs', 'env': OrderedDict([('HOSTNAME', 'aimane'), ('SHLVL', '1'), ('LD_LIBRARY_PATH', '/opt/ros/humble/opt/rviz_ogre_vendor/lib:/opt/ros/humble/lib/x86_64-linux-gnu:/opt/ros/humble/lib'), ('HOME', '/home/aimane'), ('OLDPWD', '/home/aimane/humble_ws/src/VNAV_23/vnav_ws'), ('ROS_PYTHON_VERSION', '3'), ('ROS_DISTRO', 'humble'), ('_', '/usr/bin/colcon'), ('ROS_VERSION', '2'), ('TERM', 'xterm-256color'), ('ROS_LOCALHOST_ONLY', '0'), ('PATH', '/opt/ros/humble/bin:/usr/local/sbin:/usr/local/bin:/usr/sbin:/usr/bin:/sbin:/bin'), ('DISPLAY', ':1'), ('LANG', 'C.UTF-8'), ('AMENT_PREFIX_PATH', '/opt/ros/humble'), ('DEBIAN_FRONTEND', 'noninteractive'), ('PWD', '/home/aimane/humble_ws/src/VNAV_23/vnav_ws/build/mav_system_msgs'), ('LC_ALL', 'C.UTF-8'), ('PYTHONPATH', '/opt/ros/humble/lib/python3.10/site-packages:/opt/ros/humble/local/lib/python3.10/dist-packages'), ('COLCON', '1'), ('CMAKE_PREFIX_PATH', '/opt/ros/humble')]), 'shell': False}
[0.804018] (-) TimerEvent: {}
[0.805526] (mav_msgs) CommandEnded: {'returncode': 0}
[0.807085] (mav_msgs) JobProgress: {'identifier': 'mav_msgs', 'progress': 'install'}
[0.808001] (mav_msgs) Command: {'cmd': ['/usr/bin/cmake', '--install', '/home/aimane/humble_ws/src/VNAV_23/vnav_ws/build/mav_msgs'], 'cwd': '/home/aimane/humble_ws/src/VNAV_23/vnav_ws/build/mav_msgs', 'env': OrderedDict([('HOSTNAME', 'aimane'), ('SHLVL', '1'), ('LD_LIBRARY_PATH', '/opt/ros/humble/opt/rviz_ogre_vendor/lib:/opt/ros/humble/lib/x86_64-linux-gnu:/opt/ros/humble/lib'), ('HOME', '/home/aimane'), ('OLDPWD', '/home/aimane/humble_ws/src/VNAV_23/vnav_ws'), ('ROS_PYTHON_VERSION', '3'), ('ROS_DISTRO', 'humble'), ('_', '/usr/bin/colcon'), ('ROS_VERSION', '2'), ('TERM', 'xterm-256color'), ('ROS_LOCALHOST_ONLY', '0'), ('PATH', '/opt/ros/humble/bin:/usr/local/sbin:/usr/local/bin:/usr/sbin:/usr/bin:/sbin:/bin'), ('DISPLAY', ':1'), ('LANG', 'C.UTF-8'), ('AMENT_PREFIX_PATH', '/opt/ros/humble'), ('DEBIAN_FRONTEND', 'noninteractive'), ('PWD', '/home/aimane/humble_ws/src/VNAV_23/vnav_ws/build/mav_msgs'), ('LC_ALL', 'C.UTF-8'), ('PYTHONPATH', '/opt/ros/humble/lib/python3.10/site-packages:/opt/ros/humble/local/lib/python3.10/dist-packages'), ('COLCON', '1'), ('CMAKE_PREFIX_PATH', '/opt/ros/humble')]), 'shell': False}
[0.814350] (mav_state_machine_msgs) StdoutLine: {'line': b'-- Install configuration: ""\n'}
[0.814927] (mav_state_machine_msgs) StdoutLine: {'line': b'-- Up-to-date: /home/aimane/humble_ws/src/VNAV_23/vnav_ws/install/mav_state_machine_msgs/share/ament_index/resource_index/rosidl_interfaces/mav_state_machine_msgs\n'}
[0.815285] (mav_state_machine_msgs) StdoutLine: {'line': b'-- Up-to-date: /home/aimane/humble_ws/src/VNAV_23/vnav_ws/install/mav_state_machine_msgs/include/mav_state_machine_msgs/mav_state_machine_msgs\n'}
[0.816537] (mav_state_machine_msgs) StdoutLine: {'line': b'-- Up-to-date: /home/aimane/humble_ws/src/VNAV_23/vnav_ws/install/mav_state_machine_msgs/include/mav_state_machine_msgs/mav_state_machine_msgs/msg\n'}
[0.816712] (mav_state_machine_msgs) StdoutLine: {'line': b'-- Up-to-date: /home/aimane/humble_ws/src/VNAV_23/vnav_ws/install/mav_state_machine_msgs/include/mav_state_machine_msgs/mav_state_machine_msgs/msg/detail\n'}
[0.816842] (mav_state_machine_msgs) StdoutLine: {'line': b'-- Up-to-date: /home/aimane/humble_ws/src/VNAV_23/vnav_ws/install/mav_state_machine_msgs/include/mav_state_machine_msgs/mav_state_machine_msgs/msg/detail/start_stop_task__type_support.h\n'}
[0.816958] (mav_state_machine_msgs) StdoutLine: {'line': b'-- Up-to-date: /home/aimane/humble_ws/src/VNAV_23/vnav_ws/install/mav_state_machine_msgs/include/mav_state_machine_msgs/mav_state_machine_msgs/msg/detail/start_stop_task__functions.h\n'}
[0.817072] (mav_state_machine_msgs) StdoutLine: {'line': b'-- Up-to-date: /home/aimane/humble_ws/src/VNAV_23/vnav_ws/install/mav_state_machine_msgs/include/mav_state_machine_msgs/mav_state_machine_msgs/msg/detail/start_stop_task__functions.c\n'}
[0.817201] (mav_state_machine_msgs) StdoutLine: {'line': b'-- Up-to-date: /home/aimane/humble_ws/src/VNAV_23/vnav_ws/install/mav_state_machine_msgs/include/mav_state_machine_msgs/mav_state_machine_msgs/msg/detail/start_stop_task__struct.h\n'}
[0.817311] (mav_state_machine_msgs) StdoutLine: {'line': b'-- Up-to-date: /home/aimane/humble_ws/src/VNAV_23/vnav_ws/install/mav_state_machine_msgs/include/mav_state_machine_msgs/mav_state_machine_msgs/msg/start_stop_task.h\n'}
[0.817419] (mav_state_machine_msgs) StdoutLine: {'line': b'-- Up-to-date: /home/aimane/humble_ws/src/VNAV_23/vnav_ws/install/mav_state_machine_msgs/include/mav_state_machine_msgs/mav_state_machine_msgs/msg/rosidl_generator_c__visibility_control.h\n'}
[0.817526] (mav_state_machine_msgs) StdoutLine: {'line': b'-- Up-to-date: /home/aimane/humble_ws/src/VNAV_23/vnav_ws/install/mav_state_machine_msgs/include/mav_state_machine_msgs/mav_state_machine_msgs/srv\n'}
[0.817636] (mav_state_machine_msgs) StdoutLine: {'line': b'-- Up-to-date: /home/aimane/humble_ws/src/VNAV_23/vnav_ws/install/mav_state_machine_msgs/include/mav_state_machine_msgs/mav_state_machine_msgs/srv/run_task_service.h\n'}
[0.817743] (mav_state_machine_msgs) StdoutLine: {'line': b'-- Up-to-date: /home/aimane/humble_ws/src/VNAV_23/vnav_ws/install/mav_state_machine_msgs/include/mav_state_machine_msgs/mav_state_machine_msgs/srv/detail\n'}
[0.817865] (mav_state_machine_msgs) StdoutLine: {'line': b'-- Up-to-date: /home/aimane/humble_ws/src/VNAV_23/vnav_ws/install/mav_state_machine_msgs/include/mav_state_machine_msgs/mav_state_machine_msgs/srv/detail/run_task_service__struct.h\n'}
[0.818186] (mav_state_machine_msgs) StdoutLine: {'line': b'-- Up-to-date: /home/aimane/humble_ws/src/VNAV_23/vnav_ws/install/mav_state_machine_msgs/include/mav_state_machine_msgs/mav_state_machine_msgs/srv/detail/run_task_service__functions.h\n'}
[0.818477] (mav_state_machine_msgs) StdoutLine: {'line': b'-- Up-to-date: /home/aimane/humble_ws/src/VNAV_23/vnav_ws/install/mav_state_machine_msgs/include/mav_state_machine_msgs/mav_state_machine_msgs/srv/detail/run_task_service__functions.c\n'}
[0.819542] (mav_state_machine_msgs) StdoutLine: {'line': b'-- Up-to-date: /home/aimane/humble_ws/src/VNAV_23/vnav_ws/install/mav_state_machine_msgs/include/mav_state_machine_msgs/mav_state_machine_msgs/srv/detail/run_task_service__type_support.h\n'}
[0.819919] (mav_state_machine_msgs) StdoutLine: {'line': b'-- Up-to-date: /home/aimane/humble_ws/src/VNAV_23/vnav_ws/install/mav_state_machine_msgs/share/mav_state_machine_msgs/environment/library_path.sh\n'}
[0.820204] (mav_state_machine_msgs) StdoutLine: {'line': b'-- Up-to-date: /home/aimane/humble_ws/src/VNAV_23/vnav_ws/install/mav_state_machine_msgs/share/mav_state_machine_msgs/environment/library_path.dsv\n'}
[0.820351] (mav_state_machine_msgs) StdoutLine: {'line': b'-- Up-to-date: /home/aimane/humble_ws/src/VNAV_23/vnav_ws/install/mav_state_machine_msgs/lib/libmav_state_machine_msgs__rosidl_generator_c.so\n'}
[0.820675] (mav_state_machine_msgs) StdoutLine: {'line': b'-- Up-to-date: /home/aimane/humble_ws/src/VNAV_23/vnav_ws/install/mav_state_machine_msgs/include/mav_state_machine_msgs/mav_state_machine_msgs\n'}
[0.820886] (mav_state_machine_msgs) StdoutLine: {'line': b'-- Up-to-date: /home/aimane/humble_ws/src/VNAV_23/vnav_ws/install/mav_state_machine_msgs/include/mav_state_machine_msgs/mav_state_machine_msgs/msg\n'}
[0.821140] (mav_state_machine_msgs) StdoutLine: {'line': b'-- Up-to-date: /home/aimane/humble_ws/src/VNAV_23/vnav_ws/install/mav_state_machine_msgs/include/mav_state_machine_msgs/mav_state_machine_msgs/msg/detail\n'}
[0.821434] (mav_state_machine_msgs) StdoutLine: {'line': b'-- Up-to-date: /home/aimane/humble_ws/src/VNAV_23/vnav_ws/install/mav_state_machine_msgs/include/mav_state_machine_msgs/mav_state_machine_msgs/msg/detail/start_stop_task__rosidl_typesupport_fastrtps_c.h\n'}
[0.821584] (mav_state_machine_msgs) StdoutLine: {'line': b'-- Up-to-date: /home/aimane/humble_ws/src/VNAV_23/vnav_ws/install/mav_state_machine_msgs/include/mav_state_machine_msgs/mav_state_machine_msgs/msg/rosidl_typesupport_fastrtps_c__visibility_control.h\n'}
[0.821721] (mav_state_machine_msgs) StdoutLine: {'line': b'-- Up-to-date: /home/aimane/humble_ws/src/VNAV_23/vnav_ws/install/mav_state_machine_msgs/include/mav_state_machine_msgs/mav_state_machine_msgs/srv\n'}
[0.822013] (mav_state_machine_msgs) StdoutLine: {'line': b'-- Up-to-date: /home/aimane/humble_ws/src/VNAV_23/vnav_ws/install/mav_state_machine_msgs/include/mav_state_machine_msgs/mav_state_machine_msgs/srv/detail\n'}
[0.822154] (mav_state_machine_msgs) StdoutLine: {'line': b'-- Up-to-date: /home/aimane/humble_ws/src/VNAV_23/vnav_ws/install/mav_state_machine_msgs/include/mav_state_machine_msgs/mav_state_machine_msgs/srv/detail/run_task_service__rosidl_typesupport_fastrtps_c.h\n'}
[0.822266] (mav_state_machine_msgs) StdoutLine: {'line': b'-- Up-to-date: /home/aimane/humble_ws/src/VNAV_23/vnav_ws/install/mav_state_machine_msgs/lib/libmav_state_machine_msgs__rosidl_typesupport_fastrtps_c.so\n'}
[0.822463] (mav_state_machine_msgs) StdoutLine: {'line': b'-- Up-to-date: /home/aimane/humble_ws/src/VNAV_23/vnav_ws/install/mav_state_machine_msgs/include/mav_state_machine_msgs/mav_state_machine_msgs\n'}
[0.822571] (mav_state_machine_msgs) StdoutLine: {'line': b'-- Up-to-date: /home/aimane/humble_ws/src/VNAV_23/vnav_ws/install/mav_state_machine_msgs/include/mav_state_machine_msgs/mav_state_machine_msgs/msg\n'}
[0.822687] (mav_state_machine_msgs) StdoutLine: {'line': b'-- Up-to-date: /home/aimane/humble_ws/src/VNAV_23/vnav_ws/install/mav_state_machine_msgs/include/mav_state_machine_msgs/mav_state_machine_msgs/msg/detail\n'}
[0.822828] (mav_state_machine_msgs) StdoutLine: {'line': b'-- Up-to-date: /home/aimane/humble_ws/src/VNAV_23/vnav_ws/install/mav_state_machine_msgs/include/mav_state_machine_msgs/mav_state_machine_msgs/msg/detail/start_stop_task__builder.hpp\n'}
[0.823176] (mav_state_machine_msgs) StdoutLine: {'line': b'-- Up-to-date: /home/aimane/humble_ws/src/VNAV_23/vnav_ws/install/mav_state_machine_msgs/include/mav_state_machine_msgs/mav_state_machine_msgs/msg/detail/start_stop_task__traits.hpp\n'}
[0.823541] (mav_state_machine_msgs) StdoutLine: {'line': b'-- Up-to-date: /home/aimane/humble_ws/src/VNAV_23/vnav_ws/install/mav_state_machine_msgs/include/mav_state_machine_msgs/mav_state_machine_msgs/msg/detail/start_stop_task__struct.hpp\n'}
[0.823728] (mav_state_machine_msgs) StdoutLine: {'line': b'-- Up-to-date: /home/aimane/humble_ws/src/VNAV_23/vnav_ws/install/mav_state_machine_msgs/include/mav_state_machine_msgs/mav_state_machine_msgs/msg/detail/start_stop_task__type_support.hpp\n'}
[0.823973] (mav_state_machine_msgs) StdoutLine: {'line': b'-- Up-to-date: /home/aimane/humble_ws/src/VNAV_23/vnav_ws/install/mav_state_machine_msgs/include/mav_state_machine_msgs/mav_state_machine_msgs/msg/start_stop_task.hpp\n'}
[0.824173] (mav_state_machine_msgs) StdoutLine: {'line': b'-- Up-to-date: /home/aimane/humble_ws/src/VNAV_23/vnav_ws/install/mav_state_machine_msgs/include/mav_state_machine_msgs/mav_state_machine_msgs/msg/rosidl_generator_cpp__visibility_control.hpp\n'}
[0.824383] (mav_system_msgs) StdoutLine: {'line': b'-- Install configuration: ""\n'}
[0.824670] (mav_state_machine_msgs) StdoutLine: {'line': b'-- Up-to-date: /home/aimane/humble_ws/src/VNAV_23/vnav_ws/install/mav_state_machine_msgs/include/mav_state_machine_msgs/mav_state_machine_msgs/srv\n'}
[0.824799] (mav_state_machine_msgs) StdoutLine: {'line': b'-- Up-to-date: /home/aimane/humble_ws/src/VNAV_23/vnav_ws/install/mav_state_machine_msgs/include/mav_state_machine_msgs/mav_state_machine_msgs/srv/detail\n'}
[0.824917] (mav_state_machine_msgs) StdoutLine: {'line': b'-- Up-to-date: /home/aimane/humble_ws/src/VNAV_23/vnav_ws/install/mav_state_machine_msgs/include/mav_state_machine_msgs/mav_state_machine_msgs/srv/detail/run_task_service__traits.hpp\n'}
[0.825183] (mav_state_machine_msgs) StdoutLine: {'line': b'-- Up-to-date: /home/aimane/humble_ws/src/VNAV_23/vnav_ws/install/mav_state_machine_msgs/include/mav_state_machine_msgs/mav_state_machine_msgs/srv/detail/run_task_service__struct.hpp\n'}
[0.825957] (mav_state_machine_msgs) StdoutLine: {'line': b'-- Up-to-date: /home/aimane/humble_ws/src/VNAV_23/vnav_ws/install/mav_state_machine_msgs/include/mav_state_machine_msgs/mav_state_machine_msgs/srv/detail/run_task_service__builder.hpp\n'}
[0.826268] (mav_state_machine_msgs) StdoutLine: {'line': b'-- Up-to-date: /home/aimane/humble_ws/src/VNAV_23/vnav_ws/install/mav_state_machine_msgs/include/mav_state_machine_msgs/mav_state_machine_msgs/srv/detail/run_task_service__type_support.hpp\n'}
[0.826708] (mav_state_machine_msgs) StdoutLine: {'line': b'-- Up-to-date: /home/aimane/humble_ws/src/VNAV_23/vnav_ws/install/mav_state_machine_msgs/include/mav_state_machine_msgs/mav_state_machine_msgs/srv/run_task_service.hpp\n'}
[0.827022] (mav_state_machine_msgs) StdoutLine: {'line': b'-- Up-to-date: /home/aimane/humble_ws/src/VNAV_23/vnav_ws/install/mav_state_machine_msgs/include/mav_state_machine_msgs/mav_state_machine_msgs\n'}
[0.827263] (mav_state_machine_msgs) StdoutLine: {'line': b'-- Up-to-date: /home/aimane/humble_ws/src/VNAV_23/vnav_ws/install/mav_state_machine_msgs/include/mav_state_machine_msgs/mav_state_machine_msgs/msg\n'}
[0.827509] (mav_state_machine_msgs) StdoutLine: {'line': b'-- Up-to-date: /home/aimane/humble_ws/src/VNAV_23/vnav_ws/install/mav_state_machine_msgs/include/mav_state_machine_msgs/mav_state_machine_msgs/msg/detail\n'}
[0.827772] (mav_state_machine_msgs) StdoutLine: {'line': b'-- Up-to-date: /home/aimane/humble_ws/src/VNAV_23/vnav_ws/install/mav_state_machine_msgs/include/mav_state_machine_msgs/mav_state_machine_msgs/msg/detail/dds_fastrtps\n'}
[0.828093] (mav_system_msgs) StdoutLine: {'line': b'-- Up-to-date: /home/aimane/humble_ws/src/VNAV_23/vnav_ws/install/mav_system_msgs/share/ament_index/resource_index/rosidl_interfaces/mav_system_msgs\n'}
[0.828340] (mav_system_msgs) StdoutLine: {'line': b'-- Up-to-date: /home/aimane/humble_ws/src/VNAV_23/vnav_ws/install/mav_system_msgs/include/mav_system_msgs/mav_system_msgs\n'}
[0.828641] (mav_system_msgs) StdoutLine: {'line': b'-- Up-to-date: /home/aimane/humble_ws/src/VNAV_23/vnav_ws/install/mav_system_msgs/include/mav_system_msgs/mav_system_msgs/msg\n'}
[0.828815] (mav_system_msgs) StdoutLine: {'line': b'-- Up-to-date: /home/aimane/humble_ws/src/VNAV_23/vnav_ws/install/mav_system_msgs/include/mav_system_msgs/mav_system_msgs/msg/process_info.h\n'}
[0.828972] (mav_state_machine_msgs) StdoutLine: {'line': b'-- Up-to-date: /home/aimane/humble_ws/src/VNAV_23/vnav_ws/install/mav_state_machine_msgs/include/mav_state_machine_msgs/mav_state_machine_msgs/msg/detail/start_stop_task__rosidl_typesupport_fastrtps_cpp.hpp\n'}
[0.829435] (mav_system_msgs) StdoutLine: {'line': b'-- Up-to-date: /home/aimane/humble_ws/src/VNAV_23/vnav_ws/install/mav_system_msgs/include/mav_system_msgs/mav_system_msgs/msg/detail\n'}
[0.829688] (mav_system_msgs) StdoutLine: {'line': b'-- Up-to-date: /home/aimane/humble_ws/src/VNAV_23/vnav_ws/install/mav_system_msgs/include/mav_system_msgs/mav_system_msgs/msg/detail/process_info__functions.h\n'}
[0.829861] (mav_system_msgs) StdoutLine: {'line': b'-- Up-to-date: /home/aimane/humble_ws/src/VNAV_23/vnav_ws/install/mav_system_msgs/include/mav_system_msgs/mav_system_msgs/msg/detail/process_info__functions.c\n'}
[0.830206] (mav_state_machine_msgs) StdoutLine: {'line': b'-- Up-to-date: /home/aimane/humble_ws/src/VNAV_23/vnav_ws/install/mav_state_machine_msgs/include/mav_state_machine_msgs/mav_state_machine_msgs/msg/rosidl_typesupport_fastrtps_cpp__visibility_control.h\n'}
[0.830482] (mav_state_machine_msgs) StdoutLine: {'line': b'-- Up-to-date: /home/aimane/humble_ws/src/VNAV_23/vnav_ws/install/mav_state_machine_msgs/include/mav_state_machine_msgs/mav_state_machine_msgs/srv\n'}
[0.830728] (mav_state_machine_msgs) StdoutLine: {'line': b'-- Up-to-date: /home/aimane/humble_ws/src/VNAV_23/vnav_ws/install/mav_state_machine_msgs/include/mav_state_machine_msgs/mav_state_machine_msgs/srv/detail\n'}
[0.830888] (mav_state_machine_msgs) StdoutLine: {'line': b'-- Up-to-date: /home/aimane/humble_ws/src/VNAV_23/vnav_ws/install/mav_state_machine_msgs/include/mav_state_machine_msgs/mav_state_machine_msgs/srv/detail/dds_fastrtps\n'}
[0.831042] (mav_system_msgs) StdoutLine: {'line': b'-- Up-to-date: /home/aimane/humble_ws/src/VNAV_23/vnav_ws/install/mav_system_msgs/include/mav_system_msgs/mav_system_msgs/msg/detail/cpu_info__functions.c\n'}
[0.831470] (mav_state_machine_msgs) StdoutLine: {'line': b'-- Up-to-date: /home/aimane/humble_ws/src/VNAV_23/vnav_ws/install/mav_state_machine_msgs/include/mav_state_machine_msgs/mav_state_machine_msgs/srv/detail/run_task_service__rosidl_typesupport_fastrtps_cpp.hpp\n'}
[0.831817] (mav_system_msgs) StdoutLine: {'line': b'-- Up-to-date: /home/aimane/humble_ws/src/VNAV_23/vnav_ws/install/mav_system_msgs/include/mav_system_msgs/mav_system_msgs/msg/detail/cpu_info__struct.h\n'}
[0.832028] (mav_system_msgs) StdoutLine: {'line': b'-- Up-to-date: /home/aimane/humble_ws/src/VNAV_23/vnav_ws/install/mav_system_msgs/include/mav_system_msgs/mav_system_msgs/msg/detail/cpu_info__type_support.h\n'}
[0.832187] (mav_system_msgs) StdoutLine: {'line': b'-- Up-to-date: /home/aimane/humble_ws/src/VNAV_23/vnav_ws/install/mav_system_msgs/include/mav_system_msgs/mav_system_msgs/msg/detail/process_info__struct.h\n'}
[0.832316] (mav_system_msgs) StdoutLine: {'line': b'-- Up-to-date: /home/aimane/humble_ws/src/VNAV_23/vnav_ws/install/mav_system_msgs/include/mav_system_msgs/mav_system_msgs/msg/detail/process_info__type_support.h\n'}
[0.832463] (mav_state_machine_msgs) StdoutLine: {'line': b'-- Up-to-date: /home/aimane/humble_ws/src/VNAV_23/vnav_ws/install/mav_state_machine_msgs/lib/libmav_state_machine_msgs__rosidl_typesupport_fastrtps_cpp.so\n'}
[0.832668] (mav_system_msgs) StdoutLine: {'line': b'-- Up-to-date: /home/aimane/humble_ws/src/VNAV_23/vnav_ws/install/mav_system_msgs/include/mav_system_msgs/mav_system_msgs/msg/detail/cpu_info__functions.h\n'}
[0.832821] (mav_system_msgs) StdoutLine: {'line': b'-- Up-to-date: /home/aimane/humble_ws/src/VNAV_23/vnav_ws/install/mav_system_msgs/include/mav_system_msgs/mav_system_msgs/msg/cpu_info.h\n'}
[0.833088] (mav_system_msgs) StdoutLine: {'line': b'-- Up-to-date: /home/aimane/humble_ws/src/VNAV_23/vnav_ws/install/mav_system_msgs/include/mav_system_msgs/mav_system_msgs/msg/rosidl_generator_c__visibility_control.h\n'}
[0.833237] (mav_system_msgs) StdoutLine: {'line': b'-- Up-to-date: /home/aimane/humble_ws/src/VNAV_23/vnav_ws/install/mav_system_msgs/share/mav_system_msgs/environment/library_path.sh\n'}
[0.833370] (mav_state_machine_msgs) StdoutLine: {'line': b'-- Up-to-date: /home/aimane/humble_ws/src/VNAV_23/vnav_ws/install/mav_state_machine_msgs/include/mav_state_machine_msgs/mav_state_machine_msgs\n'}
[0.833623] (mav_system_msgs) StdoutLine: {'line': b'-- Up-to-date: /home/aimane/humble_ws/src/VNAV_23/vnav_ws/install/mav_system_msgs/share/mav_system_msgs/environment/library_path.dsv\n'}
[0.833750] (mav_state_machine_msgs) StdoutLine: {'line': b'-- Up-to-date: /home/aimane/humble_ws/src/VNAV_23/vnav_ws/install/mav_state_machine_msgs/include/mav_state_machine_msgs/mav_state_machine_msgs/msg\n'}
[0.833884] (mav_state_machine_msgs) StdoutLine: {'line': b'-- Up-to-date: /home/aimane/humble_ws/src/VNAV_23/vnav_ws/install/mav_state_machine_msgs/include/mav_state_machine_msgs/mav_state_machine_msgs/msg/rosidl_typesupport_introspection_c__visibility_control.h\n'}
[0.834005] (mav_state_machine_msgs) StdoutLine: {'line': b'-- Up-to-date: /home/aimane/humble_ws/src/VNAV_23/vnav_ws/install/mav_state_machine_msgs/include/mav_state_machine_msgs/mav_state_machine_msgs/msg/detail\n'}
[0.836523] (mav_state_machine_msgs) StdoutLine: {'line': b'-- Up-to-date: /home/aimane/humble_ws/src/VNAV_23/vnav_ws/install/mav_state_machine_msgs/include/mav_state_machine_msgs/mav_state_machine_msgs/msg/detail/start_stop_task__rosidl_typesupport_introspection_c.h\n'}
[0.837408] (mav_state_machine_msgs) StdoutLine: {'line': b'-- Up-to-date: /home/aimane/humble_ws/src/VNAV_23/vnav_ws/install/mav_state_machine_msgs/include/mav_state_machine_msgs/mav_state_machine_msgs/msg/detail/start_stop_task__type_support.c\n'}
[0.837901] (mav_state_machine_msgs) StdoutLine: {'line': b'-- Up-to-date: /home/aimane/humble_ws/src/VNAV_23/vnav_ws/install/mav_state_machine_msgs/include/mav_state_machine_msgs/mav_state_machine_msgs/srv\n'}
[0.838140] (mav_system_msgs) StdoutLine: {'line': b'-- Up-to-date: /home/aimane/humble_ws/src/VNAV_23/vnav_ws/install/mav_system_msgs/lib/libmav_system_msgs__rosidl_generator_c.so\n'}
[0.838754] (mav_state_machine_msgs) StdoutLine: {'line': b'-- Up-to-date: /home/aimane/humble_ws/src/VNAV_23/vnav_ws/install/mav_state_machine_msgs/include/mav_state_machine_msgs/mav_state_machine_msgs/srv/detail\n'}
[0.838897] (mav_state_machine_msgs) StdoutLine: {'line': b'-- Up-to-date: /home/aimane/humble_ws/src/VNAV_23/vnav_ws/install/mav_state_machine_msgs/include/mav_state_machine_msgs/mav_state_machine_msgs/srv/detail/run_task_service__rosidl_typesupport_introspection_c.h\n'}
[0.839020] (mav_state_machine_msgs) StdoutLine: {'line': b'-- Up-to-date: /home/aimane/humble_ws/src/VNAV_23/vnav_ws/install/mav_state_machine_msgs/include/mav_state_machine_msgs/mav_state_machine_msgs/srv/detail/run_task_service__type_support.c\n'}
[0.839241] (mav_state_machine_msgs) StdoutLine: {'line': b'-- Up-to-date: /home/aimane/humble_ws/src/VNAV_23/vnav_ws/install/mav_state_machine_msgs/lib/libmav_state_machine_msgs__rosidl_typesupport_introspection_c.so\n'}
[0.839564] (mav_system_msgs) StdoutLine: {'line': b'-- Up-to-date: /home/aimane/humble_ws/src/VNAV_23/vnav_ws/install/mav_system_msgs/include/mav_system_msgs/mav_system_msgs\n'}
[0.839867] (mav_system_msgs) StdoutLine: {'line': b'-- Up-to-date: /home/aimane/humble_ws/src/VNAV_23/vnav_ws/install/mav_system_msgs/include/mav_system_msgs/mav_system_msgs/msg\n'}
[0.839999] (mav_system_msgs) StdoutLine: {'line': b'-- Up-to-date: /home/aimane/humble_ws/src/VNAV_23/vnav_ws/install/mav_system_msgs/include/mav_system_msgs/mav_system_msgs/msg/detail\n'}
[0.840138] (mav_system_msgs) StdoutLine: {'line': b'-- Up-to-date: /home/aimane/humble_ws/src/VNAV_23/vnav_ws/install/mav_system_msgs/include/mav_system_msgs/mav_system_msgs/msg/detail/process_info__rosidl_typesupport_fastrtps_c.h\n'}
[0.840275] (mav_system_msgs) StdoutLine: {'line': b'-- Up-to-date: /home/aimane/humble_ws/src/VNAV_23/vnav_ws/install/mav_system_msgs/include/mav_system_msgs/mav_system_msgs/msg/detail/cpu_info__rosidl_typesupport_fastrtps_c.h\n'}
[0.840395] (mav_system_msgs) StdoutLine: {'line': b'-- Up-to-date: /home/aimane/humble_ws/src/VNAV_23/vnav_ws/install/mav_system_msgs/include/mav_system_msgs/mav_system_msgs/msg/rosidl_typesupport_fastrtps_c__visibility_control.h\n'}
[0.840594] (mav_system_msgs) StdoutLine: {'line': b'-- Up-to-date: /home/aimane/humble_ws/src/VNAV_23/vnav_ws/install/mav_system_msgs/lib/libmav_system_msgs__rosidl_typesupport_fastrtps_c.so\n'}
[0.840778] (mav_state_machine_msgs) StdoutLine: {'line': b'-- Up-to-date: /home/aimane/humble_ws/src/VNAV_23/vnav_ws/install/mav_state_machine_msgs/lib/libmav_state_machine_msgs__rosidl_typesupport_c.so\n'}
[0.840945] (mav_system_msgs) StdoutLine: {'line': b'-- Up-to-date: /home/aimane/humble_ws/src/VNAV_23/vnav_ws/install/mav_system_msgs/include/mav_system_msgs/mav_system_msgs\n'}
[0.841070] (mav_system_msgs) StdoutLine: {'line': b'-- Up-to-date: /home/aimane/humble_ws/src/VNAV_23/vnav_ws/install/mav_system_msgs/include/mav_system_msgs/mav_system_msgs/msg\n'}
[0.841206] (mav_state_machine_msgs) StdoutLine: {'line': b'-- Up-to-date: /home/aimane/humble_ws/src/VNAV_23/vnav_ws/install/mav_state_machine_msgs/include/mav_state_machine_msgs/mav_state_machine_msgs\n'}
[0.841332] (mav_state_machine_msgs) StdoutLine: {'line': b'-- Up-to-date: /home/aimane/humble_ws/src/VNAV_23/vnav_ws/install/mav_state_machine_msgs/include/mav_state_machine_msgs/mav_state_machine_msgs/msg\n'}
[0.841632] (mav_state_machine_msgs) StdoutLine: {'line': b'-- Up-to-date: /home/aimane/humble_ws/src/VNAV_23/vnav_ws/install/mav_state_machine_msgs/include/mav_state_machine_msgs/mav_state_machine_msgs/msg/detail\n'}
[0.841804] (mav_system_msgs) StdoutLine: {'line': b'-- Up-to-date: /home/aimane/humble_ws/src/VNAV_23/vnav_ws/install/mav_system_msgs/include/mav_system_msgs/mav_system_msgs/msg/process_info.hpp\n'}
[0.841979] (mav_system_msgs) StdoutLine: {'line': b'-- Up-to-date: /home/aimane/humble_ws/src/VNAV_23/vnav_ws/install/mav_system_msgs/include/mav_system_msgs/mav_system_msgs/msg/detail\n'}
[0.842249] (mav_state_machine_msgs) StdoutLine: {'line': b'-- Up-to-date: /home/aimane/humble_ws/src/VNAV_23/vnav_ws/install/mav_state_machine_msgs/include/mav_state_machine_msgs/mav_state_machine_msgs/msg/detail/start_stop_task__rosidl_typesupport_introspection_cpp.hpp\n'}
[0.842446] (mav_state_machine_msgs) StdoutLine: {'line': b'-- Up-to-date: /home/aimane/humble_ws/src/VNAV_23/vnav_ws/install/mav_state_machine_msgs/include/mav_state_machine_msgs/mav_state_machine_msgs/msg/detail/start_stop_task__type_support.cpp\n'}
[0.842571] (mav_state_machine_msgs) StdoutLine: {'line': b'-- Up-to-date: /home/aimane/humble_ws/src/VNAV_23/vnav_ws/install/mav_state_machine_msgs/include/mav_state_machine_msgs/mav_state_machine_msgs/srv\n'}
[0.842716] (mav_state_machine_msgs) StdoutLine: {'line': b'-- Up-to-date: /home/aimane/humble_ws/src/VNAV_23/vnav_ws/install/mav_state_machine_msgs/include/mav_state_machine_msgs/mav_state_machine_msgs/srv/detail\n'}
[0.842834] (mav_system_msgs) StdoutLine: {'line': b'-- Up-to-date: /home/aimane/humble_ws/src/VNAV_23/vnav_ws/install/mav_system_msgs/include/mav_system_msgs/mav_system_msgs/msg/detail/process_info__traits.hpp\n'}
[0.843130] (mav_system_msgs) StdoutLine: {'line': b'-- Up-to-date: /home/aimane/humble_ws/src/VNAV_23/vnav_ws/install/mav_system_msgs/include/mav_system_msgs/mav_system_msgs/msg/detail/cpu_info__traits.hpp\n'}
[0.843301] (mav_system_msgs) StdoutLine: {'line': b'-- Up-to-date: /home/aimane/humble_ws/src/VNAV_23/vnav_ws/install/mav_system_msgs/include/mav_system_msgs/mav_system_msgs/msg/detail/cpu_info__builder.hpp\n'}
[0.843423] (mav_system_msgs) StdoutLine: {'line': b'-- Up-to-date: /home/aimane/humble_ws/src/VNAV_23/vnav_ws/install/mav_system_msgs/include/mav_system_msgs/mav_system_msgs/msg/detail/process_info__struct.hpp\n'}
[0.843550] (mav_state_machine_msgs) StdoutLine: {'line': b'-- Up-to-date: /home/aimane/humble_ws/src/VNAV_23/vnav_ws/install/mav_state_machine_msgs/include/mav_state_machine_msgs/mav_state_machine_msgs/srv/detail/run_task_service__rosidl_typesupport_introspection_cpp.hpp\n'}
[0.843776] (mav_state_machine_msgs) StdoutLine: {'line': b'-- Up-to-date: /home/aimane/humble_ws/src/VNAV_23/vnav_ws/install/mav_state_machine_msgs/include/mav_state_machine_msgs/mav_state_machine_msgs/srv/detail/run_task_service__type_support.cpp\n'}
[0.843898] (mav_system_msgs) StdoutLine: {'line': b'-- Up-to-date: /home/aimane/humble_ws/src/VNAV_23/vnav_ws/install/mav_system_msgs/include/mav_system_msgs/mav_system_msgs/msg/detail/process_info__builder.hpp\n'}
[0.844052] (mav_system_msgs) StdoutLine: {'line': b'-- Up-to-date: /home/aimane/humble_ws/src/VNAV_23/vnav_ws/install/mav_system_msgs/include/mav_system_msgs/mav_system_msgs/msg/detail/process_info__type_support.hpp\n'}
[0.844189] (mav_system_msgs) StdoutLine: {'line': b'-- Up-to-date: /home/aimane/humble_ws/src/VNAV_23/vnav_ws/install/mav_system_msgs/include/mav_system_msgs/mav_system_msgs/msg/detail/cpu_info__type_support.hpp\n'}
[0.844309] (mav_system_msgs) StdoutLine: {'line': b'-- Up-to-date: /home/aimane/humble_ws/src/VNAV_23/vnav_ws/install/mav_system_msgs/include/mav_system_msgs/mav_system_msgs/msg/detail/cpu_info__struct.hpp\n'}
[0.844426] (mav_system_msgs) StdoutLine: {'line': b'-- Up-to-date: /home/aimane/humble_ws/src/VNAV_23/vnav_ws/install/mav_system_msgs/include/mav_system_msgs/mav_system_msgs/msg/cpu_info.hpp\n'}
[0.844543] (mav_system_msgs) StdoutLine: {'line': b'-- Up-to-date: /home/aimane/humble_ws/src/VNAV_23/vnav_ws/install/mav_system_msgs/include/mav_system_msgs/mav_system_msgs/msg/rosidl_generator_cpp__visibility_control.hpp\n'}
[0.844659] (mav_state_machine_msgs) StdoutLine: {'line': b'-- Up-to-date: /home/aimane/humble_ws/src/VNAV_23/vnav_ws/install/mav_state_machine_msgs/lib/libmav_state_machine_msgs__rosidl_typesupport_introspection_cpp.so\n'}
[0.844783] (mav_system_msgs) StdoutLine: {'line': b'-- Up-to-date: /home/aimane/humble_ws/src/VNAV_23/vnav_ws/install/mav_system_msgs/include/mav_system_msgs/mav_system_msgs\n'}
[0.844906] (mav_system_msgs) StdoutLine: {'line': b'-- Up-to-date: /home/aimane/humble_ws/src/VNAV_23/vnav_ws/install/mav_system_msgs/include/mav_system_msgs/mav_system_msgs/msg\n'}
[0.845030] (mav_system_msgs) StdoutLine: {'line': b'-- Up-to-date: /home/aimane/humble_ws/src/VNAV_23/vnav_ws/install/mav_system_msgs/include/mav_system_msgs/mav_system_msgs/msg/detail\n'}
[0.845253] (mav_system_msgs) StdoutLine: {'line': b'-- Up-to-date: /home/aimane/humble_ws/src/VNAV_23/vnav_ws/install/mav_system_msgs/include/mav_system_msgs/mav_system_msgs/msg/detail/dds_fastrtps\n'}
[0.845464] (mav_system_msgs) StdoutLine: {'line': b'-- Up-to-date: /home/aimane/humble_ws/src/VNAV_23/vnav_ws/install/mav_system_msgs/include/mav_system_msgs/mav_system_msgs/msg/detail/process_info__rosidl_typesupport_fastrtps_cpp.hpp\n'}
[0.845719] (mav_msgs) StdoutLine: {'line': b'-- Install configuration: ""\n'}
[0.845928] (mav_state_machine_msgs) StdoutLine: {'line': b'-- Up-to-date: /home/aimane/humble_ws/src/VNAV_23/vnav_ws/install/mav_state_machine_msgs/lib/libmav_state_machine_msgs__rosidl_typesupport_cpp.so\n'}
[0.846131] (mav_system_msgs) StdoutLine: {'line': b'-- Up-to-date: /home/aimane/humble_ws/src/VNAV_23/vnav_ws/install/mav_system_msgs/include/mav_system_msgs/mav_system_msgs/msg/detail/cpu_info__rosidl_typesupport_fastrtps_cpp.hpp\n'}
[0.846559] (mav_system_msgs) StdoutLine: {'line': b'-- Up-to-date: /home/aimane/humble_ws/src/VNAV_23/vnav_ws/install/mav_system_msgs/include/mav_system_msgs/mav_system_msgs/msg/rosidl_typesupport_fastrtps_cpp__visibility_control.h\n'}
[0.846706] (mav_system_msgs) StdoutLine: {'line': b'-- Up-to-date: /home/aimane/humble_ws/src/VNAV_23/vnav_ws/install/mav_system_msgs/lib/libmav_system_msgs__rosidl_typesupport_fastrtps_cpp.so\n'}
[0.846846] (mav_state_machine_msgs) StdoutLine: {'line': b'-- Up-to-date: /home/aimane/humble_ws/src/VNAV_23/vnav_ws/install/mav_state_machine_msgs/share/mav_state_machine_msgs/msg/StartStopTask.idl\n'}
[0.847090] (mav_msgs) StdoutLine: {'line': b'-- Up-to-date: /home/aimane/humble_ws/src/VNAV_23/vnav_ws/install/mav_msgs/share/ament_index/resource_index/rosidl_interfaces/mav_msgs\n'}
[0.847316] (mav_state_machine_msgs) StdoutLine: {'line': b'-- Up-to-date: /home/aimane/humble_ws/src/VNAV_23/vnav_ws/install/mav_state_machine_msgs/share/mav_state_machine_msgs/srv/RunTaskService.idl\n'}
[0.847534] (mav_msgs) StdoutLine: {'line': b'-- Up-to-date: /home/aimane/humble_ws/src/VNAV_23/vnav_ws/install/mav_msgs/include/mav_msgs/mav_msgs\n'}
[0.847676] (mav_msgs) StdoutLine: {'line': b'-- Up-to-date: /home/aimane/humble_ws/src/VNAV_23/vnav_ws/install/mav_msgs/include/mav_msgs/mav_msgs/msg\n'}
[0.847813] (mav_msgs) StdoutLine: {'line': b'-- Up-to-date: /home/aimane/humble_ws/src/VNAV_23/vnav_ws/install/mav_msgs/include/mav_msgs/mav_msgs/msg/actuators.h\n'}
[0.847948] (mav_msgs) StdoutLine: {'line': b'-- Up-to-date: /home/aimane/humble_ws/src/VNAV_23/vnav_ws/install/mav_msgs/include/mav_msgs/mav_msgs/msg/detail\n'}
[0.848085] (mav_msgs) StdoutLine: {'line': b'-- Up-to-date: /home/aimane/humble_ws/src/VNAV_23/vnav_ws/install/mav_msgs/include/mav_msgs/mav_msgs/msg/detail/attitude_thrust__struct.h\n'}
[0.848356] (mav_msgs) StdoutLine: {'line': b'-- Up-to-date: /home/aimane/humble_ws/src/VNAV_23/vnav_ws/install/mav_msgs/include/mav_msgs/mav_msgs/msg/detail/roll_pitch_yawrate_thrust__functions.h\n'}
[0.848501] (mav_msgs) StdoutLine: {'line': b'-- Up-to-date: /home/aimane/humble_ws/src/VNAV_23/vnav_ws/install/mav_msgs/include/mav_msgs/mav_msgs/msg/detail/rate_thrust__struct.h\n'}
[0.848636] (mav_msgs) StdoutLine: {'line': b'-- Up-to-date: /home/aimane/humble_ws/src/VNAV_23/vnav_ws/install/mav_msgs/include/mav_msgs/mav_msgs/msg/detail/filtered_sensor_data__type_support.h\n'}
[0.848769] (mav_state_machine_msgs) StdoutLine: {'line': b'-- Up-to-date: /home/aimane/humble_ws/src/VNAV_23/vnav_ws/install/mav_state_machine_msgs/share/mav_state_machine_msgs/msg/StartStopTask.msg\n'}
[0.848948] (mav_state_machine_msgs) StdoutLine: {'line': b'-- Up-to-date: /home/aimane/humble_ws/src/VNAV_23/vnav_ws/install/mav_state_machine_msgs/share/mav_state_machine_msgs/srv/RunTaskService.srv\n'}
[0.849091] (mav_msgs) StdoutLine: {'line': b'-- Up-to-date: /home/aimane/humble_ws/src/VNAV_23/vnav_ws/install/mav_msgs/include/mav_msgs/mav_msgs/msg/detail/roll_pitch_yawrate_thrust__type_support.h\n'}
[0.849272] (mav_state_machine_msgs) StdoutLine: {'line': b'-- Up-to-date: /home/aimane/humble_ws/src/VNAV_23/vnav_ws/install/mav_state_machine_msgs/share/mav_state_machine_msgs/srv/RunTaskService_Request.msg\n'}
[0.849569] (mav_state_machine_msgs) StdoutLine: {'line': b'-- Up-to-date: /home/aimane/humble_ws/src/VNAV_23/vnav_ws/install/mav_state_machine_msgs/share/mav_state_machine_msgs/srv/RunTaskService_Response.msg\n'}
[0.849725] (mav_msgs) StdoutLine: {'line': b'-- Up-to-date: /home/aimane/humble_ws/src/VNAV_23/vnav_ws/install/mav_msgs/include/mav_msgs/mav_msgs/msg/detail/actuators__functions.h\n'}
[0.849862] (mav_msgs) StdoutLine: {'line': b'-- Up-to-date: /home/aimane/humble_ws/src/VNAV_23/vnav_ws/install/mav_msgs/include/mav_msgs/mav_msgs/msg/detail/rate_thrust__functions.c\n'}
[0.849999] (mav_msgs) StdoutLine: {'line': b'-- Up-to-date: /home/aimane/humble_ws/src/VNAV_23/vnav_ws/install/mav_msgs/include/mav_msgs/mav_msgs/msg/detail/roll_pitch_yawrate_thrust__struct.h\n'}
[0.850161] (mav_msgs) StdoutLine: {'line': b'-- Up-to-date: /home/aimane/humble_ws/src/VNAV_23/vnav_ws/install/mav_msgs/include/mav_msgs/mav_msgs/msg/detail/status__functions.c\n'}
[0.850303] (mav_msgs) StdoutLine: {'line': b'-- Up-to-date: /home/aimane/humble_ws/src/VNAV_23/vnav_ws/install/mav_msgs/include/mav_msgs/mav_msgs/msg/detail/attitude_thrust__type_support.h\n'}
[0.850481] (mav_state_machine_msgs) StdoutLine: {'line': b'-- Up-to-date: /home/aimane/humble_ws/src/VNAV_23/vnav_ws/install/mav_state_machine_msgs/share/ament_index/resource_index/package_run_dependencies/mav_state_machine_msgs\n'}
[0.850682] (mav_system_msgs) StdoutLine: {'line': b'-- Up-to-date: /home/aimane/humble_ws/src/VNAV_23/vnav_ws/install/mav_system_msgs/include/mav_system_msgs/mav_system_msgs\n'}
[0.850944] (mav_system_msgs) StdoutLine: {'line': b'-- Up-to-date: /home/aimane/humble_ws/src/VNAV_23/vnav_ws/install/mav_system_msgs/include/mav_system_msgs/mav_system_msgs/msg\n'}
[0.851084] (mav_system_msgs) StdoutLine: {'line': b'-- Up-to-date: /home/aimane/humble_ws/src/VNAV_23/vnav_ws/install/mav_system_msgs/include/mav_system_msgs/mav_system_msgs/msg/rosidl_typesupport_introspection_c__visibility_control.h\n'}
[0.851242] (mav_msgs) StdoutLine: {'line': b'-- Up-to-date: /home/aimane/humble_ws/src/VNAV_23/vnav_ws/install/mav_msgs/include/mav_msgs/mav_msgs/msg/detail/filtered_sensor_data__functions.c\n'}
[0.851516] (mav_system_msgs) StdoutLine: {'line': b'-- Up-to-date: /home/aimane/humble_ws/src/VNAV_23/vnav_ws/install/mav_system_msgs/include/mav_system_msgs/mav_system_msgs/msg/detail\n'}
[0.851660] (mav_state_machine_msgs) StdoutLine: {'line': b'-- Up-to-date: /home/aimane/humble_ws/src/VNAV_23/vnav_ws/install/mav_state_machine_msgs/share/ament_index/resource_index/parent_prefix_path/mav_state_machine_msgs\n'}
[0.851882] (mav_msgs) StdoutLine: {'line': b'-- Up-to-date: /home/aimane/humble_ws/src/VNAV_23/vnav_ws/install/mav_msgs/include/mav_msgs/mav_msgs/msg/detail/actuators__type_support.h\n'}
[0.852019] (mav_state_machine_msgs) StdoutLine: {'line': b'-- Up-to-date: /home/aimane/humble_ws/src/VNAV_23/vnav_ws/install/mav_state_machine_msgs/share/mav_state_machine_msgs/environment/ament_prefix_path.sh\n'}
[0.852184] (mav_msgs) StdoutLine: {'line': b'-- Up-to-date: /home/aimane/humble_ws/src/VNAV_23/vnav_ws/install/mav_msgs/include/mav_msgs/mav_msgs/msg/detail/status__type_support.h\n'}
[0.852443] (mav_system_msgs) StdoutLine: {'line': b'-- Up-to-date: /home/aimane/humble_ws/src/VNAV_23/vnav_ws/install/mav_system_msgs/include/mav_system_msgs/mav_system_msgs/msg/detail/process_info__type_support.c\n'}
[0.852631] (mav_system_msgs) StdoutLine: {'line': b'-- Up-to-date: /home/aimane/humble_ws/src/VNAV_23/vnav_ws/install/mav_system_msgs/include/mav_system_msgs/mav_system_msgs/msg/detail/cpu_info__rosidl_typesupport_introspection_c.h\n'}
[0.852774] (mav_system_msgs) StdoutLine: {'line': b'-- Up-to-date: /home/aimane/humble_ws/src/VNAV_23/vnav_ws/install/mav_system_msgs/include/mav_system_msgs/mav_system_msgs/msg/detail/cpu_info__type_support.c\n'}
[0.852914] (mav_msgs) StdoutLine: {'line': b'-- Up-to-date: /home/aimane/humble_ws/src/VNAV_23/vnav_ws/install/mav_msgs/include/mav_msgs/mav_msgs/msg/detail/actuators__struct.h\n'}
[0.853054] (mav_msgs) StdoutLine: {'line': b'-- Up-to-date: /home/aimane/humble_ws/src/VNAV_23/vnav_ws/install/mav_msgs/include/mav_msgs/mav_msgs/msg/detail/attitude_thrust__functions.h\n'}
[0.853267] (mav_msgs) StdoutLine: {'line': b'-- Up-to-date: /home/aimane/humble_ws/src/VNAV_23/vnav_ws/install/mav_msgs/include/mav_msgs/mav_msgs/msg/detail/gps_waypoint__type_support.h\n'}
[0.853449] (mav_msgs) StdoutLine: {'line': b'-- Up-to-date: /home/aimane/humble_ws/src/VNAV_23/vnav_ws/install/mav_msgs/include/mav_msgs/mav_msgs/msg/detail/torque_thrust__type_support.h\n'}
[0.853894] (mav_msgs) StdoutLine: {'line': b'-- Up-to-date: /home/aimane/humble_ws/src/VNAV_23/vnav_ws/install/mav_msgs/include/mav_msgs/mav_msgs/msg/detail/gps_waypoint__struct.h\n'}
[0.854111] (mav_msgs) StdoutLine: {'line': b'-- Up-to-date: /home/aimane/humble_ws/src/VNAV_23/vnav_ws/install/mav_msgs/include/mav_msgs/mav_msgs/msg/detail/rate_thrust__functions.h\n'}
[0.854296] (mav_msgs) StdoutLine: {'line': b'-- Up-to-date: /home/aimane/humble_ws/src/VNAV_23/vnav_ws/install/mav_msgs/include/mav_msgs/mav_msgs/msg/detail/status__functions.h\n'}
[0.854430] (mav_system_msgs) StdoutLine: {'line': b'-- Up-to-date: /home/aimane/humble_ws/src/VNAV_23/vnav_ws/install/mav_system_msgs/include/mav_system_msgs/mav_system_msgs/msg/detail/process_info__rosidl_typesupport_introspection_c.h\n'}
[0.854704] (mav_msgs) StdoutLine: {'line': b'-- Up-to-date: /home/aimane/humble_ws/src/VNAV_23/vnav_ws/install/mav_msgs/include/mav_msgs/mav_msgs/msg/detail/roll_pitch_yawrate_thrust__functions.c\n'}
[0.854843] (mav_msgs) StdoutLine: {'line': b'-- Up-to-date: /home/aimane/humble_ws/src/VNAV_23/vnav_ws/install/mav_msgs/include/mav_msgs/mav_msgs/msg/detail/attitude_thrust__functions.c\n'}
[0.854971] (mav_msgs) StdoutLine: {'line': b'-- Up-to-date: /home/aimane/humble_ws/src/VNAV_23/vnav_ws/install/mav_msgs/include/mav_msgs/mav_msgs/msg/detail/gps_waypoint__functions.c\n'}
[0.855115] (mav_state_machine_msgs) StdoutLine: {'line': b'-- Up-to-date: /home/aimane/humble_ws/src/VNAV_23/vnav_ws/install/mav_state_machine_msgs/share/mav_state_machine_msgs/environment/ament_prefix_path.dsv\n'}
[0.855323] (mav_state_machine_msgs) StdoutLine: {'line': b'-- Up-to-date: /home/aimane/humble_ws/src/VNAV_23/vnav_ws/install/mav_state_machine_msgs/share/mav_state_machine_msgs/environment/path.sh\n'}
[0.855455] (mav_state_machine_msgs) StdoutLine: {'line': b'-- Up-to-date: /home/aimane/humble_ws/src/VNAV_23/vnav_ws/install/mav_state_machine_msgs/share/mav_state_machine_msgs/environment/path.dsv\n'}
[0.855582] (mav_state_machine_msgs) StdoutLine: {'line': b'-- Up-to-date: /home/aimane/humble_ws/src/VNAV_23/vnav_ws/install/mav_state_machine_msgs/share/mav_state_machine_msgs/local_setup.bash\n'}
[0.855706] (mav_state_machine_msgs) StdoutLine: {'line': b'-- Up-to-date: /home/aimane/humble_ws/src/VNAV_23/vnav_ws/install/mav_state_machine_msgs/share/mav_state_machine_msgs/local_setup.sh\n'}
[0.855830] (mav_state_machine_msgs) StdoutLine: {'line': b'-- Up-to-date: /home/aimane/humble_ws/src/VNAV_23/vnav_ws/install/mav_state_machine_msgs/share/mav_state_machine_msgs/local_setup.zsh\n'}
[0.855953] (mav_msgs) StdoutLine: {'line': b'-- Up-to-date: /home/aimane/humble_ws/src/VNAV_23/vnav_ws/install/mav_msgs/include/mav_msgs/mav_msgs/msg/detail/torque_thrust__functions.c\n'}
[0.856186] (mav_system_msgs) StdoutLine: {'line': b'-- Up-to-date: /home/aimane/humble_ws/src/VNAV_23/vnav_ws/install/mav_system_msgs/lib/libmav_system_msgs__rosidl_typesupport_introspection_c.so\n'}
[0.856413] (mav_msgs) StdoutLine: {'line': b'-- Up-to-date: /home/aimane/humble_ws/src/VNAV_23/vnav_ws/install/mav_msgs/include/mav_msgs/mav_msgs/msg/detail/torque_thrust__functions.h\n'}
[0.856604] (mav_msgs) StdoutLine: {'line': b'-- Up-to-date: /home/aimane/humble_ws/src/VNAV_23/vnav_ws/install/mav_msgs/include/mav_msgs/mav_msgs/msg/detail/gps_waypoint__functions.h\n'}
[0.856735] (mav_msgs) StdoutLine: {'line': b'-- Up-to-date: /home/aimane/humble_ws/src/VNAV_23/vnav_ws/install/mav_msgs/include/mav_msgs/mav_msgs/msg/detail/rate_thrust__type_support.h\n'}
[0.856860] (mav_msgs) StdoutLine: {'line': b'-- Up-to-date: /home/aimane/humble_ws/src/VNAV_23/vnav_ws/install/mav_msgs/include/mav_msgs/mav_msgs/msg/detail/filtered_sensor_data__struct.h\n'}
[0.856986] (mav_state_machine_msgs) StdoutLine: {'line': b'-- Up-to-date: /home/aimane/humble_ws/src/VNAV_23/vnav_ws/install/mav_state_machine_msgs/share/mav_state_machine_msgs/local_setup.dsv\n'}
[0.857244] (mav_state_machine_msgs) StdoutLine: {'line': b'-- Installing: /home/aimane/humble_ws/src/VNAV_23/vnav_ws/install/mav_state_machine_msgs/share/mav_state_machine_msgs/package.dsv\n'}
[0.857415] (mav_msgs) StdoutLine: {'line': b'-- Up-to-date: /home/aimane/humble_ws/src/VNAV_23/vnav_ws/install/mav_msgs/include/mav_msgs/mav_msgs/msg/detail/status__struct.h\n'}
[0.857852] (mav_msgs) StdoutLine: {'line': b'-- Up-to-date: /home/aimane/humble_ws/src/VNAV_23/vnav_ws/install/mav_msgs/include/mav_msgs/mav_msgs/msg/detail/torque_thrust__struct.h\n'}
[0.857989] (mav_msgs) StdoutLine: {'line': b'-- Up-to-date: /home/aimane/humble_ws/src/VNAV_23/vnav_ws/install/mav_msgs/include/mav_msgs/mav_msgs/msg/detail/actuators__functions.c\n'}
[0.858124] (mav_msgs) StdoutLine: {'line': b'-- Up-to-date: /home/aimane/humble_ws/src/VNAV_23/vnav_ws/install/mav_msgs/include/mav_msgs/mav_msgs/msg/detail/filtered_sensor_data__functions.h\n'}
[0.858301] (mav_msgs) StdoutLine: {'line': b'-- Up-to-date: /home/aimane/humble_ws/src/VNAV_23/vnav_ws/install/mav_msgs/include/mav_msgs/mav_msgs/msg/filtered_sensor_data.h\n'}
[0.858438] (mav_state_machine_msgs) StdoutLine: {'line': b'-- Up-to-date: /home/aimane/humble_ws/src/VNAV_23/vnav_ws/install/mav_state_machine_msgs/share/ament_index/resource_index/packages/mav_state_machine_msgs\n'}
[0.858628] (mav_msgs) StdoutLine: {'line': b'-- Up-to-date: /home/aimane/humble_ws/src/VNAV_23/vnav_ws/install/mav_msgs/include/mav_msgs/mav_msgs/msg/torque_thrust.h\n'}
[0.858757] (mav_msgs) StdoutLine: {'line': b'-- Up-to-date: /home/aimane/humble_ws/src/VNAV_23/vnav_ws/install/mav_msgs/include/mav_msgs/mav_msgs/msg/rate_thrust.h\n'}
[0.858883] (mav_system_msgs) StdoutLine: {'line': b'-- Up-to-date: /home/aimane/humble_ws/src/VNAV_23/vnav_ws/install/mav_system_msgs/lib/libmav_system_msgs__rosidl_typesupport_c.so\n'}
[0.860032] (mav_msgs) StdoutLine: {'line': b'-- Up-to-date: /home/aimane/humble_ws/src/VNAV_23/vnav_ws/install/mav_msgs/include/mav_msgs/mav_msgs/msg/gps_waypoint.h\n'}
[0.860313] (mav_msgs) StdoutLine: {'line': b'-- Up-to-date: /home/aimane/humble_ws/src/VNAV_23/vnav_ws/install/mav_msgs/include/mav_msgs/mav_msgs/msg/status.h\n'}
[0.860455] (mav_msgs) StdoutLine: {'line': b'-- Up-to-date: /home/aimane/humble_ws/src/VNAV_23/vnav_ws/install/mav_msgs/include/mav_msgs/mav_msgs/msg/attitude_thrust.h\n'}
[0.860577] (mav_msgs) StdoutLine: {'line': b'-- Up-to-date: /home/aimane/humble_ws/src/VNAV_23/vnav_ws/install/mav_msgs/include/mav_msgs/mav_msgs/msg/roll_pitch_yawrate_thrust.h\n'}
[0.860736] (mav_state_machine_msgs) StdoutLine: {'line': b'-- Up-to-date: /home/aimane/humble_ws/src/VNAV_23/vnav_ws/install/mav_state_machine_msgs/share/mav_state_machine_msgs/cmake/export_mav_state_machine_msgs__rosidl_generator_cExport.cmake\n'}
[0.860935] (mav_state_machine_msgs) StdoutLine: {'line': b'-- Up-to-date: /home/aimane/humble_ws/src/VNAV_23/vnav_ws/install/mav_state_machine_msgs/share/mav_state_machine_msgs/cmake/export_mav_state_machine_msgs__rosidl_generator_cExport-noconfig.cmake\n'}
[0.861088] (mav_msgs) StdoutLine: {'line': b'-- Up-to-date: /home/aimane/humble_ws/src/VNAV_23/vnav_ws/install/mav_msgs/include/mav_msgs/mav_msgs/msg/rosidl_generator_c__visibility_control.h\n'}
[0.861271] (mav_msgs) StdoutLine: {'line': b'-- Up-to-date: /home/aimane/humble_ws/src/VNAV_23/vnav_ws/install/mav_msgs/share/mav_msgs/environment/library_path.sh\n'}
[0.861409] (mav_system_msgs) StdoutLine: {'line': b'-- Up-to-date: /home/aimane/humble_ws/src/VNAV_23/vnav_ws/install/mav_system_msgs/include/mav_system_msgs/mav_system_msgs\n'}
[0.861608] (mav_system_msgs) StdoutLine: {'line': b'-- Up-to-date: /home/aimane/humble_ws/src/VNAV_23/vnav_ws/install/mav_system_msgs/include/mav_system_msgs/mav_system_msgs/msg\n'}
[0.861738] (mav_state_machine_msgs) StdoutLine: {'line': b'-- Up-to-date: /home/aimane/humble_ws/src/VNAV_23/vnav_ws/install/mav_state_machine_msgs/share/mav_state_machine_msgs/cmake/export_mav_state_machine_msgs__rosidl_typesupport_fastrtps_cExport.cmake\n'}
[0.861951] (mav_state_machine_msgs) StdoutLine: {'line': b'-- Up-to-date: /home/aimane/humble_ws/src/VNAV_23/vnav_ws/install/mav_state_machine_msgs/share/mav_state_machine_msgs/cmake/export_mav_state_machine_msgs__rosidl_typesupport_fastrtps_cExport-noconfig.cmake\n'}
[0.862081] (mav_msgs) StdoutLine: {'line': b'-- Up-to-date: /home/aimane/humble_ws/src/VNAV_23/vnav_ws/install/mav_msgs/share/mav_msgs/environment/library_path.dsv\n'}
[0.862366] (mav_system_msgs) StdoutLine: {'line': b'-- Up-to-date: /home/aimane/humble_ws/src/VNAV_23/vnav_ws/install/mav_system_msgs/include/mav_system_msgs/mav_system_msgs/msg/detail\n'}
[0.862578] (mav_system_msgs) StdoutLine: {'line': b'-- Up-to-date: /home/aimane/humble_ws/src/VNAV_23/vnav_ws/install/mav_system_msgs/include/mav_system_msgs/mav_system_msgs/msg/detail/process_info__rosidl_typesupport_introspection_cpp.hpp\n'}
[0.862708] (mav_system_msgs) StdoutLine: {'line': b'-- Up-to-date: /home/aimane/humble_ws/src/VNAV_23/vnav_ws/install/mav_system_msgs/include/mav_system_msgs/mav_system_msgs/msg/detail/cpu_info__rosidl_typesupport_introspection_cpp.hpp\n'}
[0.862836] (mav_state_machine_msgs) StdoutLine: {'line': b'-- Up-to-date: /home/aimane/humble_ws/src/VNAV_23/vnav_ws/install/mav_state_machine_msgs/share/mav_state_machine_msgs/cmake/export_mav_state_machine_msgs__rosidl_generator_cppExport.cmake\n'}
[0.863021] (mav_msgs) StdoutLine: {'line': b'-- Up-to-date: /home/aimane/humble_ws/src/VNAV_23/vnav_ws/install/mav_msgs/lib/libmav_msgs__rosidl_generator_c.so\n'}
[0.863187] (mav_system_msgs) StdoutLine: {'line': b'-- Up-to-date: /home/aimane/humble_ws/src/VNAV_23/vnav_ws/install/mav_system_msgs/include/mav_system_msgs/mav_system_msgs/msg/detail/process_info__type_support.cpp\n'}
[0.863413] (mav_system_msgs) StdoutLine: {'line': b'-- Up-to-date: /home/aimane/humble_ws/src/VNAV_23/vnav_ws/install/mav_system_msgs/include/mav_system_msgs/mav_system_msgs/msg/detail/cpu_info__type_support.cpp\n'}
[0.863543] (mav_state_machine_msgs) StdoutLine: {'line': b'-- Up-to-date: /home/aimane/humble_ws/src/VNAV_23/vnav_ws/install/mav_state_machine_msgs/share/mav_state_machine_msgs/cmake/export_mav_state_machine_msgs__rosidl_typesupport_fastrtps_cppExport.cmake\n'}
[0.863803] (mav_state_machine_msgs) StdoutLine: {'line': b'-- Up-to-date: /home/aimane/humble_ws/src/VNAV_23/vnav_ws/install/mav_state_machine_msgs/share/mav_state_machine_msgs/cmake/export_mav_state_machine_msgs__rosidl_typesupport_fastrtps_cppExport-noconfig.cmake\n'}
[0.863932] (mav_msgs) StdoutLine: {'line': b'-- Up-to-date: /home/aimane/humble_ws/src/VNAV_23/vnav_ws/install/mav_msgs/include/mav_msgs/mav_msgs\n'}
[0.864071] (mav_msgs) StdoutLine: {'line': b'-- Up-to-date: /home/aimane/humble_ws/src/VNAV_23/vnav_ws/install/mav_msgs/include/mav_msgs/mav_msgs/msg\n'}
[0.864243] (mav_msgs) StdoutLine: {'line': b'-- Up-to-date: /home/aimane/humble_ws/src/VNAV_23/vnav_ws/install/mav_msgs/include/mav_msgs/mav_msgs/msg/detail\n'}
[0.864377] (mav_msgs) StdoutLine: {'line': b'-- Up-to-date: /home/aimane/humble_ws/src/VNAV_23/vnav_ws/install/mav_msgs/include/mav_msgs/mav_msgs/msg/detail/actuators__rosidl_typesupport_fastrtps_c.h\n'}
[0.864504] (mav_msgs) StdoutLine: {'line': b'-- Up-to-date: /home/aimane/humble_ws/src/VNAV_23/vnav_ws/install/mav_msgs/include/mav_msgs/mav_msgs/msg/detail/rate_thrust__rosidl_typesupport_fastrtps_c.h\n'}
[0.864675] (mav_system_msgs) StdoutLine: {'line': b'-- Up-to-date: /home/aimane/humble_ws/src/VNAV_23/vnav_ws/install/mav_system_msgs/lib/libmav_system_msgs__rosidl_typesupport_introspection_cpp.so\n'}
[0.864870] (mav_state_machine_msgs) StdoutLine: {'line': b'-- Up-to-date: /home/aimane/humble_ws/src/VNAV_23/vnav_ws/install/mav_state_machine_msgs/share/mav_state_machine_msgs/cmake/mav_state_machine_msgs__rosidl_typesupport_introspection_cExport.cmake\n'}
[0.865084] (mav_state_machine_msgs) StdoutLine: {'line': b'-- Up-to-date: /home/aimane/humble_ws/src/VNAV_23/vnav_ws/install/mav_state_machine_msgs/share/mav_state_machine_msgs/cmake/mav_state_machine_msgs__rosidl_typesupport_introspection_cExport-noconfig.cmake\n'}
[0.865287] (mav_state_machine_msgs) StdoutLine: {'line': b'-- Up-to-date: /home/aimane/humble_ws/src/VNAV_23/vnav_ws/install/mav_state_machine_msgs/share/mav_state_machine_msgs/cmake/mav_state_machine_msgs__rosidl_typesupport_cExport.cmake\n'}
[0.865418] (mav_state_machine_msgs) StdoutLine: {'line': b'-- Up-to-date: /home/aimane/humble_ws/src/VNAV_23/vnav_ws/install/mav_state_machine_msgs/share/mav_state_machine_msgs/cmake/mav_state_machine_msgs__rosidl_typesupport_cExport-noconfig.cmake\n'}
[0.865605] (mav_msgs) StdoutLine: {'line': b'-- Up-to-date: /home/aimane/humble_ws/src/VNAV_23/vnav_ws/install/mav_msgs/include/mav_msgs/mav_msgs/msg/detail/status__rosidl_typesupport_fastrtps_c.h\n'}
[0.865792] (mav_msgs) StdoutLine: {'line': b'-- Up-to-date: /home/aimane/humble_ws/src/VNAV_23/vnav_ws/install/mav_msgs/include/mav_msgs/mav_msgs/msg/detail/filtered_sensor_data__rosidl_typesupport_fastrtps_c.h\n'}
[0.865919] (mav_msgs) StdoutLine: {'line': b'-- Up-to-date: /home/aimane/humble_ws/src/VNAV_23/vnav_ws/install/mav_msgs/include/mav_msgs/mav_msgs/msg/detail/gps_waypoint__rosidl_typesupport_fastrtps_c.h\n'}
[0.866044] (mav_msgs) StdoutLine: {'line': b'-- Up-to-date: /home/aimane/humble_ws/src/VNAV_23/vnav_ws/install/mav_msgs/include/mav_msgs/mav_msgs/msg/detail/roll_pitch_yawrate_thrust__rosidl_typesupport_fastrtps_c.h\n'}
[0.866214] (mav_msgs) StdoutLine: {'line': b'-- Up-to-date: /home/aimane/humble_ws/src/VNAV_23/vnav_ws/install/mav_msgs/include/mav_msgs/mav_msgs/msg/detail/attitude_thrust__rosidl_typesupport_fastrtps_c.h\n'}
[0.866402] (mav_msgs) StdoutLine: {'line': b'-- Up-to-date: /home/aimane/humble_ws/src/VNAV_23/vnav_ws/install/mav_msgs/include/mav_msgs/mav_msgs/msg/detail/torque_thrust__rosidl_typesupport_fastrtps_c.h\n'}
[0.866528] (mav_msgs) StdoutLine: {'line': b'-- Up-to-date: /home/aimane/humble_ws/src/VNAV_23/vnav_ws/install/mav_msgs/include/mav_msgs/mav_msgs/msg/rosidl_typesupport_fastrtps_c__visibility_control.h\n'}
[0.866652] (mav_state_machine_msgs) StdoutLine: {'line': b'-- Up-to-date: /home/aimane/humble_ws/src/VNAV_23/vnav_ws/install/mav_state_machine_msgs/share/mav_state_machine_msgs/cmake/mav_state_machine_msgs__rosidl_typesupport_introspection_cppExport.cmake\n'}
[0.866862] (mav_state_machine_msgs) StdoutLine: {'line': b'-- Up-to-date: /home/aimane/humble_ws/src/VNAV_23/vnav_ws/install/mav_state_machine_msgs/share/mav_state_machine_msgs/cmake/mav_state_machine_msgs__rosidl_typesupport_introspection_cppExport-noconfig.cmake\n'}
[0.866990] (mav_state_machine_msgs) StdoutLine: {'line': b'-- Up-to-date: /home/aimane/humble_ws/src/VNAV_23/vnav_ws/install/mav_state_machine_msgs/share/mav_state_machine_msgs/cmake/mav_state_machine_msgs__rosidl_typesupport_cppExport.cmake\n'}
[0.867125] (mav_system_msgs) StdoutLine: {'line': b'-- Up-to-date: /home/aimane/humble_ws/src/VNAV_23/vnav_ws/install/mav_system_msgs/lib/libmav_system_msgs__rosidl_typesupport_cpp.so\n'}
[0.867367] (mav_state_machine_msgs) StdoutLine: {'line': b'-- Up-to-date: /home/aimane/humble_ws/src/VNAV_23/vnav_ws/install/mav_state_machine_msgs/share/mav_state_machine_msgs/cmake/mav_state_machine_msgs__rosidl_typesupport_cppExport-noconfig.cmake\n'}
[0.867531] (mav_msgs) StdoutLine: {'line': b'-- Up-to-date: /home/aimane/humble_ws/src/VNAV_23/vnav_ws/install/mav_msgs/lib/libmav_msgs__rosidl_typesupport_fastrtps_c.so\n'}
[0.867829] (mav_system_msgs) StdoutLine: {'line': b'-- Up-to-date: /home/aimane/humble_ws/src/VNAV_23/vnav_ws/install/mav_system_msgs/share/mav_system_msgs/msg/CpuInfo.idl\n'}
[0.867968] (mav_system_msgs) StdoutLine: {'line': b'-- Up-to-date: /home/aimane/humble_ws/src/VNAV_23/vnav_ws/install/mav_system_msgs/share/mav_system_msgs/msg/ProcessInfo.idl\n'}
[0.868095] (mav_state_machine_msgs) StdoutLine: {'line': b'-- Up-to-date: /home/aimane/humble_ws/src/VNAV_23/vnav_ws/install/mav_state_machine_msgs/share/mav_state_machine_msgs/cmake/rosidl_cmake-extras.cmake\n'}
[0.868307] (mav_state_machine_msgs) StdoutLine: {'line': b'-- Up-to-date: /home/aimane/humble_ws/src/VNAV_23/vnav_ws/install/mav_state_machine_msgs/share/mav_state_machine_msgs/cmake/ament_cmake_export_dependencies-extras.cmake\n'}
[0.868436] (mav_state_machine_msgs) StdoutLine: {'line': b'-- Up-to-date: /home/aimane/humble_ws/src/VNAV_23/vnav_ws/install/mav_state_machine_msgs/share/mav_state_machine_msgs/cmake/ament_cmake_export_include_directories-extras.cmake\n'}
[0.868560] (mav_system_msgs) StdoutLine: {'line': b'-- Up-to-date: /home/aimane/humble_ws/src/VNAV_23/vnav_ws/install/mav_system_msgs/share/mav_system_msgs/msg/CpuInfo.msg\n'}
[0.868759] (mav_state_machine_msgs) StdoutLine: {'line': b'-- Up-to-date: /home/aimane/humble_ws/src/VNAV_23/vnav_ws/install/mav_state_machine_msgs/share/mav_state_machine_msgs/cmake/ament_cmake_export_libraries-extras.cmake\n'}
[0.868888] (mav_state_machine_msgs) StdoutLine: {'line': b'-- Up-to-date: /home/aimane/humble_ws/src/VNAV_23/vnav_ws/install/mav_state_machine_msgs/share/mav_state_machine_msgs/cmake/ament_cmake_export_targets-extras.cmake\n'}
[0.869012] (mav_msgs) StdoutLine: {'line': b'-- Up-to-date: /home/aimane/humble_ws/src/VNAV_23/vnav_ws/install/mav_msgs/include/mav_msgs/mav_msgs\n'}
[0.869188] (mav_msgs) StdoutLine: {'line': b'-- Up-to-date: /home/aimane/humble_ws/src/VNAV_23/vnav_ws/install/mav_msgs/include/mav_msgs/mav_msgs/msg\n'}
[0.869348] (mav_msgs) StdoutLine: {'line': b'-- Up-to-date: /home/aimane/humble_ws/src/VNAV_23/vnav_ws/install/mav_msgs/include/mav_msgs/mav_msgs/msg/rosidl_typesupport_introspection_c__visibility_control.h\n'}
[0.869475] (mav_msgs) StdoutLine: {'line': b'-- Up-to-date: /home/aimane/humble_ws/src/VNAV_23/vnav_ws/install/mav_msgs/include/mav_msgs/mav_msgs/msg/detail\n'}
[0.869600] (mav_msgs) StdoutLine: {'line': b'-- Up-to-date: /home/aimane/humble_ws/src/VNAV_23/vnav_ws/install/mav_msgs/include/mav_msgs/mav_msgs/msg/detail/torque_thrust__rosidl_typesupport_introspection_c.h\n'}
[0.869725] (mav_msgs) StdoutLine: {'line': b'-- Up-to-date: /home/aimane/humble_ws/src/VNAV_23/vnav_ws/install/mav_msgs/include/mav_msgs/mav_msgs/msg/detail/status__rosidl_typesupport_introspection_c.h\n'}
[0.869849] (mav_msgs) StdoutLine: {'line': b'-- Up-to-date: /home/aimane/humble_ws/src/VNAV_23/vnav_ws/install/mav_msgs/include/mav_msgs/mav_msgs/msg/detail/status__type_support.c\n'}
[0.869981] (mav_msgs) StdoutLine: {'line': b'-- Up-to-date: /home/aimane/humble_ws/src/VNAV_23/vnav_ws/install/mav_msgs/include/mav_msgs/mav_msgs/msg/detail/attitude_thrust__type_support.c\n'}
[0.870122] (mav_msgs) StdoutLine: {'line': b'-- Up-to-date: /home/aimane/humble_ws/src/VNAV_23/vnav_ws/install/mav_msgs/include/mav_msgs/mav_msgs/msg/detail/roll_pitch_yawrate_thrust__rosidl_typesupport_introspection_c.h\n'}
[0.870295] (mav_msgs) StdoutLine: {'line': b'-- Up-to-date: /home/aimane/humble_ws/src/VNAV_23/vnav_ws/install/mav_msgs/include/mav_msgs/mav_msgs/msg/detail/attitude_thrust__rosidl_typesupport_introspection_c.h\n'}
[0.870431] (mav_msgs) StdoutLine: {'line': b'-- Up-to-date: /home/aimane/humble_ws/src/VNAV_23/vnav_ws/install/mav_msgs/include/mav_msgs/mav_msgs/msg/detail/actuators__rosidl_typesupport_introspection_c.h\n'}
[0.870556] (mav_msgs) StdoutLine: {'line': b'-- Up-to-date: /home/aimane/humble_ws/src/VNAV_23/vnav_ws/install/mav_msgs/include/mav_msgs/mav_msgs/msg/detail/filtered_sensor_data__type_support.c\n'}
[0.870680] (mav_state_machine_msgs) StdoutLine: {'line': b'-- Up-to-date: /home/aimane/humble_ws/src/VNAV_23/vnav_ws/install/mav_state_machine_msgs/share/mav_state_machine_msgs/cmake/rosidl_cmake_export_typesupport_targets-extras.cmake\n'}
[0.870869] (mav_state_machine_msgs) StdoutLine: {'line': b'-- Up-to-date: /home/aimane/humble_ws/src/VNAV_23/vnav_ws/install/mav_state_machine_msgs/share/mav_state_machine_msgs/cmake/rosidl_cmake_export_typesupport_libraries-extras.cmake\n'}
[0.871025] (mav_state_machine_msgs) StdoutLine: {'line': b'-- Up-to-date: /home/aimane/humble_ws/src/VNAV_23/vnav_ws/install/mav_state_machine_msgs/share/mav_state_machine_msgs/cmake/mav_state_machine_msgsConfig.cmake\n'}
[0.871199] (mav_state_machine_msgs) StdoutLine: {'line': b'-- Up-to-date: /home/aimane/humble_ws/src/VNAV_23/vnav_ws/install/mav_state_machine_msgs/share/mav_state_machine_msgs/cmake/mav_state_machine_msgsConfig-version.cmake\n'}
[0.871369] (mav_state_machine_msgs) StdoutLine: {'line': b'-- Up-to-date: /home/aimane/humble_ws/src/VNAV_23/vnav_ws/install/mav_state_machine_msgs/share/mav_state_machine_msgs/package.xml\n'}
[0.871494] (mav_system_msgs) StdoutLine: {'line': b'-- Up-to-date: /home/aimane/humble_ws/src/VNAV_23/vnav_ws/install/mav_system_msgs/share/mav_system_msgs/msg/ProcessInfo.msg\n'}
[0.871677] (mav_system_msgs) StdoutLine: {'line': b'-- Up-to-date: /home/aimane/humble_ws/src/VNAV_23/vnav_ws/install/mav_system_msgs/share/ament_index/resource_index/package_run_dependencies/mav_system_msgs\n'}
[0.871805] (mav_system_msgs) StdoutLine: {'line': b'-- Up-to-date: /home/aimane/humble_ws/src/VNAV_23/vnav_ws/install/mav_system_msgs/share/ament_index/resource_index/parent_prefix_path/mav_system_msgs\n'}
[0.871928] (mav_system_msgs) StdoutLine: {'line': b'-- Up-to-date: /home/aimane/humble_ws/src/VNAV_23/vnav_ws/install/mav_system_msgs/share/mav_system_msgs/environment/ament_prefix_path.sh\n'}
[0.872051] (mav_system_msgs) StdoutLine: {'line': b'-- Up-to-date: /home/aimane/humble_ws/src/VNAV_23/vnav_ws/install/mav_system_msgs/share/mav_system_msgs/environment/ament_prefix_path.dsv\n'}
[0.872207] (mav_system_msgs) StdoutLine: {'line': b'-- Up-to-date: /home/aimane/humble_ws/src/VNAV_23/vnav_ws/install/mav_system_msgs/share/mav_system_msgs/environment/path.sh\n'}
[0.872337] (mav_system_msgs) StdoutLine: {'line': b'-- Up-to-date: /home/aimane/humble_ws/src/VNAV_23/vnav_ws/install/mav_system_msgs/share/mav_system_msgs/environment/path.dsv\n'}
[0.872460] (mav_system_msgs) StdoutLine: {'line': b'-- Up-to-date: /home/aimane/humble_ws/src/VNAV_23/vnav_ws/install/mav_system_msgs/share/mav_system_msgs/local_setup.bash\n'}
[0.872584] (mav_system_msgs) StdoutLine: {'line': b'-- Up-to-date: /home/aimane/humble_ws/src/VNAV_23/vnav_ws/install/mav_system_msgs/share/mav_system_msgs/local_setup.sh\n'}
[0.872705] (mav_msgs) StdoutLine: {'line': b'-- Up-to-date: /home/aimane/humble_ws/src/VNAV_23/vnav_ws/install/mav_msgs/include/mav_msgs/mav_msgs/msg/detail/rate_thrust__rosidl_typesupport_introspection_c.h\n'}
[0.872881] (mav_msgs) StdoutLine: {'line': b'-- Up-to-date: /home/aimane/humble_ws/src/VNAV_23/vnav_ws/install/mav_msgs/include/mav_msgs/mav_msgs/msg/detail/roll_pitch_yawrate_thrust__type_support.c\n'}
[0.873009] (mav_msgs) StdoutLine: {'line': b'-- Up-to-date: /home/aimane/humble_ws/src/VNAV_23/vnav_ws/install/mav_msgs/include/mav_msgs/mav_msgs/msg/detail/gps_waypoint__rosidl_typesupport_introspection_c.h\n'}
[0.873164] (mav_msgs) StdoutLine: {'line': b'-- Up-to-date: /home/aimane/humble_ws/src/VNAV_23/vnav_ws/install/mav_msgs/include/mav_msgs/mav_msgs/msg/detail/torque_thrust__type_support.c\n'}
[0.873328] (mav_msgs) StdoutLine: {'line': b'-- Up-to-date: /home/aimane/humble_ws/src/VNAV_23/vnav_ws/install/mav_msgs/include/mav_msgs/mav_msgs/msg/detail/rate_thrust__type_support.c\n'}
[0.873451] (mav_msgs) StdoutLine: {'line': b'-- Up-to-date: /home/aimane/humble_ws/src/VNAV_23/vnav_ws/install/mav_msgs/include/mav_msgs/mav_msgs/msg/detail/actuators__type_support.c\n'}
[0.873573] (mav_msgs) StdoutLine: {'line': b'-- Up-to-date: /home/aimane/humble_ws/src/VNAV_23/vnav_ws/install/mav_msgs/include/mav_msgs/mav_msgs/msg/detail/filtered_sensor_data__rosidl_typesupport_introspection_c.h\n'}
[0.873695] (mav_msgs) StdoutLine: {'line': b'-- Up-to-date: /home/aimane/humble_ws/src/VNAV_23/vnav_ws/install/mav_msgs/include/mav_msgs/mav_msgs/msg/detail/gps_waypoint__type_support.c\n'}
[0.873870] (mav_system_msgs) StdoutLine: {'line': b'-- Up-to-date: /home/aimane/humble_ws/src/VNAV_23/vnav_ws/install/mav_system_msgs/share/mav_system_msgs/local_setup.zsh\n'}
[0.874016] (mav_system_msgs) StdoutLine: {'line': b'-- Up-to-date: /home/aimane/humble_ws/src/VNAV_23/vnav_ws/install/mav_system_msgs/share/mav_system_msgs/local_setup.dsv\n'}
[0.874155] (mav_system_msgs) StdoutLine: {'line': b'-- Installing: /home/aimane/humble_ws/src/VNAV_23/vnav_ws/install/mav_system_msgs/share/mav_system_msgs/package.dsv\n'}
[0.874302] (mav_msgs) StdoutLine: {'line': b'-- Up-to-date: /home/aimane/humble_ws/src/VNAV_23/vnav_ws/install/mav_msgs/lib/libmav_msgs__rosidl_typesupport_introspection_c.so\n'}
[0.874478] (mav_system_msgs) StdoutLine: {'line': b'-- Up-to-date: /home/aimane/humble_ws/src/VNAV_23/vnav_ws/install/mav_system_msgs/share/ament_index/resource_index/packages/mav_system_msgs\n'}
[0.874604] (mav_system_msgs) StdoutLine: {'line': b'-- Up-to-date: /home/aimane/humble_ws/src/VNAV_23/vnav_ws/install/mav_system_msgs/share/mav_system_msgs/cmake/export_mav_system_msgs__rosidl_generator_cExport.cmake\n'}
[0.874736] (mav_system_msgs) StdoutLine: {'line': b'-- Up-to-date: /home/aimane/humble_ws/src/VNAV_23/vnav_ws/install/mav_system_msgs/share/mav_system_msgs/cmake/export_mav_system_msgs__rosidl_generator_cExport-noconfig.cmake\n'}
[0.874859] (mav_msgs) StdoutLine: {'line': b'-- Up-to-date: /home/aimane/humble_ws/src/VNAV_23/vnav_ws/install/mav_msgs/lib/libmav_msgs__rosidl_typesupport_c.so\n'}
[0.874983] (mav_system_msgs) StdoutLine: {'line': b'-- Up-to-date: /home/aimane/humble_ws/src/VNAV_23/vnav_ws/install/mav_system_msgs/share/mav_system_msgs/cmake/export_mav_system_msgs__rosidl_typesupport_fastrtps_cExport.cmake\n'}
[0.875119] (mav_system_msgs) StdoutLine: {'line': b'-- Up-to-date: /home/aimane/humble_ws/src/VNAV_23/vnav_ws/install/mav_system_msgs/share/mav_system_msgs/cmake/export_mav_system_msgs__rosidl_typesupport_fastrtps_cExport-noconfig.cmake\n'}
[0.875292] (mav_msgs) StdoutLine: {'line': b'-- Up-to-date: /home/aimane/humble_ws/src/VNAV_23/vnav_ws/install/mav_msgs/include/mav_msgs/mav_msgs\n'}
[0.875469] (mav_msgs) StdoutLine: {'line': b'-- Up-to-date: /home/aimane/humble_ws/src/VNAV_23/vnav_ws/install/mav_msgs/include/mav_msgs/mav_msgs/msg\n'}
[0.875594] (mav_msgs) StdoutLine: {'line': b'-- Up-to-date: /home/aimane/humble_ws/src/VNAV_23/vnav_ws/install/mav_msgs/include/mav_msgs/mav_msgs/msg/status.hpp\n'}
[0.875716] (mav_msgs) StdoutLine: {'line': b'-- Up-to-date: /home/aimane/humble_ws/src/VNAV_23/vnav_ws/install/mav_msgs/include/mav_msgs/mav_msgs/msg/roll_pitch_yawrate_thrust.hpp\n'}
[0.875839] (mav_msgs) StdoutLine: {'line': b'-- Up-to-date: /home/aimane/humble_ws/src/VNAV_23/vnav_ws/install/mav_msgs/include/mav_msgs/mav_msgs/msg/detail\n'}
[0.875961] (mav_msgs) StdoutLine: {'line': b'-- Up-to-date: /home/aimane/humble_ws/src/VNAV_23/vnav_ws/install/mav_msgs/include/mav_msgs/mav_msgs/msg/detail/gps_waypoint__builder.hpp\n'}
[0.876090] (mav_msgs) StdoutLine: {'line': b'-- Up-to-date: /home/aimane/humble_ws/src/VNAV_23/vnav_ws/install/mav_msgs/include/mav_msgs/mav_msgs/msg/detail/rate_thrust__struct.hpp\n'}
[0.876289] (mav_msgs) StdoutLine: {'line': b'-- Up-to-date: /home/aimane/humble_ws/src/VNAV_23/vnav_ws/install/mav_msgs/include/mav_msgs/mav_msgs/msg/detail/actuators__type_support.hpp\n'}
[0.876434] (mav_msgs) StdoutLine: {'line': b'-- Up-to-date: /home/aimane/humble_ws/src/VNAV_23/vnav_ws/install/mav_msgs/include/mav_msgs/mav_msgs/msg/detail/torque_thrust__type_support.hpp\n'}
[0.876557] (mav_msgs) StdoutLine: {'line': b'-- Up-to-date: /home/aimane/humble_ws/src/VNAV_23/vnav_ws/install/mav_msgs/include/mav_msgs/mav_msgs/msg/detail/status__traits.hpp\n'}
[0.876680] (mav_msgs) StdoutLine: {'line': b'-- Up-to-date: /home/aimane/humble_ws/src/VNAV_23/vnav_ws/install/mav_msgs/include/mav_msgs/mav_msgs/msg/detail/torque_thrust__traits.hpp\n'}
[0.876806] (mav_msgs) StdoutLine: {'line': b'-- Up-to-date: /home/aimane/humble_ws/src/VNAV_23/vnav_ws/install/mav_msgs/include/mav_msgs/mav_msgs/msg/detail/rate_thrust__traits.hpp\n'}
[0.876921] (mav_system_msgs) StdoutLine: {'line': b'-- Up-to-date: /home/aimane/humble_ws/src/VNAV_23/vnav_ws/install/mav_system_msgs/share/mav_system_msgs/cmake/export_mav_system_msgs__rosidl_generator_cppExport.cmake\n'}
[0.877054] (mav_system_msgs) StdoutLine: {'line': b'-- Up-to-date: /home/aimane/humble_ws/src/VNAV_23/vnav_ws/install/mav_system_msgs/share/mav_system_msgs/cmake/export_mav_system_msgs__rosidl_typesupport_fastrtps_cppExport.cmake\n'}
[0.877178] (mav_system_msgs) StdoutLine: {'line': b'-- Up-to-date: /home/aimane/humble_ws/src/VNAV_23/vnav_ws/install/mav_system_msgs/share/mav_system_msgs/cmake/export_mav_system_msgs__rosidl_typesupport_fastrtps_cppExport-noconfig.cmake\n'}
[0.877287] (mav_system_msgs) StdoutLine: {'line': b'-- Up-to-date: /home/aimane/humble_ws/src/VNAV_23/vnav_ws/install/mav_system_msgs/share/mav_system_msgs/cmake/mav_system_msgs__rosidl_typesupport_introspection_cExport.cmake\n'}
[0.877428] (mav_system_msgs) StdoutLine: {'line': b'-- Up-to-date: /home/aimane/humble_ws/src/VNAV_23/vnav_ws/install/mav_system_msgs/share/mav_system_msgs/cmake/mav_system_msgs__rosidl_typesupport_introspection_cExport-noconfig.cmake\n'}
[0.877534] (mav_system_msgs) StdoutLine: {'line': b'-- Up-to-date: /home/aimane/humble_ws/src/VNAV_23/vnav_ws/install/mav_system_msgs/share/mav_system_msgs/cmake/mav_system_msgs__rosidl_typesupport_cExport.cmake\n'}
[0.877640] (mav_msgs) StdoutLine: {'line': b'-- Up-to-date: /home/aimane/humble_ws/src/VNAV_23/vnav_ws/install/mav_msgs/include/mav_msgs/mav_msgs/msg/detail/filtered_sensor_data__type_support.hpp\n'}
[0.877751] (mav_msgs) StdoutLine: {'line': b'-- Up-to-date: /home/aimane/humble_ws/src/VNAV_23/vnav_ws/install/mav_msgs/include/mav_msgs/mav_msgs/msg/detail/actuators__builder.hpp\n'}
[0.877857] (mav_msgs) StdoutLine: {'line': b'-- Up-to-date: /home/aimane/humble_ws/src/VNAV_23/vnav_ws/install/mav_msgs/include/mav_msgs/mav_msgs/msg/detail/filtered_sensor_data__builder.hpp\n'}
[0.877963] (mav_msgs) StdoutLine: {'line': b'-- Up-to-date: /home/aimane/humble_ws/src/VNAV_23/vnav_ws/install/mav_msgs/include/mav_msgs/mav_msgs/msg/detail/actuators__traits.hpp\n'}
[0.878092] (mav_msgs) StdoutLine: {'line': b'-- Up-to-date: /home/aimane/humble_ws/src/VNAV_23/vnav_ws/install/mav_msgs/include/mav_msgs/mav_msgs/msg/detail/roll_pitch_yawrate_thrust__builder.hpp\n'}
[0.878215] (mav_system_msgs) StdoutLine: {'line': b'-- Up-to-date: /home/aimane/humble_ws/src/VNAV_23/vnav_ws/install/mav_system_msgs/share/mav_system_msgs/cmake/mav_system_msgs__rosidl_typesupport_cExport-noconfig.cmake\n'}
[0.878329] (mav_msgs) StdoutLine: {'line': b'-- Up-to-date: /home/aimane/humble_ws/src/VNAV_23/vnav_ws/install/mav_msgs/include/mav_msgs/mav_msgs/msg/detail/rate_thrust__type_support.hpp\n'}
[0.878435] (mav_system_msgs) StdoutLine: {'line': b'-- Up-to-date: /home/aimane/humble_ws/src/VNAV_23/vnav_ws/install/mav_system_msgs/share/mav_system_msgs/cmake/mav_system_msgs__rosidl_typesupport_introspection_cppExport.cmake\n'}
[0.878540] (mav_system_msgs) StdoutLine: {'line': b'-- Up-to-date: /home/aimane/humble_ws/src/VNAV_23/vnav_ws/install/mav_system_msgs/share/mav_system_msgs/cmake/mav_system_msgs__rosidl_typesupport_introspection_cppExport-noconfig.cmake\n'}
[0.878654] (mav_msgs) StdoutLine: {'line': b'-- Up-to-date: /home/aimane/humble_ws/src/VNAV_23/vnav_ws/install/mav_msgs/include/mav_msgs/mav_msgs/msg/detail/roll_pitch_yawrate_thrust__type_support.hpp\n'}
[0.878762] (mav_msgs) StdoutLine: {'line': b'-- Up-to-date: /home/aimane/humble_ws/src/VNAV_23/vnav_ws/install/mav_msgs/include/mav_msgs/mav_msgs/msg/detail/status__type_support.hpp\n'}
[0.878868] (mav_msgs) StdoutLine: {'line': b'-- Up-to-date: /home/aimane/humble_ws/src/VNAV_23/vnav_ws/install/mav_msgs/include/mav_msgs/mav_msgs/msg/detail/attitude_thrust__type_support.hpp\n'}
[0.878975] (mav_msgs) StdoutLine: {'line': b'-- Up-to-date: /home/aimane/humble_ws/src/VNAV_23/vnav_ws/install/mav_msgs/include/mav_msgs/mav_msgs/msg/detail/torque_thrust__struct.hpp\n'}
[0.879082] (mav_msgs) StdoutLine: {'line': b'-- Up-to-date: /home/aimane/humble_ws/src/VNAV_23/vnav_ws/install/mav_msgs/include/mav_msgs/mav_msgs/msg/detail/status__struct.hpp\n'}
[0.879188] (mav_msgs) StdoutLine: {'line': b'-- Up-to-date: /home/aimane/humble_ws/src/VNAV_23/vnav_ws/install/mav_msgs/include/mav_msgs/mav_msgs/msg/detail/attitude_thrust__builder.hpp\n'}
[0.879255] (mav_msgs) StdoutLine: {'line': b'-- Up-to-date: /home/aimane/humble_ws/src/VNAV_23/vnav_ws/install/mav_msgs/include/mav_msgs/mav_msgs/msg/detail/roll_pitch_yawrate_thrust__struct.hpp\n'}
[0.879320] (mav_msgs) StdoutLine: {'line': b'-- Up-to-date: /home/aimane/humble_ws/src/VNAV_23/vnav_ws/install/mav_msgs/include/mav_msgs/mav_msgs/msg/detail/gps_waypoint__traits.hpp\n'}
[0.879384] (mav_system_msgs) StdoutLine: {'line': b'-- Up-to-date: /home/aimane/humble_ws/src/VNAV_23/vnav_ws/install/mav_system_msgs/share/mav_system_msgs/cmake/mav_system_msgs__rosidl_typesupport_cppExport.cmake\n'}
[0.879455] (mav_system_msgs) StdoutLine: {'line': b'-- Up-to-date: /home/aimane/humble_ws/src/VNAV_23/vnav_ws/install/mav_system_msgs/share/mav_system_msgs/cmake/mav_system_msgs__rosidl_typesupport_cppExport-noconfig.cmake\n'}
[0.879529] (mav_system_msgs) StdoutLine: {'line': b'-- Up-to-date: /home/aimane/humble_ws/src/VNAV_23/vnav_ws/install/mav_system_msgs/share/mav_system_msgs/cmake/rosidl_cmake-extras.cmake\n'}
[0.879593] (mav_system_msgs) StdoutLine: {'line': b'-- Up-to-date: /home/aimane/humble_ws/src/VNAV_23/vnav_ws/install/mav_system_msgs/share/mav_system_msgs/cmake/ament_cmake_export_dependencies-extras.cmake\n'}
[0.879657] (mav_msgs) StdoutLine: {'line': b'-- Up-to-date: /home/aimane/humble_ws/src/VNAV_23/vnav_ws/install/mav_msgs/include/mav_msgs/mav_msgs/msg/detail/gps_waypoint__type_support.hpp\n'}
[0.879720] (mav_msgs) StdoutLine: {'line': b'-- Up-to-date: /home/aimane/humble_ws/src/VNAV_23/vnav_ws/install/mav_msgs/include/mav_msgs/mav_msgs/msg/detail/filtered_sensor_data__struct.hpp\n'}
[0.879832] (mav_msgs) StdoutLine: {'line': b'-- Up-to-date: /home/aimane/humble_ws/src/VNAV_23/vnav_ws/install/mav_msgs/include/mav_msgs/mav_msgs/msg/detail/gps_waypoint__struct.hpp\n'}
[0.879897] (mav_msgs) StdoutLine: {'line': b'-- Up-to-date: /home/aimane/humble_ws/src/VNAV_23/vnav_ws/install/mav_msgs/include/mav_msgs/mav_msgs/msg/detail/roll_pitch_yawrate_thrust__traits.hpp\n'}
[0.879960] (mav_msgs) StdoutLine: {'line': b'-- Up-to-date: /home/aimane/humble_ws/src/VNAV_23/vnav_ws/install/mav_msgs/include/mav_msgs/mav_msgs/msg/detail/status__builder.hpp\n'}
[0.880021] (mav_msgs) StdoutLine: {'line': b'-- Up-to-date: /home/aimane/humble_ws/src/VNAV_23/vnav_ws/install/mav_msgs/include/mav_msgs/mav_msgs/msg/detail/attitude_thrust__traits.hpp\n'}
[0.880082] (mav_system_msgs) StdoutLine: {'line': b'-- Up-to-date: /home/aimane/humble_ws/src/VNAV_23/vnav_ws/install/mav_system_msgs/share/mav_system_msgs/cmake/ament_cmake_export_include_directories-extras.cmake\n'}
[0.880209] (mav_state_machine_msgs) CommandEnded: {'returncode': 0}
[0.880464] (mav_msgs) StdoutLine: {'line': b'-- Up-to-date: /home/aimane/humble_ws/src/VNAV_23/vnav_ws/install/mav_msgs/include/mav_msgs/mav_msgs/msg/detail/torque_thrust__builder.hpp\n'}
[0.880545] (mav_msgs) StdoutLine: {'line': b'-- Up-to-date: /home/aimane/humble_ws/src/VNAV_23/vnav_ws/install/mav_msgs/include/mav_msgs/mav_msgs/msg/detail/actuators__struct.hpp\n'}
[0.880610] (mav_msgs) StdoutLine: {'line': b'-- Up-to-date: /home/aimane/humble_ws/src/VNAV_23/vnav_ws/install/mav_msgs/include/mav_msgs/mav_msgs/msg/detail/filtered_sensor_data__traits.hpp\n'}
[0.880673] (mav_msgs) StdoutLine: {'line': b'-- Up-to-date: /home/aimane/humble_ws/src/VNAV_23/vnav_ws/install/mav_msgs/include/mav_msgs/mav_msgs/msg/detail/rate_thrust__builder.hpp\n'}
[0.880736] (mav_msgs) StdoutLine: {'line': b'-- Up-to-date: /home/aimane/humble_ws/src/VNAV_23/vnav_ws/install/mav_msgs/include/mav_msgs/mav_msgs/msg/detail/attitude_thrust__struct.hpp\n'}
[0.880797] (mav_msgs) StdoutLine: {'line': b'-- Up-to-date: /home/aimane/humble_ws/src/VNAV_23/vnav_ws/install/mav_msgs/include/mav_msgs/mav_msgs/msg/torque_thrust.hpp\n'}
[0.880859] (mav_msgs) StdoutLine: {'line': b'-- Up-to-date: /home/aimane/humble_ws/src/VNAV_23/vnav_ws/install/mav_msgs/include/mav_msgs/mav_msgs/msg/rate_thrust.hpp\n'}
[0.880920] (mav_msgs) StdoutLine: {'line': b'-- Up-to-date: /home/aimane/humble_ws/src/VNAV_23/vnav_ws/install/mav_msgs/include/mav_msgs/mav_msgs/msg/attitude_thrust.hpp\n'}
[0.880981] (mav_msgs) StdoutLine: {'line': b'-- Up-to-date: /home/aimane/humble_ws/src/VNAV_23/vnav_ws/install/mav_msgs/include/mav_msgs/mav_msgs/msg/filtered_sensor_data.hpp\n'}
[0.881043] (mav_msgs) StdoutLine: {'line': b'-- Up-to-date: /home/aimane/humble_ws/src/VNAV_23/vnav_ws/install/mav_msgs/include/mav_msgs/mav_msgs/msg/gps_waypoint.hpp\n'}
[0.881117] (mav_msgs) StdoutLine: {'line': b'-- Up-to-date: /home/aimane/humble_ws/src/VNAV_23/vnav_ws/install/mav_msgs/include/mav_msgs/mav_msgs/msg/actuators.hpp\n'}
[0.881190] (mav_msgs) StdoutLine: {'line': b'-- Up-to-date: /home/aimane/humble_ws/src/VNAV_23/vnav_ws/install/mav_msgs/include/mav_msgs/mav_msgs/msg/rosidl_generator_cpp__visibility_control.hpp\n'}
[0.881301] (mav_msgs) StdoutLine: {'line': b'-- Up-to-date: /home/aimane/humble_ws/src/VNAV_23/vnav_ws/install/mav_msgs/include/mav_msgs/mav_msgs\n'}
[0.881368] (mav_msgs) StdoutLine: {'line': b'-- Up-to-date: /home/aimane/humble_ws/src/VNAV_23/vnav_ws/install/mav_msgs/include/mav_msgs/mav_msgs/msg\n'}
[0.881430] (mav_msgs) StdoutLine: {'line': b'-- Up-to-date: /home/aimane/humble_ws/src/VNAV_23/vnav_ws/install/mav_msgs/include/mav_msgs/mav_msgs/msg/detail\n'}
[0.881493] (mav_system_msgs) StdoutLine: {'line': b'-- Up-to-date: /home/aimane/humble_ws/src/VNAV_23/vnav_ws/install/mav_system_msgs/share/mav_system_msgs/cmake/ament_cmake_export_libraries-extras.cmake\n'}
[0.881563] (mav_system_msgs) StdoutLine: {'line': b'-- Up-to-date: /home/aimane/humble_ws/src/VNAV_23/vnav_ws/install/mav_system_msgs/share/mav_system_msgs/cmake/ament_cmake_export_targets-extras.cmake\n'}
[0.881626] (mav_system_msgs) StdoutLine: {'line': b'-- Up-to-date: /home/aimane/humble_ws/src/VNAV_23/vnav_ws/install/mav_system_msgs/share/mav_system_msgs/cmake/rosidl_cmake_export_typesupport_targets-extras.cmake\n'}
[0.881690] (mav_system_msgs) StdoutLine: {'line': b'-- Up-to-date: /home/aimane/humble_ws/src/VNAV_23/vnav_ws/install/mav_system_msgs/share/mav_system_msgs/cmake/rosidl_cmake_export_typesupport_libraries-extras.cmake\n'}
[0.881752] (mav_system_msgs) StdoutLine: {'line': b'-- Up-to-date: /home/aimane/humble_ws/src/VNAV_23/vnav_ws/install/mav_system_msgs/share/mav_system_msgs/cmake/mav_system_msgsConfig.cmake\n'}
[0.881814] (mav_system_msgs) StdoutLine: {'line': b'-- Up-to-date: /home/aimane/humble_ws/src/VNAV_23/vnav_ws/install/mav_system_msgs/share/mav_system_msgs/cmake/mav_system_msgsConfig-version.cmake\n'}
[0.881915] (mav_system_msgs) StdoutLine: {'line': b'-- Up-to-date: /home/aimane/humble_ws/src/VNAV_23/vnav_ws/install/mav_system_msgs/share/mav_system_msgs/package.xml\n'}
[0.881978] (mav_msgs) StdoutLine: {'line': b'-- Up-to-date: /home/aimane/humble_ws/src/VNAV_23/vnav_ws/install/mav_msgs/include/mav_msgs/mav_msgs/msg/detail/gps_waypoint__rosidl_typesupport_fastrtps_cpp.hpp\n'}
[0.882041] (mav_msgs) StdoutLine: {'line': b'-- Up-to-date: /home/aimane/humble_ws/src/VNAV_23/vnav_ws/install/mav_msgs/include/mav_msgs/mav_msgs/msg/detail/dds_fastrtps\n'}
[0.882113] (mav_msgs) StdoutLine: {'line': b'-- Up-to-date: /home/aimane/humble_ws/src/VNAV_23/vnav_ws/install/mav_msgs/include/mav_msgs/mav_msgs/msg/detail/status__rosidl_typesupport_fastrtps_cpp.hpp\n'}
[0.882186] (mav_msgs) StdoutLine: {'line': b'-- Up-to-date: /home/aimane/humble_ws/src/VNAV_23/vnav_ws/install/mav_msgs/include/mav_msgs/mav_msgs/msg/detail/actuators__rosidl_typesupport_fastrtps_cpp.hpp\n'}
[0.882248] (mav_msgs) StdoutLine: {'line': b'-- Up-to-date: /home/aimane/humble_ws/src/VNAV_23/vnav_ws/install/mav_msgs/include/mav_msgs/mav_msgs/msg/detail/roll_pitch_yawrate_thrust__rosidl_typesupport_fastrtps_cpp.hpp\n'}
[0.882310] (mav_msgs) StdoutLine: {'line': b'-- Up-to-date: /home/aimane/humble_ws/src/VNAV_23/vnav_ws/install/mav_msgs/include/mav_msgs/mav_msgs/msg/detail/attitude_thrust__rosidl_typesupport_fastrtps_cpp.hpp\n'}
[0.882370] (mav_msgs) StdoutLine: {'line': b'-- Up-to-date: /home/aimane/humble_ws/src/VNAV_23/vnav_ws/install/mav_msgs/include/mav_msgs/mav_msgs/msg/detail/rate_thrust__rosidl_typesupport_fastrtps_cpp.hpp\n'}
[0.882431] (mav_msgs) StdoutLine: {'line': b'-- Up-to-date: /home/aimane/humble_ws/src/VNAV_23/vnav_ws/install/mav_msgs/include/mav_msgs/mav_msgs/msg/detail/torque_thrust__rosidl_typesupport_fastrtps_cpp.hpp\n'}
[0.882492] (mav_msgs) StdoutLine: {'line': b'-- Up-to-date: /home/aimane/humble_ws/src/VNAV_23/vnav_ws/install/mav_msgs/include/mav_msgs/mav_msgs/msg/detail/filtered_sensor_data__rosidl_typesupport_fastrtps_cpp.hpp\n'}
[0.882553] (mav_msgs) StdoutLine: {'line': b'-- Up-to-date: /home/aimane/humble_ws/src/VNAV_23/vnav_ws/install/mav_msgs/include/mav_msgs/mav_msgs/msg/rosidl_typesupport_fastrtps_cpp__visibility_control.h\n'}
[0.883209] (mav_msgs) StdoutLine: {'line': b'-- Up-to-date: /home/aimane/humble_ws/src/VNAV_23/vnav_ws/install/mav_msgs/lib/libmav_msgs__rosidl_typesupport_fastrtps_cpp.so\n'}
[0.883404] (mav_msgs) StdoutLine: {'line': b'-- Up-to-date: /home/aimane/humble_ws/src/VNAV_23/vnav_ws/install/mav_msgs/include/mav_msgs/mav_msgs\n'}
[0.883468] (mav_msgs) StdoutLine: {'line': b'-- Up-to-date: /home/aimane/humble_ws/src/VNAV_23/vnav_ws/install/mav_msgs/include/mav_msgs/mav_msgs/msg\n'}
[0.883530] (mav_msgs) StdoutLine: {'line': b'-- Up-to-date: /home/aimane/humble_ws/src/VNAV_23/vnav_ws/install/mav_msgs/include/mav_msgs/mav_msgs/msg/detail\n'}
[0.883638] (mav_msgs) StdoutLine: {'line': b'-- Up-to-date: /home/aimane/humble_ws/src/VNAV_23/vnav_ws/install/mav_msgs/include/mav_msgs/mav_msgs/msg/detail/status__type_support.cpp\n'}
[0.883767] (mav_msgs) StdoutLine: {'line': b'-- Up-to-date: /home/aimane/humble_ws/src/VNAV_23/vnav_ws/install/mav_msgs/include/mav_msgs/mav_msgs/msg/detail/filtered_sensor_data__rosidl_typesupport_introspection_cpp.hpp\n'}
[0.883893] (mav_msgs) StdoutLine: {'line': b'-- Up-to-date: /home/aimane/humble_ws/src/VNAV_23/vnav_ws/install/mav_msgs/include/mav_msgs/mav_msgs/msg/detail/gps_waypoint__type_support.cpp\n'}
[0.884014] (mav_msgs) StdoutLine: {'line': b'-- Up-to-date: /home/aimane/humble_ws/src/VNAV_23/vnav_ws/install/mav_msgs/include/mav_msgs/mav_msgs/msg/detail/attitude_thrust__type_support.cpp\n'}
[0.884154] (mav_msgs) StdoutLine: {'line': b'-- Up-to-date: /home/aimane/humble_ws/src/VNAV_23/vnav_ws/install/mav_msgs/include/mav_msgs/mav_msgs/msg/detail/rate_thrust__type_support.cpp\n'}
[0.884345] (mav_msgs) StdoutLine: {'line': b'-- Up-to-date: /home/aimane/humble_ws/src/VNAV_23/vnav_ws/install/mav_msgs/include/mav_msgs/mav_msgs/msg/detail/status__rosidl_typesupport_introspection_cpp.hpp\n'}
[0.884472] (mav_msgs) StdoutLine: {'line': b'-- Up-to-date: /home/aimane/humble_ws/src/VNAV_23/vnav_ws/install/mav_msgs/include/mav_msgs/mav_msgs/msg/detail/rate_thrust__rosidl_typesupport_introspection_cpp.hpp\n'}
[0.884596] (mav_msgs) StdoutLine: {'line': b'-- Up-to-date: /home/aimane/humble_ws/src/VNAV_23/vnav_ws/install/mav_msgs/include/mav_msgs/mav_msgs/msg/detail/gps_waypoint__rosidl_typesupport_introspection_cpp.hpp\n'}
[0.884719] (mav_msgs) StdoutLine: {'line': b'-- Up-to-date: /home/aimane/humble_ws/src/VNAV_23/vnav_ws/install/mav_msgs/include/mav_msgs/mav_msgs/msg/detail/roll_pitch_yawrate_thrust__rosidl_typesupport_introspection_cpp.hpp\n'}
[0.885092] (mav_msgs) StdoutLine: {'line': b'-- Up-to-date: /home/aimane/humble_ws/src/VNAV_23/vnav_ws/install/mav_msgs/include/mav_msgs/mav_msgs/msg/detail/filtered_sensor_data__type_support.cpp\n'}
[0.885349] (mav_msgs) StdoutLine: {'line': b'-- Up-to-date: /home/aimane/humble_ws/src/VNAV_23/vnav_ws/install/mav_msgs/include/mav_msgs/mav_msgs/msg/detail/attitude_thrust__rosidl_typesupport_introspection_cpp.hpp\n'}
[0.885506] (mav_msgs) StdoutLine: {'line': b'-- Up-to-date: /home/aimane/humble_ws/src/VNAV_23/vnav_ws/install/mav_msgs/include/mav_msgs/mav_msgs/msg/detail/actuators__rosidl_typesupport_introspection_cpp.hpp\n'}
[0.885618] (mav_msgs) StdoutLine: {'line': b'-- Up-to-date: /home/aimane/humble_ws/src/VNAV_23/vnav_ws/install/mav_msgs/include/mav_msgs/mav_msgs/msg/detail/actuators__type_support.cpp\n'}
[0.885726] (mav_msgs) StdoutLine: {'line': b'-- Up-to-date: /home/aimane/humble_ws/src/VNAV_23/vnav_ws/install/mav_msgs/include/mav_msgs/mav_msgs/msg/detail/torque_thrust__rosidl_typesupport_introspection_cpp.hpp\n'}
[0.885832] (mav_msgs) StdoutLine: {'line': b'-- Up-to-date: /home/aimane/humble_ws/src/VNAV_23/vnav_ws/install/mav_msgs/include/mav_msgs/mav_msgs/msg/detail/torque_thrust__type_support.cpp\n'}
[0.885937] (mav_msgs) StdoutLine: {'line': b'-- Up-to-date: /home/aimane/humble_ws/src/VNAV_23/vnav_ws/install/mav_msgs/include/mav_msgs/mav_msgs/msg/detail/roll_pitch_yawrate_thrust__type_support.cpp\n'}
[0.886042] (mav_msgs) StdoutLine: {'line': b'-- Up-to-date: /home/aimane/humble_ws/src/VNAV_23/vnav_ws/install/mav_msgs/lib/libmav_msgs__rosidl_typesupport_introspection_cpp.so\n'}
[0.886227] (mav_msgs) StdoutLine: {'line': b'-- Up-to-date: /home/aimane/humble_ws/src/VNAV_23/vnav_ws/install/mav_msgs/lib/libmav_msgs__rosidl_typesupport_cpp.so\n'}
[0.886339] (mav_msgs) StdoutLine: {'line': b'-- Up-to-date: /home/aimane/humble_ws/src/VNAV_23/vnav_ws/install/mav_msgs/share/mav_msgs/environment/pythonpath.sh\n'}
[0.886446] (mav_msgs) StdoutLine: {'line': b'-- Up-to-date: /home/aimane/humble_ws/src/VNAV_23/vnav_ws/install/mav_msgs/share/mav_msgs/environment/pythonpath.dsv\n'}
[0.886552] (mav_msgs) StdoutLine: {'line': b'-- Up-to-date: /home/aimane/humble_ws/src/VNAV_23/vnav_ws/install/mav_msgs/local/lib/python3.10/dist-packages/mav_msgs-3.3.3-py3.10.egg-info\n'}
[0.886658] (mav_msgs) StdoutLine: {'line': b'-- Installing: /home/aimane/humble_ws/src/VNAV_23/vnav_ws/install/mav_msgs/local/lib/python3.10/dist-packages/mav_msgs-3.3.3-py3.10.egg-info/SOURCES.txt\n'}
[0.886765] (mav_msgs) StdoutLine: {'line': b'-- Installing: /home/aimane/humble_ws/src/VNAV_23/vnav_ws/install/mav_msgs/local/lib/python3.10/dist-packages/mav_msgs-3.3.3-py3.10.egg-info/top_level.txt\n'}
[0.886871] (mav_msgs) StdoutLine: {'line': b'-- Installing: /home/aimane/humble_ws/src/VNAV_23/vnav_ws/install/mav_msgs/local/lib/python3.10/dist-packages/mav_msgs-3.3.3-py3.10.egg-info/PKG-INFO\n'}
[0.886977] (mav_msgs) StdoutLine: {'line': b'-- Installing: /home/aimane/humble_ws/src/VNAV_23/vnav_ws/install/mav_msgs/local/lib/python3.10/dist-packages/mav_msgs-3.3.3-py3.10.egg-info/dependency_links.txt\n'}
[0.887116] (mav_msgs) StdoutLine: {'line': b'-- Up-to-date: /home/aimane/humble_ws/src/VNAV_23/vnav_ws/install/mav_msgs/local/lib/python3.10/dist-packages/mav_msgs\n'}
[0.887196] (mav_msgs) StdoutLine: {'line': b'-- Up-to-date: /home/aimane/humble_ws/src/VNAV_23/vnav_ws/install/mav_msgs/local/lib/python3.10/dist-packages/mav_msgs/_mav_msgs_s.ep.rosidl_typesupport_c.c\n'}
[0.887261] (mav_msgs) StdoutLine: {'line': b'-- Up-to-date: /home/aimane/humble_ws/src/VNAV_23/vnav_ws/install/mav_msgs/local/lib/python3.10/dist-packages/mav_msgs/libmav_msgs__rosidl_generator_py.so\n'}
[0.887325] (mav_msgs) StdoutLine: {'line': b'-- Up-to-date: /home/aimane/humble_ws/src/VNAV_23/vnav_ws/install/mav_msgs/local/lib/python3.10/dist-packages/mav_msgs/_mav_msgs_s.ep.rosidl_typesupport_introspection_c.c\n'}
[0.887420] (mav_msgs) StdoutLine: {'line': b'-- Up-to-date: /home/aimane/humble_ws/src/VNAV_23/vnav_ws/install/mav_msgs/local/lib/python3.10/dist-packages/mav_msgs/_mav_msgs_s.ep.rosidl_typesupport_fastrtps_c.c\n'}
[0.887527] (mav_msgs) StdoutLine: {'line': b'-- Up-to-date: /home/aimane/humble_ws/src/VNAV_23/vnav_ws/install/mav_msgs/local/lib/python3.10/dist-packages/mav_msgs/msg\n'}
[0.887632] (mav_msgs) StdoutLine: {'line': b'-- Up-to-date: /home/aimane/humble_ws/src/VNAV_23/vnav_ws/install/mav_msgs/local/lib/python3.10/dist-packages/mav_msgs/msg/_actuators_s.c\n'}
[0.887738] (mav_msgs) StdoutLine: {'line': b'-- Up-to-date: /home/aimane/humble_ws/src/VNAV_23/vnav_ws/install/mav_msgs/local/lib/python3.10/dist-packages/mav_msgs/msg/_actuators.py\n'}
[0.887843] (mav_msgs) StdoutLine: {'line': b'-- Up-to-date: /home/aimane/humble_ws/src/VNAV_23/vnav_ws/install/mav_msgs/local/lib/python3.10/dist-packages/mav_msgs/msg/_attitude_thrust_s.c\n'}
[0.887948] (mav_msgs) StdoutLine: {'line': b'-- Up-to-date: /home/aimane/humble_ws/src/VNAV_23/vnav_ws/install/mav_msgs/local/lib/python3.10/dist-packages/mav_msgs/msg/_gps_waypoint_s.c\n'}
[0.888053] (mav_msgs) StdoutLine: {'line': b'-- Up-to-date: /home/aimane/humble_ws/src/VNAV_23/vnav_ws/install/mav_msgs/local/lib/python3.10/dist-packages/mav_msgs/msg/_rate_thrust.py\n'}
[0.888412] (mav_msgs) StdoutLine: {'line': b'-- Up-to-date: /home/aimane/humble_ws/src/VNAV_23/vnav_ws/install/mav_msgs/local/lib/python3.10/dist-packages/mav_msgs/msg/_torque_thrust.py\n'}
[0.888501] (mav_msgs) StdoutLine: {'line': b'-- Up-to-date: /home/aimane/humble_ws/src/VNAV_23/vnav_ws/install/mav_msgs/local/lib/python3.10/dist-packages/mav_msgs/msg/_roll_pitch_yawrate_thrust_s.c\n'}
[0.888566] (mav_msgs) StdoutLine: {'line': b'-- Up-to-date: /home/aimane/humble_ws/src/VNAV_23/vnav_ws/install/mav_msgs/local/lib/python3.10/dist-packages/mav_msgs/msg/_status.py\n'}
[0.888677] (mav_msgs) StdoutLine: {'line': b'-- Up-to-date: /home/aimane/humble_ws/src/VNAV_23/vnav_ws/install/mav_msgs/local/lib/python3.10/dist-packages/mav_msgs/msg/_gps_waypoint.py\n'}
[0.888741] (mav_msgs) StdoutLine: {'line': b'-- Up-to-date: /home/aimane/humble_ws/src/VNAV_23/vnav_ws/install/mav_msgs/local/lib/python3.10/dist-packages/mav_msgs/msg/_roll_pitch_yawrate_thrust.py\n'}
[0.888804] (mav_msgs) StdoutLine: {'line': b'-- Up-to-date: /home/aimane/humble_ws/src/VNAV_23/vnav_ws/install/mav_msgs/local/lib/python3.10/dist-packages/mav_msgs/msg/_status_s.c\n'}
[0.888866] (mav_msgs) StdoutLine: {'line': b'-- Up-to-date: /home/aimane/humble_ws/src/VNAV_23/vnav_ws/install/mav_msgs/local/lib/python3.10/dist-packages/mav_msgs/msg/__init__.py\n'}
[0.888929] (mav_msgs) StdoutLine: {'line': b'-- Up-to-date: /home/aimane/humble_ws/src/VNAV_23/vnav_ws/install/mav_msgs/local/lib/python3.10/dist-packages/mav_msgs/msg/_filtered_sensor_data_s.c\n'}
[0.888991] (mav_msgs) StdoutLine: {'line': b'-- Up-to-date: /home/aimane/humble_ws/src/VNAV_23/vnav_ws/install/mav_msgs/local/lib/python3.10/dist-packages/mav_msgs/msg/_rate_thrust_s.c\n'}
[0.889053] (mav_msgs) StdoutLine: {'line': b'-- Up-to-date: /home/aimane/humble_ws/src/VNAV_23/vnav_ws/install/mav_msgs/local/lib/python3.10/dist-packages/mav_msgs/msg/_filtered_sensor_data.py\n'}
[0.889127] (mav_msgs) StdoutLine: {'line': b'-- Up-to-date: /home/aimane/humble_ws/src/VNAV_23/vnav_ws/install/mav_msgs/local/lib/python3.10/dist-packages/mav_msgs/msg/_torque_thrust_s.c\n'}
[0.889198] (mav_msgs) StdoutLine: {'line': b'-- Up-to-date: /home/aimane/humble_ws/src/VNAV_23/vnav_ws/install/mav_msgs/local/lib/python3.10/dist-packages/mav_msgs/msg/_attitude_thrust.py\n'}
[0.889261] (mav_msgs) StdoutLine: {'line': b'-- Up-to-date: /home/aimane/humble_ws/src/VNAV_23/vnav_ws/install/mav_msgs/local/lib/python3.10/dist-packages/mav_msgs/__init__.py\n'}
[0.889322] (mav_msgs) StdoutLine: {'line': b'-- Up-to-date: /home/aimane/humble_ws/src/VNAV_23/vnav_ws/install/mav_msgs/local/lib/python3.10/dist-packages/mav_msgs/mav_msgs_s__rosidl_typesupport_fastrtps_c.cpython-310-x86_64-linux-gnu.so\n'}
[0.889385] (mav_msgs) StdoutLine: {'line': b'-- Up-to-date: /home/aimane/humble_ws/src/VNAV_23/vnav_ws/install/mav_msgs/local/lib/python3.10/dist-packages/mav_msgs/mav_msgs_s__rosidl_typesupport_introspection_c.cpython-310-x86_64-linux-gnu.so\n'}
[0.889448] (mav_msgs) StdoutLine: {'line': b'-- Up-to-date: /home/aimane/humble_ws/src/VNAV_23/vnav_ws/install/mav_msgs/local/lib/python3.10/dist-packages/mav_msgs/mav_msgs_s__rosidl_typesupport_c.cpython-310-x86_64-linux-gnu.so\n'}
[0.893928] (tesse_msgs) StdoutLine: {'line': b'running egg_info\n'}
[0.897470] (tesse_msgs) StdoutLine: {'line': b'writing tesse_msgs.egg-info/PKG-INFO\n'}
[0.897666] (tesse_msgs) StdoutLine: {'line': b'writing dependency_links to tesse_msgs.egg-info/dependency_links.txt\n'}
[0.897740] (tesse_msgs) StdoutLine: {'line': b'writing top-level names to tesse_msgs.egg-info/top_level.txt\n'}
[0.900468] (tesse_msgs) StdoutLine: {'line': b"reading manifest file 'tesse_msgs.egg-info/SOURCES.txt'\n"}
[0.900647] (mav_msgs) StdoutLine: {'line': b"Listing '/home/aimane/humble_ws/src/VNAV_23/vnav_ws/install/mav_msgs/local/lib/python3.10/dist-packages/mav_msgs'...\n"}
[0.900797] (mav_msgs) StdoutLine: {'line': b"Listing '/home/aimane/humble_ws/src/VNAV_23/vnav_ws/install/mav_msgs/local/lib/python3.10/dist-packages/mav_msgs/msg'...\n"}
[0.901266] (tesse_msgs) StdoutLine: {'line': b"writing manifest file 'tesse_msgs.egg-info/SOURCES.txt'\n"}
[0.904299] (-) TimerEvent: {}
[0.911323] (mav_msgs) StdoutLine: {'line': b'-- Up-to-date: /home/aimane/humble_ws/src/VNAV_23/vnav_ws/install/mav_msgs/local/lib/python3.10/dist-packages/mav_msgs/mav_msgs_s__rosidl_typesupport_fastrtps_c.cpython-310-x86_64-linux-gnu.so\n'}
[0.912353] (mav_msgs) StdoutLine: {'line': b'-- Up-to-date: /home/aimane/humble_ws/src/VNAV_23/vnav_ws/install/mav_msgs/local/lib/python3.10/dist-packages/mav_msgs/mav_msgs_s__rosidl_typesupport_introspection_c.cpython-310-x86_64-linux-gnu.so\n'}
[0.913069] (mav_msgs) StdoutLine: {'line': b'-- Up-to-date: /home/aimane/humble_ws/src/VNAV_23/vnav_ws/install/mav_msgs/local/lib/python3.10/dist-packages/mav_msgs/mav_msgs_s__rosidl_typesupport_c.cpython-310-x86_64-linux-gnu.so\n'}
[0.913266] (mav_msgs) StdoutLine: {'line': b'-- Up-to-date: /home/aimane/humble_ws/src/VNAV_23/vnav_ws/install/mav_msgs/lib/libmav_msgs__rosidl_generator_py.so\n'}
[0.913629] (mav_msgs) StdoutLine: {'line': b'-- Up-to-date: /home/aimane/humble_ws/src/VNAV_23/vnav_ws/install/mav_msgs/share/mav_msgs/msg/Actuators.idl\n'}
[0.913792] (mav_msgs) StdoutLine: {'line': b'-- Up-to-date: /home/aimane/humble_ws/src/VNAV_23/vnav_ws/install/mav_msgs/share/mav_msgs/msg/AttitudeThrust.idl\n'}
[0.913874] (mav_msgs) StdoutLine: {'line': b'-- Up-to-date: /home/aimane/humble_ws/src/VNAV_23/vnav_ws/install/mav_msgs/share/mav_msgs/msg/FilteredSensorData.idl\n'}
[0.913954] (mav_msgs) StdoutLine: {'line': b'-- Up-to-date: /home/aimane/humble_ws/src/VNAV_23/vnav_ws/install/mav_msgs/share/mav_msgs/msg/GpsWaypoint.idl\n'}
[0.914125] (mav_msgs) StdoutLine: {'line': b'-- Up-to-date: /home/aimane/humble_ws/src/VNAV_23/vnav_ws/install/mav_msgs/share/mav_msgs/msg/RateThrust.idl\n'}
[0.914380] (mav_msgs) StdoutLine: {'line': b'-- Up-to-date: /home/aimane/humble_ws/src/VNAV_23/vnav_ws/install/mav_msgs/share/mav_msgs/msg/RollPitchYawrateThrust.idl\n'}
[0.914493] (mav_msgs) StdoutLine: {'line': b'-- Up-to-date: /home/aimane/humble_ws/src/VNAV_23/vnav_ws/install/mav_msgs/share/mav_msgs/msg/Status.idl\n'}
[0.914691] (mav_msgs) StdoutLine: {'line': b'-- Up-to-date: /home/aimane/humble_ws/src/VNAV_23/vnav_ws/install/mav_msgs/share/mav_msgs/msg/TorqueThrust.idl\n'}
[0.914804] (mav_msgs) StdoutLine: {'line': b'-- Up-to-date: /home/aimane/humble_ws/src/VNAV_23/vnav_ws/install/mav_msgs/share/mav_msgs/msg/Actuators.msg\n'}
[0.914915] (mav_msgs) StdoutLine: {'line': b'-- Up-to-date: /home/aimane/humble_ws/src/VNAV_23/vnav_ws/install/mav_msgs/share/mav_msgs/msg/AttitudeThrust.msg\n'}
[0.915025] (mav_msgs) StdoutLine: {'line': b'-- Up-to-date: /home/aimane/humble_ws/src/VNAV_23/vnav_ws/install/mav_msgs/share/mav_msgs/msg/FilteredSensorData.msg\n'}
[0.915151] (mav_msgs) StdoutLine: {'line': b'-- Up-to-date: /home/aimane/humble_ws/src/VNAV_23/vnav_ws/install/mav_msgs/share/mav_msgs/msg/GpsWaypoint.msg\n'}
[0.915341] (mav_msgs) StdoutLine: {'line': b'-- Up-to-date: /home/aimane/humble_ws/src/VNAV_23/vnav_ws/install/mav_msgs/share/mav_msgs/msg/RateThrust.msg\n'}
[0.915452] (mav_msgs) StdoutLine: {'line': b'-- Up-to-date: /home/aimane/humble_ws/src/VNAV_23/vnav_ws/install/mav_msgs/share/mav_msgs/msg/RollPitchYawrateThrust.msg\n'}
[0.915670] (mav_msgs) StdoutLine: {'line': b'-- Up-to-date: /home/aimane/humble_ws/src/VNAV_23/vnav_ws/install/mav_msgs/share/mav_msgs/msg/Status.msg\n'}
[0.915785] (mav_msgs) StdoutLine: {'line': b'-- Up-to-date: /home/aimane/humble_ws/src/VNAV_23/vnav_ws/install/mav_msgs/share/mav_msgs/msg/TorqueThrust.msg\n'}
[0.915894] (mav_msgs) StdoutLine: {'line': b'-- Up-to-date: /home/aimane/humble_ws/src/VNAV_23/vnav_ws/install/mav_msgs/include/mav_msgs\n'}
[0.916208] (mav_msgs) StdoutLine: {'line': b'-- Up-to-date: /home/aimane/humble_ws/src/VNAV_23/vnav_ws/install/mav_msgs/include/mav_msgs/default_topics.hpp\n'}
[0.916659] (mav_msgs) StdoutLine: {'line': b'-- Up-to-date: /home/aimane/humble_ws/src/VNAV_23/vnav_ws/install/mav_msgs/include/mav_msgs/conversions.hpp\n'}
[0.916770] (mav_msgs) StdoutLine: {'line': b'-- Up-to-date: /home/aimane/humble_ws/src/VNAV_23/vnav_ws/install/mav_msgs/include/mav_msgs/common.hpp\n'}
[0.916880] (mav_msgs) StdoutLine: {'line': b'-- Up-to-date: /home/aimane/humble_ws/src/VNAV_23/vnav_ws/install/mav_msgs/include/mav_msgs/default_values.hpp\n'}
[0.917599] (mav_msgs) StdoutLine: {'line': b'-- Up-to-date: /home/aimane/humble_ws/src/VNAV_23/vnav_ws/install/mav_msgs/include/mav_msgs/eigen_mav_msgs.hpp\n'}
[0.917748] (mav_msgs) StdoutLine: {'line': b'-- Up-to-date: /home/aimane/humble_ws/src/VNAV_23/vnav_ws/install/mav_msgs/share/ament_index/resource_index/package_run_dependencies/mav_msgs\n'}
[0.917951] (mav_msgs) StdoutLine: {'line': b'-- Up-to-date: /home/aimane/humble_ws/src/VNAV_23/vnav_ws/install/mav_msgs/share/ament_index/resource_index/parent_prefix_path/mav_msgs\n'}
[0.918065] (mav_msgs) StdoutLine: {'line': b'-- Up-to-date: /home/aimane/humble_ws/src/VNAV_23/vnav_ws/install/mav_msgs/share/mav_msgs/environment/ament_prefix_path.sh\n'}
[0.918238] (mav_msgs) StdoutLine: {'line': b'-- Up-to-date: /home/aimane/humble_ws/src/VNAV_23/vnav_ws/install/mav_msgs/share/mav_msgs/environment/ament_prefix_path.dsv\n'}
[0.918353] (mav_msgs) StdoutLine: {'line': b'-- Up-to-date: /home/aimane/humble_ws/src/VNAV_23/vnav_ws/install/mav_msgs/share/mav_msgs/environment/path.sh\n'}
[0.918487] (mav_msgs) StdoutLine: {'line': b'-- Up-to-date: /home/aimane/humble_ws/src/VNAV_23/vnav_ws/install/mav_msgs/share/mav_msgs/environment/path.dsv\n'}
[0.918958] (mav_msgs) StdoutLine: {'line': b'-- Up-to-date: /home/aimane/humble_ws/src/VNAV_23/vnav_ws/install/mav_msgs/share/mav_msgs/local_setup.bash\n'}
[0.919074] (mav_msgs) StdoutLine: {'line': b'-- Up-to-date: /home/aimane/humble_ws/src/VNAV_23/vnav_ws/install/mav_msgs/share/mav_msgs/local_setup.sh\n'}
[0.919249] (mav_msgs) StdoutLine: {'line': b'-- Up-to-date: /home/aimane/humble_ws/src/VNAV_23/vnav_ws/install/mav_msgs/share/mav_msgs/local_setup.zsh\n'}
[0.919366] (mav_msgs) StdoutLine: {'line': b'-- Up-to-date: /home/aimane/humble_ws/src/VNAV_23/vnav_ws/install/mav_msgs/share/mav_msgs/local_setup.dsv\n'}
[0.919500] (mav_msgs) StdoutLine: {'line': b'-- Installing: /home/aimane/humble_ws/src/VNAV_23/vnav_ws/install/mav_msgs/share/mav_msgs/package.dsv\n'}
[0.919610] (mav_msgs) StdoutLine: {'line': b'-- Up-to-date: /home/aimane/humble_ws/src/VNAV_23/vnav_ws/install/mav_msgs/share/ament_index/resource_index/packages/mav_msgs\n'}
[0.919723] (mav_msgs) StdoutLine: {'line': b'-- Up-to-date: /home/aimane/humble_ws/src/VNAV_23/vnav_ws/install/mav_msgs/share/mav_msgs/cmake/export_mav_msgs__rosidl_generator_cExport.cmake\n'}
[0.919836] (mav_msgs) StdoutLine: {'line': b'-- Up-to-date: /home/aimane/humble_ws/src/VNAV_23/vnav_ws/install/mav_msgs/share/mav_msgs/cmake/export_mav_msgs__rosidl_generator_cExport-noconfig.cmake\n'}
[0.919943] (mav_msgs) StdoutLine: {'line': b'-- Up-to-date: /home/aimane/humble_ws/src/VNAV_23/vnav_ws/install/mav_msgs/share/mav_msgs/cmake/export_mav_msgs__rosidl_typesupport_fastrtps_cExport.cmake\n'}
[0.920136] (mav_msgs) StdoutLine: {'line': b'-- Up-to-date: /home/aimane/humble_ws/src/VNAV_23/vnav_ws/install/mav_msgs/share/mav_msgs/cmake/export_mav_msgs__rosidl_typesupport_fastrtps_cExport-noconfig.cmake\n'}
[0.920266] (mav_msgs) StdoutLine: {'line': b'-- Up-to-date: /home/aimane/humble_ws/src/VNAV_23/vnav_ws/install/mav_msgs/share/mav_msgs/cmake/mav_msgs__rosidl_typesupport_introspection_cExport.cmake\n'}
[0.920380] (mav_msgs) StdoutLine: {'line': b'-- Up-to-date: /home/aimane/humble_ws/src/VNAV_23/vnav_ws/install/mav_msgs/share/mav_msgs/cmake/mav_msgs__rosidl_typesupport_introspection_cExport-noconfig.cmake\n'}
[0.920492] (mav_msgs) StdoutLine: {'line': b'-- Up-to-date: /home/aimane/humble_ws/src/VNAV_23/vnav_ws/install/mav_msgs/share/mav_msgs/cmake/mav_msgs__rosidl_typesupport_cExport.cmake\n'}
[0.920604] (mav_msgs) StdoutLine: {'line': b'-- Up-to-date: /home/aimane/humble_ws/src/VNAV_23/vnav_ws/install/mav_msgs/share/mav_msgs/cmake/mav_msgs__rosidl_typesupport_cExport-noconfig.cmake\n'}
[0.920716] (mav_msgs) StdoutLine: {'line': b'-- Up-to-date: /home/aimane/humble_ws/src/VNAV_23/vnav_ws/install/mav_msgs/share/mav_msgs/cmake/export_mav_msgs__rosidl_generator_cppExport.cmake\n'}
[0.920826] (mav_msgs) StdoutLine: {'line': b'-- Up-to-date: /home/aimane/humble_ws/src/VNAV_23/vnav_ws/install/mav_msgs/share/mav_msgs/cmake/export_mav_msgs__rosidl_typesupport_fastrtps_cppExport.cmake\n'}
[0.920938] (mav_msgs) StdoutLine: {'line': b'-- Up-to-date: /home/aimane/humble_ws/src/VNAV_23/vnav_ws/install/mav_msgs/share/mav_msgs/cmake/export_mav_msgs__rosidl_typesupport_fastrtps_cppExport-noconfig.cmake\n'}
[0.921158] (mav_msgs) StdoutLine: {'line': b'-- Up-to-date: /home/aimane/humble_ws/src/VNAV_23/vnav_ws/install/mav_msgs/share/mav_msgs/cmake/mav_msgs__rosidl_typesupport_introspection_cppExport.cmake\n'}
[0.921272] (mav_msgs) StdoutLine: {'line': b'-- Up-to-date: /home/aimane/humble_ws/src/VNAV_23/vnav_ws/install/mav_msgs/share/mav_msgs/cmake/mav_msgs__rosidl_typesupport_introspection_cppExport-noconfig.cmake\n'}
[0.921377] (mav_msgs) StdoutLine: {'line': b'-- Up-to-date: /home/aimane/humble_ws/src/VNAV_23/vnav_ws/install/mav_msgs/share/mav_msgs/cmake/mav_msgs__rosidl_typesupport_cppExport.cmake\n'}
[0.921484] (mav_msgs) StdoutLine: {'line': b'-- Up-to-date: /home/aimane/humble_ws/src/VNAV_23/vnav_ws/install/mav_msgs/share/mav_msgs/cmake/mav_msgs__rosidl_typesupport_cppExport-noconfig.cmake\n'}
[0.921598] (mav_msgs) StdoutLine: {'line': b'-- Up-to-date: /home/aimane/humble_ws/src/VNAV_23/vnav_ws/install/mav_msgs/share/mav_msgs/cmake/export_mav_msgs__rosidl_generator_pyExport.cmake\n'}
[0.921707] (mav_msgs) StdoutLine: {'line': b'-- Up-to-date: /home/aimane/humble_ws/src/VNAV_23/vnav_ws/install/mav_msgs/share/mav_msgs/cmake/export_mav_msgs__rosidl_generator_pyExport-noconfig.cmake\n'}
[0.921811] (mav_msgs) StdoutLine: {'line': b'-- Up-to-date: /home/aimane/humble_ws/src/VNAV_23/vnav_ws/install/mav_msgs/share/mav_msgs/cmake/rosidl_cmake-extras.cmake\n'}
[0.921917] (mav_msgs) StdoutLine: {'line': b'-- Up-to-date: /home/aimane/humble_ws/src/VNAV_23/vnav_ws/install/mav_msgs/share/mav_msgs/cmake/ament_cmake_export_dependencies-extras.cmake\n'}
[0.922137] (mav_msgs) StdoutLine: {'line': b'-- Up-to-date: /home/aimane/humble_ws/src/VNAV_23/vnav_ws/install/mav_msgs/share/mav_msgs/cmake/ament_cmake_export_include_directories-extras.cmake\n'}
[0.922229] (mav_msgs) StdoutLine: {'line': b'-- Up-to-date: /home/aimane/humble_ws/src/VNAV_23/vnav_ws/install/mav_msgs/share/mav_msgs/cmake/ament_cmake_export_libraries-extras.cmake\n'}
[0.922294] (mav_msgs) StdoutLine: {'line': b'-- Up-to-date: /home/aimane/humble_ws/src/VNAV_23/vnav_ws/install/mav_msgs/share/mav_msgs/cmake/ament_cmake_export_targets-extras.cmake\n'}
[0.922356] (mav_msgs) StdoutLine: {'line': b'-- Up-to-date: /home/aimane/humble_ws/src/VNAV_23/vnav_ws/install/mav_msgs/share/mav_msgs/cmake/rosidl_cmake_export_typesupport_targets-extras.cmake\n'}
[0.922478] (mav_msgs) StdoutLine: {'line': b'-- Up-to-date: /home/aimane/humble_ws/src/VNAV_23/vnav_ws/install/mav_msgs/share/mav_msgs/cmake/rosidl_cmake_export_typesupport_libraries-extras.cmake\n'}
[0.922543] (mav_msgs) StdoutLine: {'line': b'-- Up-to-date: /home/aimane/humble_ws/src/VNAV_23/vnav_ws/install/mav_msgs/share/mav_msgs/cmake/mav_msgsConfig.cmake\n'}
[0.922606] (mav_msgs) StdoutLine: {'line': b'-- Up-to-date: /home/aimane/humble_ws/src/VNAV_23/vnav_ws/install/mav_msgs/share/mav_msgs/cmake/mav_msgsConfig-version.cmake\n'}
[0.922667] (mav_msgs) StdoutLine: {'line': b'-- Up-to-date: /home/aimane/humble_ws/src/VNAV_23/vnav_ws/install/mav_msgs/share/mav_msgs/package.xml\n'}
[0.929512] (mav_state_machine_msgs) JobEnded: {'identifier': 'mav_state_machine_msgs', 'rc': 0}
[0.931221] (mav_system_msgs) CommandEnded: {'returncode': 0}
[0.945721] (tesse_msgs) StdoutLine: {'line': b'[100%] Built target ament_cmake_python_build_tesse_msgs_egg\n'}
[0.956799] (mav_system_msgs) JobEnded: {'identifier': 'mav_system_msgs', 'rc': 0}
[0.957513] (mav_msgs) CommandEnded: {'returncode': 0}
[0.979994] (mav_msgs) JobEnded: {'identifier': 'mav_msgs', 'rc': 0}
[0.981555] (mav_planning_msgs) JobStarted: {'identifier': 'mav_planning_msgs'}
[0.985235] (controller_pkg) JobStarted: {'identifier': 'controller_pkg'}
[0.991030] (tesse) Command: {'cmd': ['/usr/bin/python3', '-W', 'ignore:setup.py install is deprecated', '-W', 'ignore:easy_install command is deprecated', 'setup.py', 'egg_info', '--egg-base', '../../../build/tesse', 'build', '--build-base', '/home/aimane/humble_ws/src/VNAV_23/vnav_ws/build/tesse/build', 'install', '--record', '/home/aimane/humble_ws/src/VNAV_23/vnav_ws/build/tesse/install.log', '--single-version-externally-managed'], 'cwd': '/home/aimane/humble_ws/src/VNAV_23/vnav_ws/src/Lab3/tesse-interface', 'env': {'HOSTNAME': 'aimane', 'SHLVL': '1', 'LD_LIBRARY_PATH': '/opt/ros/humble/opt/rviz_ogre_vendor/lib:/opt/ros/humble/lib/x86_64-linux-gnu:/opt/ros/humble/lib', 'HOME': '/home/aimane', 'OLDPWD': '/home/aimane/humble_ws/src/VNAV_23/vnav_ws', 'ROS_PYTHON_VERSION': '3', 'ROS_DISTRO': 'humble', '_': '/usr/bin/colcon', 'ROS_VERSION': '2', 'TERM': 'xterm-256color', 'ROS_LOCALHOST_ONLY': '0', 'PATH': '/opt/ros/humble/bin:/usr/local/sbin:/usr/local/bin:/usr/sbin:/usr/bin:/sbin:/bin', 'DISPLAY': ':1', 'LANG': 'C.UTF-8', 'AMENT_PREFIX_PATH': '/opt/ros/humble', 'DEBIAN_FRONTEND': 'noninteractive', 'PWD': '/home/aimane/humble_ws/src/VNAV_23/vnav_ws/build/tesse', 'LC_ALL': 'C.UTF-8', 'PYTHONPATH': '/home/aimane/humble_ws/src/VNAV_23/vnav_ws/build/tesse/prefix_override:/usr/lib/python3/dist-packages/colcon_core/task/python/colcon_distutils_commands:/home/aimane/humble_ws/src/VNAV_23/vnav_ws/install/tesse/lib/python3.10/site-packages:/opt/ros/humble/lib/python3.10/site-packages:/opt/ros/humble/local/lib/python3.10/dist-packages', 'COLCON': '1'}, 'shell': False}
[0.995707] (tesse_msgs) CommandEnded: {'returncode': 0}
[0.996462] (tesse_msgs) JobProgress: {'identifier': 'tesse_msgs', 'progress': 'install'}
[0.996743] (tesse_msgs) Command: {'cmd': ['/usr/bin/cmake', '--install', '/home/aimane/humble_ws/src/VNAV_23/vnav_ws/build/tesse_msgs'], 'cwd': '/home/aimane/humble_ws/src/VNAV_23/vnav_ws/build/tesse_msgs', 'env': OrderedDict([('HOSTNAME', 'aimane'), ('SHLVL', '1'), ('LD_LIBRARY_PATH', '/opt/ros/humble/opt/rviz_ogre_vendor/lib:/opt/ros/humble/lib/x86_64-linux-gnu:/opt/ros/humble/lib'), ('HOME', '/home/aimane'), ('OLDPWD', '/home/aimane/humble_ws/src/VNAV_23/vnav_ws'), ('ROS_PYTHON_VERSION', '3'), ('ROS_DISTRO', 'humble'), ('_', '/usr/bin/colcon'), ('ROS_VERSION', '2'), ('TERM', 'xterm-256color'), ('ROS_LOCALHOST_ONLY', '0'), ('PATH', '/opt/ros/humble/bin:/usr/local/sbin:/usr/local/bin:/usr/sbin:/usr/bin:/sbin:/bin'), ('DISPLAY', ':1'), ('LANG', 'C.UTF-8'), ('AMENT_PREFIX_PATH', '/opt/ros/humble'), ('DEBIAN_FRONTEND', 'noninteractive'), ('PWD', '/home/aimane/humble_ws/src/VNAV_23/vnav_ws/build/tesse_msgs'), ('LC_ALL', 'C.UTF-8'), ('PYTHONPATH', '/opt/ros/humble/lib/python3.10/site-packages:/opt/ros/humble/local/lib/python3.10/dist-packages'), ('COLCON', '1'), ('CMAKE_PREFIX_PATH', '/opt/ros/humble')]), 'shell': False}
[0.998345] (mav_planning_msgs) JobProgress: {'identifier': 'mav_planning_msgs', 'progress': 'cmake'}
[0.998955] (mav_planning_msgs) JobProgress: {'identifier': 'mav_planning_msgs', 'progress': 'build'}
[0.999228] (mav_planning_msgs) Command: {'cmd': ['/usr/bin/cmake', '--build', '/home/aimane/humble_ws/src/VNAV_23/vnav_ws/build/mav_planning_msgs', '--', '-j8', '-l8'], 'cwd': '/home/aimane/humble_ws/src/VNAV_23/vnav_ws/build/mav_planning_msgs', 'env': OrderedDict([('HOSTNAME', 'aimane'), ('SHLVL', '1'), ('LD_LIBRARY_PATH', '/home/aimane/humble_ws/src/VNAV_23/vnav_ws/install/mav_msgs/lib:/opt/ros/humble/opt/rviz_ogre_vendor/lib:/opt/ros/humble/lib/x86_64-linux-gnu:/opt/ros/humble/lib'), ('HOME', '/home/aimane'), ('OLDPWD', '/home/aimane/humble_ws/src/VNAV_23/vnav_ws'), ('ROS_PYTHON_VERSION', '3'), ('ROS_DISTRO', 'humble'), ('_', '/usr/bin/colcon'), ('ROS_VERSION', '2'), ('TERM', 'xterm-256color'), ('ROS_LOCALHOST_ONLY', '0'), ('PATH', '/opt/ros/humble/bin:/usr/local/sbin:/usr/local/bin:/usr/sbin:/usr/bin:/sbin:/bin'), ('DISPLAY', ':1'), ('LANG', 'C.UTF-8'), ('AMENT_PREFIX_PATH', '/home/aimane/humble_ws/src/VNAV_23/vnav_ws/install/mav_msgs:/opt/ros/humble'), ('DEBIAN_FRONTEND', 'noninteractive'), ('PWD', '/home/aimane/humble_ws/src/VNAV_23/vnav_ws/build/mav_planning_msgs'), ('LC_ALL', 'C.UTF-8'), ('PYTHONPATH', '/home/aimane/humble_ws/src/VNAV_23/vnav_ws/install/mav_msgs/local/lib/python3.10/dist-packages:/opt/ros/humble/lib/python3.10/site-packages:/opt/ros/humble/local/lib/python3.10/dist-packages'), ('COLCON', '1'), ('CMAKE_PREFIX_PATH', '/home/aimane/humble_ws/src/VNAV_23/vnav_ws/install/mav_msgs:/opt/ros/humble')]), 'shell': False}
[1.002834] (controller_pkg) JobProgress: {'identifier': 'controller_pkg', 'progress': 'cmake'}
[1.003521] (controller_pkg) JobProgress: {'identifier': 'controller_pkg', 'progress': 'build'}
[1.004302] (controller_pkg) Command: {'cmd': ['/usr/bin/cmake', '--build', '/home/aimane/humble_ws/src/VNAV_23/vnav_ws/build/controller_pkg', '--', '-j8', '-l8'], 'cwd': '/home/aimane/humble_ws/src/VNAV_23/vnav_ws/build/controller_pkg', 'env': OrderedDict([('HOSTNAME', 'aimane'), ('SHLVL', '1'), ('LD_LIBRARY_PATH', '/home/aimane/humble_ws/src/VNAV_23/vnav_ws/install/mav_msgs/lib:/opt/ros/humble/opt/rviz_ogre_vendor/lib:/opt/ros/humble/lib/x86_64-linux-gnu:/opt/ros/humble/lib'), ('HOME', '/home/aimane'), ('OLDPWD', '/home/aimane/humble_ws/src/VNAV_23/vnav_ws'), ('ROS_PYTHON_VERSION', '3'), ('ROS_DISTRO', 'humble'), ('_', '/usr/bin/colcon'), ('ROS_VERSION', '2'), ('TERM', 'xterm-256color'), ('ROS_LOCALHOST_ONLY', '0'), ('PATH', '/opt/ros/humble/bin:/usr/local/sbin:/usr/local/bin:/usr/sbin:/usr/bin:/sbin:/bin'), ('DISPLAY', ':1'), ('LANG', 'C.UTF-8'), ('AMENT_PREFIX_PATH', '/home/aimane/humble_ws/src/VNAV_23/vnav_ws/install/mav_msgs:/opt/ros/humble'), ('DEBIAN_FRONTEND', 'noninteractive'), ('PWD', '/home/aimane/humble_ws/src/VNAV_23/vnav_ws/build/controller_pkg'), ('LC_ALL', 'C.UTF-8'), ('PYTHONPATH', '/home/aimane/humble_ws/src/VNAV_23/vnav_ws/install/mav_msgs/local/lib/python3.10/dist-packages:/opt/ros/humble/lib/python3.10/site-packages:/opt/ros/humble/local/lib/python3.10/dist-packages'), ('COLCON', '1'), ('CMAKE_PREFIX_PATH', '/home/aimane/humble_ws/src/VNAV_23/vnav_ws/install/mav_msgs:/opt/ros/humble')]), 'shell': False}
[1.006383] (-) TimerEvent: {}
[1.008288] (tesse_msgs) StdoutLine: {'line': b'-- Install configuration: ""\n'}
[1.008586] (tesse_msgs) StdoutLine: {'line': b'-- Up-to-date: /home/aimane/humble_ws/src/VNAV_23/vnav_ws/install/tesse_msgs/share/ament_index/resource_index/rosidl_interfaces/tesse_msgs\n'}
[1.008762] (tesse_msgs) StdoutLine: {'line': b'-- Up-to-date: /home/aimane/humble_ws/src/VNAV_23/vnav_ws/install/tesse_msgs/include/tesse_msgs/tesse_msgs\n'}
[1.009888] (tesse_msgs) StdoutLine: {'line': b'-- Up-to-date: /home/aimane/humble_ws/src/VNAV_23/vnav_ws/install/tesse_msgs/include/tesse_msgs/tesse_msgs/msg\n'}
[1.010245] (tesse_msgs) StdoutLine: {'line': b'-- Up-to-date: /home/aimane/humble_ws/src/VNAV_23/vnav_ws/install/tesse_msgs/include/tesse_msgs/tesse_msgs/msg/detail\n'}
[1.010409] (tesse_msgs) StdoutLine: {'line': b'-- Up-to-date: /home/aimane/humble_ws/src/VNAV_23/vnav_ws/install/tesse_msgs/include/tesse_msgs/tesse_msgs/msg/detail/collision_stats__type_support.h\n'}
[1.010551] (tesse_msgs) StdoutLine: {'line': b'-- Up-to-date: /home/aimane/humble_ws/src/VNAV_23/vnav_ws/install/tesse_msgs/include/tesse_msgs/tesse_msgs/msg/detail/collision_stats__functions.h\n'}
[1.010772] (tesse_msgs) StdoutLine: {'line': b'-- Up-to-date: /home/aimane/humble_ws/src/VNAV_23/vnav_ws/install/tesse_msgs/include/tesse_msgs/tesse_msgs/msg/detail/collision_stats__functions.c\n'}
[1.010905] (tesse_msgs) StdoutLine: {'line': b'-- Up-to-date: /home/aimane/humble_ws/src/VNAV_23/vnav_ws/install/tesse_msgs/include/tesse_msgs/tesse_msgs/msg/detail/collision_stats__struct.h\n'}
[1.011057] (tesse_msgs) StdoutLine: {'line': b'-- Up-to-date: /home/aimane/humble_ws/src/VNAV_23/vnav_ws/install/tesse_msgs/include/tesse_msgs/tesse_msgs/msg/collision_stats.h\n'}
[1.011247] (tesse_msgs) StdoutLine: {'line': b'-- Up-to-date: /home/aimane/humble_ws/src/VNAV_23/vnav_ws/install/tesse_msgs/include/tesse_msgs/tesse_msgs/msg/rosidl_generator_c__visibility_control.h\n'}
[1.011384] (tesse_msgs) StdoutLine: {'line': b'-- Up-to-date: /home/aimane/humble_ws/src/VNAV_23/vnav_ws/install/tesse_msgs/include/tesse_msgs/tesse_msgs/srv\n'}
[1.011510] (tesse_msgs) StdoutLine: {'line': b'-- Up-to-date: /home/aimane/humble_ws/src/VNAV_23/vnav_ws/install/tesse_msgs/include/tesse_msgs/tesse_msgs/srv/reposition_request_service.h\n'}
[1.011639] (tesse_msgs) StdoutLine: {'line': b'-- Up-to-date: /home/aimane/humble_ws/src/VNAV_23/vnav_ws/install/tesse_msgs/include/tesse_msgs/tesse_msgs/srv/detail\n'}
[1.011779] (tesse_msgs) StdoutLine: {'line': b'-- Up-to-date: /home/aimane/humble_ws/src/VNAV_23/vnav_ws/install/tesse_msgs/include/tesse_msgs/tesse_msgs/srv/detail/scene_request_service__type_support.h\n'}
[1.011910] (tesse_msgs) StdoutLine: {'line': b'-- Up-to-date: /home/aimane/humble_ws/src/VNAV_23/vnav_ws/install/tesse_msgs/include/tesse_msgs/tesse_msgs/srv/detail/reposition_request_service__functions.h\n'}
[1.012045] (tesse_msgs) StdoutLine: {'line': b'-- Up-to-date: /home/aimane/humble_ws/src/VNAV_23/vnav_ws/install/tesse_msgs/include/tesse_msgs/tesse_msgs/srv/detail/object_spawn_request_service__functions.c\n'}
[1.012410] (tesse_msgs) StdoutLine: {'line': b'-- Up-to-date: /home/aimane/humble_ws/src/VNAV_23/vnav_ws/install/tesse_msgs/include/tesse_msgs/tesse_msgs/srv/detail/object_spawn_request_service__type_support.h\n'}
[1.012599] (tesse_msgs) StdoutLine: {'line': b'-- Up-to-date: /home/aimane/humble_ws/src/VNAV_23/vnav_ws/install/tesse_msgs/include/tesse_msgs/tesse_msgs/srv/detail/reposition_request_service__functions.c\n'}
[1.012805] (tesse_msgs) StdoutLine: {'line': b'-- Up-to-date: /home/aimane/humble_ws/src/VNAV_23/vnav_ws/install/tesse_msgs/include/tesse_msgs/tesse_msgs/srv/detail/scene_request_service__functions.h\n'}
[1.013366] (tesse_msgs) StdoutLine: {'line': b'-- Up-to-date: /home/aimane/humble_ws/src/VNAV_23/vnav_ws/install/tesse_msgs/include/tesse_msgs/tesse_msgs/srv/detail/scene_request_service__functions.c\n'}
[1.013548] (tesse_msgs) StdoutLine: {'line': b'-- Up-to-date: /home/aimane/humble_ws/src/VNAV_23/vnav_ws/install/tesse_msgs/include/tesse_msgs/tesse_msgs/srv/detail/object_spawn_request_service__struct.h\n'}
[1.013750] (tesse_msgs) StdoutLine: {'line': b'-- Up-to-date: /home/aimane/humble_ws/src/VNAV_23/vnav_ws/install/tesse_msgs/include/tesse_msgs/tesse_msgs/srv/detail/reposition_request_service__type_support.h\n'}
[1.013892] (tesse_msgs) StdoutLine: {'line': b'-- Up-to-date: /home/aimane/humble_ws/src/VNAV_23/vnav_ws/install/tesse_msgs/include/tesse_msgs/tesse_msgs/srv/detail/object_spawn_request_service__functions.h\n'}
[1.014032] (tesse_msgs) StdoutLine: {'line': b'-- Up-to-date: /home/aimane/humble_ws/src/VNAV_23/vnav_ws/install/tesse_msgs/include/tesse_msgs/tesse_msgs/srv/detail/reposition_request_service__struct.h\n'}
[1.014263] (tesse_msgs) StdoutLine: {'line': b'-- Up-to-date: /home/aimane/humble_ws/src/VNAV_23/vnav_ws/install/tesse_msgs/include/tesse_msgs/tesse_msgs/srv/detail/scene_request_service__struct.h\n'}
[1.014450] (tesse_msgs) StdoutLine: {'line': b'-- Up-to-date: /home/aimane/humble_ws/src/VNAV_23/vnav_ws/install/tesse_msgs/include/tesse_msgs/tesse_msgs/srv/object_spawn_request_service.h\n'}
[1.014579] (tesse_msgs) StdoutLine: {'line': b'-- Up-to-date: /home/aimane/humble_ws/src/VNAV_23/vnav_ws/install/tesse_msgs/include/tesse_msgs/tesse_msgs/srv/scene_request_service.h\n'}
[1.014709] (tesse_msgs) StdoutLine: {'line': b'-- Up-to-date: /home/aimane/humble_ws/src/VNAV_23/vnav_ws/install/tesse_msgs/share/tesse_msgs/environment/library_path.sh\n'}
[1.014837] (tesse_msgs) StdoutLine: {'line': b'-- Up-to-date: /home/aimane/humble_ws/src/VNAV_23/vnav_ws/install/tesse_msgs/share/tesse_msgs/environment/library_path.dsv\n'}
[1.014962] (tesse_msgs) StdoutLine: {'line': b'-- Up-to-date: /home/aimane/humble_ws/src/VNAV_23/vnav_ws/install/tesse_msgs/lib/libtesse_msgs__rosidl_generator_c.so\n'}
[1.015087] (tesse_msgs) StdoutLine: {'line': b'-- Up-to-date: /home/aimane/humble_ws/src/VNAV_23/vnav_ws/install/tesse_msgs/include/tesse_msgs/tesse_msgs\n'}
[1.015240] (tesse_msgs) StdoutLine: {'line': b'-- Up-to-date: /home/aimane/humble_ws/src/VNAV_23/vnav_ws/install/tesse_msgs/include/tesse_msgs/tesse_msgs/msg\n'}
[1.015364] (tesse_msgs) StdoutLine: {'line': b'-- Up-to-date: /home/aimane/humble_ws/src/VNAV_23/vnav_ws/install/tesse_msgs/include/tesse_msgs/tesse_msgs/msg/detail\n'}
[1.015490] (tesse_msgs) StdoutLine: {'line': b'-- Up-to-date: /home/aimane/humble_ws/src/VNAV_23/vnav_ws/install/tesse_msgs/include/tesse_msgs/tesse_msgs/msg/detail/collision_stats__rosidl_typesupport_fastrtps_c.h\n'}
[1.015622] (tesse_msgs) StdoutLine: {'line': b'-- Up-to-date: /home/aimane/humble_ws/src/VNAV_23/vnav_ws/install/tesse_msgs/include/tesse_msgs/tesse_msgs/msg/rosidl_typesupport_fastrtps_c__visibility_control.h\n'}
[1.015746] (tesse_msgs) StdoutLine: {'line': b'-- Up-to-date: /home/aimane/humble_ws/src/VNAV_23/vnav_ws/install/tesse_msgs/include/tesse_msgs/tesse_msgs/srv\n'}
[1.015863] (tesse_msgs) StdoutLine: {'line': b'-- Up-to-date: /home/aimane/humble_ws/src/VNAV_23/vnav_ws/install/tesse_msgs/include/tesse_msgs/tesse_msgs/srv/detail\n'}
[1.016007] (tesse_msgs) StdoutLine: {'line': b'-- Up-to-date: /home/aimane/humble_ws/src/VNAV_23/vnav_ws/install/tesse_msgs/include/tesse_msgs/tesse_msgs/srv/detail/object_spawn_request_service__rosidl_typesupport_fastrtps_c.h\n'}
[1.016368] (tesse_msgs) StdoutLine: {'line': b'-- Up-to-date: /home/aimane/humble_ws/src/VNAV_23/vnav_ws/install/tesse_msgs/include/tesse_msgs/tesse_msgs/srv/detail/reposition_request_service__rosidl_typesupport_fastrtps_c.h\n'}
[1.017037] (tesse_msgs) StdoutLine: {'line': b'-- Up-to-date: /home/aimane/humble_ws/src/VNAV_23/vnav_ws/install/tesse_msgs/include/tesse_msgs/tesse_msgs/srv/detail/scene_request_service__rosidl_typesupport_fastrtps_c.h\n'}
[1.017196] (tesse_msgs) StdoutLine: {'line': b'-- Up-to-date: /home/aimane/humble_ws/src/VNAV_23/vnav_ws/install/tesse_msgs/lib/libtesse_msgs__rosidl_typesupport_fastrtps_c.so\n'}
[1.017389] (tesse_msgs) StdoutLine: {'line': b'-- Up-to-date: /home/aimane/humble_ws/src/VNAV_23/vnav_ws/install/tesse_msgs/include/tesse_msgs/tesse_msgs\n'}
[1.017529] (tesse_msgs) StdoutLine: {'line': b'-- Up-to-date: /home/aimane/humble_ws/src/VNAV_23/vnav_ws/install/tesse_msgs/include/tesse_msgs/tesse_msgs/msg\n'}
[1.017664] (tesse_msgs) StdoutLine: {'line': b'-- Up-to-date: /home/aimane/humble_ws/src/VNAV_23/vnav_ws/install/tesse_msgs/include/tesse_msgs/tesse_msgs/msg/collision_stats.hpp\n'}
[1.017801] (tesse_msgs) StdoutLine: {'line': b'-- Up-to-date: /home/aimane/humble_ws/src/VNAV_23/vnav_ws/install/tesse_msgs/include/tesse_msgs/tesse_msgs/msg/detail\n'}
[1.017936] (tesse_msgs) StdoutLine: {'line': b'-- Up-to-date: /home/aimane/humble_ws/src/VNAV_23/vnav_ws/install/tesse_msgs/include/tesse_msgs/tesse_msgs/msg/detail/collision_stats__builder.hpp\n'}
[1.018070] (tesse_msgs) StdoutLine: {'line': b'-- Up-to-date: /home/aimane/humble_ws/src/VNAV_23/vnav_ws/install/tesse_msgs/include/tesse_msgs/tesse_msgs/msg/detail/collision_stats__struct.hpp\n'}
[1.018326] (tesse_msgs) StdoutLine: {'line': b'-- Up-to-date: /home/aimane/humble_ws/src/VNAV_23/vnav_ws/install/tesse_msgs/include/tesse_msgs/tesse_msgs/msg/detail/collision_stats__type_support.hpp\n'}
[1.018458] (tesse_msgs) StdoutLine: {'line': b'-- Up-to-date: /home/aimane/humble_ws/src/VNAV_23/vnav_ws/install/tesse_msgs/include/tesse_msgs/tesse_msgs/msg/detail/collision_stats__traits.hpp\n'}
[1.018583] (tesse_msgs) StdoutLine: {'line': b'-- Up-to-date: /home/aimane/humble_ws/src/VNAV_23/vnav_ws/install/tesse_msgs/include/tesse_msgs/tesse_msgs/msg/rosidl_generator_cpp__visibility_control.hpp\n'}
[1.018756] (tesse_msgs) StdoutLine: {'line': b'-- Up-to-date: /home/aimane/humble_ws/src/VNAV_23/vnav_ws/install/tesse_msgs/include/tesse_msgs/tesse_msgs/srv\n'}
[1.018887] (tesse_msgs) StdoutLine: {'line': b'-- Up-to-date: /home/aimane/humble_ws/src/VNAV_23/vnav_ws/install/tesse_msgs/include/tesse_msgs/tesse_msgs/srv/object_spawn_request_service.hpp\n'}
[1.019017] (tesse_msgs) StdoutLine: {'line': b'-- Up-to-date: /home/aimane/humble_ws/src/VNAV_23/vnav_ws/install/tesse_msgs/include/tesse_msgs/tesse_msgs/srv/detail\n'}
[1.019195] (tesse_msgs) StdoutLine: {'line': b'-- Up-to-date: /home/aimane/humble_ws/src/VNAV_23/vnav_ws/install/tesse_msgs/include/tesse_msgs/tesse_msgs/srv/detail/object_spawn_request_service__traits.hpp\n'}
[1.019331] (tesse_msgs) StdoutLine: {'line': b'-- Up-to-date: /home/aimane/humble_ws/src/VNAV_23/vnav_ws/install/tesse_msgs/include/tesse_msgs/tesse_msgs/srv/detail/scene_request_service__builder.hpp\n'}
[1.019472] (tesse_msgs) StdoutLine: {'line': b'-- Up-to-date: /home/aimane/humble_ws/src/VNAV_23/vnav_ws/install/tesse_msgs/include/tesse_msgs/tesse_msgs/srv/detail/reposition_request_service__builder.hpp\n'}
[1.019695] (tesse_msgs) StdoutLine: {'line': b'-- Up-to-date: /home/aimane/humble_ws/src/VNAV_23/vnav_ws/install/tesse_msgs/include/tesse_msgs/tesse_msgs/srv/detail/scene_request_service__struct.hpp\n'}
[1.019839] (tesse_msgs) StdoutLine: {'line': b'-- Up-to-date: /home/aimane/humble_ws/src/VNAV_23/vnav_ws/install/tesse_msgs/include/tesse_msgs/tesse_msgs/srv/detail/scene_request_service__type_support.hpp\n'}
[1.019980] (tesse_msgs) StdoutLine: {'line': b'-- Up-to-date: /home/aimane/humble_ws/src/VNAV_23/vnav_ws/install/tesse_msgs/include/tesse_msgs/tesse_msgs/srv/detail/scene_request_service__traits.hpp\n'}
[1.021265] (tesse_msgs) StdoutLine: {'line': b'-- Up-to-date: /home/aimane/humble_ws/src/VNAV_23/vnav_ws/install/tesse_msgs/include/tesse_msgs/tesse_msgs/srv/detail/reposition_request_service__type_support.hpp\n'}
[1.021521] (tesse_msgs) StdoutLine: {'line': b'-- Up-to-date: /home/aimane/humble_ws/src/VNAV_23/vnav_ws/install/tesse_msgs/include/tesse_msgs/tesse_msgs/srv/detail/object_spawn_request_service__type_support.hpp\n'}
[1.021676] (tesse_msgs) StdoutLine: {'line': b'-- Up-to-date: /home/aimane/humble_ws/src/VNAV_23/vnav_ws/install/tesse_msgs/include/tesse_msgs/tesse_msgs/srv/detail/reposition_request_service__traits.hpp\n'}
[1.021847] (tesse_msgs) StdoutLine: {'line': b'-- Up-to-date: /home/aimane/humble_ws/src/VNAV_23/vnav_ws/install/tesse_msgs/include/tesse_msgs/tesse_msgs/srv/detail/reposition_request_service__struct.hpp\n'}
[1.022139] (tesse_msgs) StdoutLine: {'line': b'-- Up-to-date: /home/aimane/humble_ws/src/VNAV_23/vnav_ws/install/tesse_msgs/include/tesse_msgs/tesse_msgs/srv/detail/object_spawn_request_service__struct.hpp\n'}
[1.022340] (tesse_msgs) StdoutLine: {'line': b'-- Up-to-date: /home/aimane/humble_ws/src/VNAV_23/vnav_ws/install/tesse_msgs/include/tesse_msgs/tesse_msgs/srv/detail/object_spawn_request_service__builder.hpp\n'}
[1.022549] (tesse_msgs) StdoutLine: {'line': b'-- Up-to-date: /home/aimane/humble_ws/src/VNAV_23/vnav_ws/install/tesse_msgs/include/tesse_msgs/tesse_msgs/srv/scene_request_service.hpp\n'}
[1.022719] (tesse_msgs) StdoutLine: {'line': b'-- Up-to-date: /home/aimane/humble_ws/src/VNAV_23/vnav_ws/install/tesse_msgs/include/tesse_msgs/tesse_msgs/srv/reposition_request_service.hpp\n'}
[1.022911] (tesse_msgs) StdoutLine: {'line': b'-- Up-to-date: /home/aimane/humble_ws/src/VNAV_23/vnav_ws/install/tesse_msgs/include/tesse_msgs/tesse_msgs\n'}
[1.023118] (tesse_msgs) StdoutLine: {'line': b'-- Up-to-date: /home/aimane/humble_ws/src/VNAV_23/vnav_ws/install/tesse_msgs/include/tesse_msgs/tesse_msgs/msg\n'}
[1.023309] (tesse_msgs) StdoutLine: {'line': b'-- Up-to-date: /home/aimane/humble_ws/src/VNAV_23/vnav_ws/install/tesse_msgs/include/tesse_msgs/tesse_msgs/msg/detail\n'}
[1.023459] (tesse_msgs) StdoutLine: {'line': b'-- Up-to-date: /home/aimane/humble_ws/src/VNAV_23/vnav_ws/install/tesse_msgs/include/tesse_msgs/tesse_msgs/msg/detail/dds_fastrtps\n'}
[1.023596] (tesse_msgs) StdoutLine: {'line': b'-- Up-to-date: /home/aimane/humble_ws/src/VNAV_23/vnav_ws/install/tesse_msgs/include/tesse_msgs/tesse_msgs/msg/detail/collision_stats__rosidl_typesupport_fastrtps_cpp.hpp\n'}
[1.023790] (tesse_msgs) StdoutLine: {'line': b'-- Up-to-date: /home/aimane/humble_ws/src/VNAV_23/vnav_ws/install/tesse_msgs/include/tesse_msgs/tesse_msgs/msg/rosidl_typesupport_fastrtps_cpp__visibility_control.h\n'}
[1.023947] (tesse_msgs) StdoutLine: {'line': b'-- Up-to-date: /home/aimane/humble_ws/src/VNAV_23/vnav_ws/install/tesse_msgs/include/tesse_msgs/tesse_msgs/srv\n'}
[1.024122] (tesse_msgs) StdoutLine: {'line': b'-- Up-to-date: /home/aimane/humble_ws/src/VNAV_23/vnav_ws/install/tesse_msgs/include/tesse_msgs/tesse_msgs/srv/detail\n'}
[1.024437] (tesse_msgs) StdoutLine: {'line': b'-- Up-to-date: /home/aimane/humble_ws/src/VNAV_23/vnav_ws/install/tesse_msgs/include/tesse_msgs/tesse_msgs/srv/detail/dds_fastrtps\n'}
[1.024662] (tesse_msgs) StdoutLine: {'line': b'-- Up-to-date: /home/aimane/humble_ws/src/VNAV_23/vnav_ws/install/tesse_msgs/include/tesse_msgs/tesse_msgs/srv/detail/reposition_request_service__rosidl_typesupport_fastrtps_cpp.hpp\n'}
[1.024845] (tesse_msgs) StdoutLine: {'line': b'-- Up-to-date: /home/aimane/humble_ws/src/VNAV_23/vnav_ws/install/tesse_msgs/include/tesse_msgs/tesse_msgs/srv/detail/object_spawn_request_service__rosidl_typesupport_fastrtps_cpp.hpp\n'}
[1.025068] (tesse_msgs) StdoutLine: {'line': b'-- Up-to-date: /home/aimane/humble_ws/src/VNAV_23/vnav_ws/install/tesse_msgs/include/tesse_msgs/tesse_msgs/srv/detail/scene_request_service__rosidl_typesupport_fastrtps_cpp.hpp\n'}
[1.025235] (tesse_msgs) StdoutLine: {'line': b'-- Up-to-date: /home/aimane/humble_ws/src/VNAV_23/vnav_ws/install/tesse_msgs/lib/libtesse_msgs__rosidl_typesupport_fastrtps_cpp.so\n'}
[1.025379] (tesse_msgs) StdoutLine: {'line': b'-- Up-to-date: /home/aimane/humble_ws/src/VNAV_23/vnav_ws/install/tesse_msgs/include/tesse_msgs/tesse_msgs\n'}
[1.025516] (tesse_msgs) StdoutLine: {'line': b'-- Up-to-date: /home/aimane/humble_ws/src/VNAV_23/vnav_ws/install/tesse_msgs/include/tesse_msgs/tesse_msgs/msg\n'}
[1.025654] (tesse_msgs) StdoutLine: {'line': b'-- Up-to-date: /home/aimane/humble_ws/src/VNAV_23/vnav_ws/install/tesse_msgs/include/tesse_msgs/tesse_msgs/msg/rosidl_typesupport_introspection_c__visibility_control.h\n'}
[1.025772] (tesse_msgs) StdoutLine: {'line': b'-- Up-to-date: /home/aimane/humble_ws/src/VNAV_23/vnav_ws/install/tesse_msgs/include/tesse_msgs/tesse_msgs/msg/detail\n'}
[1.025875] (tesse_msgs) StdoutLine: {'line': b'-- Up-to-date: /home/aimane/humble_ws/src/VNAV_23/vnav_ws/install/tesse_msgs/include/tesse_msgs/tesse_msgs/msg/detail/collision_stats__type_support.c\n'}
[1.025976] (tesse_msgs) StdoutLine: {'line': b'-- Up-to-date: /home/aimane/humble_ws/src/VNAV_23/vnav_ws/install/tesse_msgs/include/tesse_msgs/tesse_msgs/msg/detail/collision_stats__rosidl_typesupport_introspection_c.h\n'}
[1.026077] (tesse_msgs) StdoutLine: {'line': b'-- Up-to-date: /home/aimane/humble_ws/src/VNAV_23/vnav_ws/install/tesse_msgs/include/tesse_msgs/tesse_msgs/srv\n'}
[1.026171] (tesse_msgs) StdoutLine: {'line': b'-- Up-to-date: /home/aimane/humble_ws/src/VNAV_23/vnav_ws/install/tesse_msgs/include/tesse_msgs/tesse_msgs/srv/detail\n'}
[1.026233] (tesse_msgs) StdoutLine: {'line': b'-- Up-to-date: /home/aimane/humble_ws/src/VNAV_23/vnav_ws/install/tesse_msgs/include/tesse_msgs/tesse_msgs/srv/detail/object_spawn_request_service__type_support.c\n'}
[1.026292] (tesse_msgs) StdoutLine: {'line': b'-- Up-to-date: /home/aimane/humble_ws/src/VNAV_23/vnav_ws/install/tesse_msgs/include/tesse_msgs/tesse_msgs/srv/detail/scene_request_service__type_support.c\n'}
[1.026351] (tesse_msgs) StdoutLine: {'line': b'-- Up-to-date: /home/aimane/humble_ws/src/VNAV_23/vnav_ws/install/tesse_msgs/include/tesse_msgs/tesse_msgs/srv/detail/scene_request_service__rosidl_typesupport_introspection_c.h\n'}
[1.026409] (tesse_msgs) StdoutLine: {'line': b'-- Up-to-date: /home/aimane/humble_ws/src/VNAV_23/vnav_ws/install/tesse_msgs/include/tesse_msgs/tesse_msgs/srv/detail/reposition_request_service__rosidl_typesupport_introspection_c.h\n'}
[1.026522] (tesse_msgs) StdoutLine: {'line': b'-- Up-to-date: /home/aimane/humble_ws/src/VNAV_23/vnav_ws/install/tesse_msgs/include/tesse_msgs/tesse_msgs/srv/detail/object_spawn_request_service__rosidl_typesupport_introspection_c.h\n'}
[1.026622] (tesse_msgs) StdoutLine: {'line': b'-- Up-to-date: /home/aimane/humble_ws/src/VNAV_23/vnav_ws/install/tesse_msgs/include/tesse_msgs/tesse_msgs/srv/detail/reposition_request_service__type_support.c\n'}
[1.026730] (tesse_msgs) StdoutLine: {'line': b'-- Up-to-date: /home/aimane/humble_ws/src/VNAV_23/vnav_ws/install/tesse_msgs/lib/libtesse_msgs__rosidl_typesupport_introspection_c.so\n'}
[1.026830] (tesse_msgs) StdoutLine: {'line': b'-- Up-to-date: /home/aimane/humble_ws/src/VNAV_23/vnav_ws/install/tesse_msgs/lib/libtesse_msgs__rosidl_typesupport_c.so\n'}
[1.026929] (tesse_msgs) StdoutLine: {'line': b'-- Up-to-date: /home/aimane/humble_ws/src/VNAV_23/vnav_ws/install/tesse_msgs/include/tesse_msgs/tesse_msgs\n'}
[1.027034] (tesse_msgs) StdoutLine: {'line': b'-- Up-to-date: /home/aimane/humble_ws/src/VNAV_23/vnav_ws/install/tesse_msgs/include/tesse_msgs/tesse_msgs/msg\n'}
[1.027135] (tesse_msgs) StdoutLine: {'line': b'-- Up-to-date: /home/aimane/humble_ws/src/VNAV_23/vnav_ws/install/tesse_msgs/include/tesse_msgs/tesse_msgs/msg/detail\n'}
[1.027203] (tesse_msgs) StdoutLine: {'line': b'-- Up-to-date: /home/aimane/humble_ws/src/VNAV_23/vnav_ws/install/tesse_msgs/include/tesse_msgs/tesse_msgs/msg/detail/collision_stats__rosidl_typesupport_introspection_cpp.hpp\n'}
[1.027263] (tesse_msgs) StdoutLine: {'line': b'-- Up-to-date: /home/aimane/humble_ws/src/VNAV_23/vnav_ws/install/tesse_msgs/include/tesse_msgs/tesse_msgs/msg/detail/collision_stats__type_support.cpp\n'}
[1.027322] (tesse_msgs) StdoutLine: {'line': b'-- Up-to-date: /home/aimane/humble_ws/src/VNAV_23/vnav_ws/install/tesse_msgs/include/tesse_msgs/tesse_msgs/srv\n'}
[1.027380] (tesse_msgs) StdoutLine: {'line': b'-- Up-to-date: /home/aimane/humble_ws/src/VNAV_23/vnav_ws/install/tesse_msgs/include/tesse_msgs/tesse_msgs/srv/detail\n'}
[1.027438] (tesse_msgs) StdoutLine: {'line': b'-- Up-to-date: /home/aimane/humble_ws/src/VNAV_23/vnav_ws/install/tesse_msgs/include/tesse_msgs/tesse_msgs/srv/detail/object_spawn_request_service__type_support.cpp\n'}
[1.027495] (tesse_msgs) StdoutLine: {'line': b'-- Up-to-date: /home/aimane/humble_ws/src/VNAV_23/vnav_ws/install/tesse_msgs/include/tesse_msgs/tesse_msgs/srv/detail/scene_request_service__rosidl_typesupport_introspection_cpp.hpp\n'}
[1.027553] (tesse_msgs) StdoutLine: {'line': b'-- Up-to-date: /home/aimane/humble_ws/src/VNAV_23/vnav_ws/install/tesse_msgs/include/tesse_msgs/tesse_msgs/srv/detail/reposition_request_service__rosidl_typesupport_introspection_cpp.hpp\n'}
[1.027610] (tesse_msgs) StdoutLine: {'line': b'-- Up-to-date: /home/aimane/humble_ws/src/VNAV_23/vnav_ws/install/tesse_msgs/include/tesse_msgs/tesse_msgs/srv/detail/scene_request_service__type_support.cpp\n'}
[1.027678] (tesse_msgs) StdoutLine: {'line': b'-- Up-to-date: /home/aimane/humble_ws/src/VNAV_23/vnav_ws/install/tesse_msgs/include/tesse_msgs/tesse_msgs/srv/detail/reposition_request_service__type_support.cpp\n'}
[1.027734] (tesse_msgs) StdoutLine: {'line': b'-- Up-to-date: /home/aimane/humble_ws/src/VNAV_23/vnav_ws/install/tesse_msgs/include/tesse_msgs/tesse_msgs/srv/detail/object_spawn_request_service__rosidl_typesupport_introspection_cpp.hpp\n'}
[1.027790] (tesse_msgs) StdoutLine: {'line': b'-- Up-to-date: /home/aimane/humble_ws/src/VNAV_23/vnav_ws/install/tesse_msgs/lib/libtesse_msgs__rosidl_typesupport_introspection_cpp.so\n'}
[1.027845] (tesse_msgs) StdoutLine: {'line': b'-- Up-to-date: /home/aimane/humble_ws/src/VNAV_23/vnav_ws/install/tesse_msgs/lib/libtesse_msgs__rosidl_typesupport_cpp.so\n'}
[1.027901] (tesse_msgs) StdoutLine: {'line': b'-- Up-to-date: /home/aimane/humble_ws/src/VNAV_23/vnav_ws/install/tesse_msgs/share/tesse_msgs/environment/pythonpath.sh\n'}
[1.027957] (tesse_msgs) StdoutLine: {'line': b'-- Up-to-date: /home/aimane/humble_ws/src/VNAV_23/vnav_ws/install/tesse_msgs/share/tesse_msgs/environment/pythonpath.dsv\n'}
[1.028012] (tesse_msgs) StdoutLine: {'line': b'-- Up-to-date: /home/aimane/humble_ws/src/VNAV_23/vnav_ws/install/tesse_msgs/local/lib/python3.10/dist-packages/tesse_msgs-0.0.0-py3.10.egg-info\n'}
[1.028068] (tesse_msgs) StdoutLine: {'line': b'-- Installing: /home/aimane/humble_ws/src/VNAV_23/vnav_ws/install/tesse_msgs/local/lib/python3.10/dist-packages/tesse_msgs-0.0.0-py3.10.egg-info/SOURCES.txt\n'}
[1.028141] (tesse_msgs) StdoutLine: {'line': b'-- Installing: /home/aimane/humble_ws/src/VNAV_23/vnav_ws/install/tesse_msgs/local/lib/python3.10/dist-packages/tesse_msgs-0.0.0-py3.10.egg-info/top_level.txt\n'}
[1.028204] (tesse_msgs) StdoutLine: {'line': b'-- Installing: /home/aimane/humble_ws/src/VNAV_23/vnav_ws/install/tesse_msgs/local/lib/python3.10/dist-packages/tesse_msgs-0.0.0-py3.10.egg-info/PKG-INFO\n'}
[1.028261] (tesse_msgs) StdoutLine: {'line': b'-- Installing: /home/aimane/humble_ws/src/VNAV_23/vnav_ws/install/tesse_msgs/local/lib/python3.10/dist-packages/tesse_msgs-0.0.0-py3.10.egg-info/dependency_links.txt\n'}
[1.028323] (tesse_msgs) StdoutLine: {'line': b'-- Up-to-date: /home/aimane/humble_ws/src/VNAV_23/vnav_ws/install/tesse_msgs/local/lib/python3.10/dist-packages/tesse_msgs\n'}
[1.028379] (tesse_msgs) StdoutLine: {'line': b'-- Up-to-date: /home/aimane/humble_ws/src/VNAV_23/vnav_ws/install/tesse_msgs/local/lib/python3.10/dist-packages/tesse_msgs/libtesse_msgs__rosidl_generator_py.so\n'}
[1.028435] (tesse_msgs) StdoutLine: {'line': b'-- Up-to-date: /home/aimane/humble_ws/src/VNAV_23/vnav_ws/install/tesse_msgs/local/lib/python3.10/dist-packages/tesse_msgs/tesse_msgs_s__rosidl_typesupport_fastrtps_c.cpython-310-x86_64-linux-gnu.so\n'}
[1.028496] (tesse_msgs) StdoutLine: {'line': b'-- Up-to-date: /home/aimane/humble_ws/src/VNAV_23/vnav_ws/install/tesse_msgs/local/lib/python3.10/dist-packages/tesse_msgs/_tesse_msgs_s.ep.rosidl_typesupport_c.c\n'}
[1.028553] (tesse_msgs) StdoutLine: {'line': b'-- Up-to-date: /home/aimane/humble_ws/src/VNAV_23/vnav_ws/install/tesse_msgs/local/lib/python3.10/dist-packages/tesse_msgs/msg\n'}
[1.028609] (tesse_msgs) StdoutLine: {'line': b'-- Up-to-date: /home/aimane/humble_ws/src/VNAV_23/vnav_ws/install/tesse_msgs/local/lib/python3.10/dist-packages/tesse_msgs/msg/_collision_stats_s.c\n'}
[1.028665] (tesse_msgs) StdoutLine: {'line': b'-- Up-to-date: /home/aimane/humble_ws/src/VNAV_23/vnav_ws/install/tesse_msgs/local/lib/python3.10/dist-packages/tesse_msgs/msg/__init__.py\n'}
[1.028720] (tesse_msgs) StdoutLine: {'line': b'-- Up-to-date: /home/aimane/humble_ws/src/VNAV_23/vnav_ws/install/tesse_msgs/local/lib/python3.10/dist-packages/tesse_msgs/msg/_collision_stats.py\n'}
[1.028776] (tesse_msgs) StdoutLine: {'line': b'-- Up-to-date: /home/aimane/humble_ws/src/VNAV_23/vnav_ws/install/tesse_msgs/local/lib/python3.10/dist-packages/tesse_msgs/_tesse_msgs_s.ep.rosidl_typesupport_fastrtps_c.c\n'}
[1.028832] (tesse_msgs) StdoutLine: {'line': b'-- Up-to-date: /home/aimane/humble_ws/src/VNAV_23/vnav_ws/install/tesse_msgs/local/lib/python3.10/dist-packages/tesse_msgs/__init__.py\n'}
[1.028888] (tesse_msgs) StdoutLine: {'line': b'-- Up-to-date: /home/aimane/humble_ws/src/VNAV_23/vnav_ws/install/tesse_msgs/local/lib/python3.10/dist-packages/tesse_msgs/tesse_msgs_s__rosidl_typesupport_c.cpython-310-x86_64-linux-gnu.so\n'}
[1.028944] (tesse_msgs) StdoutLine: {'line': b'-- Up-to-date: /home/aimane/humble_ws/src/VNAV_23/vnav_ws/install/tesse_msgs/local/lib/python3.10/dist-packages/tesse_msgs/srv\n'}
[1.028998] (tesse_msgs) StdoutLine: {'line': b'-- Up-to-date: /home/aimane/humble_ws/src/VNAV_23/vnav_ws/install/tesse_msgs/local/lib/python3.10/dist-packages/tesse_msgs/srv/_scene_request_service.py\n'}
[1.029053] (tesse_msgs) StdoutLine: {'line': b'-- Up-to-date: /home/aimane/humble_ws/src/VNAV_23/vnav_ws/install/tesse_msgs/local/lib/python3.10/dist-packages/tesse_msgs/srv/_reposition_request_service.py\n'}
[1.029125] (tesse_msgs) StdoutLine: {'line': b'-- Up-to-date: /home/aimane/humble_ws/src/VNAV_23/vnav_ws/install/tesse_msgs/local/lib/python3.10/dist-packages/tesse_msgs/srv/_scene_request_service_s.c\n'}
[1.029192] (tesse_msgs) StdoutLine: {'line': b'-- Up-to-date: /home/aimane/humble_ws/src/VNAV_23/vnav_ws/install/tesse_msgs/local/lib/python3.10/dist-packages/tesse_msgs/srv/__init__.py\n'}
[1.029257] (tesse_msgs) StdoutLine: {'line': b'-- Up-to-date: /home/aimane/humble_ws/src/VNAV_23/vnav_ws/install/tesse_msgs/local/lib/python3.10/dist-packages/tesse_msgs/srv/_object_spawn_request_service_s.c\n'}
[1.029314] (tesse_msgs) StdoutLine: {'line': b'-- Up-to-date: /home/aimane/humble_ws/src/VNAV_23/vnav_ws/install/tesse_msgs/local/lib/python3.10/dist-packages/tesse_msgs/srv/_object_spawn_request_service.py\n'}
[1.029369] (tesse_msgs) StdoutLine: {'line': b'-- Up-to-date: /home/aimane/humble_ws/src/VNAV_23/vnav_ws/install/tesse_msgs/local/lib/python3.10/dist-packages/tesse_msgs/srv/_reposition_request_service_s.c\n'}
[1.029426] (tesse_msgs) StdoutLine: {'line': b'-- Up-to-date: /home/aimane/humble_ws/src/VNAV_23/vnav_ws/install/tesse_msgs/local/lib/python3.10/dist-packages/tesse_msgs/_tesse_msgs_s.ep.rosidl_typesupport_introspection_c.c\n'}
[1.029488] (tesse_msgs) StdoutLine: {'line': b'-- Up-to-date: /home/aimane/humble_ws/src/VNAV_23/vnav_ws/install/tesse_msgs/local/lib/python3.10/dist-packages/tesse_msgs/tesse_msgs_s__rosidl_typesupport_introspection_c.cpython-310-x86_64-linux-gnu.so\n'}
[1.082501] (mav_planning_msgs) StdoutLine: {'line': b'[  0%] Built target mav_planning_msgs__cpp\n'}
[1.082791] (tesse_msgs) StdoutLine: {'line': b"Listing '/home/aimane/humble_ws/src/VNAV_23/vnav_ws/install/tesse_msgs/local/lib/python3.10/dist-packages/tesse_msgs'...\n"}
[1.082971] (tesse_msgs) StdoutLine: {'line': b"Listing '/home/aimane/humble_ws/src/VNAV_23/vnav_ws/install/tesse_msgs/local/lib/python3.10/dist-packages/tesse_msgs/msg'...\n"}
[1.083117] (tesse_msgs) StdoutLine: {'line': b"Listing '/home/aimane/humble_ws/src/VNAV_23/vnav_ws/install/tesse_msgs/local/lib/python3.10/dist-packages/tesse_msgs/srv'...\n"}
[1.088218] (controller_pkg) StdoutLine: {'line': b'\x1b[35m\x1b[1mConsolidate compiler generated dependencies of target controller_node\x1b[0m\n'}
[1.093115] (tesse_msgs) StdoutLine: {'line': b'-- Up-to-date: /home/aimane/humble_ws/src/VNAV_23/vnav_ws/install/tesse_msgs/local/lib/python3.10/dist-packages/tesse_msgs/tesse_msgs_s__rosidl_typesupport_fastrtps_c.cpython-310-x86_64-linux-gnu.so\n'}
[1.093420] (tesse_msgs) StdoutLine: {'line': b'-- Up-to-date: /home/aimane/humble_ws/src/VNAV_23/vnav_ws/install/tesse_msgs/local/lib/python3.10/dist-packages/tesse_msgs/tesse_msgs_s__rosidl_typesupport_introspection_c.cpython-310-x86_64-linux-gnu.so\n'}
[1.094394] (mav_planning_msgs) StdoutLine: {'line': b'[ 12%] Built target mav_planning_msgs__rosidl_generator_c\n'}
[1.094745] (tesse_msgs) StdoutLine: {'line': b'-- Up-to-date: /home/aimane/humble_ws/src/VNAV_23/vnav_ws/install/tesse_msgs/local/lib/python3.10/dist-packages/tesse_msgs/tesse_msgs_s__rosidl_typesupport_c.cpython-310-x86_64-linux-gnu.so\n'}
[1.095854] (tesse_msgs) StdoutLine: {'line': b'-- Up-to-date: /home/aimane/humble_ws/src/VNAV_23/vnav_ws/install/tesse_msgs/lib/libtesse_msgs__rosidl_generator_py.so\n'}
[1.096582] (tesse_msgs) StdoutLine: {'line': b'-- Up-to-date: /home/aimane/humble_ws/src/VNAV_23/vnav_ws/install/tesse_msgs/share/tesse_msgs/msg/CollisionStats.idl\n'}
[1.096965] (tesse_msgs) StdoutLine: {'line': b'-- Up-to-date: /home/aimane/humble_ws/src/VNAV_23/vnav_ws/install/tesse_msgs/share/tesse_msgs/srv/ObjectSpawnRequestService.idl\n'}
[1.097309] (tesse_msgs) StdoutLine: {'line': b'-- Up-to-date: /home/aimane/humble_ws/src/VNAV_23/vnav_ws/install/tesse_msgs/share/tesse_msgs/srv/RepositionRequestService.idl\n'}
[1.097669] (tesse_msgs) StdoutLine: {'line': b'-- Up-to-date: /home/aimane/humble_ws/src/VNAV_23/vnav_ws/install/tesse_msgs/share/tesse_msgs/srv/SceneRequestService.idl\n'}
[1.098004] (tesse_msgs) StdoutLine: {'line': b'-- Up-to-date: /home/aimane/humble_ws/src/VNAV_23/vnav_ws/install/tesse_msgs/share/tesse_msgs/msg/CollisionStats.msg\n'}
[1.098357] (tesse_msgs) StdoutLine: {'line': b'-- Up-to-date: /home/aimane/humble_ws/src/VNAV_23/vnav_ws/install/tesse_msgs/share/tesse_msgs/srv/ObjectSpawnRequestService.srv\n'}
[1.098822] (tesse_msgs) StdoutLine: {'line': b'-- Up-to-date: /home/aimane/humble_ws/src/VNAV_23/vnav_ws/install/tesse_msgs/share/tesse_msgs/srv/ObjectSpawnRequestService_Request.msg\n'}
[1.099172] (tesse_msgs) StdoutLine: {'line': b'-- Up-to-date: /home/aimane/humble_ws/src/VNAV_23/vnav_ws/install/tesse_msgs/share/tesse_msgs/srv/ObjectSpawnRequestService_Response.msg\n'}
[1.099540] (tesse_msgs) StdoutLine: {'line': b'-- Up-to-date: /home/aimane/humble_ws/src/VNAV_23/vnav_ws/install/tesse_msgs/share/tesse_msgs/srv/RepositionRequestService.srv\n'}
[1.100020] (tesse_msgs) StdoutLine: {'line': b'-- Up-to-date: /home/aimane/humble_ws/src/VNAV_23/vnav_ws/install/tesse_msgs/share/tesse_msgs/srv/RepositionRequestService_Request.msg\n'}
[1.100182] (tesse_msgs) StdoutLine: {'line': b'-- Up-to-date: /home/aimane/humble_ws/src/VNAV_23/vnav_ws/install/tesse_msgs/share/tesse_msgs/srv/RepositionRequestService_Response.msg\n'}
[1.100675] (tesse_msgs) StdoutLine: {'line': b'-- Up-to-date: /home/aimane/humble_ws/src/VNAV_23/vnav_ws/install/tesse_msgs/share/tesse_msgs/srv/SceneRequestService.srv\n'}
[1.100815] (tesse_msgs) StdoutLine: {'line': b'-- Up-to-date: /home/aimane/humble_ws/src/VNAV_23/vnav_ws/install/tesse_msgs/share/tesse_msgs/srv/SceneRequestService_Request.msg\n'}
[1.101314] (tesse_msgs) StdoutLine: {'line': b'-- Up-to-date: /home/aimane/humble_ws/src/VNAV_23/vnav_ws/install/tesse_msgs/share/tesse_msgs/srv/SceneRequestService_Response.msg\n'}
[1.101462] (tesse_msgs) StdoutLine: {'line': b'-- Up-to-date: /home/aimane/humble_ws/src/VNAV_23/vnav_ws/install/tesse_msgs/share/ament_index/resource_index/package_run_dependencies/tesse_msgs\n'}
[1.102178] (tesse_msgs) StdoutLine: {'line': b'-- Up-to-date: /home/aimane/humble_ws/src/VNAV_23/vnav_ws/install/tesse_msgs/share/ament_index/resource_index/parent_prefix_path/tesse_msgs\n'}
[1.102352] (tesse_msgs) StdoutLine: {'line': b'-- Up-to-date: /home/aimane/humble_ws/src/VNAV_23/vnav_ws/install/tesse_msgs/share/tesse_msgs/environment/ament_prefix_path.sh\n'}
[1.102463] (tesse_msgs) StdoutLine: {'line': b'-- Up-to-date: /home/aimane/humble_ws/src/VNAV_23/vnav_ws/install/tesse_msgs/share/tesse_msgs/environment/ament_prefix_path.dsv\n'}
[1.102562] (tesse_msgs) StdoutLine: {'line': b'-- Up-to-date: /home/aimane/humble_ws/src/VNAV_23/vnav_ws/install/tesse_msgs/share/tesse_msgs/environment/path.sh\n'}
[1.102662] (tesse_msgs) StdoutLine: {'line': b'-- Up-to-date: /home/aimane/humble_ws/src/VNAV_23/vnav_ws/install/tesse_msgs/share/tesse_msgs/environment/path.dsv\n'}
[1.103490] (tesse_msgs) StdoutLine: {'line': b'-- Up-to-date: /home/aimane/humble_ws/src/VNAV_23/vnav_ws/install/tesse_msgs/share/tesse_msgs/local_setup.bash\n'}
[1.103669] (tesse_msgs) StdoutLine: {'line': b'-- Up-to-date: /home/aimane/humble_ws/src/VNAV_23/vnav_ws/install/tesse_msgs/share/tesse_msgs/local_setup.sh\n'}
[1.103806] (tesse_msgs) StdoutLine: {'line': b'-- Up-to-date: /home/aimane/humble_ws/src/VNAV_23/vnav_ws/install/tesse_msgs/share/tesse_msgs/local_setup.zsh\n'}
[1.104621] (tesse_msgs) StdoutLine: {'line': b'-- Up-to-date: /home/aimane/humble_ws/src/VNAV_23/vnav_ws/install/tesse_msgs/share/tesse_msgs/local_setup.dsv\n'}
[1.104813] (tesse_msgs) StdoutLine: {'line': b'-- Installing: /home/aimane/humble_ws/src/VNAV_23/vnav_ws/install/tesse_msgs/share/tesse_msgs/package.dsv\n'}
[1.105333] (tesse_msgs) StdoutLine: {'line': b'-- Up-to-date: /home/aimane/humble_ws/src/VNAV_23/vnav_ws/install/tesse_msgs/share/ament_index/resource_index/packages/tesse_msgs\n'}
[1.105783] (tesse_msgs) StdoutLine: {'line': b'-- Up-to-date: /home/aimane/humble_ws/src/VNAV_23/vnav_ws/install/tesse_msgs/share/tesse_msgs/cmake/export_tesse_msgs__rosidl_generator_cExport.cmake\n'}
[1.105946] (mav_planning_msgs) StdoutLine: {'line': b'[ 12%] Built target ament_cmake_python_copy_mav_planning_msgs\n'}
[1.106612] (tesse_msgs) StdoutLine: {'line': b'-- Up-to-date: /home/aimane/humble_ws/src/VNAV_23/vnav_ws/install/tesse_msgs/share/tesse_msgs/cmake/export_tesse_msgs__rosidl_generator_cExport-noconfig.cmake\n'}
[1.106781] (-) TimerEvent: {}
[1.108705] (tesse_msgs) StdoutLine: {'line': b'-- Up-to-date: /home/aimane/humble_ws/src/VNAV_23/vnav_ws/install/tesse_msgs/share/tesse_msgs/cmake/export_tesse_msgs__rosidl_typesupport_fastrtps_cExport.cmake\n'}
[1.108932] (tesse_msgs) StdoutLine: {'line': b'-- Up-to-date: /home/aimane/humble_ws/src/VNAV_23/vnav_ws/install/tesse_msgs/share/tesse_msgs/cmake/export_tesse_msgs__rosidl_typesupport_fastrtps_cExport-noconfig.cmake\n'}
[1.110077] (tesse_msgs) StdoutLine: {'line': b'-- Up-to-date: /home/aimane/humble_ws/src/VNAV_23/vnav_ws/install/tesse_msgs/share/tesse_msgs/cmake/export_tesse_msgs__rosidl_generator_cppExport.cmake\n'}
[1.110337] (tesse_msgs) StdoutLine: {'line': b'-- Up-to-date: /home/aimane/humble_ws/src/VNAV_23/vnav_ws/install/tesse_msgs/share/tesse_msgs/cmake/export_tesse_msgs__rosidl_typesupport_fastrtps_cppExport.cmake\n'}
[1.111142] (tesse_msgs) StdoutLine: {'line': b'-- Up-to-date: /home/aimane/humble_ws/src/VNAV_23/vnav_ws/install/tesse_msgs/share/tesse_msgs/cmake/export_tesse_msgs__rosidl_typesupport_fastrtps_cppExport-noconfig.cmake\n'}
[1.111378] (tesse_msgs) StdoutLine: {'line': b'-- Up-to-date: /home/aimane/humble_ws/src/VNAV_23/vnav_ws/install/tesse_msgs/share/tesse_msgs/cmake/tesse_msgs__rosidl_typesupport_introspection_cExport.cmake\n'}
[1.114020] (tesse_msgs) StdoutLine: {'line': b'-- Up-to-date: /home/aimane/humble_ws/src/VNAV_23/vnav_ws/install/tesse_msgs/share/tesse_msgs/cmake/tesse_msgs__rosidl_typesupport_introspection_cExport-noconfig.cmake\n'}
[1.114267] (tesse_msgs) StdoutLine: {'line': b'-- Up-to-date: /home/aimane/humble_ws/src/VNAV_23/vnav_ws/install/tesse_msgs/share/tesse_msgs/cmake/tesse_msgs__rosidl_typesupport_cExport.cmake\n'}
[1.115000] (tesse_msgs) StdoutLine: {'line': b'-- Up-to-date: /home/aimane/humble_ws/src/VNAV_23/vnav_ws/install/tesse_msgs/share/tesse_msgs/cmake/tesse_msgs__rosidl_typesupport_cExport-noconfig.cmake\n'}
[1.116664] (tesse_msgs) StdoutLine: {'line': b'-- Up-to-date: /home/aimane/humble_ws/src/VNAV_23/vnav_ws/install/tesse_msgs/share/tesse_msgs/cmake/tesse_msgs__rosidl_typesupport_introspection_cppExport.cmake\n'}
[1.117504] (tesse_msgs) StdoutLine: {'line': b'-- Up-to-date: /home/aimane/humble_ws/src/VNAV_23/vnav_ws/install/tesse_msgs/share/tesse_msgs/cmake/tesse_msgs__rosidl_typesupport_introspection_cppExport-noconfig.cmake\n'}
[1.118399] (tesse_msgs) StdoutLine: {'line': b'-- Up-to-date: /home/aimane/humble_ws/src/VNAV_23/vnav_ws/install/tesse_msgs/share/tesse_msgs/cmake/tesse_msgs__rosidl_typesupport_cppExport.cmake\n'}
[1.118575] (tesse_msgs) StdoutLine: {'line': b'-- Up-to-date: /home/aimane/humble_ws/src/VNAV_23/vnav_ws/install/tesse_msgs/share/tesse_msgs/cmake/tesse_msgs__rosidl_typesupport_cppExport-noconfig.cmake\n'}
[1.118721] (tesse_msgs) StdoutLine: {'line': b'-- Up-to-date: /home/aimane/humble_ws/src/VNAV_23/vnav_ws/install/tesse_msgs/share/tesse_msgs/cmake/export_tesse_msgs__rosidl_generator_pyExport.cmake\n'}
[1.118867] (tesse_msgs) StdoutLine: {'line': b'-- Up-to-date: /home/aimane/humble_ws/src/VNAV_23/vnav_ws/install/tesse_msgs/share/tesse_msgs/cmake/export_tesse_msgs__rosidl_generator_pyExport-noconfig.cmake\n'}
[1.120008] (tesse_msgs) StdoutLine: {'line': b'-- Up-to-date: /home/aimane/humble_ws/src/VNAV_23/vnav_ws/install/tesse_msgs/share/tesse_msgs/cmake/rosidl_cmake-extras.cmake\n'}
[1.120531] (tesse_msgs) StdoutLine: {'line': b'-- Up-to-date: /home/aimane/humble_ws/src/VNAV_23/vnav_ws/install/tesse_msgs/share/tesse_msgs/cmake/ament_cmake_export_dependencies-extras.cmake\n'}
[1.120713] (tesse_msgs) StdoutLine: {'line': b'-- Up-to-date: /home/aimane/humble_ws/src/VNAV_23/vnav_ws/install/tesse_msgs/share/tesse_msgs/cmake/ament_cmake_export_include_directories-extras.cmake\n'}
[1.120861] (tesse_msgs) StdoutLine: {'line': b'-- Up-to-date: /home/aimane/humble_ws/src/VNAV_23/vnav_ws/install/tesse_msgs/share/tesse_msgs/cmake/ament_cmake_export_libraries-extras.cmake\n'}
[1.120975] (tesse_msgs) StdoutLine: {'line': b'-- Up-to-date: /home/aimane/humble_ws/src/VNAV_23/vnav_ws/install/tesse_msgs/share/tesse_msgs/cmake/ament_cmake_export_targets-extras.cmake\n'}
[1.121081] (tesse_msgs) StdoutLine: {'line': b'-- Up-to-date: /home/aimane/humble_ws/src/VNAV_23/vnav_ws/install/tesse_msgs/share/tesse_msgs/cmake/rosidl_cmake_export_typesupport_targets-extras.cmake\n'}
[1.122225] (tesse_msgs) StdoutLine: {'line': b'-- Up-to-date: /home/aimane/humble_ws/src/VNAV_23/vnav_ws/install/tesse_msgs/share/tesse_msgs/cmake/rosidl_cmake_export_typesupport_libraries-extras.cmake\n'}
[1.122809] (tesse_msgs) StdoutLine: {'line': b'-- Up-to-date: /home/aimane/humble_ws/src/VNAV_23/vnav_ws/install/tesse_msgs/share/tesse_msgs/cmake/tesse_msgsConfig.cmake\n'}
[1.123005] (tesse_msgs) StdoutLine: {'line': b'-- Up-to-date: /home/aimane/humble_ws/src/VNAV_23/vnav_ws/install/tesse_msgs/share/tesse_msgs/cmake/tesse_msgsConfig-version.cmake\n'}
[1.123675] (tesse_msgs) StdoutLine: {'line': b'-- Up-to-date: /home/aimane/humble_ws/src/VNAV_23/vnav_ws/install/tesse_msgs/share/tesse_msgs/package.xml\n'}
[1.126319] (controller_pkg) StdoutLine: {'line': b'[ 50%] Built target traj_publisher\n'}
[1.133700] (tesse_msgs) CommandEnded: {'returncode': 0}
[1.145656] (controller_pkg) StdoutLine: {'line': b'[100%] Built target controller_node\n'}
[1.158077] (mav_planning_msgs) StdoutLine: {'line': b'[ 24%] Built target mav_planning_msgs__rosidl_typesupport_cpp\n'}
[1.173527] (mav_planning_msgs) StdoutLine: {'line': b'[ 36%] Built target mav_planning_msgs__rosidl_typesupport_introspection_c\n'}
[1.173791] (mav_planning_msgs) StdoutLine: {'line': b'[ 48%] Built target mav_planning_msgs__rosidl_typesupport_c\n'}
[1.174155] (tesse_msgs) JobEnded: {'identifier': 'tesse_msgs', 'rc': 0}
[1.176336] (mav_planning_msgs) StdoutLine: {'line': b'[ 60%] Built target mav_planning_msgs__rosidl_typesupport_introspection_cpp\n'}
[1.178171] (controller_pkg) CommandEnded: {'returncode': 0}
[1.178939] (mav_planning_msgs) StdoutLine: {'line': b'[ 80%] Built target mav_planning_msgs__rosidl_typesupport_fastrtps_cpp\n'}
[1.179379] (mav_planning_msgs) StdoutLine: {'line': b'[ 83%] Built target mav_planning_msgs__rosidl_typesupport_fastrtps_c\n'}
[1.179645] (controller_pkg) JobProgress: {'identifier': 'controller_pkg', 'progress': 'install'}
[1.180757] (controller_pkg) Command: {'cmd': ['/usr/bin/cmake', '--install', '/home/aimane/humble_ws/src/VNAV_23/vnav_ws/build/controller_pkg'], 'cwd': '/home/aimane/humble_ws/src/VNAV_23/vnav_ws/build/controller_pkg', 'env': OrderedDict([('HOSTNAME', 'aimane'), ('SHLVL', '1'), ('LD_LIBRARY_PATH', '/home/aimane/humble_ws/src/VNAV_23/vnav_ws/install/mav_msgs/lib:/opt/ros/humble/opt/rviz_ogre_vendor/lib:/opt/ros/humble/lib/x86_64-linux-gnu:/opt/ros/humble/lib'), ('HOME', '/home/aimane'), ('OLDPWD', '/home/aimane/humble_ws/src/VNAV_23/vnav_ws'), ('ROS_PYTHON_VERSION', '3'), ('ROS_DISTRO', 'humble'), ('_', '/usr/bin/colcon'), ('ROS_VERSION', '2'), ('TERM', 'xterm-256color'), ('ROS_LOCALHOST_ONLY', '0'), ('PATH', '/opt/ros/humble/bin:/usr/local/sbin:/usr/local/bin:/usr/sbin:/usr/bin:/sbin:/bin'), ('DISPLAY', ':1'), ('LANG', 'C.UTF-8'), ('AMENT_PREFIX_PATH', '/home/aimane/humble_ws/src/VNAV_23/vnav_ws/install/mav_msgs:/opt/ros/humble'), ('DEBIAN_FRONTEND', 'noninteractive'), ('PWD', '/home/aimane/humble_ws/src/VNAV_23/vnav_ws/build/controller_pkg'), ('LC_ALL', 'C.UTF-8'), ('PYTHONPATH', '/home/aimane/humble_ws/src/VNAV_23/vnav_ws/install/mav_msgs/local/lib/python3.10/dist-packages:/opt/ros/humble/lib/python3.10/site-packages:/opt/ros/humble/local/lib/python3.10/dist-packages'), ('COLCON', '1'), ('CMAKE_PREFIX_PATH', '/home/aimane/humble_ws/src/VNAV_23/vnav_ws/install/mav_msgs:/opt/ros/humble')]), 'shell': False}
[1.193045] (controller_pkg) StdoutLine: {'line': b'-- Install configuration: ""\n'}
[1.193460] (controller_pkg) StdoutLine: {'line': b'-- Up-to-date: /home/aimane/humble_ws/src/VNAV_23/vnav_ws/install/controller_pkg/lib/controller_pkg/controller_node\n'}
[1.194162] (controller_pkg) StdoutLine: {'line': b'-- Up-to-date: /home/aimane/humble_ws/src/VNAV_23/vnav_ws/install/controller_pkg/lib/controller_pkg/traj_publisher\n'}
[1.194559] (controller_pkg) StdoutLine: {'line': b'-- Up-to-date: /home/aimane/humble_ws/src/VNAV_23/vnav_ws/install/controller_pkg/share/controller_pkg/launch\n'}
[1.194768] (controller_pkg) StdoutLine: {'line': b'-- Up-to-date: /home/aimane/humble_ws/src/VNAV_23/vnav_ws/install/controller_pkg/share/controller_pkg/launch/traj_tracking.launch.py\n'}
[1.194972] (controller_pkg) StdoutLine: {'line': b'-- Up-to-date: /home/aimane/humble_ws/src/VNAV_23/vnav_ws/install/controller_pkg/share/controller_pkg/config\n'}
[1.195108] (controller_pkg) StdoutLine: {'line': b'-- Up-to-date: /home/aimane/humble_ws/src/VNAV_23/vnav_ws/install/controller_pkg/share/controller_pkg/config/params.yaml\n'}
[1.195315] (controller_pkg) StdoutLine: {'line': b'-- Up-to-date: /home/aimane/humble_ws/src/VNAV_23/vnav_ws/install/controller_pkg/share/ament_index/resource_index/package_run_dependencies/controller_pkg\n'}
[1.195452] (controller_pkg) StdoutLine: {'line': b'-- Up-to-date: /home/aimane/humble_ws/src/VNAV_23/vnav_ws/install/controller_pkg/share/ament_index/resource_index/parent_prefix_path/controller_pkg\n'}
[1.195615] (controller_pkg) StdoutLine: {'line': b'-- Up-to-date: /home/aimane/humble_ws/src/VNAV_23/vnav_ws/install/controller_pkg/share/controller_pkg/environment/ament_prefix_path.sh\n'}
[1.195730] (controller_pkg) StdoutLine: {'line': b'-- Up-to-date: /home/aimane/humble_ws/src/VNAV_23/vnav_ws/install/controller_pkg/share/controller_pkg/environment/ament_prefix_path.dsv\n'}
[1.195845] (controller_pkg) StdoutLine: {'line': b'-- Up-to-date: /home/aimane/humble_ws/src/VNAV_23/vnav_ws/install/controller_pkg/share/controller_pkg/environment/path.sh\n'}
[1.195965] (controller_pkg) StdoutLine: {'line': b'-- Up-to-date: /home/aimane/humble_ws/src/VNAV_23/vnav_ws/install/controller_pkg/share/controller_pkg/environment/path.dsv\n'}
[1.196143] (controller_pkg) StdoutLine: {'line': b'-- Up-to-date: /home/aimane/humble_ws/src/VNAV_23/vnav_ws/install/controller_pkg/share/controller_pkg/local_setup.bash\n'}
[1.196260] (controller_pkg) StdoutLine: {'line': b'-- Up-to-date: /home/aimane/humble_ws/src/VNAV_23/vnav_ws/install/controller_pkg/share/controller_pkg/local_setup.sh\n'}
[1.196381] (controller_pkg) StdoutLine: {'line': b'-- Up-to-date: /home/aimane/humble_ws/src/VNAV_23/vnav_ws/install/controller_pkg/share/controller_pkg/local_setup.zsh\n'}
[1.196500] (controller_pkg) StdoutLine: {'line': b'-- Up-to-date: /home/aimane/humble_ws/src/VNAV_23/vnav_ws/install/controller_pkg/share/controller_pkg/local_setup.dsv\n'}
[1.196678] (controller_pkg) StdoutLine: {'line': b'-- Installing: /home/aimane/humble_ws/src/VNAV_23/vnav_ws/install/controller_pkg/share/controller_pkg/package.dsv\n'}
[1.196803] (controller_pkg) StdoutLine: {'line': b'-- Up-to-date: /home/aimane/humble_ws/src/VNAV_23/vnav_ws/install/controller_pkg/share/ament_index/resource_index/packages/controller_pkg\n'}
[1.196931] (controller_pkg) StdoutLine: {'line': b'-- Up-to-date: /home/aimane/humble_ws/src/VNAV_23/vnav_ws/install/controller_pkg/share/controller_pkg/cmake/controller_pkgConfig.cmake\n'}
[1.197046] (controller_pkg) StdoutLine: {'line': b'-- Up-to-date: /home/aimane/humble_ws/src/VNAV_23/vnav_ws/install/controller_pkg/share/controller_pkg/cmake/controller_pkgConfig-version.cmake\n'}
[1.197179] (controller_pkg) StdoutLine: {'line': b'-- Up-to-date: /home/aimane/humble_ws/src/VNAV_23/vnav_ws/install/controller_pkg/share/controller_pkg/package.xml\n'}
[1.199344] (controller_pkg) CommandEnded: {'returncode': 0}
[1.206889] (-) TimerEvent: {}
[1.216471] (mav_planning_msgs) StdoutLine: {'line': b'[ 83%] Built target mav_planning_msgs\n'}
[1.223592] (controller_pkg) JobEnded: {'identifier': 'controller_pkg', 'rc': 0}
[1.254754] (mav_planning_msgs) StdoutLine: {'line': b'[ 84%] Built target mav_planning_msgs__py\n'}
[1.286751] (mav_planning_msgs) StdoutLine: {'line': b'[ 95%] Built target mav_planning_msgs__rosidl_generator_py\n'}
[1.306990] (-) TimerEvent: {}
[1.325256] (mav_planning_msgs) StdoutLine: {'line': b'[ 96%] Built target mav_planning_msgs__rosidl_typesupport_c__pyext\n'}
[1.326947] (mav_planning_msgs) StdoutLine: {'line': b'[ 98%] Built target mav_planning_msgs__rosidl_typesupport_fastrtps_c__pyext\n'}
[1.328152] (mav_planning_msgs) StdoutLine: {'line': b'[100%] Built target mav_planning_msgs__rosidl_typesupport_introspection_c__pyext\n'}
[1.370477] (tesse_ros_bridge) Command: {'cmd': ['/usr/bin/python3', '-W', 'ignore:setup.py install is deprecated', '-W', 'ignore:easy_install command is deprecated', 'setup.py', 'egg_info', '--egg-base', '../../../build/tesse_ros_bridge', 'build', '--build-base', '/home/aimane/humble_ws/src/VNAV_23/vnav_ws/build/tesse_ros_bridge/build', 'install', '--record', '/home/aimane/humble_ws/src/VNAV_23/vnav_ws/build/tesse_ros_bridge/install.log', '--single-version-externally-managed', 'install_data'], 'cwd': '/home/aimane/humble_ws/src/VNAV_23/vnav_ws/src/Lab3/tesse_ros_bridge', 'env': {'HOSTNAME': 'aimane', 'SHLVL': '1', 'LD_LIBRARY_PATH': '/opt/ros/humble/opt/rviz_ogre_vendor/lib:/opt/ros/humble/lib/x86_64-linux-gnu:/opt/ros/humble/lib', 'HOME': '/home/aimane', 'OLDPWD': '/home/aimane/humble_ws/src/VNAV_23/vnav_ws', 'ROS_PYTHON_VERSION': '3', 'ROS_DISTRO': 'humble', '_': '/usr/bin/colcon', 'ROS_VERSION': '2', 'TERM': 'xterm-256color', 'ROS_LOCALHOST_ONLY': '0', 'PATH': '/opt/ros/humble/bin:/usr/local/sbin:/usr/local/bin:/usr/sbin:/usr/bin:/sbin:/bin', 'DISPLAY': ':1', 'LANG': 'C.UTF-8', 'AMENT_PREFIX_PATH': '/opt/ros/humble', 'DEBIAN_FRONTEND': 'noninteractive', 'PWD': '/home/aimane/humble_ws/src/VNAV_23/vnav_ws/build/tesse_ros_bridge', 'LC_ALL': 'C.UTF-8', 'PYTHONPATH': '/home/aimane/humble_ws/src/VNAV_23/vnav_ws/build/tesse_ros_bridge/prefix_override:/usr/lib/python3/dist-packages/colcon_core/task/python/colcon_distutils_commands:/home/aimane/humble_ws/src/VNAV_23/vnav_ws/install/tesse_ros_bridge/lib/python3.10/site-packages:/opt/ros/humble/lib/python3.10/site-packages:/opt/ros/humble/local/lib/python3.10/dist-packages', 'COLCON': '1'}, 'shell': False}
[1.373681] (tesse) StdoutLine: {'line': b'running egg_info\n'}
[1.374362] (tesse) StdoutLine: {'line': b'writing ../../../build/tesse/tesse.egg-info/PKG-INFO\n'}
[1.374602] (tesse) StdoutLine: {'line': b'writing dependency_links to ../../../build/tesse/tesse.egg-info/dependency_links.txt\n'}
[1.374801] (tesse) StdoutLine: {'line': b'writing requirements to ../../../build/tesse/tesse.egg-info/requires.txt\n'}
[1.374996] (tesse) StdoutLine: {'line': b'writing top-level names to ../../../build/tesse/tesse.egg-info/top_level.txt\n'}
[1.376888] (tesse) StdoutLine: {'line': b"reading manifest file '../../../build/tesse/tesse.egg-info/SOURCES.txt'\n"}
[1.377137] (tesse) StdoutLine: {'line': b"adding license file 'LICENSE'\n"}
[1.377735] (tesse) StdoutLine: {'line': b"writing manifest file '../../../build/tesse/tesse.egg-info/SOURCES.txt'\n"}
[1.377961] (tesse) StdoutLine: {'line': b'running build\n'}
[1.378090] (tesse) StdoutLine: {'line': b'running build_py\n'}
[1.378371] (tesse) StdoutLine: {'line': b'running install\n'}
[1.378684] (tesse) StdoutLine: {'line': b'running install_lib\n'}
[1.380130] (tesse) StdoutLine: {'line': b'running install_egg_info\n'}
[1.382025] (tesse) StdoutLine: {'line': b"removing '/home/aimane/humble_ws/src/VNAV_23/vnav_ws/install/tesse/lib/python3.10/site-packages/tesse-0.1.2-py3.10.egg-info' (and everything under it)\n"}
[1.382305] (tesse) StdoutLine: {'line': b'Copying ../../../build/tesse/tesse.egg-info to /home/aimane/humble_ws/src/VNAV_23/vnav_ws/install/tesse/lib/python3.10/site-packages/tesse-0.1.2-py3.10.egg-info\n'}
[1.383073] (tesse) StdoutLine: {'line': b'running install_scripts\n'}
[1.406445] (tesse) StdoutLine: {'line': b"writing list of installed files to '/home/aimane/humble_ws/src/VNAV_23/vnav_ws/build/tesse/install.log'\n"}
[1.407068] (-) TimerEvent: {}
[1.437435] (tesse) CommandEnded: {'returncode': 0}
[1.444081] (tesse) JobEnded: {'identifier': 'tesse', 'rc': 0}
[1.451763] (mav_planning_msgs) StdoutLine: {'line': b'running egg_info\n'}
[1.452666] (mav_planning_msgs) StdoutLine: {'line': b'writing mav_planning_msgs.egg-info/PKG-INFO\n'}
[1.452937] (mav_planning_msgs) StdoutLine: {'line': b'writing dependency_links to mav_planning_msgs.egg-info/dependency_links.txt\n'}
[1.453165] (mav_planning_msgs) StdoutLine: {'line': b'writing top-level names to mav_planning_msgs.egg-info/top_level.txt\n'}
[1.456505] (mav_planning_msgs) StdoutLine: {'line': b"reading manifest file 'mav_planning_msgs.egg-info/SOURCES.txt'\n"}
[1.457556] (mav_planning_msgs) StdoutLine: {'line': b"writing manifest file 'mav_planning_msgs.egg-info/SOURCES.txt'\n"}
[1.486373] (mav_planning_msgs) StdoutLine: {'line': b'[100%] Built target ament_cmake_python_build_mav_planning_msgs_egg\n'}
[1.500526] (mav_planning_msgs) CommandEnded: {'returncode': 0}
[1.501322] (mav_planning_msgs) JobProgress: {'identifier': 'mav_planning_msgs', 'progress': 'install'}
[1.501578] (mav_planning_msgs) Command: {'cmd': ['/usr/bin/cmake', '--install', '/home/aimane/humble_ws/src/VNAV_23/vnav_ws/build/mav_planning_msgs'], 'cwd': '/home/aimane/humble_ws/src/VNAV_23/vnav_ws/build/mav_planning_msgs', 'env': OrderedDict([('HOSTNAME', 'aimane'), ('SHLVL', '1'), ('LD_LIBRARY_PATH', '/home/aimane/humble_ws/src/VNAV_23/vnav_ws/install/mav_msgs/lib:/opt/ros/humble/opt/rviz_ogre_vendor/lib:/opt/ros/humble/lib/x86_64-linux-gnu:/opt/ros/humble/lib'), ('HOME', '/home/aimane'), ('OLDPWD', '/home/aimane/humble_ws/src/VNAV_23/vnav_ws'), ('ROS_PYTHON_VERSION', '3'), ('ROS_DISTRO', 'humble'), ('_', '/usr/bin/colcon'), ('ROS_VERSION', '2'), ('TERM', 'xterm-256color'), ('ROS_LOCALHOST_ONLY', '0'), ('PATH', '/opt/ros/humble/bin:/usr/local/sbin:/usr/local/bin:/usr/sbin:/usr/bin:/sbin:/bin'), ('DISPLAY', ':1'), ('LANG', 'C.UTF-8'), ('AMENT_PREFIX_PATH', '/home/aimane/humble_ws/src/VNAV_23/vnav_ws/install/mav_msgs:/opt/ros/humble'), ('DEBIAN_FRONTEND', 'noninteractive'), ('PWD', '/home/aimane/humble_ws/src/VNAV_23/vnav_ws/build/mav_planning_msgs'), ('LC_ALL', 'C.UTF-8'), ('PYTHONPATH', '/home/aimane/humble_ws/src/VNAV_23/vnav_ws/install/mav_msgs/local/lib/python3.10/dist-packages:/opt/ros/humble/lib/python3.10/site-packages:/opt/ros/humble/local/lib/python3.10/dist-packages'), ('COLCON', '1'), ('CMAKE_PREFIX_PATH', '/home/aimane/humble_ws/src/VNAV_23/vnav_ws/install/mav_msgs:/opt/ros/humble')]), 'shell': False}
[1.507160] (-) TimerEvent: {}
[1.512306] (mav_planning_msgs) StdoutLine: {'line': b'-- Install configuration: ""\n'}
[1.512748] (mav_planning_msgs) StdoutLine: {'line': b'-- Up-to-date: /home/aimane/humble_ws/src/VNAV_23/vnav_ws/install/mav_planning_msgs/share/ament_index/resource_index/rosidl_interfaces/mav_planning_msgs\n'}
[1.513010] (mav_planning_msgs) StdoutLine: {'line': b'-- Up-to-date: /home/aimane/humble_ws/src/VNAV_23/vnav_ws/install/mav_planning_msgs/include/mav_planning_msgs/mav_planning_msgs\n'}
[1.513343] (mav_planning_msgs) StdoutLine: {'line': b'-- Up-to-date: /home/aimane/humble_ws/src/VNAV_23/vnav_ws/install/mav_planning_msgs/include/mav_planning_msgs/mav_planning_msgs/msg\n'}
[1.513596] (mav_planning_msgs) StdoutLine: {'line': b'-- Up-to-date: /home/aimane/humble_ws/src/VNAV_23/vnav_ws/install/mav_planning_msgs/include/mav_planning_msgs/mav_planning_msgs/msg/point2_d.h\n'}
[1.513925] (mav_planning_msgs) StdoutLine: {'line': b'-- Up-to-date: /home/aimane/humble_ws/src/VNAV_23/vnav_ws/install/mav_planning_msgs/include/mav_planning_msgs/mav_planning_msgs/msg/polynomial_segment.h\n'}
[1.514320] (mav_planning_msgs) StdoutLine: {'line': b'-- Up-to-date: /home/aimane/humble_ws/src/VNAV_23/vnav_ws/install/mav_planning_msgs/include/mav_planning_msgs/mav_planning_msgs/msg/polynomial_segment4_d.h\n'}
[1.514544] (mav_planning_msgs) StdoutLine: {'line': b'-- Up-to-date: /home/aimane/humble_ws/src/VNAV_23/vnav_ws/install/mav_planning_msgs/include/mav_planning_msgs/mav_planning_msgs/msg/detail\n'}
[1.514751] (mav_planning_msgs) StdoutLine: {'line': b'-- Up-to-date: /home/aimane/humble_ws/src/VNAV_23/vnav_ws/install/mav_planning_msgs/include/mav_planning_msgs/mav_planning_msgs/msg/detail/point_cloud_with_pose__struct.h\n'}
[1.514986] (mav_planning_msgs) StdoutLine: {'line': b'-- Up-to-date: /home/aimane/humble_ws/src/VNAV_23/vnav_ws/install/mav_planning_msgs/include/mav_planning_msgs/mav_planning_msgs/msg/detail/polygon_with_holes_stamped__functions.h\n'}
[1.515218] (mav_planning_msgs) StdoutLine: {'line': b'-- Up-to-date: /home/aimane/humble_ws/src/VNAV_23/vnav_ws/install/mav_planning_msgs/include/mav_planning_msgs/mav_planning_msgs/msg/detail/polynomial_trajectory__functions.c\n'}
[1.515441] (mav_planning_msgs) StdoutLine: {'line': b'-- Up-to-date: /home/aimane/humble_ws/src/VNAV_23/vnav_ws/install/mav_planning_msgs/include/mav_planning_msgs/mav_planning_msgs/msg/detail/polygon2_d__struct.h\n'}
[1.515664] (mav_planning_msgs) StdoutLine: {'line': b'-- Up-to-date: /home/aimane/humble_ws/src/VNAV_23/vnav_ws/install/mav_planning_msgs/include/mav_planning_msgs/mav_planning_msgs/msg/detail/polygon_with_holes__type_support.h\n'}
[1.515877] (mav_planning_msgs) StdoutLine: {'line': b'-- Up-to-date: /home/aimane/humble_ws/src/VNAV_23/vnav_ws/install/mav_planning_msgs/include/mav_planning_msgs/mav_planning_msgs/msg/detail/polynomial_segment__functions.h\n'}
[1.516095] (mav_planning_msgs) StdoutLine: {'line': b'-- Up-to-date: /home/aimane/humble_ws/src/VNAV_23/vnav_ws/install/mav_planning_msgs/include/mav_planning_msgs/mav_planning_msgs/msg/detail/point2_d__struct.h\n'}
[1.516285] (mav_planning_msgs) StdoutLine: {'line': b'-- Up-to-date: /home/aimane/humble_ws/src/VNAV_23/vnav_ws/install/mav_planning_msgs/include/mav_planning_msgs/mav_planning_msgs/msg/detail/polygon_with_holes_stamped__struct.h\n'}
[1.516444] (mav_planning_msgs) StdoutLine: {'line': b'-- Up-to-date: /home/aimane/humble_ws/src/VNAV_23/vnav_ws/install/mav_planning_msgs/include/mav_planning_msgs/mav_planning_msgs/msg/detail/polynomial_trajectory4_d__functions.c\n'}
[1.516576] (mav_planning_msgs) StdoutLine: {'line': b'-- Up-to-date: /home/aimane/humble_ws/src/VNAV_23/vnav_ws/install/mav_planning_msgs/include/mav_planning_msgs/mav_planning_msgs/msg/detail/polygon_with_holes__struct.h\n'}
[1.516731] (mav_planning_msgs) StdoutLine: {'line': b'-- Up-to-date: /home/aimane/humble_ws/src/VNAV_23/vnav_ws/install/mav_planning_msgs/include/mav_planning_msgs/mav_planning_msgs/msg/detail/polygon_with_holes__functions.h\n'}
[1.516901] (mav_planning_msgs) StdoutLine: {'line': b'-- Up-to-date: /home/aimane/humble_ws/src/VNAV_23/vnav_ws/install/mav_planning_msgs/include/mav_planning_msgs/mav_planning_msgs/msg/detail/polynomial_trajectory__type_support.h\n'}
[1.517143] (mav_planning_msgs) StdoutLine: {'line': b'-- Up-to-date: /home/aimane/humble_ws/src/VNAV_23/vnav_ws/install/mav_planning_msgs/include/mav_planning_msgs/mav_planning_msgs/msg/detail/point_cloud_with_pose__type_support.h\n'}
[1.517363] (mav_planning_msgs) StdoutLine: {'line': b'-- Up-to-date: /home/aimane/humble_ws/src/VNAV_23/vnav_ws/install/mav_planning_msgs/include/mav_planning_msgs/mav_planning_msgs/msg/detail/polynomial_segment4_d__functions.h\n'}
[1.517546] (mav_planning_msgs) StdoutLine: {'line': b'-- Up-to-date: /home/aimane/humble_ws/src/VNAV_23/vnav_ws/install/mav_planning_msgs/include/mav_planning_msgs/mav_planning_msgs/msg/detail/polynomial_segment__type_support.h\n'}
[1.517749] (mav_planning_msgs) StdoutLine: {'line': b'-- Up-to-date: /home/aimane/humble_ws/src/VNAV_23/vnav_ws/install/mav_planning_msgs/include/mav_planning_msgs/mav_planning_msgs/msg/detail/polygon2_d__functions.h\n'}
[1.517877] (mav_planning_msgs) StdoutLine: {'line': b'-- Up-to-date: /home/aimane/humble_ws/src/VNAV_23/vnav_ws/install/mav_planning_msgs/include/mav_planning_msgs/mav_planning_msgs/msg/detail/polynomial_segment4_d__type_support.h\n'}
[1.518033] (mav_planning_msgs) StdoutLine: {'line': b'-- Up-to-date: /home/aimane/humble_ws/src/VNAV_23/vnav_ws/install/mav_planning_msgs/include/mav_planning_msgs/mav_planning_msgs/msg/detail/point2_d__type_support.h\n'}
[1.518180] (mav_planning_msgs) StdoutLine: {'line': b'-- Up-to-date: /home/aimane/humble_ws/src/VNAV_23/vnav_ws/install/mav_planning_msgs/include/mav_planning_msgs/mav_planning_msgs/msg/detail/point_cloud_with_pose__functions.c\n'}
[1.518375] (mav_planning_msgs) StdoutLine: {'line': b'-- Up-to-date: /home/aimane/humble_ws/src/VNAV_23/vnav_ws/install/mav_planning_msgs/include/mav_planning_msgs/mav_planning_msgs/msg/detail/polygon_with_holes__functions.c\n'}
[1.518588] (mav_planning_msgs) StdoutLine: {'line': b'-- Up-to-date: /home/aimane/humble_ws/src/VNAV_23/vnav_ws/install/mav_planning_msgs/include/mav_planning_msgs/mav_planning_msgs/msg/detail/polygon_with_holes_stamped__type_support.h\n'}
[1.518814] (mav_planning_msgs) StdoutLine: {'line': b'-- Up-to-date: /home/aimane/humble_ws/src/VNAV_23/vnav_ws/install/mav_planning_msgs/include/mav_planning_msgs/mav_planning_msgs/msg/detail/point_cloud_with_pose__functions.h\n'}
[1.519031] (mav_planning_msgs) StdoutLine: {'line': b'-- Up-to-date: /home/aimane/humble_ws/src/VNAV_23/vnav_ws/install/mav_planning_msgs/include/mav_planning_msgs/mav_planning_msgs/msg/detail/polynomial_trajectory4_d__struct.h\n'}
[1.519282] (mav_planning_msgs) StdoutLine: {'line': b'-- Up-to-date: /home/aimane/humble_ws/src/VNAV_23/vnav_ws/install/mav_planning_msgs/include/mav_planning_msgs/mav_planning_msgs/msg/detail/polynomial_segment4_d__struct.h\n'}
[1.519499] (mav_planning_msgs) StdoutLine: {'line': b'-- Up-to-date: /home/aimane/humble_ws/src/VNAV_23/vnav_ws/install/mav_planning_msgs/include/mav_planning_msgs/mav_planning_msgs/msg/detail/point2_d__functions.c\n'}
[1.519685] (mav_planning_msgs) StdoutLine: {'line': b'-- Up-to-date: /home/aimane/humble_ws/src/VNAV_23/vnav_ws/install/mav_planning_msgs/include/mav_planning_msgs/mav_planning_msgs/msg/detail/polynomial_segment__struct.h\n'}
[1.519817] (mav_planning_msgs) StdoutLine: {'line': b'-- Up-to-date: /home/aimane/humble_ws/src/VNAV_23/vnav_ws/install/mav_planning_msgs/include/mav_planning_msgs/mav_planning_msgs/msg/detail/polynomial_trajectory4_d__type_support.h\n'}
[1.519970] (mav_planning_msgs) StdoutLine: {'line': b'-- Up-to-date: /home/aimane/humble_ws/src/VNAV_23/vnav_ws/install/mav_planning_msgs/include/mav_planning_msgs/mav_planning_msgs/msg/detail/polynomial_trajectory4_d__functions.h\n'}
[1.520122] (mav_planning_msgs) StdoutLine: {'line': b'-- Up-to-date: /home/aimane/humble_ws/src/VNAV_23/vnav_ws/install/mav_planning_msgs/include/mav_planning_msgs/mav_planning_msgs/msg/detail/polynomial_segment__functions.c\n'}
[1.520278] (mav_planning_msgs) StdoutLine: {'line': b'-- Up-to-date: /home/aimane/humble_ws/src/VNAV_23/vnav_ws/install/mav_planning_msgs/include/mav_planning_msgs/mav_planning_msgs/msg/detail/polygon2_d__type_support.h\n'}
[1.520409] (mav_planning_msgs) StdoutLine: {'line': b'-- Up-to-date: /home/aimane/humble_ws/src/VNAV_23/vnav_ws/install/mav_planning_msgs/include/mav_planning_msgs/mav_planning_msgs/msg/detail/polynomial_segment4_d__functions.c\n'}
[1.520604] (mav_planning_msgs) StdoutLine: {'line': b'-- Up-to-date: /home/aimane/humble_ws/src/VNAV_23/vnav_ws/install/mav_planning_msgs/include/mav_planning_msgs/mav_planning_msgs/msg/detail/polynomial_trajectory__functions.h\n'}
[1.520827] (mav_planning_msgs) StdoutLine: {'line': b'-- Up-to-date: /home/aimane/humble_ws/src/VNAV_23/vnav_ws/install/mav_planning_msgs/include/mav_planning_msgs/mav_planning_msgs/msg/detail/polynomial_trajectory__struct.h\n'}
[1.521055] (mav_planning_msgs) StdoutLine: {'line': b'-- Up-to-date: /home/aimane/humble_ws/src/VNAV_23/vnav_ws/install/mav_planning_msgs/include/mav_planning_msgs/mav_planning_msgs/msg/detail/polygon2_d__functions.c\n'}
[1.521302] (mav_planning_msgs) StdoutLine: {'line': b'-- Up-to-date: /home/aimane/humble_ws/src/VNAV_23/vnav_ws/install/mav_planning_msgs/include/mav_planning_msgs/mav_planning_msgs/msg/detail/polygon_with_holes_stamped__functions.c\n'}
[1.521527] (mav_planning_msgs) StdoutLine: {'line': b'-- Up-to-date: /home/aimane/humble_ws/src/VNAV_23/vnav_ws/install/mav_planning_msgs/include/mav_planning_msgs/mav_planning_msgs/msg/detail/point2_d__functions.h\n'}
[1.521736] (mav_planning_msgs) StdoutLine: {'line': b'-- Up-to-date: /home/aimane/humble_ws/src/VNAV_23/vnav_ws/install/mav_planning_msgs/include/mav_planning_msgs/mav_planning_msgs/msg/polynomial_trajectory.h\n'}
[1.521905] (mav_planning_msgs) StdoutLine: {'line': b'-- Up-to-date: /home/aimane/humble_ws/src/VNAV_23/vnav_ws/install/mav_planning_msgs/include/mav_planning_msgs/mav_planning_msgs/msg/polygon2_d.h\n'}
[1.522160] (mav_planning_msgs) StdoutLine: {'line': b'-- Up-to-date: /home/aimane/humble_ws/src/VNAV_23/vnav_ws/install/mav_planning_msgs/include/mav_planning_msgs/mav_planning_msgs/msg/polygon_with_holes_stamped.h\n'}
[1.522421] (mav_planning_msgs) StdoutLine: {'line': b'-- Up-to-date: /home/aimane/humble_ws/src/VNAV_23/vnav_ws/install/mav_planning_msgs/include/mav_planning_msgs/mav_planning_msgs/msg/polygon_with_holes.h\n'}
[1.522606] (mav_planning_msgs) StdoutLine: {'line': b'-- Up-to-date: /home/aimane/humble_ws/src/VNAV_23/vnav_ws/install/mav_planning_msgs/include/mav_planning_msgs/mav_planning_msgs/msg/polynomial_trajectory4_d.h\n'}
[1.522804] (mav_planning_msgs) StdoutLine: {'line': b'-- Up-to-date: /home/aimane/humble_ws/src/VNAV_23/vnav_ws/install/mav_planning_msgs/include/mav_planning_msgs/mav_planning_msgs/msg/point_cloud_with_pose.h\n'}
[1.522948] (mav_planning_msgs) StdoutLine: {'line': b'-- Up-to-date: /home/aimane/humble_ws/src/VNAV_23/vnav_ws/install/mav_planning_msgs/include/mav_planning_msgs/mav_planning_msgs/msg/rosidl_generator_c__visibility_control.h\n'}
[1.523059] (mav_planning_msgs) StdoutLine: {'line': b'-- Up-to-date: /home/aimane/humble_ws/src/VNAV_23/vnav_ws/install/mav_planning_msgs/include/mav_planning_msgs/mav_planning_msgs/srv\n'}
[1.523281] (mav_planning_msgs) StdoutLine: {'line': b'-- Up-to-date: /home/aimane/humble_ws/src/VNAV_23/vnav_ws/install/mav_planning_msgs/include/mav_planning_msgs/mav_planning_msgs/srv/change_name_service.h\n'}
[1.523479] (mav_planning_msgs) StdoutLine: {'line': b'-- Up-to-date: /home/aimane/humble_ws/src/VNAV_23/vnav_ws/install/mav_planning_msgs/include/mav_planning_msgs/mav_planning_msgs/srv/detail\n'}
[1.523648] (mav_planning_msgs) StdoutLine: {'line': b'-- Up-to-date: /home/aimane/humble_ws/src/VNAV_23/vnav_ws/install/mav_planning_msgs/include/mav_planning_msgs/mav_planning_msgs/srv/detail/planner_service__type_support.h\n'}
[1.523856] (mav_planning_msgs) StdoutLine: {'line': b'-- Up-to-date: /home/aimane/humble_ws/src/VNAV_23/vnav_ws/install/mav_planning_msgs/include/mav_planning_msgs/mav_planning_msgs/srv/detail/planner_service__struct.h\n'}
[1.524065] (mav_planning_msgs) StdoutLine: {'line': b'-- Up-to-date: /home/aimane/humble_ws/src/VNAV_23/vnav_ws/install/mav_planning_msgs/include/mav_planning_msgs/mav_planning_msgs/srv/detail/polygon_service__functions.c\n'}
[1.524269] (mav_planning_msgs) StdoutLine: {'line': b'-- Up-to-date: /home/aimane/humble_ws/src/VNAV_23/vnav_ws/install/mav_planning_msgs/include/mav_planning_msgs/mav_planning_msgs/srv/detail/planner_service__functions.h\n'}
[1.524410] (mav_planning_msgs) StdoutLine: {'line': b'-- Up-to-date: /home/aimane/humble_ws/src/VNAV_23/vnav_ws/install/mav_planning_msgs/include/mav_planning_msgs/mav_planning_msgs/srv/detail/change_name_service__struct.h\n'}
[1.524525] (mav_planning_msgs) StdoutLine: {'line': b'-- Up-to-date: /home/aimane/humble_ws/src/VNAV_23/vnav_ws/install/mav_planning_msgs/include/mav_planning_msgs/mav_planning_msgs/srv/detail/change_name_service__type_support.h\n'}
[1.524667] (mav_planning_msgs) StdoutLine: {'line': b'-- Up-to-date: /home/aimane/humble_ws/src/VNAV_23/vnav_ws/install/mav_planning_msgs/include/mav_planning_msgs/mav_planning_msgs/srv/detail/change_name_service__functions.c\n'}
[1.524788] (mav_planning_msgs) StdoutLine: {'line': b'-- Up-to-date: /home/aimane/humble_ws/src/VNAV_23/vnav_ws/install/mav_planning_msgs/include/mav_planning_msgs/mav_planning_msgs/srv/detail/change_name_service__functions.h\n'}
[1.524954] (mav_planning_msgs) StdoutLine: {'line': b'-- Up-to-date: /home/aimane/humble_ws/src/VNAV_23/vnav_ws/install/mav_planning_msgs/include/mav_planning_msgs/mav_planning_msgs/srv/detail/polygon_service__functions.h\n'}
[1.525131] (mav_planning_msgs) StdoutLine: {'line': b'-- Up-to-date: /home/aimane/humble_ws/src/VNAV_23/vnav_ws/install/mav_planning_msgs/include/mav_planning_msgs/mav_planning_msgs/srv/detail/polygon_service__struct.h\n'}
[1.525319] (mav_planning_msgs) StdoutLine: {'line': b'-- Up-to-date: /home/aimane/humble_ws/src/VNAV_23/vnav_ws/install/mav_planning_msgs/include/mav_planning_msgs/mav_planning_msgs/srv/detail/planner_service__functions.c\n'}
[1.525533] (mav_planning_msgs) StdoutLine: {'line': b'-- Up-to-date: /home/aimane/humble_ws/src/VNAV_23/vnav_ws/install/mav_planning_msgs/include/mav_planning_msgs/mav_planning_msgs/srv/detail/polygon_service__type_support.h\n'}
[1.525740] (mav_planning_msgs) StdoutLine: {'line': b'-- Up-to-date: /home/aimane/humble_ws/src/VNAV_23/vnav_ws/install/mav_planning_msgs/include/mav_planning_msgs/mav_planning_msgs/srv/polygon_service.h\n'}
[1.525950] (mav_planning_msgs) StdoutLine: {'line': b'-- Up-to-date: /home/aimane/humble_ws/src/VNAV_23/vnav_ws/install/mav_planning_msgs/include/mav_planning_msgs/mav_planning_msgs/srv/planner_service.h\n'}
[1.526170] (mav_planning_msgs) StdoutLine: {'line': b'-- Up-to-date: /home/aimane/humble_ws/src/VNAV_23/vnav_ws/install/mav_planning_msgs/share/mav_planning_msgs/environment/library_path.sh\n'}
[1.526328] (mav_planning_msgs) StdoutLine: {'line': b'-- Up-to-date: /home/aimane/humble_ws/src/VNAV_23/vnav_ws/install/mav_planning_msgs/share/mav_planning_msgs/environment/library_path.dsv\n'}
[1.526456] (mav_planning_msgs) StdoutLine: {'line': b'-- Up-to-date: /home/aimane/humble_ws/src/VNAV_23/vnav_ws/install/mav_planning_msgs/lib/libmav_planning_msgs__rosidl_generator_c.so\n'}
[1.526608] (mav_planning_msgs) StdoutLine: {'line': b'-- Up-to-date: /home/aimane/humble_ws/src/VNAV_23/vnav_ws/install/mav_planning_msgs/include/mav_planning_msgs/mav_planning_msgs\n'}
[1.526745] (mav_planning_msgs) StdoutLine: {'line': b'-- Up-to-date: /home/aimane/humble_ws/src/VNAV_23/vnav_ws/install/mav_planning_msgs/include/mav_planning_msgs/mav_planning_msgs/msg\n'}
[1.526870] (mav_planning_msgs) StdoutLine: {'line': b'-- Up-to-date: /home/aimane/humble_ws/src/VNAV_23/vnav_ws/install/mav_planning_msgs/include/mav_planning_msgs/mav_planning_msgs/msg/detail\n'}
[1.527015] (mav_planning_msgs) StdoutLine: {'line': b'-- Up-to-date: /home/aimane/humble_ws/src/VNAV_23/vnav_ws/install/mav_planning_msgs/include/mav_planning_msgs/mav_planning_msgs/msg/detail/polynomial_trajectory4_d__rosidl_typesupport_fastrtps_c.h\n'}
[1.527170] (mav_planning_msgs) StdoutLine: {'line': b'-- Up-to-date: /home/aimane/humble_ws/src/VNAV_23/vnav_ws/install/mav_planning_msgs/include/mav_planning_msgs/mav_planning_msgs/msg/detail/polygon2_d__rosidl_typesupport_fastrtps_c.h\n'}
[1.527327] (mav_planning_msgs) StdoutLine: {'line': b'-- Up-to-date: /home/aimane/humble_ws/src/VNAV_23/vnav_ws/install/mav_planning_msgs/include/mav_planning_msgs/mav_planning_msgs/msg/detail/polygon_with_holes__rosidl_typesupport_fastrtps_c.h\n'}
[1.527489] (mav_planning_msgs) StdoutLine: {'line': b'-- Up-to-date: /home/aimane/humble_ws/src/VNAV_23/vnav_ws/install/mav_planning_msgs/include/mav_planning_msgs/mav_planning_msgs/msg/detail/point_cloud_with_pose__rosidl_typesupport_fastrtps_c.h\n'}
[1.527657] (mav_planning_msgs) StdoutLine: {'line': b'-- Up-to-date: /home/aimane/humble_ws/src/VNAV_23/vnav_ws/install/mav_planning_msgs/include/mav_planning_msgs/mav_planning_msgs/msg/detail/polynomial_segment__rosidl_typesupport_fastrtps_c.h\n'}
[1.527827] (mav_planning_msgs) StdoutLine: {'line': b'-- Up-to-date: /home/aimane/humble_ws/src/VNAV_23/vnav_ws/install/mav_planning_msgs/include/mav_planning_msgs/mav_planning_msgs/msg/detail/polynomial_trajectory__rosidl_typesupport_fastrtps_c.h\n'}
[1.527958] (mav_planning_msgs) StdoutLine: {'line': b'-- Up-to-date: /home/aimane/humble_ws/src/VNAV_23/vnav_ws/install/mav_planning_msgs/include/mav_planning_msgs/mav_planning_msgs/msg/detail/polynomial_segment4_d__rosidl_typesupport_fastrtps_c.h\n'}
[1.528094] (mav_planning_msgs) StdoutLine: {'line': b'-- Up-to-date: /home/aimane/humble_ws/src/VNAV_23/vnav_ws/install/mav_planning_msgs/include/mav_planning_msgs/mav_planning_msgs/msg/detail/point2_d__rosidl_typesupport_fastrtps_c.h\n'}
[1.528225] (mav_planning_msgs) StdoutLine: {'line': b'-- Up-to-date: /home/aimane/humble_ws/src/VNAV_23/vnav_ws/install/mav_planning_msgs/include/mav_planning_msgs/mav_planning_msgs/msg/detail/polygon_with_holes_stamped__rosidl_typesupport_fastrtps_c.h\n'}
[1.528346] (mav_planning_msgs) StdoutLine: {'line': b'-- Up-to-date: /home/aimane/humble_ws/src/VNAV_23/vnav_ws/install/mav_planning_msgs/include/mav_planning_msgs/mav_planning_msgs/msg/rosidl_typesupport_fastrtps_c__visibility_control.h\n'}
[1.528457] (mav_planning_msgs) StdoutLine: {'line': b'-- Up-to-date: /home/aimane/humble_ws/src/VNAV_23/vnav_ws/install/mav_planning_msgs/include/mav_planning_msgs/mav_planning_msgs/srv\n'}
[1.528573] (mav_planning_msgs) StdoutLine: {'line': b'-- Up-to-date: /home/aimane/humble_ws/src/VNAV_23/vnav_ws/install/mav_planning_msgs/include/mav_planning_msgs/mav_planning_msgs/srv/detail\n'}
[1.528803] (mav_planning_msgs) StdoutLine: {'line': b'-- Up-to-date: /home/aimane/humble_ws/src/VNAV_23/vnav_ws/install/mav_planning_msgs/include/mav_planning_msgs/mav_planning_msgs/srv/detail/planner_service__rosidl_typesupport_fastrtps_c.h\n'}
[1.529006] (mav_planning_msgs) StdoutLine: {'line': b'-- Up-to-date: /home/aimane/humble_ws/src/VNAV_23/vnav_ws/install/mav_planning_msgs/include/mav_planning_msgs/mav_planning_msgs/srv/detail/polygon_service__rosidl_typesupport_fastrtps_c.h\n'}
[1.529213] (mav_planning_msgs) StdoutLine: {'line': b'-- Up-to-date: /home/aimane/humble_ws/src/VNAV_23/vnav_ws/install/mav_planning_msgs/include/mav_planning_msgs/mav_planning_msgs/srv/detail/change_name_service__rosidl_typesupport_fastrtps_c.h\n'}
[1.529416] (mav_planning_msgs) StdoutLine: {'line': b'-- Up-to-date: /home/aimane/humble_ws/src/VNAV_23/vnav_ws/install/mav_planning_msgs/lib/libmav_planning_msgs__rosidl_typesupport_fastrtps_c.so\n'}
[1.529606] (mav_planning_msgs) StdoutLine: {'line': b'-- Up-to-date: /home/aimane/humble_ws/src/VNAV_23/vnav_ws/install/mav_planning_msgs/include/mav_planning_msgs/mav_planning_msgs\n'}
[1.529807] (mav_planning_msgs) StdoutLine: {'line': b'-- Up-to-date: /home/aimane/humble_ws/src/VNAV_23/vnav_ws/install/mav_planning_msgs/include/mav_planning_msgs/mav_planning_msgs/msg\n'}
[1.529923] (mav_planning_msgs) StdoutLine: {'line': b'-- Up-to-date: /home/aimane/humble_ws/src/VNAV_23/vnav_ws/install/mav_planning_msgs/include/mav_planning_msgs/mav_planning_msgs/msg/rosidl_typesupport_introspection_c__visibility_control.h\n'}
[1.530050] (mav_planning_msgs) StdoutLine: {'line': b'-- Up-to-date: /home/aimane/humble_ws/src/VNAV_23/vnav_ws/install/mav_planning_msgs/include/mav_planning_msgs/mav_planning_msgs/msg/detail\n'}
[1.530178] (mav_planning_msgs) StdoutLine: {'line': b'-- Up-to-date: /home/aimane/humble_ws/src/VNAV_23/vnav_ws/install/mav_planning_msgs/include/mav_planning_msgs/mav_planning_msgs/msg/detail/polynomial_trajectory4_d__type_support.c\n'}
[1.530298] (mav_planning_msgs) StdoutLine: {'line': b'-- Up-to-date: /home/aimane/humble_ws/src/VNAV_23/vnav_ws/install/mav_planning_msgs/include/mav_planning_msgs/mav_planning_msgs/msg/detail/polynomial_trajectory__rosidl_typesupport_introspection_c.h\n'}
[1.530413] (mav_planning_msgs) StdoutLine: {'line': b'-- Up-to-date: /home/aimane/humble_ws/src/VNAV_23/vnav_ws/install/mav_planning_msgs/include/mav_planning_msgs/mav_planning_msgs/msg/detail/polynomial_trajectory4_d__rosidl_typesupport_introspection_c.h\n'}
[1.530524] (mav_planning_msgs) StdoutLine: {'line': b'-- Up-to-date: /home/aimane/humble_ws/src/VNAV_23/vnav_ws/install/mav_planning_msgs/include/mav_planning_msgs/mav_planning_msgs/msg/detail/polygon_with_holes_stamped__rosidl_typesupport_introspection_c.h\n'}
[1.530635] (mav_planning_msgs) StdoutLine: {'line': b'-- Up-to-date: /home/aimane/humble_ws/src/VNAV_23/vnav_ws/install/mav_planning_msgs/include/mav_planning_msgs/mav_planning_msgs/msg/detail/polygon_with_holes_stamped__type_support.c\n'}
[1.530755] (mav_planning_msgs) StdoutLine: {'line': b'-- Up-to-date: /home/aimane/humble_ws/src/VNAV_23/vnav_ws/install/mav_planning_msgs/include/mav_planning_msgs/mav_planning_msgs/msg/detail/polynomial_segment4_d__rosidl_typesupport_introspection_c.h\n'}
[1.530868] (mav_planning_msgs) StdoutLine: {'line': b'-- Up-to-date: /home/aimane/humble_ws/src/VNAV_23/vnav_ws/install/mav_planning_msgs/include/mav_planning_msgs/mav_planning_msgs/msg/detail/polynomial_segment__type_support.c\n'}
[1.530985] (mav_planning_msgs) StdoutLine: {'line': b'-- Up-to-date: /home/aimane/humble_ws/src/VNAV_23/vnav_ws/install/mav_planning_msgs/include/mav_planning_msgs/mav_planning_msgs/msg/detail/point2_d__rosidl_typesupport_introspection_c.h\n'}
[1.531097] (mav_planning_msgs) StdoutLine: {'line': b'-- Up-to-date: /home/aimane/humble_ws/src/VNAV_23/vnav_ws/install/mav_planning_msgs/include/mav_planning_msgs/mav_planning_msgs/msg/detail/polygon2_d__type_support.c\n'}
[1.531227] (mav_planning_msgs) StdoutLine: {'line': b'-- Up-to-date: /home/aimane/humble_ws/src/VNAV_23/vnav_ws/install/mav_planning_msgs/include/mav_planning_msgs/mav_planning_msgs/msg/detail/polygon2_d__rosidl_typesupport_introspection_c.h\n'}
[1.531340] (mav_planning_msgs) StdoutLine: {'line': b'-- Up-to-date: /home/aimane/humble_ws/src/VNAV_23/vnav_ws/install/mav_planning_msgs/include/mav_planning_msgs/mav_planning_msgs/msg/detail/point_cloud_with_pose__rosidl_typesupport_introspection_c.h\n'}
[1.531460] (mav_planning_msgs) StdoutLine: {'line': b'-- Up-to-date: /home/aimane/humble_ws/src/VNAV_23/vnav_ws/install/mav_planning_msgs/include/mav_planning_msgs/mav_planning_msgs/msg/detail/point_cloud_with_pose__type_support.c\n'}
[1.531570] (mav_planning_msgs) StdoutLine: {'line': b'-- Up-to-date: /home/aimane/humble_ws/src/VNAV_23/vnav_ws/install/mav_planning_msgs/include/mav_planning_msgs/mav_planning_msgs/msg/detail/polygon_with_holes__type_support.c\n'}
[1.531682] (mav_planning_msgs) StdoutLine: {'line': b'-- Up-to-date: /home/aimane/humble_ws/src/VNAV_23/vnav_ws/install/mav_planning_msgs/include/mav_planning_msgs/mav_planning_msgs/msg/detail/point2_d__type_support.c\n'}
[1.531792] (mav_planning_msgs) StdoutLine: {'line': b'-- Up-to-date: /home/aimane/humble_ws/src/VNAV_23/vnav_ws/install/mav_planning_msgs/include/mav_planning_msgs/mav_planning_msgs/msg/detail/polynomial_trajectory__type_support.c\n'}
[1.531901] (mav_planning_msgs) StdoutLine: {'line': b'-- Up-to-date: /home/aimane/humble_ws/src/VNAV_23/vnav_ws/install/mav_planning_msgs/include/mav_planning_msgs/mav_planning_msgs/msg/detail/polygon_with_holes__rosidl_typesupport_introspection_c.h\n'}
[1.532009] (mav_planning_msgs) StdoutLine: {'line': b'-- Up-to-date: /home/aimane/humble_ws/src/VNAV_23/vnav_ws/install/mav_planning_msgs/include/mav_planning_msgs/mav_planning_msgs/msg/detail/polynomial_segment4_d__type_support.c\n'}
[1.532129] (mav_planning_msgs) StdoutLine: {'line': b'-- Up-to-date: /home/aimane/humble_ws/src/VNAV_23/vnav_ws/install/mav_planning_msgs/include/mav_planning_msgs/mav_planning_msgs/msg/detail/polynomial_segment__rosidl_typesupport_introspection_c.h\n'}
[1.532253] (mav_planning_msgs) StdoutLine: {'line': b'-- Up-to-date: /home/aimane/humble_ws/src/VNAV_23/vnav_ws/install/mav_planning_msgs/include/mav_planning_msgs/mav_planning_msgs/srv\n'}
[1.532366] (mav_planning_msgs) StdoutLine: {'line': b'-- Up-to-date: /home/aimane/humble_ws/src/VNAV_23/vnav_ws/install/mav_planning_msgs/include/mav_planning_msgs/mav_planning_msgs/srv/detail\n'}
[1.532476] (mav_planning_msgs) StdoutLine: {'line': b'-- Up-to-date: /home/aimane/humble_ws/src/VNAV_23/vnav_ws/install/mav_planning_msgs/include/mav_planning_msgs/mav_planning_msgs/srv/detail/change_name_service__rosidl_typesupport_introspection_c.h\n'}
[1.532615] (mav_planning_msgs) StdoutLine: {'line': b'-- Up-to-date: /home/aimane/humble_ws/src/VNAV_23/vnav_ws/install/mav_planning_msgs/include/mav_planning_msgs/mav_planning_msgs/srv/detail/planner_service__rosidl_typesupport_introspection_c.h\n'}
[1.532728] (mav_planning_msgs) StdoutLine: {'line': b'-- Up-to-date: /home/aimane/humble_ws/src/VNAV_23/vnav_ws/install/mav_planning_msgs/include/mav_planning_msgs/mav_planning_msgs/srv/detail/change_name_service__type_support.c\n'}
[1.532839] (mav_planning_msgs) StdoutLine: {'line': b'-- Up-to-date: /home/aimane/humble_ws/src/VNAV_23/vnav_ws/install/mav_planning_msgs/include/mav_planning_msgs/mav_planning_msgs/srv/detail/polygon_service__type_support.c\n'}
[1.532949] (mav_planning_msgs) StdoutLine: {'line': b'-- Up-to-date: /home/aimane/humble_ws/src/VNAV_23/vnav_ws/install/mav_planning_msgs/include/mav_planning_msgs/mav_planning_msgs/srv/detail/polygon_service__rosidl_typesupport_introspection_c.h\n'}
[1.533064] (mav_planning_msgs) StdoutLine: {'line': b'-- Up-to-date: /home/aimane/humble_ws/src/VNAV_23/vnav_ws/install/mav_planning_msgs/include/mav_planning_msgs/mav_planning_msgs/srv/detail/planner_service__type_support.c\n'}
[1.533210] (mav_planning_msgs) StdoutLine: {'line': b'-- Up-to-date: /home/aimane/humble_ws/src/VNAV_23/vnav_ws/install/mav_planning_msgs/lib/libmav_planning_msgs__rosidl_typesupport_introspection_c.so\n'}
[1.533335] (mav_planning_msgs) StdoutLine: {'line': b'-- Up-to-date: /home/aimane/humble_ws/src/VNAV_23/vnav_ws/install/mav_planning_msgs/lib/libmav_planning_msgs__rosidl_typesupport_c.so\n'}
[1.533453] (mav_planning_msgs) StdoutLine: {'line': b'-- Up-to-date: /home/aimane/humble_ws/src/VNAV_23/vnav_ws/install/mav_planning_msgs/include/mav_planning_msgs/mav_planning_msgs\n'}
[1.533566] (mav_planning_msgs) StdoutLine: {'line': b'-- Up-to-date: /home/aimane/humble_ws/src/VNAV_23/vnav_ws/install/mav_planning_msgs/include/mav_planning_msgs/mav_planning_msgs/msg\n'}
[1.533673] (mav_planning_msgs) StdoutLine: {'line': b'-- Up-to-date: /home/aimane/humble_ws/src/VNAV_23/vnav_ws/install/mav_planning_msgs/include/mav_planning_msgs/mav_planning_msgs/msg/polynomial_trajectory.hpp\n'}
[1.533782] (mav_planning_msgs) StdoutLine: {'line': b'-- Up-to-date: /home/aimane/humble_ws/src/VNAV_23/vnav_ws/install/mav_planning_msgs/include/mav_planning_msgs/mav_planning_msgs/msg/point2_d.hpp\n'}
[1.533890] (mav_planning_msgs) StdoutLine: {'line': b'-- Up-to-date: /home/aimane/humble_ws/src/VNAV_23/vnav_ws/install/mav_planning_msgs/include/mav_planning_msgs/mav_planning_msgs/msg/detail\n'}
[1.534000] (mav_planning_msgs) StdoutLine: {'line': b'-- Up-to-date: /home/aimane/humble_ws/src/VNAV_23/vnav_ws/install/mav_planning_msgs/include/mav_planning_msgs/mav_planning_msgs/msg/detail/polynomial_segment4_d__traits.hpp\n'}
[1.534118] (mav_planning_msgs) StdoutLine: {'line': b'-- Up-to-date: /home/aimane/humble_ws/src/VNAV_23/vnav_ws/install/mav_planning_msgs/include/mav_planning_msgs/mav_planning_msgs/msg/detail/polynomial_segment__traits.hpp\n'}
[1.534238] (mav_planning_msgs) StdoutLine: {'line': b'-- Up-to-date: /home/aimane/humble_ws/src/VNAV_23/vnav_ws/install/mav_planning_msgs/include/mav_planning_msgs/mav_planning_msgs/msg/detail/polynomial_segment4_d__struct.hpp\n'}
[1.534344] (mav_planning_msgs) StdoutLine: {'line': b'-- Up-to-date: /home/aimane/humble_ws/src/VNAV_23/vnav_ws/install/mav_planning_msgs/include/mav_planning_msgs/mav_planning_msgs/msg/detail/polynomial_trajectory__traits.hpp\n'}
[1.534445] (mav_planning_msgs) StdoutLine: {'line': b'-- Up-to-date: /home/aimane/humble_ws/src/VNAV_23/vnav_ws/install/mav_planning_msgs/include/mav_planning_msgs/mav_planning_msgs/msg/detail/polynomial_trajectory4_d__struct.hpp\n'}
[1.534541] (mav_planning_msgs) StdoutLine: {'line': b'-- Up-to-date: /home/aimane/humble_ws/src/VNAV_23/vnav_ws/install/mav_planning_msgs/include/mav_planning_msgs/mav_planning_msgs/msg/detail/polygon2_d__traits.hpp\n'}
[1.534635] (mav_planning_msgs) StdoutLine: {'line': b'-- Up-to-date: /home/aimane/humble_ws/src/VNAV_23/vnav_ws/install/mav_planning_msgs/include/mav_planning_msgs/mav_planning_msgs/msg/detail/polygon2_d__builder.hpp\n'}
[1.534728] (mav_planning_msgs) StdoutLine: {'line': b'-- Up-to-date: /home/aimane/humble_ws/src/VNAV_23/vnav_ws/install/mav_planning_msgs/include/mav_planning_msgs/mav_planning_msgs/msg/detail/polygon_with_holes_stamped__struct.hpp\n'}
[1.534823] (mav_planning_msgs) StdoutLine: {'line': b'-- Up-to-date: /home/aimane/humble_ws/src/VNAV_23/vnav_ws/install/mav_planning_msgs/include/mav_planning_msgs/mav_planning_msgs/msg/detail/polynomial_trajectory__type_support.hpp\n'}
[1.534917] (mav_planning_msgs) StdoutLine: {'line': b'-- Up-to-date: /home/aimane/humble_ws/src/VNAV_23/vnav_ws/install/mav_planning_msgs/include/mav_planning_msgs/mav_planning_msgs/msg/detail/polynomial_trajectory__struct.hpp\n'}
[1.535016] (mav_planning_msgs) StdoutLine: {'line': b'-- Up-to-date: /home/aimane/humble_ws/src/VNAV_23/vnav_ws/install/mav_planning_msgs/include/mav_planning_msgs/mav_planning_msgs/msg/detail/polygon_with_holes__traits.hpp\n'}
[1.535143] (mav_planning_msgs) StdoutLine: {'line': b'-- Up-to-date: /home/aimane/humble_ws/src/VNAV_23/vnav_ws/install/mav_planning_msgs/include/mav_planning_msgs/mav_planning_msgs/msg/detail/polynomial_segment__builder.hpp\n'}
[1.535277] (mav_planning_msgs) StdoutLine: {'line': b'-- Up-to-date: /home/aimane/humble_ws/src/VNAV_23/vnav_ws/install/mav_planning_msgs/include/mav_planning_msgs/mav_planning_msgs/msg/detail/polygon2_d__type_support.hpp\n'}
[1.535401] (mav_planning_msgs) StdoutLine: {'line': b'-- Up-to-date: /home/aimane/humble_ws/src/VNAV_23/vnav_ws/install/mav_planning_msgs/include/mav_planning_msgs/mav_planning_msgs/msg/detail/point_cloud_with_pose__type_support.hpp\n'}
[1.535530] (mav_planning_msgs) StdoutLine: {'line': b'-- Up-to-date: /home/aimane/humble_ws/src/VNAV_23/vnav_ws/install/mav_planning_msgs/include/mav_planning_msgs/mav_planning_msgs/msg/detail/point_cloud_with_pose__struct.hpp\n'}
[1.535651] (mav_planning_msgs) StdoutLine: {'line': b'-- Up-to-date: /home/aimane/humble_ws/src/VNAV_23/vnav_ws/install/mav_planning_msgs/include/mav_planning_msgs/mav_planning_msgs/msg/detail/polygon_with_holes__type_support.hpp\n'}
[1.535776] (mav_planning_msgs) StdoutLine: {'line': b'-- Up-to-date: /home/aimane/humble_ws/src/VNAV_23/vnav_ws/install/mav_planning_msgs/include/mav_planning_msgs/mav_planning_msgs/msg/detail/polynomial_trajectory__builder.hpp\n'}
[1.535900] (mav_planning_msgs) StdoutLine: {'line': b'-- Up-to-date: /home/aimane/humble_ws/src/VNAV_23/vnav_ws/install/mav_planning_msgs/include/mav_planning_msgs/mav_planning_msgs/msg/detail/point_cloud_with_pose__traits.hpp\n'}
[1.536030] (mav_planning_msgs) StdoutLine: {'line': b'-- Up-to-date: /home/aimane/humble_ws/src/VNAV_23/vnav_ws/install/mav_planning_msgs/include/mav_planning_msgs/mav_planning_msgs/msg/detail/polynomial_trajectory4_d__type_support.hpp\n'}
[1.536163] (mav_planning_msgs) StdoutLine: {'line': b'-- Up-to-date: /home/aimane/humble_ws/src/VNAV_23/vnav_ws/install/mav_planning_msgs/include/mav_planning_msgs/mav_planning_msgs/msg/detail/polygon2_d__struct.hpp\n'}
[1.536296] (mav_planning_msgs) StdoutLine: {'line': b'-- Up-to-date: /home/aimane/humble_ws/src/VNAV_23/vnav_ws/install/mav_planning_msgs/include/mav_planning_msgs/mav_planning_msgs/msg/detail/polygon_with_holes__struct.hpp\n'}
[1.536415] (mav_planning_msgs) StdoutLine: {'line': b'-- Up-to-date: /home/aimane/humble_ws/src/VNAV_23/vnav_ws/install/mav_planning_msgs/include/mav_planning_msgs/mav_planning_msgs/msg/detail/polynomial_trajectory4_d__traits.hpp\n'}
[1.536537] (mav_planning_msgs) StdoutLine: {'line': b'-- Up-to-date: /home/aimane/humble_ws/src/VNAV_23/vnav_ws/install/mav_planning_msgs/include/mav_planning_msgs/mav_planning_msgs/msg/detail/point2_d__builder.hpp\n'}
[1.536656] (mav_planning_msgs) StdoutLine: {'line': b'-- Up-to-date: /home/aimane/humble_ws/src/VNAV_23/vnav_ws/install/mav_planning_msgs/include/mav_planning_msgs/mav_planning_msgs/msg/detail/polygon_with_holes_stamped__traits.hpp\n'}
[1.536777] (mav_planning_msgs) StdoutLine: {'line': b'-- Up-to-date: /home/aimane/humble_ws/src/VNAV_23/vnav_ws/install/mav_planning_msgs/include/mav_planning_msgs/mav_planning_msgs/msg/detail/point2_d__type_support.hpp\n'}
[1.536899] (mav_planning_msgs) StdoutLine: {'line': b'-- Up-to-date: /home/aimane/humble_ws/src/VNAV_23/vnav_ws/install/mav_planning_msgs/include/mav_planning_msgs/mav_planning_msgs/msg/detail/point2_d__struct.hpp\n'}
[1.537021] (mav_planning_msgs) StdoutLine: {'line': b'-- Up-to-date: /home/aimane/humble_ws/src/VNAV_23/vnav_ws/install/mav_planning_msgs/include/mav_planning_msgs/mav_planning_msgs/msg/detail/polygon_with_holes__builder.hpp\n'}
[1.537156] (mav_planning_msgs) StdoutLine: {'line': b'-- Up-to-date: /home/aimane/humble_ws/src/VNAV_23/vnav_ws/install/mav_planning_msgs/include/mav_planning_msgs/mav_planning_msgs/msg/detail/polynomial_segment__struct.hpp\n'}
[1.537291] (mav_planning_msgs) StdoutLine: {'line': b'-- Up-to-date: /home/aimane/humble_ws/src/VNAV_23/vnav_ws/install/mav_planning_msgs/include/mav_planning_msgs/mav_planning_msgs/msg/detail/polynomial_trajectory4_d__builder.hpp\n'}
[1.537396] (mav_planning_msgs) StdoutLine: {'line': b'-- Up-to-date: /home/aimane/humble_ws/src/VNAV_23/vnav_ws/install/mav_planning_msgs/include/mav_planning_msgs/mav_planning_msgs/msg/detail/polynomial_segment4_d__type_support.hpp\n'}
[1.537517] (mav_planning_msgs) StdoutLine: {'line': b'-- Up-to-date: /home/aimane/humble_ws/src/VNAV_23/vnav_ws/install/mav_planning_msgs/include/mav_planning_msgs/mav_planning_msgs/msg/detail/polynomial_segment__type_support.hpp\n'}
[1.537640] (mav_planning_msgs) StdoutLine: {'line': b'-- Up-to-date: /home/aimane/humble_ws/src/VNAV_23/vnav_ws/install/mav_planning_msgs/include/mav_planning_msgs/mav_planning_msgs/msg/detail/point2_d__traits.hpp\n'}
[1.537772] (mav_planning_msgs) StdoutLine: {'line': b'-- Up-to-date: /home/aimane/humble_ws/src/VNAV_23/vnav_ws/install/mav_planning_msgs/include/mav_planning_msgs/mav_planning_msgs/msg/detail/polygon_with_holes_stamped__builder.hpp\n'}
[1.537894] (mav_planning_msgs) StdoutLine: {'line': b'-- Up-to-date: /home/aimane/humble_ws/src/VNAV_23/vnav_ws/install/mav_planning_msgs/include/mav_planning_msgs/mav_planning_msgs/msg/detail/polygon_with_holes_stamped__type_support.hpp\n'}
[1.538017] (mav_planning_msgs) StdoutLine: {'line': b'-- Up-to-date: /home/aimane/humble_ws/src/VNAV_23/vnav_ws/install/mav_planning_msgs/include/mav_planning_msgs/mav_planning_msgs/msg/detail/polynomial_segment4_d__builder.hpp\n'}
[1.538148] (mav_planning_msgs) StdoutLine: {'line': b'-- Up-to-date: /home/aimane/humble_ws/src/VNAV_23/vnav_ws/install/mav_planning_msgs/include/mav_planning_msgs/mav_planning_msgs/msg/detail/point_cloud_with_pose__builder.hpp\n'}
[1.538271] (mav_planning_msgs) StdoutLine: {'line': b'-- Up-to-date: /home/aimane/humble_ws/src/VNAV_23/vnav_ws/install/mav_planning_msgs/include/mav_planning_msgs/mav_planning_msgs/msg/polynomial_segment4_d.hpp\n'}
[1.538408] (mav_planning_msgs) StdoutLine: {'line': b'-- Up-to-date: /home/aimane/humble_ws/src/VNAV_23/vnav_ws/install/mav_planning_msgs/include/mav_planning_msgs/mav_planning_msgs/msg/polynomial_segment.hpp\n'}
[1.538529] (mav_planning_msgs) StdoutLine: {'line': b'-- Up-to-date: /home/aimane/humble_ws/src/VNAV_23/vnav_ws/install/mav_planning_msgs/include/mav_planning_msgs/mav_planning_msgs/msg/polygon2_d.hpp\n'}
[1.538650] (mav_planning_msgs) StdoutLine: {'line': b'-- Up-to-date: /home/aimane/humble_ws/src/VNAV_23/vnav_ws/install/mav_planning_msgs/include/mav_planning_msgs/mav_planning_msgs/msg/point_cloud_with_pose.hpp\n'}
[1.538789] (mav_planning_msgs) StdoutLine: {'line': b'-- Up-to-date: /home/aimane/humble_ws/src/VNAV_23/vnav_ws/install/mav_planning_msgs/include/mav_planning_msgs/mav_planning_msgs/msg/polynomial_trajectory4_d.hpp\n'}
[1.538921] (mav_planning_msgs) StdoutLine: {'line': b'-- Up-to-date: /home/aimane/humble_ws/src/VNAV_23/vnav_ws/install/mav_planning_msgs/include/mav_planning_msgs/mav_planning_msgs/msg/polygon_with_holes_stamped.hpp\n'}
[1.539032] (mav_planning_msgs) StdoutLine: {'line': b'-- Up-to-date: /home/aimane/humble_ws/src/VNAV_23/vnav_ws/install/mav_planning_msgs/include/mav_planning_msgs/mav_planning_msgs/msg/polygon_with_holes.hpp\n'}
[1.539142] (mav_planning_msgs) StdoutLine: {'line': b'-- Up-to-date: /home/aimane/humble_ws/src/VNAV_23/vnav_ws/install/mav_planning_msgs/include/mav_planning_msgs/mav_planning_msgs/msg/rosidl_generator_cpp__visibility_control.hpp\n'}
[1.539249] (mav_planning_msgs) StdoutLine: {'line': b'-- Up-to-date: /home/aimane/humble_ws/src/VNAV_23/vnav_ws/install/mav_planning_msgs/include/mav_planning_msgs/mav_planning_msgs/srv\n'}
[1.539351] (mav_planning_msgs) StdoutLine: {'line': b'-- Up-to-date: /home/aimane/humble_ws/src/VNAV_23/vnav_ws/install/mav_planning_msgs/include/mav_planning_msgs/mav_planning_msgs/srv/detail\n'}
[1.539451] (mav_planning_msgs) StdoutLine: {'line': b'-- Up-to-date: /home/aimane/humble_ws/src/VNAV_23/vnav_ws/install/mav_planning_msgs/include/mav_planning_msgs/mav_planning_msgs/srv/detail/planner_service__type_support.hpp\n'}
[1.539549] (mav_planning_msgs) StdoutLine: {'line': b'-- Up-to-date: /home/aimane/humble_ws/src/VNAV_23/vnav_ws/install/mav_planning_msgs/include/mav_planning_msgs/mav_planning_msgs/srv/detail/change_name_service__struct.hpp\n'}
[1.539658] (mav_planning_msgs) StdoutLine: {'line': b'-- Up-to-date: /home/aimane/humble_ws/src/VNAV_23/vnav_ws/install/mav_planning_msgs/include/mav_planning_msgs/mav_planning_msgs/srv/detail/planner_service__traits.hpp\n'}
[1.539771] (mav_planning_msgs) StdoutLine: {'line': b'-- Up-to-date: /home/aimane/humble_ws/src/VNAV_23/vnav_ws/install/mav_planning_msgs/include/mav_planning_msgs/mav_planning_msgs/srv/detail/polygon_service__struct.hpp\n'}
[1.539893] (mav_planning_msgs) StdoutLine: {'line': b'-- Up-to-date: /home/aimane/humble_ws/src/VNAV_23/vnav_ws/install/mav_planning_msgs/include/mav_planning_msgs/mav_planning_msgs/srv/detail/polygon_service__traits.hpp\n'}
[1.540009] (mav_planning_msgs) StdoutLine: {'line': b'-- Up-to-date: /home/aimane/humble_ws/src/VNAV_23/vnav_ws/install/mav_planning_msgs/include/mav_planning_msgs/mav_planning_msgs/srv/detail/change_name_service__builder.hpp\n'}
[1.540136] (mav_planning_msgs) StdoutLine: {'line': b'-- Up-to-date: /home/aimane/humble_ws/src/VNAV_23/vnav_ws/install/mav_planning_msgs/include/mav_planning_msgs/mav_planning_msgs/srv/detail/planner_service__struct.hpp\n'}
[1.540265] (mav_planning_msgs) StdoutLine: {'line': b'-- Up-to-date: /home/aimane/humble_ws/src/VNAV_23/vnav_ws/install/mav_planning_msgs/include/mav_planning_msgs/mav_planning_msgs/srv/detail/change_name_service__traits.hpp\n'}
[1.540380] (mav_planning_msgs) StdoutLine: {'line': b'-- Up-to-date: /home/aimane/humble_ws/src/VNAV_23/vnav_ws/install/mav_planning_msgs/include/mav_planning_msgs/mav_planning_msgs/srv/detail/change_name_service__type_support.hpp\n'}
[1.540497] (mav_planning_msgs) StdoutLine: {'line': b'-- Up-to-date: /home/aimane/humble_ws/src/VNAV_23/vnav_ws/install/mav_planning_msgs/include/mav_planning_msgs/mav_planning_msgs/srv/detail/polygon_service__builder.hpp\n'}
[1.540611] (mav_planning_msgs) StdoutLine: {'line': b'-- Up-to-date: /home/aimane/humble_ws/src/VNAV_23/vnav_ws/install/mav_planning_msgs/include/mav_planning_msgs/mav_planning_msgs/srv/detail/polygon_service__type_support.hpp\n'}
[1.540733] (mav_planning_msgs) StdoutLine: {'line': b'-- Up-to-date: /home/aimane/humble_ws/src/VNAV_23/vnav_ws/install/mav_planning_msgs/include/mav_planning_msgs/mav_planning_msgs/srv/detail/planner_service__builder.hpp\n'}
[1.540852] (mav_planning_msgs) StdoutLine: {'line': b'-- Up-to-date: /home/aimane/humble_ws/src/VNAV_23/vnav_ws/install/mav_planning_msgs/include/mav_planning_msgs/mav_planning_msgs/srv/change_name_service.hpp\n'}
[1.540969] (mav_planning_msgs) StdoutLine: {'line': b'-- Up-to-date: /home/aimane/humble_ws/src/VNAV_23/vnav_ws/install/mav_planning_msgs/include/mav_planning_msgs/mav_planning_msgs/srv/polygon_service.hpp\n'}
[1.541082] (mav_planning_msgs) StdoutLine: {'line': b'-- Up-to-date: /home/aimane/humble_ws/src/VNAV_23/vnav_ws/install/mav_planning_msgs/include/mav_planning_msgs/mav_planning_msgs/srv/planner_service.hpp\n'}
[1.541218] (mav_planning_msgs) StdoutLine: {'line': b'-- Up-to-date: /home/aimane/humble_ws/src/VNAV_23/vnav_ws/install/mav_planning_msgs/include/mav_planning_msgs/mav_planning_msgs\n'}
[1.541341] (mav_planning_msgs) StdoutLine: {'line': b'-- Up-to-date: /home/aimane/humble_ws/src/VNAV_23/vnav_ws/install/mav_planning_msgs/include/mav_planning_msgs/mav_planning_msgs/msg\n'}
[1.541469] (mav_planning_msgs) StdoutLine: {'line': b'-- Up-to-date: /home/aimane/humble_ws/src/VNAV_23/vnav_ws/install/mav_planning_msgs/include/mav_planning_msgs/mav_planning_msgs/msg/detail\n'}
[1.541585] (mav_planning_msgs) StdoutLine: {'line': b'-- Up-to-date: /home/aimane/humble_ws/src/VNAV_23/vnav_ws/install/mav_planning_msgs/include/mav_planning_msgs/mav_planning_msgs/msg/detail/polygon_with_holes_stamped__rosidl_typesupport_fastrtps_cpp.hpp\n'}
[1.541709] (mav_planning_msgs) StdoutLine: {'line': b'-- Up-to-date: /home/aimane/humble_ws/src/VNAV_23/vnav_ws/install/mav_planning_msgs/include/mav_planning_msgs/mav_planning_msgs/msg/detail/polygon2_d__rosidl_typesupport_fastrtps_cpp.hpp\n'}
[1.541828] (mav_planning_msgs) StdoutLine: {'line': b'-- Up-to-date: /home/aimane/humble_ws/src/VNAV_23/vnav_ws/install/mav_planning_msgs/include/mav_planning_msgs/mav_planning_msgs/msg/detail/dds_fastrtps\n'}
[1.541988] (mav_planning_msgs) StdoutLine: {'line': b'-- Up-to-date: /home/aimane/humble_ws/src/VNAV_23/vnav_ws/install/mav_planning_msgs/include/mav_planning_msgs/mav_planning_msgs/msg/detail/polynomial_trajectory4_d__rosidl_typesupport_fastrtps_cpp.hpp\n'}
[1.542111] (mav_planning_msgs) StdoutLine: {'line': b'-- Up-to-date: /home/aimane/humble_ws/src/VNAV_23/vnav_ws/install/mav_planning_msgs/include/mav_planning_msgs/mav_planning_msgs/msg/detail/point_cloud_with_pose__rosidl_typesupport_fastrtps_cpp.hpp\n'}
[1.542245] (mav_planning_msgs) StdoutLine: {'line': b'-- Up-to-date: /home/aimane/humble_ws/src/VNAV_23/vnav_ws/install/mav_planning_msgs/include/mav_planning_msgs/mav_planning_msgs/msg/detail/polynomial_segment4_d__rosidl_typesupport_fastrtps_cpp.hpp\n'}
[1.542401] (mav_planning_msgs) StdoutLine: {'line': b'-- Up-to-date: /home/aimane/humble_ws/src/VNAV_23/vnav_ws/install/mav_planning_msgs/include/mav_planning_msgs/mav_planning_msgs/msg/detail/polynomial_segment__rosidl_typesupport_fastrtps_cpp.hpp\n'}
[1.542525] (mav_planning_msgs) StdoutLine: {'line': b'-- Up-to-date: /home/aimane/humble_ws/src/VNAV_23/vnav_ws/install/mav_planning_msgs/include/mav_planning_msgs/mav_planning_msgs/msg/detail/polygon_with_holes__rosidl_typesupport_fastrtps_cpp.hpp\n'}
[1.542643] (mav_planning_msgs) StdoutLine: {'line': b'-- Up-to-date: /home/aimane/humble_ws/src/VNAV_23/vnav_ws/install/mav_planning_msgs/include/mav_planning_msgs/mav_planning_msgs/msg/detail/polynomial_trajectory__rosidl_typesupport_fastrtps_cpp.hpp\n'}
[1.542818] (mav_planning_msgs) StdoutLine: {'line': b'-- Up-to-date: /home/aimane/humble_ws/src/VNAV_23/vnav_ws/install/mav_planning_msgs/include/mav_planning_msgs/mav_planning_msgs/msg/detail/point2_d__rosidl_typesupport_fastrtps_cpp.hpp\n'}
[1.542940] (mav_planning_msgs) StdoutLine: {'line': b'-- Up-to-date: /home/aimane/humble_ws/src/VNAV_23/vnav_ws/install/mav_planning_msgs/include/mav_planning_msgs/mav_planning_msgs/msg/rosidl_typesupport_fastrtps_cpp__visibility_control.h\n'}
[1.543049] (mav_planning_msgs) StdoutLine: {'line': b'-- Up-to-date: /home/aimane/humble_ws/src/VNAV_23/vnav_ws/install/mav_planning_msgs/include/mav_planning_msgs/mav_planning_msgs/srv\n'}
[1.543167] (mav_planning_msgs) StdoutLine: {'line': b'-- Up-to-date: /home/aimane/humble_ws/src/VNAV_23/vnav_ws/install/mav_planning_msgs/include/mav_planning_msgs/mav_planning_msgs/srv/detail\n'}
[1.543286] (mav_planning_msgs) StdoutLine: {'line': b'-- Up-to-date: /home/aimane/humble_ws/src/VNAV_23/vnav_ws/install/mav_planning_msgs/include/mav_planning_msgs/mav_planning_msgs/srv/detail/dds_fastrtps\n'}
[1.543403] (mav_planning_msgs) StdoutLine: {'line': b'-- Up-to-date: /home/aimane/humble_ws/src/VNAV_23/vnav_ws/install/mav_planning_msgs/include/mav_planning_msgs/mav_planning_msgs/srv/detail/planner_service__rosidl_typesupport_fastrtps_cpp.hpp\n'}
[1.543522] (mav_planning_msgs) StdoutLine: {'line': b'-- Up-to-date: /home/aimane/humble_ws/src/VNAV_23/vnav_ws/install/mav_planning_msgs/include/mav_planning_msgs/mav_planning_msgs/srv/detail/polygon_service__rosidl_typesupport_fastrtps_cpp.hpp\n'}
[1.543640] (mav_planning_msgs) StdoutLine: {'line': b'-- Up-to-date: /home/aimane/humble_ws/src/VNAV_23/vnav_ws/install/mav_planning_msgs/include/mav_planning_msgs/mav_planning_msgs/srv/detail/change_name_service__rosidl_typesupport_fastrtps_cpp.hpp\n'}
[1.543758] (mav_planning_msgs) StdoutLine: {'line': b'-- Up-to-date: /home/aimane/humble_ws/src/VNAV_23/vnav_ws/install/mav_planning_msgs/lib/libmav_planning_msgs__rosidl_typesupport_fastrtps_cpp.so\n'}
[1.543876] (mav_planning_msgs) StdoutLine: {'line': b'-- Up-to-date: /home/aimane/humble_ws/src/VNAV_23/vnav_ws/install/mav_planning_msgs/include/mav_planning_msgs/mav_planning_msgs\n'}
[1.543995] (mav_planning_msgs) StdoutLine: {'line': b'-- Up-to-date: /home/aimane/humble_ws/src/VNAV_23/vnav_ws/install/mav_planning_msgs/include/mav_planning_msgs/mav_planning_msgs/msg\n'}
[1.544118] (mav_planning_msgs) StdoutLine: {'line': b'-- Up-to-date: /home/aimane/humble_ws/src/VNAV_23/vnav_ws/install/mav_planning_msgs/include/mav_planning_msgs/mav_planning_msgs/msg/detail\n'}
[1.544251] (mav_planning_msgs) StdoutLine: {'line': b'-- Up-to-date: /home/aimane/humble_ws/src/VNAV_23/vnav_ws/install/mav_planning_msgs/include/mav_planning_msgs/mav_planning_msgs/msg/detail/polynomial_trajectory__type_support.cpp\n'}
[1.544382] (mav_planning_msgs) StdoutLine: {'line': b'-- Up-to-date: /home/aimane/humble_ws/src/VNAV_23/vnav_ws/install/mav_planning_msgs/include/mav_planning_msgs/mav_planning_msgs/msg/detail/point2_d__type_support.cpp\n'}
[1.544522] (mav_planning_msgs) StdoutLine: {'line': b'-- Up-to-date: /home/aimane/humble_ws/src/VNAV_23/vnav_ws/install/mav_planning_msgs/include/mav_planning_msgs/mav_planning_msgs/msg/detail/polynomial_trajectory4_d__rosidl_typesupport_introspection_cpp.hpp\n'}
[1.544646] (mav_planning_msgs) StdoutLine: {'line': b'-- Up-to-date: /home/aimane/humble_ws/src/VNAV_23/vnav_ws/install/mav_planning_msgs/include/mav_planning_msgs/mav_planning_msgs/msg/detail/polygon_with_holes_stamped__rosidl_typesupport_introspection_cpp.hpp\n'}
[1.544769] (mav_planning_msgs) StdoutLine: {'line': b'-- Up-to-date: /home/aimane/humble_ws/src/VNAV_23/vnav_ws/install/mav_planning_msgs/include/mav_planning_msgs/mav_planning_msgs/msg/detail/polygon_with_holes__type_support.cpp\n'}
[1.544892] (mav_planning_msgs) StdoutLine: {'line': b'-- Up-to-date: /home/aimane/humble_ws/src/VNAV_23/vnav_ws/install/mav_planning_msgs/include/mav_planning_msgs/mav_planning_msgs/msg/detail/polynomial_segment__type_support.cpp\n'}
[1.545011] (mav_planning_msgs) StdoutLine: {'line': b'-- Up-to-date: /home/aimane/humble_ws/src/VNAV_23/vnav_ws/install/mav_planning_msgs/include/mav_planning_msgs/mav_planning_msgs/msg/detail/polynomial_trajectory4_d__type_support.cpp\n'}
[1.545139] (mav_planning_msgs) StdoutLine: {'line': b'-- Up-to-date: /home/aimane/humble_ws/src/VNAV_23/vnav_ws/install/mav_planning_msgs/include/mav_planning_msgs/mav_planning_msgs/msg/detail/polynomial_segment4_d__rosidl_typesupport_introspection_cpp.hpp\n'}
[1.545288] (mav_planning_msgs) StdoutLine: {'line': b'-- Up-to-date: /home/aimane/humble_ws/src/VNAV_23/vnav_ws/install/mav_planning_msgs/include/mav_planning_msgs/mav_planning_msgs/msg/detail/point_cloud_with_pose__rosidl_typesupport_introspection_cpp.hpp\n'}
[1.545358] (mav_planning_msgs) StdoutLine: {'line': b'-- Up-to-date: /home/aimane/humble_ws/src/VNAV_23/vnav_ws/install/mav_planning_msgs/include/mav_planning_msgs/mav_planning_msgs/msg/detail/point_cloud_with_pose__type_support.cpp\n'}
[1.545418] (mav_planning_msgs) StdoutLine: {'line': b'-- Up-to-date: /home/aimane/humble_ws/src/VNAV_23/vnav_ws/install/mav_planning_msgs/include/mav_planning_msgs/mav_planning_msgs/msg/detail/polygon2_d__type_support.cpp\n'}
[1.545475] (mav_planning_msgs) StdoutLine: {'line': b'-- Up-to-date: /home/aimane/humble_ws/src/VNAV_23/vnav_ws/install/mav_planning_msgs/include/mav_planning_msgs/mav_planning_msgs/msg/detail/polynomial_trajectory__rosidl_typesupport_introspection_cpp.hpp\n'}
[1.545530] (mav_planning_msgs) StdoutLine: {'line': b'-- Up-to-date: /home/aimane/humble_ws/src/VNAV_23/vnav_ws/install/mav_planning_msgs/include/mav_planning_msgs/mav_planning_msgs/msg/detail/polygon_with_holes__rosidl_typesupport_introspection_cpp.hpp\n'}
[1.545585] (mav_planning_msgs) StdoutLine: {'line': b'-- Up-to-date: /home/aimane/humble_ws/src/VNAV_23/vnav_ws/install/mav_planning_msgs/include/mav_planning_msgs/mav_planning_msgs/msg/detail/polynomial_segment4_d__type_support.cpp\n'}
[1.545639] (mav_planning_msgs) StdoutLine: {'line': b'-- Up-to-date: /home/aimane/humble_ws/src/VNAV_23/vnav_ws/install/mav_planning_msgs/include/mav_planning_msgs/mav_planning_msgs/msg/detail/polygon2_d__rosidl_typesupport_introspection_cpp.hpp\n'}
[1.545693] (mav_planning_msgs) StdoutLine: {'line': b'-- Up-to-date: /home/aimane/humble_ws/src/VNAV_23/vnav_ws/install/mav_planning_msgs/include/mav_planning_msgs/mav_planning_msgs/msg/detail/point2_d__rosidl_typesupport_introspection_cpp.hpp\n'}
[1.545747] (mav_planning_msgs) StdoutLine: {'line': b'-- Up-to-date: /home/aimane/humble_ws/src/VNAV_23/vnav_ws/install/mav_planning_msgs/include/mav_planning_msgs/mav_planning_msgs/msg/detail/polynomial_segment__rosidl_typesupport_introspection_cpp.hpp\n'}
[1.545801] (mav_planning_msgs) StdoutLine: {'line': b'-- Up-to-date: /home/aimane/humble_ws/src/VNAV_23/vnav_ws/install/mav_planning_msgs/include/mav_planning_msgs/mav_planning_msgs/msg/detail/polygon_with_holes_stamped__type_support.cpp\n'}
[1.545867] (mav_planning_msgs) StdoutLine: {'line': b'-- Up-to-date: /home/aimane/humble_ws/src/VNAV_23/vnav_ws/install/mav_planning_msgs/include/mav_planning_msgs/mav_planning_msgs/srv\n'}
[1.545921] (mav_planning_msgs) StdoutLine: {'line': b'-- Up-to-date: /home/aimane/humble_ws/src/VNAV_23/vnav_ws/install/mav_planning_msgs/include/mav_planning_msgs/mav_planning_msgs/srv/detail\n'}
[1.545975] (mav_planning_msgs) StdoutLine: {'line': b'-- Up-to-date: /home/aimane/humble_ws/src/VNAV_23/vnav_ws/install/mav_planning_msgs/include/mav_planning_msgs/mav_planning_msgs/srv/detail/planner_service__type_support.cpp\n'}
[1.546029] (mav_planning_msgs) StdoutLine: {'line': b'-- Up-to-date: /home/aimane/humble_ws/src/VNAV_23/vnav_ws/install/mav_planning_msgs/include/mav_planning_msgs/mav_planning_msgs/srv/detail/polygon_service__type_support.cpp\n'}
[1.546082] (mav_planning_msgs) StdoutLine: {'line': b'-- Up-to-date: /home/aimane/humble_ws/src/VNAV_23/vnav_ws/install/mav_planning_msgs/include/mav_planning_msgs/mav_planning_msgs/srv/detail/change_name_service__rosidl_typesupport_introspection_cpp.hpp\n'}
[1.546147] (mav_planning_msgs) StdoutLine: {'line': b'-- Up-to-date: /home/aimane/humble_ws/src/VNAV_23/vnav_ws/install/mav_planning_msgs/include/mav_planning_msgs/mav_planning_msgs/srv/detail/polygon_service__rosidl_typesupport_introspection_cpp.hpp\n'}
[1.546217] (mav_planning_msgs) StdoutLine: {'line': b'-- Up-to-date: /home/aimane/humble_ws/src/VNAV_23/vnav_ws/install/mav_planning_msgs/include/mav_planning_msgs/mav_planning_msgs/srv/detail/change_name_service__type_support.cpp\n'}
[1.546272] (mav_planning_msgs) StdoutLine: {'line': b'-- Up-to-date: /home/aimane/humble_ws/src/VNAV_23/vnav_ws/install/mav_planning_msgs/include/mav_planning_msgs/mav_planning_msgs/srv/detail/planner_service__rosidl_typesupport_introspection_cpp.hpp\n'}
[1.546326] (mav_planning_msgs) StdoutLine: {'line': b'-- Up-to-date: /home/aimane/humble_ws/src/VNAV_23/vnav_ws/install/mav_planning_msgs/lib/libmav_planning_msgs__rosidl_typesupport_introspection_cpp.so\n'}
[1.546380] (mav_planning_msgs) StdoutLine: {'line': b'-- Up-to-date: /home/aimane/humble_ws/src/VNAV_23/vnav_ws/install/mav_planning_msgs/lib/libmav_planning_msgs__rosidl_typesupport_cpp.so\n'}
[1.546434] (mav_planning_msgs) StdoutLine: {'line': b'-- Up-to-date: /home/aimane/humble_ws/src/VNAV_23/vnav_ws/install/mav_planning_msgs/share/mav_planning_msgs/environment/pythonpath.sh\n'}
[1.546488] (mav_planning_msgs) StdoutLine: {'line': b'-- Up-to-date: /home/aimane/humble_ws/src/VNAV_23/vnav_ws/install/mav_planning_msgs/share/mav_planning_msgs/environment/pythonpath.dsv\n'}
[1.546541] (mav_planning_msgs) StdoutLine: {'line': b'-- Up-to-date: /home/aimane/humble_ws/src/VNAV_23/vnav_ws/install/mav_planning_msgs/local/lib/python3.10/dist-packages/mav_planning_msgs-3.3.3-py3.10.egg-info\n'}
[1.546595] (mav_planning_msgs) StdoutLine: {'line': b'-- Installing: /home/aimane/humble_ws/src/VNAV_23/vnav_ws/install/mav_planning_msgs/local/lib/python3.10/dist-packages/mav_planning_msgs-3.3.3-py3.10.egg-info/SOURCES.txt\n'}
[1.546649] (mav_planning_msgs) StdoutLine: {'line': b'-- Installing: /home/aimane/humble_ws/src/VNAV_23/vnav_ws/install/mav_planning_msgs/local/lib/python3.10/dist-packages/mav_planning_msgs-3.3.3-py3.10.egg-info/top_level.txt\n'}
[1.546702] (mav_planning_msgs) StdoutLine: {'line': b'-- Installing: /home/aimane/humble_ws/src/VNAV_23/vnav_ws/install/mav_planning_msgs/local/lib/python3.10/dist-packages/mav_planning_msgs-3.3.3-py3.10.egg-info/PKG-INFO\n'}
[1.546755] (mav_planning_msgs) StdoutLine: {'line': b'-- Installing: /home/aimane/humble_ws/src/VNAV_23/vnav_ws/install/mav_planning_msgs/local/lib/python3.10/dist-packages/mav_planning_msgs-3.3.3-py3.10.egg-info/dependency_links.txt\n'}
[1.546809] (mav_planning_msgs) StdoutLine: {'line': b'-- Up-to-date: /home/aimane/humble_ws/src/VNAV_23/vnav_ws/install/mav_planning_msgs/local/lib/python3.10/dist-packages/mav_planning_msgs\n'}
[1.546868] (mav_planning_msgs) StdoutLine: {'line': b'-- Up-to-date: /home/aimane/humble_ws/src/VNAV_23/vnav_ws/install/mav_planning_msgs/local/lib/python3.10/dist-packages/mav_planning_msgs/mav_planning_msgs_s__rosidl_typesupport_introspection_c.cpython-310-x86_64-linux-gnu.so\n'}
[1.546921] (mav_planning_msgs) StdoutLine: {'line': b'-- Up-to-date: /home/aimane/humble_ws/src/VNAV_23/vnav_ws/install/mav_planning_msgs/local/lib/python3.10/dist-packages/mav_planning_msgs/_mav_planning_msgs_s.ep.rosidl_typesupport_fastrtps_c.c\n'}
[1.546974] (mav_planning_msgs) StdoutLine: {'line': b'-- Up-to-date: /home/aimane/humble_ws/src/VNAV_23/vnav_ws/install/mav_planning_msgs/local/lib/python3.10/dist-packages/mav_planning_msgs/msg\n'}
[1.547026] (mav_planning_msgs) StdoutLine: {'line': b'-- Up-to-date: /home/aimane/humble_ws/src/VNAV_23/vnav_ws/install/mav_planning_msgs/local/lib/python3.10/dist-packages/mav_planning_msgs/msg/_polynomial_trajectory_s.c\n'}
[1.547080] (mav_planning_msgs) StdoutLine: {'line': b'-- Up-to-date: /home/aimane/humble_ws/src/VNAV_23/vnav_ws/install/mav_planning_msgs/local/lib/python3.10/dist-packages/mav_planning_msgs/msg/_polynomial_segment4_d_s.c\n'}
[1.547186] (mav_planning_msgs) StdoutLine: {'line': b'-- Up-to-date: /home/aimane/humble_ws/src/VNAV_23/vnav_ws/install/mav_planning_msgs/local/lib/python3.10/dist-packages/mav_planning_msgs/msg/_polygon2_d.py\n'}
[1.547252] (mav_planning_msgs) StdoutLine: {'line': b'-- Up-to-date: /home/aimane/humble_ws/src/VNAV_23/vnav_ws/install/mav_planning_msgs/local/lib/python3.10/dist-packages/mav_planning_msgs/msg/_polynomial_segment.py\n'}
[1.547308] (mav_planning_msgs) StdoutLine: {'line': b'-- Up-to-date: /home/aimane/humble_ws/src/VNAV_23/vnav_ws/install/mav_planning_msgs/local/lib/python3.10/dist-packages/mav_planning_msgs/msg/_polynomial_segment4_d.py\n'}
[1.547363] (mav_planning_msgs) StdoutLine: {'line': b'-- Up-to-date: /home/aimane/humble_ws/src/VNAV_23/vnav_ws/install/mav_planning_msgs/local/lib/python3.10/dist-packages/mav_planning_msgs/msg/_polygon_with_holes_s.c\n'}
[1.547417] (mav_planning_msgs) StdoutLine: {'line': b'-- Up-to-date: /home/aimane/humble_ws/src/VNAV_23/vnav_ws/install/mav_planning_msgs/local/lib/python3.10/dist-packages/mav_planning_msgs/msg/_polynomial_trajectory4_d.py\n'}
[1.547471] (mav_planning_msgs) StdoutLine: {'line': b'-- Up-to-date: /home/aimane/humble_ws/src/VNAV_23/vnav_ws/install/mav_planning_msgs/local/lib/python3.10/dist-packages/mav_planning_msgs/msg/__init__.py\n'}
[1.547531] (mav_planning_msgs) StdoutLine: {'line': b'-- Up-to-date: /home/aimane/humble_ws/src/VNAV_23/vnav_ws/install/mav_planning_msgs/local/lib/python3.10/dist-packages/mav_planning_msgs/msg/_polygon_with_holes_stamped_s.c\n'}
[1.547586] (mav_planning_msgs) StdoutLine: {'line': b'-- Up-to-date: /home/aimane/humble_ws/src/VNAV_23/vnav_ws/install/mav_planning_msgs/local/lib/python3.10/dist-packages/mav_planning_msgs/msg/_polynomial_trajectory.py\n'}
[1.547648] (mav_planning_msgs) StdoutLine: {'line': b'-- Up-to-date: /home/aimane/humble_ws/src/VNAV_23/vnav_ws/install/mav_planning_msgs/local/lib/python3.10/dist-packages/mav_planning_msgs/msg/_polygon_with_holes.py\n'}
[1.547702] (mav_planning_msgs) StdoutLine: {'line': b'-- Up-to-date: /home/aimane/humble_ws/src/VNAV_23/vnav_ws/install/mav_planning_msgs/local/lib/python3.10/dist-packages/mav_planning_msgs/msg/_polynomial_segment_s.c\n'}
[1.547756] (mav_planning_msgs) StdoutLine: {'line': b'-- Up-to-date: /home/aimane/humble_ws/src/VNAV_23/vnav_ws/install/mav_planning_msgs/local/lib/python3.10/dist-packages/mav_planning_msgs/msg/_point2_d.py\n'}
[1.547810] (mav_planning_msgs) StdoutLine: {'line': b'-- Up-to-date: /home/aimane/humble_ws/src/VNAV_23/vnav_ws/install/mav_planning_msgs/local/lib/python3.10/dist-packages/mav_planning_msgs/msg/_polygon_with_holes_stamped.py\n'}
[1.547864] (mav_planning_msgs) StdoutLine: {'line': b'-- Up-to-date: /home/aimane/humble_ws/src/VNAV_23/vnav_ws/install/mav_planning_msgs/local/lib/python3.10/dist-packages/mav_planning_msgs/msg/_point2_d_s.c\n'}
[1.547919] (mav_planning_msgs) StdoutLine: {'line': b'-- Up-to-date: /home/aimane/humble_ws/src/VNAV_23/vnav_ws/install/mav_planning_msgs/local/lib/python3.10/dist-packages/mav_planning_msgs/msg/_polygon2_d_s.c\n'}
[1.547988] (mav_planning_msgs) StdoutLine: {'line': b'-- Up-to-date: /home/aimane/humble_ws/src/VNAV_23/vnav_ws/install/mav_planning_msgs/local/lib/python3.10/dist-packages/mav_planning_msgs/msg/_polynomial_trajectory4_d_s.c\n'}
[1.548043] (mav_planning_msgs) StdoutLine: {'line': b'-- Up-to-date: /home/aimane/humble_ws/src/VNAV_23/vnav_ws/install/mav_planning_msgs/local/lib/python3.10/dist-packages/mav_planning_msgs/msg/_point_cloud_with_pose.py\n'}
[1.548097] (mav_planning_msgs) StdoutLine: {'line': b'-- Up-to-date: /home/aimane/humble_ws/src/VNAV_23/vnav_ws/install/mav_planning_msgs/local/lib/python3.10/dist-packages/mav_planning_msgs/msg/_point_cloud_with_pose_s.c\n'}
[1.548165] (mav_planning_msgs) StdoutLine: {'line': b'-- Up-to-date: /home/aimane/humble_ws/src/VNAV_23/vnav_ws/install/mav_planning_msgs/local/lib/python3.10/dist-packages/mav_planning_msgs/mav_planning_msgs_s__rosidl_typesupport_fastrtps_c.cpython-310-x86_64-linux-gnu.so\n'}
[1.548220] (mav_planning_msgs) StdoutLine: {'line': b'-- Up-to-date: /home/aimane/humble_ws/src/VNAV_23/vnav_ws/install/mav_planning_msgs/local/lib/python3.10/dist-packages/mav_planning_msgs/__init__.py\n'}
[1.548274] (mav_planning_msgs) StdoutLine: {'line': b'-- Up-to-date: /home/aimane/humble_ws/src/VNAV_23/vnav_ws/install/mav_planning_msgs/local/lib/python3.10/dist-packages/mav_planning_msgs/_mav_planning_msgs_s.ep.rosidl_typesupport_c.c\n'}
[1.548327] (mav_planning_msgs) StdoutLine: {'line': b'-- Up-to-date: /home/aimane/humble_ws/src/VNAV_23/vnav_ws/install/mav_planning_msgs/local/lib/python3.10/dist-packages/mav_planning_msgs/mav_planning_msgs_s__rosidl_typesupport_c.cpython-310-x86_64-linux-gnu.so\n'}
[1.548382] (mav_planning_msgs) StdoutLine: {'line': b'-- Up-to-date: /home/aimane/humble_ws/src/VNAV_23/vnav_ws/install/mav_planning_msgs/local/lib/python3.10/dist-packages/mav_planning_msgs/srv\n'}
[1.548435] (mav_planning_msgs) StdoutLine: {'line': b'-- Up-to-date: /home/aimane/humble_ws/src/VNAV_23/vnav_ws/install/mav_planning_msgs/local/lib/python3.10/dist-packages/mav_planning_msgs/srv/_change_name_service_s.c\n'}
[1.548488] (mav_planning_msgs) StdoutLine: {'line': b'-- Up-to-date: /home/aimane/humble_ws/src/VNAV_23/vnav_ws/install/mav_planning_msgs/local/lib/python3.10/dist-packages/mav_planning_msgs/srv/_planner_service.py\n'}
[1.548541] (mav_planning_msgs) StdoutLine: {'line': b'-- Up-to-date: /home/aimane/humble_ws/src/VNAV_23/vnav_ws/install/mav_planning_msgs/local/lib/python3.10/dist-packages/mav_planning_msgs/srv/_polygon_service.py\n'}
[1.548651] (mav_planning_msgs) StdoutLine: {'line': b'-- Up-to-date: /home/aimane/humble_ws/src/VNAV_23/vnav_ws/install/mav_planning_msgs/local/lib/python3.10/dist-packages/mav_planning_msgs/srv/__init__.py\n'}
[1.548762] (mav_planning_msgs) StdoutLine: {'line': b'-- Up-to-date: /home/aimane/humble_ws/src/VNAV_23/vnav_ws/install/mav_planning_msgs/local/lib/python3.10/dist-packages/mav_planning_msgs/srv/_polygon_service_s.c\n'}
[1.548868] (mav_planning_msgs) StdoutLine: {'line': b'-- Up-to-date: /home/aimane/humble_ws/src/VNAV_23/vnav_ws/install/mav_planning_msgs/local/lib/python3.10/dist-packages/mav_planning_msgs/srv/_planner_service_s.c\n'}
[1.548960] (mav_planning_msgs) StdoutLine: {'line': b'-- Up-to-date: /home/aimane/humble_ws/src/VNAV_23/vnav_ws/install/mav_planning_msgs/local/lib/python3.10/dist-packages/mav_planning_msgs/srv/_change_name_service.py\n'}
[1.549059] (mav_planning_msgs) StdoutLine: {'line': b'-- Up-to-date: /home/aimane/humble_ws/src/VNAV_23/vnav_ws/install/mav_planning_msgs/local/lib/python3.10/dist-packages/mav_planning_msgs/libmav_planning_msgs__rosidl_generator_py.so\n'}
[1.549144] (mav_planning_msgs) StdoutLine: {'line': b'-- Up-to-date: /home/aimane/humble_ws/src/VNAV_23/vnav_ws/install/mav_planning_msgs/local/lib/python3.10/dist-packages/mav_planning_msgs/_mav_planning_msgs_s.ep.rosidl_typesupport_introspection_c.c\n'}
[1.565964] (mav_planning_msgs) StdoutLine: {'line': b"Listing '/home/aimane/humble_ws/src/VNAV_23/vnav_ws/install/mav_planning_msgs/local/lib/python3.10/dist-packages/mav_planning_msgs'...\n"}
[1.566195] (mav_planning_msgs) StdoutLine: {'line': b"Listing '/home/aimane/humble_ws/src/VNAV_23/vnav_ws/install/mav_planning_msgs/local/lib/python3.10/dist-packages/mav_planning_msgs/msg'...\n"}
[1.566316] (mav_planning_msgs) StdoutLine: {'line': b"Listing '/home/aimane/humble_ws/src/VNAV_23/vnav_ws/install/mav_planning_msgs/local/lib/python3.10/dist-packages/mav_planning_msgs/srv'...\n"}
[1.571150] (mav_planning_msgs) StdoutLine: {'line': b'-- Up-to-date: /home/aimane/humble_ws/src/VNAV_23/vnav_ws/install/mav_planning_msgs/local/lib/python3.10/dist-packages/mav_planning_msgs/mav_planning_msgs_s__rosidl_typesupport_fastrtps_c.cpython-310-x86_64-linux-gnu.so\n'}
[1.571583] (mav_planning_msgs) StdoutLine: {'line': b'-- Up-to-date: /home/aimane/humble_ws/src/VNAV_23/vnav_ws/install/mav_planning_msgs/local/lib/python3.10/dist-packages/mav_planning_msgs/mav_planning_msgs_s__rosidl_typesupport_introspection_c.cpython-310-x86_64-linux-gnu.so\n'}
[1.572018] (mav_planning_msgs) StdoutLine: {'line': b'-- Up-to-date: /home/aimane/humble_ws/src/VNAV_23/vnav_ws/install/mav_planning_msgs/local/lib/python3.10/dist-packages/mav_planning_msgs/mav_planning_msgs_s__rosidl_typesupport_c.cpython-310-x86_64-linux-gnu.so\n'}
[1.572525] (mav_planning_msgs) StdoutLine: {'line': b'-- Up-to-date: /home/aimane/humble_ws/src/VNAV_23/vnav_ws/install/mav_planning_msgs/lib/libmav_planning_msgs__rosidl_generator_py.so\n'}
[1.572816] (mav_planning_msgs) StdoutLine: {'line': b'-- Up-to-date: /home/aimane/humble_ws/src/VNAV_23/vnav_ws/install/mav_planning_msgs/share/mav_planning_msgs/msg/Point2D.idl\n'}
[1.573031] (mav_planning_msgs) StdoutLine: {'line': b'-- Up-to-date: /home/aimane/humble_ws/src/VNAV_23/vnav_ws/install/mav_planning_msgs/share/mav_planning_msgs/msg/PointCloudWithPose.idl\n'}
[1.573227] (mav_planning_msgs) StdoutLine: {'line': b'-- Up-to-date: /home/aimane/humble_ws/src/VNAV_23/vnav_ws/install/mav_planning_msgs/share/mav_planning_msgs/msg/Polygon2D.idl\n'}
[1.573396] (mav_planning_msgs) StdoutLine: {'line': b'-- Up-to-date: /home/aimane/humble_ws/src/VNAV_23/vnav_ws/install/mav_planning_msgs/share/mav_planning_msgs/msg/PolygonWithHoles.idl\n'}
[1.573569] (mav_planning_msgs) StdoutLine: {'line': b'-- Up-to-date: /home/aimane/humble_ws/src/VNAV_23/vnav_ws/install/mav_planning_msgs/share/mav_planning_msgs/msg/PolygonWithHolesStamped.idl\n'}
[1.573722] (mav_planning_msgs) StdoutLine: {'line': b'-- Up-to-date: /home/aimane/humble_ws/src/VNAV_23/vnav_ws/install/mav_planning_msgs/share/mav_planning_msgs/msg/PolynomialSegment.idl\n'}
[1.573873] (mav_planning_msgs) StdoutLine: {'line': b'-- Up-to-date: /home/aimane/humble_ws/src/VNAV_23/vnav_ws/install/mav_planning_msgs/share/mav_planning_msgs/msg/PolynomialSegment4D.idl\n'}
[1.574030] (mav_planning_msgs) StdoutLine: {'line': b'-- Up-to-date: /home/aimane/humble_ws/src/VNAV_23/vnav_ws/install/mav_planning_msgs/share/mav_planning_msgs/msg/PolynomialTrajectory.idl\n'}
[1.574202] (mav_planning_msgs) StdoutLine: {'line': b'-- Up-to-date: /home/aimane/humble_ws/src/VNAV_23/vnav_ws/install/mav_planning_msgs/share/mav_planning_msgs/msg/PolynomialTrajectory4D.idl\n'}
[1.574368] (mav_planning_msgs) StdoutLine: {'line': b'-- Up-to-date: /home/aimane/humble_ws/src/VNAV_23/vnav_ws/install/mav_planning_msgs/share/mav_planning_msgs/srv/PlannerService.idl\n'}
[1.574519] (mav_planning_msgs) StdoutLine: {'line': b'-- Up-to-date: /home/aimane/humble_ws/src/VNAV_23/vnav_ws/install/mav_planning_msgs/share/mav_planning_msgs/srv/PolygonService.idl\n'}
[1.574691] (mav_planning_msgs) StdoutLine: {'line': b'-- Up-to-date: /home/aimane/humble_ws/src/VNAV_23/vnav_ws/install/mav_planning_msgs/share/mav_planning_msgs/srv/ChangeNameService.idl\n'}
[1.574843] (mav_planning_msgs) StdoutLine: {'line': b'-- Up-to-date: /home/aimane/humble_ws/src/VNAV_23/vnav_ws/install/mav_planning_msgs/share/mav_planning_msgs/msg/Point2D.msg\n'}
[1.574993] (mav_planning_msgs) StdoutLine: {'line': b'-- Up-to-date: /home/aimane/humble_ws/src/VNAV_23/vnav_ws/install/mav_planning_msgs/share/mav_planning_msgs/msg/PointCloudWithPose.msg\n'}
[1.575140] (mav_planning_msgs) StdoutLine: {'line': b'-- Up-to-date: /home/aimane/humble_ws/src/VNAV_23/vnav_ws/install/mav_planning_msgs/share/mav_planning_msgs/msg/Polygon2D.msg\n'}
[1.575298] (mav_planning_msgs) StdoutLine: {'line': b'-- Up-to-date: /home/aimane/humble_ws/src/VNAV_23/vnav_ws/install/mav_planning_msgs/share/mav_planning_msgs/msg/PolygonWithHoles.msg\n'}
[1.575451] (mav_planning_msgs) StdoutLine: {'line': b'-- Up-to-date: /home/aimane/humble_ws/src/VNAV_23/vnav_ws/install/mav_planning_msgs/share/mav_planning_msgs/msg/PolygonWithHolesStamped.msg\n'}
[1.575606] (mav_planning_msgs) StdoutLine: {'line': b'-- Up-to-date: /home/aimane/humble_ws/src/VNAV_23/vnav_ws/install/mav_planning_msgs/share/mav_planning_msgs/msg/PolynomialSegment.msg\n'}
[1.575772] (mav_planning_msgs) StdoutLine: {'line': b'-- Up-to-date: /home/aimane/humble_ws/src/VNAV_23/vnav_ws/install/mav_planning_msgs/share/mav_planning_msgs/msg/PolynomialSegment4D.msg\n'}
[1.575924] (mav_planning_msgs) StdoutLine: {'line': b'-- Up-to-date: /home/aimane/humble_ws/src/VNAV_23/vnav_ws/install/mav_planning_msgs/share/mav_planning_msgs/msg/PolynomialTrajectory.msg\n'}
[1.576078] (mav_planning_msgs) StdoutLine: {'line': b'-- Up-to-date: /home/aimane/humble_ws/src/VNAV_23/vnav_ws/install/mav_planning_msgs/share/mav_planning_msgs/msg/PolynomialTrajectory4D.msg\n'}
[1.576249] (mav_planning_msgs) StdoutLine: {'line': b'-- Up-to-date: /home/aimane/humble_ws/src/VNAV_23/vnav_ws/install/mav_planning_msgs/share/mav_planning_msgs/srv/PlannerService.srv\n'}
[1.576400] (mav_planning_msgs) StdoutLine: {'line': b'-- Up-to-date: /home/aimane/humble_ws/src/VNAV_23/vnav_ws/install/mav_planning_msgs/share/mav_planning_msgs/srv/PlannerService_Request.msg\n'}
[1.576576] (mav_planning_msgs) StdoutLine: {'line': b'-- Up-to-date: /home/aimane/humble_ws/src/VNAV_23/vnav_ws/install/mav_planning_msgs/share/mav_planning_msgs/srv/PlannerService_Response.msg\n'}
[1.576708] (mav_planning_msgs) StdoutLine: {'line': b'-- Up-to-date: /home/aimane/humble_ws/src/VNAV_23/vnav_ws/install/mav_planning_msgs/share/mav_planning_msgs/srv/PolygonService.srv\n'}
[1.576882] (mav_planning_msgs) StdoutLine: {'line': b'-- Up-to-date: /home/aimane/humble_ws/src/VNAV_23/vnav_ws/install/mav_planning_msgs/share/mav_planning_msgs/srv/PolygonService_Request.msg\n'}
[1.577054] (mav_planning_msgs) StdoutLine: {'line': b'-- Up-to-date: /home/aimane/humble_ws/src/VNAV_23/vnav_ws/install/mav_planning_msgs/share/mav_planning_msgs/srv/PolygonService_Response.msg\n'}
[1.577226] (mav_planning_msgs) StdoutLine: {'line': b'-- Up-to-date: /home/aimane/humble_ws/src/VNAV_23/vnav_ws/install/mav_planning_msgs/share/mav_planning_msgs/srv/ChangeNameService.srv\n'}
[1.577382] (mav_planning_msgs) StdoutLine: {'line': b'-- Up-to-date: /home/aimane/humble_ws/src/VNAV_23/vnav_ws/install/mav_planning_msgs/share/mav_planning_msgs/srv/ChangeNameService_Request.msg\n'}
[1.577531] (mav_planning_msgs) StdoutLine: {'line': b'-- Up-to-date: /home/aimane/humble_ws/src/VNAV_23/vnav_ws/install/mav_planning_msgs/share/mav_planning_msgs/srv/ChangeNameService_Response.msg\n'}
[1.577668] (mav_planning_msgs) StdoutLine: {'line': b'-- Up-to-date: /home/aimane/humble_ws/src/VNAV_23/vnav_ws/install/mav_planning_msgs/include/mav_planning_msgs\n'}
[1.577838] (mav_planning_msgs) StdoutLine: {'line': b'-- Up-to-date: /home/aimane/humble_ws/src/VNAV_23/vnav_ws/install/mav_planning_msgs/include/mav_planning_msgs/conversions.hpp\n'}
[1.577989] (mav_planning_msgs) StdoutLine: {'line': b'-- Up-to-date: /home/aimane/humble_ws/src/VNAV_23/vnav_ws/install/mav_planning_msgs/include/mav_planning_msgs/conversions_deprecated.hpp\n'}
[1.578157] (mav_planning_msgs) StdoutLine: {'line': b'-- Up-to-date: /home/aimane/humble_ws/src/VNAV_23/vnav_ws/install/mav_planning_msgs/include/mav_planning_msgs/eigen_planning_msgs.hpp\n'}
[1.578318] (mav_planning_msgs) StdoutLine: {'line': b'-- Up-to-date: /home/aimane/humble_ws/src/VNAV_23/vnav_ws/install/mav_planning_msgs/share/ament_index/resource_index/package_run_dependencies/mav_planning_msgs\n'}
[1.578470] (mav_planning_msgs) StdoutLine: {'line': b'-- Up-to-date: /home/aimane/humble_ws/src/VNAV_23/vnav_ws/install/mav_planning_msgs/share/ament_index/resource_index/parent_prefix_path/mav_planning_msgs\n'}
[1.578618] (mav_planning_msgs) StdoutLine: {'line': b'-- Up-to-date: /home/aimane/humble_ws/src/VNAV_23/vnav_ws/install/mav_planning_msgs/share/mav_planning_msgs/environment/ament_prefix_path.sh\n'}
[1.578780] (mav_planning_msgs) StdoutLine: {'line': b'-- Up-to-date: /home/aimane/humble_ws/src/VNAV_23/vnav_ws/install/mav_planning_msgs/share/mav_planning_msgs/environment/ament_prefix_path.dsv\n'}
[1.578919] (mav_planning_msgs) StdoutLine: {'line': b'-- Up-to-date: /home/aimane/humble_ws/src/VNAV_23/vnav_ws/install/mav_planning_msgs/share/mav_planning_msgs/environment/path.sh\n'}
[1.579068] (mav_planning_msgs) StdoutLine: {'line': b'-- Up-to-date: /home/aimane/humble_ws/src/VNAV_23/vnav_ws/install/mav_planning_msgs/share/mav_planning_msgs/environment/path.dsv\n'}
[1.579210] (mav_planning_msgs) StdoutLine: {'line': b'-- Up-to-date: /home/aimane/humble_ws/src/VNAV_23/vnav_ws/install/mav_planning_msgs/share/mav_planning_msgs/local_setup.bash\n'}
[1.579367] (mav_planning_msgs) StdoutLine: {'line': b'-- Up-to-date: /home/aimane/humble_ws/src/VNAV_23/vnav_ws/install/mav_planning_msgs/share/mav_planning_msgs/local_setup.sh\n'}
[1.579514] (mav_planning_msgs) StdoutLine: {'line': b'-- Up-to-date: /home/aimane/humble_ws/src/VNAV_23/vnav_ws/install/mav_planning_msgs/share/mav_planning_msgs/local_setup.zsh\n'}
[1.579647] (mav_planning_msgs) StdoutLine: {'line': b'-- Up-to-date: /home/aimane/humble_ws/src/VNAV_23/vnav_ws/install/mav_planning_msgs/share/mav_planning_msgs/local_setup.dsv\n'}
[1.579801] (mav_planning_msgs) StdoutLine: {'line': b'-- Installing: /home/aimane/humble_ws/src/VNAV_23/vnav_ws/install/mav_planning_msgs/share/mav_planning_msgs/package.dsv\n'}
[1.579948] (mav_planning_msgs) StdoutLine: {'line': b'-- Up-to-date: /home/aimane/humble_ws/src/VNAV_23/vnav_ws/install/mav_planning_msgs/share/ament_index/resource_index/packages/mav_planning_msgs\n'}
[1.580116] (mav_planning_msgs) StdoutLine: {'line': b'-- Up-to-date: /home/aimane/humble_ws/src/VNAV_23/vnav_ws/install/mav_planning_msgs/share/mav_planning_msgs/cmake/export_mav_planning_msgs__rosidl_generator_cExport.cmake\n'}
[1.580262] (mav_planning_msgs) StdoutLine: {'line': b'-- Up-to-date: /home/aimane/humble_ws/src/VNAV_23/vnav_ws/install/mav_planning_msgs/share/mav_planning_msgs/cmake/export_mav_planning_msgs__rosidl_generator_cExport-noconfig.cmake\n'}
[1.580414] (mav_planning_msgs) StdoutLine: {'line': b'-- Up-to-date: /home/aimane/humble_ws/src/VNAV_23/vnav_ws/install/mav_planning_msgs/share/mav_planning_msgs/cmake/export_mav_planning_msgs__rosidl_typesupport_fastrtps_cExport.cmake\n'}
[1.580566] (mav_planning_msgs) StdoutLine: {'line': b'-- Up-to-date: /home/aimane/humble_ws/src/VNAV_23/vnav_ws/install/mav_planning_msgs/share/mav_planning_msgs/cmake/export_mav_planning_msgs__rosidl_typesupport_fastrtps_cExport-noconfig.cmake\n'}
[1.580714] (mav_planning_msgs) StdoutLine: {'line': b'-- Up-to-date: /home/aimane/humble_ws/src/VNAV_23/vnav_ws/install/mav_planning_msgs/share/mav_planning_msgs/cmake/mav_planning_msgs__rosidl_typesupport_introspection_cExport.cmake\n'}
[1.580877] (mav_planning_msgs) StdoutLine: {'line': b'-- Up-to-date: /home/aimane/humble_ws/src/VNAV_23/vnav_ws/install/mav_planning_msgs/share/mav_planning_msgs/cmake/mav_planning_msgs__rosidl_typesupport_introspection_cExport-noconfig.cmake\n'}
[1.581006] (mav_planning_msgs) StdoutLine: {'line': b'-- Up-to-date: /home/aimane/humble_ws/src/VNAV_23/vnav_ws/install/mav_planning_msgs/share/mav_planning_msgs/cmake/mav_planning_msgs__rosidl_typesupport_cExport.cmake\n'}
[1.581167] (mav_planning_msgs) StdoutLine: {'line': b'-- Up-to-date: /home/aimane/humble_ws/src/VNAV_23/vnav_ws/install/mav_planning_msgs/share/mav_planning_msgs/cmake/mav_planning_msgs__rosidl_typesupport_cExport-noconfig.cmake\n'}
[1.581308] (mav_planning_msgs) StdoutLine: {'line': b'-- Up-to-date: /home/aimane/humble_ws/src/VNAV_23/vnav_ws/install/mav_planning_msgs/share/mav_planning_msgs/cmake/export_mav_planning_msgs__rosidl_generator_cppExport.cmake\n'}
[1.581448] (mav_planning_msgs) StdoutLine: {'line': b'-- Up-to-date: /home/aimane/humble_ws/src/VNAV_23/vnav_ws/install/mav_planning_msgs/share/mav_planning_msgs/cmake/export_mav_planning_msgs__rosidl_typesupport_fastrtps_cppExport.cmake\n'}
[1.581605] (mav_planning_msgs) StdoutLine: {'line': b'-- Up-to-date: /home/aimane/humble_ws/src/VNAV_23/vnav_ws/install/mav_planning_msgs/share/mav_planning_msgs/cmake/export_mav_planning_msgs__rosidl_typesupport_fastrtps_cppExport-noconfig.cmake\n'}
[1.581750] (mav_planning_msgs) StdoutLine: {'line': b'-- Up-to-date: /home/aimane/humble_ws/src/VNAV_23/vnav_ws/install/mav_planning_msgs/share/mav_planning_msgs/cmake/mav_planning_msgs__rosidl_typesupport_introspection_cppExport.cmake\n'}
[1.581903] (mav_planning_msgs) StdoutLine: {'line': b'-- Up-to-date: /home/aimane/humble_ws/src/VNAV_23/vnav_ws/install/mav_planning_msgs/share/mav_planning_msgs/cmake/mav_planning_msgs__rosidl_typesupport_introspection_cppExport-noconfig.cmake\n'}
[1.582051] (mav_planning_msgs) StdoutLine: {'line': b'-- Up-to-date: /home/aimane/humble_ws/src/VNAV_23/vnav_ws/install/mav_planning_msgs/share/mav_planning_msgs/cmake/mav_planning_msgs__rosidl_typesupport_cppExport.cmake\n'}
[1.582200] (mav_planning_msgs) StdoutLine: {'line': b'-- Up-to-date: /home/aimane/humble_ws/src/VNAV_23/vnav_ws/install/mav_planning_msgs/share/mav_planning_msgs/cmake/mav_planning_msgs__rosidl_typesupport_cppExport-noconfig.cmake\n'}
[1.582367] (mav_planning_msgs) StdoutLine: {'line': b'-- Up-to-date: /home/aimane/humble_ws/src/VNAV_23/vnav_ws/install/mav_planning_msgs/share/mav_planning_msgs/cmake/export_mav_planning_msgs__rosidl_generator_pyExport.cmake\n'}
[1.582542] (mav_planning_msgs) StdoutLine: {'line': b'-- Up-to-date: /home/aimane/humble_ws/src/VNAV_23/vnav_ws/install/mav_planning_msgs/share/mav_planning_msgs/cmake/export_mav_planning_msgs__rosidl_generator_pyExport-noconfig.cmake\n'}
[1.582676] (mav_planning_msgs) StdoutLine: {'line': b'-- Up-to-date: /home/aimane/humble_ws/src/VNAV_23/vnav_ws/install/mav_planning_msgs/share/mav_planning_msgs/cmake/rosidl_cmake-extras.cmake\n'}
[1.582848] (mav_planning_msgs) StdoutLine: {'line': b'-- Up-to-date: /home/aimane/humble_ws/src/VNAV_23/vnav_ws/install/mav_planning_msgs/share/mav_planning_msgs/cmake/ament_cmake_export_dependencies-extras.cmake\n'}
[1.583001] (mav_planning_msgs) StdoutLine: {'line': b'-- Up-to-date: /home/aimane/humble_ws/src/VNAV_23/vnav_ws/install/mav_planning_msgs/share/mav_planning_msgs/cmake/ament_cmake_export_include_directories-extras.cmake\n'}
[1.583163] (mav_planning_msgs) StdoutLine: {'line': b'-- Up-to-date: /home/aimane/humble_ws/src/VNAV_23/vnav_ws/install/mav_planning_msgs/share/mav_planning_msgs/cmake/ament_cmake_export_libraries-extras.cmake\n'}
[1.583302] (mav_planning_msgs) StdoutLine: {'line': b'-- Up-to-date: /home/aimane/humble_ws/src/VNAV_23/vnav_ws/install/mav_planning_msgs/share/mav_planning_msgs/cmake/ament_cmake_export_targets-extras.cmake\n'}
[1.583483] (mav_planning_msgs) StdoutLine: {'line': b'-- Up-to-date: /home/aimane/humble_ws/src/VNAV_23/vnav_ws/install/mav_planning_msgs/share/mav_planning_msgs/cmake/rosidl_cmake_export_typesupport_targets-extras.cmake\n'}
[1.583657] (mav_planning_msgs) StdoutLine: {'line': b'-- Up-to-date: /home/aimane/humble_ws/src/VNAV_23/vnav_ws/install/mav_planning_msgs/share/mav_planning_msgs/cmake/rosidl_cmake_export_typesupport_libraries-extras.cmake\n'}
[1.583807] (mav_planning_msgs) StdoutLine: {'line': b'-- Up-to-date: /home/aimane/humble_ws/src/VNAV_23/vnav_ws/install/mav_planning_msgs/share/mav_planning_msgs/cmake/mav_planning_msgsConfig.cmake\n'}
[1.583933] (mav_planning_msgs) StdoutLine: {'line': b'-- Up-to-date: /home/aimane/humble_ws/src/VNAV_23/vnav_ws/install/mav_planning_msgs/share/mav_planning_msgs/cmake/mav_planning_msgsConfig-version.cmake\n'}
[1.584075] (mav_planning_msgs) StdoutLine: {'line': b'-- Up-to-date: /home/aimane/humble_ws/src/VNAV_23/vnav_ws/install/mav_planning_msgs/share/mav_planning_msgs/package.xml\n'}
[1.586791] (mav_planning_msgs) CommandEnded: {'returncode': 0}
[1.603822] (mav_planning_msgs) JobEnded: {'identifier': 'mav_planning_msgs', 'rc': 0}
[1.605186] (mav_comm) JobStarted: {'identifier': 'mav_comm'}
[1.607360] (-) TimerEvent: {}
[1.625562] (mav_comm) JobProgress: {'identifier': 'mav_comm', 'progress': 'cmake'}
[1.626182] (mav_comm) JobProgress: {'identifier': 'mav_comm', 'progress': 'build'}
[1.626602] (mav_comm) Command: {'cmd': ['/usr/bin/cmake', '--build', '/home/aimane/humble_ws/src/VNAV_23/vnav_ws/build/mav_comm', '--', '-j8', '-l8'], 'cwd': '/home/aimane/humble_ws/src/VNAV_23/vnav_ws/build/mav_comm', 'env': OrderedDict([('HOSTNAME', 'aimane'), ('SHLVL', '1'), ('LD_LIBRARY_PATH', '/home/aimane/humble_ws/src/VNAV_23/vnav_ws/install/mav_planning_msgs/lib:/home/aimane/humble_ws/src/VNAV_23/vnav_ws/install/mav_system_msgs/lib:/home/aimane/humble_ws/src/VNAV_23/vnav_ws/install/mav_state_machine_msgs/lib:/home/aimane/humble_ws/src/VNAV_23/vnav_ws/install/mav_msgs/lib:/opt/ros/humble/opt/rviz_ogre_vendor/lib:/opt/ros/humble/lib/x86_64-linux-gnu:/opt/ros/humble/lib'), ('HOME', '/home/aimane'), ('OLDPWD', '/home/aimane/humble_ws/src/VNAV_23/vnav_ws'), ('ROS_PYTHON_VERSION', '3'), ('ROS_DISTRO', 'humble'), ('_', '/usr/bin/colcon'), ('ROS_VERSION', '2'), ('TERM', 'xterm-256color'), ('ROS_LOCALHOST_ONLY', '0'), ('PATH', '/opt/ros/humble/bin:/usr/local/sbin:/usr/local/bin:/usr/sbin:/usr/bin:/sbin:/bin'), ('DISPLAY', ':1'), ('LANG', 'C.UTF-8'), ('AMENT_PREFIX_PATH', '/home/aimane/humble_ws/src/VNAV_23/vnav_ws/install/mav_planning_msgs:/home/aimane/humble_ws/src/VNAV_23/vnav_ws/install/mav_system_msgs:/home/aimane/humble_ws/src/VNAV_23/vnav_ws/install/mav_state_machine_msgs:/home/aimane/humble_ws/src/VNAV_23/vnav_ws/install/mav_msgs:/opt/ros/humble'), ('DEBIAN_FRONTEND', 'noninteractive'), ('PWD', '/home/aimane/humble_ws/src/VNAV_23/vnav_ws/build/mav_comm'), ('LC_ALL', 'C.UTF-8'), ('PYTHONPATH', '/home/aimane/humble_ws/src/VNAV_23/vnav_ws/install/mav_planning_msgs/local/lib/python3.10/dist-packages:/home/aimane/humble_ws/src/VNAV_23/vnav_ws/install/mav_msgs/local/lib/python3.10/dist-packages:/opt/ros/humble/lib/python3.10/site-packages:/opt/ros/humble/local/lib/python3.10/dist-packages'), ('COLCON', '1'), ('CMAKE_PREFIX_PATH', '/home/aimane/humble_ws/src/VNAV_23/vnav_ws/install/mav_planning_msgs:/home/aimane/humble_ws/src/VNAV_23/vnav_ws/install/mav_system_msgs:/home/aimane/humble_ws/src/VNAV_23/vnav_ws/install/mav_state_machine_msgs:/home/aimane/humble_ws/src/VNAV_23/vnav_ws/install/mav_msgs:/opt/ros/humble')]), 'shell': False}
[1.655253] (tesse_ros_bridge) StdoutLine: {'line': b'running egg_info\n'}
[1.655979] (tesse_ros_bridge) StdoutLine: {'line': b'writing ../../../build/tesse_ros_bridge/tesse_ros_bridge.egg-info/PKG-INFO\n'}
[1.656223] (tesse_ros_bridge) StdoutLine: {'line': b'writing dependency_links to ../../../build/tesse_ros_bridge/tesse_ros_bridge.egg-info/dependency_links.txt\n'}
[1.656419] (tesse_ros_bridge) StdoutLine: {'line': b'writing entry points to ../../../build/tesse_ros_bridge/tesse_ros_bridge.egg-info/entry_points.txt\n'}
[1.656590] (tesse_ros_bridge) StdoutLine: {'line': b'writing requirements to ../../../build/tesse_ros_bridge/tesse_ros_bridge.egg-info/requires.txt\n'}
[1.656755] (tesse_ros_bridge) StdoutLine: {'line': b'writing top-level names to ../../../build/tesse_ros_bridge/tesse_ros_bridge.egg-info/top_level.txt\n'}
[1.659623] (tesse_ros_bridge) StdoutLine: {'line': b"reading manifest file '../../../build/tesse_ros_bridge/tesse_ros_bridge.egg-info/SOURCES.txt'\n"}
[1.660840] (tesse_ros_bridge) StdoutLine: {'line': b"writing manifest file '../../../build/tesse_ros_bridge/tesse_ros_bridge.egg-info/SOURCES.txt'\n"}
[1.660997] (tesse_ros_bridge) StdoutLine: {'line': b'running build\n'}
[1.661113] (tesse_ros_bridge) StdoutLine: {'line': b'running build_py\n'}
[1.662022] (tesse_ros_bridge) StdoutLine: {'line': b'running install\n'}
[1.662489] (tesse_ros_bridge) StdoutLine: {'line': b'running install_lib\n'}
[1.664470] (tesse_ros_bridge) StdoutLine: {'line': b'running install_data\n'}
[1.664885] (tesse_ros_bridge) StdoutLine: {'line': b'running install_egg_info\n'}
[1.666957] (tesse_ros_bridge) StdoutLine: {'line': b"removing '/home/aimane/humble_ws/src/VNAV_23/vnav_ws/install/tesse_ros_bridge/lib/python3.10/site-packages/tesse_ros_bridge-0.0.0-py3.10.egg-info' (and everything under it)\n"}
[1.667374] (tesse_ros_bridge) StdoutLine: {'line': b'Copying ../../../build/tesse_ros_bridge/tesse_ros_bridge.egg-info to /home/aimane/humble_ws/src/VNAV_23/vnav_ws/install/tesse_ros_bridge/lib/python3.10/site-packages/tesse_ros_bridge-0.0.0-py3.10.egg-info\n'}
[1.668417] (tesse_ros_bridge) StdoutLine: {'line': b'running install_scripts\n'}
[1.675860] (mav_comm) CommandEnded: {'returncode': 0}
[1.676499] (mav_comm) JobProgress: {'identifier': 'mav_comm', 'progress': 'install'}
[1.676877] (mav_comm) Command: {'cmd': ['/usr/bin/cmake', '--install', '/home/aimane/humble_ws/src/VNAV_23/vnav_ws/build/mav_comm'], 'cwd': '/home/aimane/humble_ws/src/VNAV_23/vnav_ws/build/mav_comm', 'env': OrderedDict([('HOSTNAME', 'aimane'), ('SHLVL', '1'), ('LD_LIBRARY_PATH', '/home/aimane/humble_ws/src/VNAV_23/vnav_ws/install/mav_planning_msgs/lib:/home/aimane/humble_ws/src/VNAV_23/vnav_ws/install/mav_system_msgs/lib:/home/aimane/humble_ws/src/VNAV_23/vnav_ws/install/mav_state_machine_msgs/lib:/home/aimane/humble_ws/src/VNAV_23/vnav_ws/install/mav_msgs/lib:/opt/ros/humble/opt/rviz_ogre_vendor/lib:/opt/ros/humble/lib/x86_64-linux-gnu:/opt/ros/humble/lib'), ('HOME', '/home/aimane'), ('OLDPWD', '/home/aimane/humble_ws/src/VNAV_23/vnav_ws'), ('ROS_PYTHON_VERSION', '3'), ('ROS_DISTRO', 'humble'), ('_', '/usr/bin/colcon'), ('ROS_VERSION', '2'), ('TERM', 'xterm-256color'), ('ROS_LOCALHOST_ONLY', '0'), ('PATH', '/opt/ros/humble/bin:/usr/local/sbin:/usr/local/bin:/usr/sbin:/usr/bin:/sbin:/bin'), ('DISPLAY', ':1'), ('LANG', 'C.UTF-8'), ('AMENT_PREFIX_PATH', '/home/aimane/humble_ws/src/VNAV_23/vnav_ws/install/mav_planning_msgs:/home/aimane/humble_ws/src/VNAV_23/vnav_ws/install/mav_system_msgs:/home/aimane/humble_ws/src/VNAV_23/vnav_ws/install/mav_state_machine_msgs:/home/aimane/humble_ws/src/VNAV_23/vnav_ws/install/mav_msgs:/opt/ros/humble'), ('DEBIAN_FRONTEND', 'noninteractive'), ('PWD', '/home/aimane/humble_ws/src/VNAV_23/vnav_ws/build/mav_comm'), ('LC_ALL', 'C.UTF-8'), ('PYTHONPATH', '/home/aimane/humble_ws/src/VNAV_23/vnav_ws/install/mav_planning_msgs/local/lib/python3.10/dist-packages:/home/aimane/humble_ws/src/VNAV_23/vnav_ws/install/mav_msgs/local/lib/python3.10/dist-packages:/opt/ros/humble/lib/python3.10/site-packages:/opt/ros/humble/local/lib/python3.10/dist-packages'), ('COLCON', '1'), ('CMAKE_PREFIX_PATH', '/home/aimane/humble_ws/src/VNAV_23/vnav_ws/install/mav_planning_msgs:/home/aimane/humble_ws/src/VNAV_23/vnav_ws/install/mav_system_msgs:/home/aimane/humble_ws/src/VNAV_23/vnav_ws/install/mav_state_machine_msgs:/home/aimane/humble_ws/src/VNAV_23/vnav_ws/install/mav_msgs:/opt/ros/humble')]), 'shell': False}
[1.686201] (mav_comm) StdoutLine: {'line': b'-- Install configuration: ""\n'}
[1.686493] (mav_comm) StdoutLine: {'line': b'-- Up-to-date: /home/aimane/humble_ws/src/VNAV_23/vnav_ws/install/mav_comm/share/ament_index/resource_index/package_run_dependencies/mav_comm\n'}
[1.686685] (mav_comm) StdoutLine: {'line': b'-- Up-to-date: /home/aimane/humble_ws/src/VNAV_23/vnav_ws/install/mav_comm/share/ament_index/resource_index/parent_prefix_path/mav_comm\n'}
[1.686887] (mav_comm) StdoutLine: {'line': b'-- Up-to-date: /home/aimane/humble_ws/src/VNAV_23/vnav_ws/install/mav_comm/share/mav_comm/environment/ament_prefix_path.sh\n'}
[1.687070] (mav_comm) StdoutLine: {'line': b'-- Up-to-date: /home/aimane/humble_ws/src/VNAV_23/vnav_ws/install/mav_comm/share/mav_comm/environment/ament_prefix_path.dsv\n'}
[1.687252] (mav_comm) StdoutLine: {'line': b'-- Up-to-date: /home/aimane/humble_ws/src/VNAV_23/vnav_ws/install/mav_comm/share/mav_comm/environment/path.sh\n'}
[1.687419] (mav_comm) StdoutLine: {'line': b'-- Up-to-date: /home/aimane/humble_ws/src/VNAV_23/vnav_ws/install/mav_comm/share/mav_comm/environment/path.dsv\n'}
[1.687557] (mav_comm) StdoutLine: {'line': b'-- Up-to-date: /home/aimane/humble_ws/src/VNAV_23/vnav_ws/install/mav_comm/share/mav_comm/local_setup.bash\n'}
[1.687691] (mav_comm) StdoutLine: {'line': b'-- Up-to-date: /home/aimane/humble_ws/src/VNAV_23/vnav_ws/install/mav_comm/share/mav_comm/local_setup.sh\n'}
[1.687863] (mav_comm) StdoutLine: {'line': b'-- Up-to-date: /home/aimane/humble_ws/src/VNAV_23/vnav_ws/install/mav_comm/share/mav_comm/local_setup.zsh\n'}
[1.688025] (mav_comm) StdoutLine: {'line': b'-- Up-to-date: /home/aimane/humble_ws/src/VNAV_23/vnav_ws/install/mav_comm/share/mav_comm/local_setup.dsv\n'}
[1.688167] (mav_comm) StdoutLine: {'line': b'-- Installing: /home/aimane/humble_ws/src/VNAV_23/vnav_ws/install/mav_comm/share/mav_comm/package.dsv\n'}
[1.688282] (mav_comm) StdoutLine: {'line': b'-- Up-to-date: /home/aimane/humble_ws/src/VNAV_23/vnav_ws/install/mav_comm/share/ament_index/resource_index/packages/mav_comm\n'}
[1.688400] (mav_comm) StdoutLine: {'line': b'-- Up-to-date: /home/aimane/humble_ws/src/VNAV_23/vnav_ws/install/mav_comm/share/mav_comm/cmake/mav_commConfig.cmake\n'}
[1.688500] (mav_comm) StdoutLine: {'line': b'-- Up-to-date: /home/aimane/humble_ws/src/VNAV_23/vnav_ws/install/mav_comm/share/mav_comm/cmake/mav_commConfig-version.cmake\n'}
[1.688623] (mav_comm) StdoutLine: {'line': b'-- Up-to-date: /home/aimane/humble_ws/src/VNAV_23/vnav_ws/install/mav_comm/share/mav_comm/package.xml\n'}
[1.690795] (mav_comm) CommandEnded: {'returncode': 0}
[1.692188] (tesse_ros_bridge) StdoutLine: {'line': b'Installing key_teleop script to /home/aimane/humble_ws/src/VNAV_23/vnav_ws/install/tesse_ros_bridge/lib/tesse_ros_bridge\n'}
[1.692686] (tesse_ros_bridge) StdoutLine: {'line': b'Installing quadrotor_control_interface script to /home/aimane/humble_ws/src/VNAV_23/vnav_ws/install/tesse_ros_bridge/lib/tesse_ros_bridge\n'}
[1.692784] (tesse_ros_bridge) StdoutLine: {'line': b'Installing tesse_ros_node script to /home/aimane/humble_ws/src/VNAV_23/vnav_ws/install/tesse_ros_bridge/lib/tesse_ros_bridge\n'}
[1.692901] (tesse_ros_bridge) StdoutLine: {'line': b"writing list of installed files to '/home/aimane/humble_ws/src/VNAV_23/vnav_ws/build/tesse_ros_bridge/install.log'\n"}
[1.705311] (mav_comm) JobEnded: {'identifier': 'mav_comm', 'rc': 0}
[1.707449] (-) TimerEvent: {}
[1.724131] (tesse_ros_bridge) CommandEnded: {'returncode': 0}
[1.730935] (tesse_ros_bridge) JobEnded: {'identifier': 'tesse_ros_bridge', 'rc': 0}
[1.731998] (-) EventReactorShutdown: {}
