[0.126s] DEBUG:colcon:Command line arguments: ['/usr/bin/colcon', 'build']
[0.126s] DEBUG:colcon:Parsed command line arguments: Namespace(log_base=None, log_level=None, verb_name='build', build_base='build', install_base='install', merge_install=False, symlink_install=False, test_result_base=None, continue_on_error=False, executor='parallel', parallel_workers=8, event_handlers=None, ignore_user_meta=False, metas=['./colcon.meta'], base_paths=['.'], packages_ignore=None, packages_ignore_regex=None, paths=None, packages_up_to=None, packages_up_to_regex=None, packages_above=None, packages_above_and_dependencies=None, packages_above_depth=None, packages_select_by_dep=None, packages_skip_by_dep=None, packages_skip_up_to=None, packages_select_build_failed=False, packages_skip_build_finished=False, packages_select_test_failures=False, packages_skip_test_passed=False, packages_select=None, packages_skip=None, packages_select_regex=None, packages_skip_regex=None, packages_start=None, packages_end=None, cmake_args=None, cmake_target=None, cmake_target_skip_unavailable=False, cmake_clean_cache=False, cmake_clean_first=False, cmake_force_configure=False, ament_cmake_args=None, catkin_cmake_args=None, catkin_skip_building_tests=False, mixin_files=None, mixin=None, verb_parser=<colcon_mixin.mixin.mixin_argument.MixinArgumentDecorator object at 0x73cd8399f730>, verb_extension=<colcon_core.verb.build.BuildVerb object at 0x73cd83b4cd90>, main=<bound method BuildVerb.main of <colcon_core.verb.build.BuildVerb object at 0x73cd83b4cd90>>, mixin_verb=('build',))
[0.287s] Level 1:colcon.colcon_core.package_discovery:discover_packages(colcon_meta) check parameters
[0.287s] Level 1:colcon.colcon_core.package_discovery:discover_packages(recursive) check parameters
[0.287s] Level 1:colcon.colcon_core.package_discovery:discover_packages(ignore) check parameters
[0.287s] Level 1:colcon.colcon_core.package_discovery:discover_packages(path) check parameters
[0.287s] Level 1:colcon.colcon_core.package_discovery:discover_packages(colcon_meta) discover
[0.287s] Level 1:colcon.colcon_core.package_discovery:discover_packages(recursive) discover
[0.287s] INFO:colcon.colcon_core.package_discovery:Crawling recursively for packages in '/home/aimane/humble_ws/src/VNAV_23/vnav_ws'
[0.288s] Level 1:colcon.colcon_core.package_identification:_identify(.) by extensions ['ignore', 'ignore_ament_install']
[0.288s] Level 1:colcon.colcon_core.package_identification:_identify(.) by extension 'ignore'
[0.288s] Level 1:colcon.colcon_core.package_identification:_identify(.) by extension 'ignore_ament_install'
[0.288s] Level 1:colcon.colcon_core.package_identification:_identify(.) by extensions ['colcon_pkg']
[0.288s] Level 1:colcon.colcon_core.package_identification:_identify(.) by extension 'colcon_pkg'
[0.288s] Level 1:colcon.colcon_core.package_identification:_identify(.) by extensions ['colcon_meta']
[0.288s] Level 1:colcon.colcon_core.package_identification:_identify(.) by extension 'colcon_meta'
[0.288s] Level 1:colcon.colcon_core.package_identification:_identify(.) by extensions ['ros']
[0.288s] Level 1:colcon.colcon_core.package_identification:_identify(.) by extension 'ros'
[0.300s] Level 1:colcon.colcon_core.package_identification:_identify(.) by extensions ['cmake', 'python']
[0.301s] Level 1:colcon.colcon_core.package_identification:_identify(.) by extension 'cmake'
[0.301s] Level 1:colcon.colcon_core.package_identification:_identify(.) by extension 'python'
[0.301s] Level 1:colcon.colcon_core.package_identification:_identify(.) by extensions ['python_setup_py']
[0.301s] Level 1:colcon.colcon_core.package_identification:_identify(.) by extension 'python_setup_py'
[0.301s] Level 1:colcon.colcon_core.package_identification:_identify(build) by extensions ['ignore', 'ignore_ament_install']
[0.301s] Level 1:colcon.colcon_core.package_identification:_identify(build) by extension 'ignore'
[0.301s] Level 1:colcon.colcon_core.package_identification:_identify(build) ignored
[0.301s] Level 1:colcon.colcon_core.package_identification:_identify(install) by extensions ['ignore', 'ignore_ament_install']
[0.301s] Level 1:colcon.colcon_core.package_identification:_identify(install) by extension 'ignore'
[0.301s] Level 1:colcon.colcon_core.package_identification:_identify(install) ignored
[0.301s] Level 1:colcon.colcon_core.package_identification:_identify(log) by extensions ['ignore', 'ignore_ament_install']
[0.301s] Level 1:colcon.colcon_core.package_identification:_identify(log) by extension 'ignore'
[0.301s] Level 1:colcon.colcon_core.package_identification:_identify(log) ignored
[0.302s] Level 1:colcon.colcon_core.package_identification:_identify(src) by extensions ['ignore', 'ignore_ament_install']
[0.302s] Level 1:colcon.colcon_core.package_identification:_identify(src) by extension 'ignore'
[0.302s] Level 1:colcon.colcon_core.package_identification:_identify(src) by extension 'ignore_ament_install'
[0.302s] Level 1:colcon.colcon_core.package_identification:_identify(src) by extensions ['colcon_pkg']
[0.302s] Level 1:colcon.colcon_core.package_identification:_identify(src) by extension 'colcon_pkg'
[0.302s] Level 1:colcon.colcon_core.package_identification:_identify(src) by extensions ['colcon_meta']
[0.302s] Level 1:colcon.colcon_core.package_identification:_identify(src) by extension 'colcon_meta'
[0.302s] Level 1:colcon.colcon_core.package_identification:_identify(src) by extensions ['ros']
[0.302s] Level 1:colcon.colcon_core.package_identification:_identify(src) by extension 'ros'
[0.302s] Level 1:colcon.colcon_core.package_identification:_identify(src) by extensions ['cmake', 'python']
[0.302s] Level 1:colcon.colcon_core.package_identification:_identify(src) by extension 'cmake'
[0.302s] Level 1:colcon.colcon_core.package_identification:_identify(src) by extension 'python'
[0.302s] Level 1:colcon.colcon_core.package_identification:_identify(src) by extensions ['python_setup_py']
[0.302s] Level 1:colcon.colcon_core.package_identification:_identify(src) by extension 'python_setup_py'
[0.302s] Level 1:colcon.colcon_core.package_identification:_identify(src/Lab3) by extensions ['ignore', 'ignore_ament_install']
[0.302s] Level 1:colcon.colcon_core.package_identification:_identify(src/Lab3) by extension 'ignore'
[0.303s] Level 1:colcon.colcon_core.package_identification:_identify(src/Lab3) by extension 'ignore_ament_install'
[0.303s] Level 1:colcon.colcon_core.package_identification:_identify(src/Lab3) by extensions ['colcon_pkg']
[0.303s] Level 1:colcon.colcon_core.package_identification:_identify(src/Lab3) by extension 'colcon_pkg'
[0.303s] Level 1:colcon.colcon_core.package_identification:_identify(src/Lab3) by extensions ['colcon_meta']
[0.303s] Level 1:colcon.colcon_core.package_identification:_identify(src/Lab3) by extension 'colcon_meta'
[0.303s] Level 1:colcon.colcon_core.package_identification:_identify(src/Lab3) by extensions ['ros']
[0.303s] Level 1:colcon.colcon_core.package_identification:_identify(src/Lab3) by extension 'ros'
[0.303s] Level 1:colcon.colcon_core.package_identification:_identify(src/Lab3) by extensions ['cmake', 'python']
[0.303s] Level 1:colcon.colcon_core.package_identification:_identify(src/Lab3) by extension 'cmake'
[0.303s] Level 1:colcon.colcon_core.package_identification:_identify(src/Lab3) by extension 'python'
[0.303s] Level 1:colcon.colcon_core.package_identification:_identify(src/Lab3) by extensions ['python_setup_py']
[0.303s] Level 1:colcon.colcon_core.package_identification:_identify(src/Lab3) by extension 'python_setup_py'
[0.303s] Level 1:colcon.colcon_core.package_identification:_identify(src/Lab3/build) by extensions ['ignore', 'ignore_ament_install']
[0.303s] Level 1:colcon.colcon_core.package_identification:_identify(src/Lab3/build) by extension 'ignore'
[0.303s] Level 1:colcon.colcon_core.package_identification:_identify(src/Lab3/build) ignored
[0.303s] Level 1:colcon.colcon_core.package_identification:_identify(src/Lab3/controller_pkg) by extensions ['ignore', 'ignore_ament_install']
[0.303s] Level 1:colcon.colcon_core.package_identification:_identify(src/Lab3/controller_pkg) by extension 'ignore'
[0.304s] Level 1:colcon.colcon_core.package_identification:_identify(src/Lab3/controller_pkg) by extension 'ignore_ament_install'
[0.304s] Level 1:colcon.colcon_core.package_identification:_identify(src/Lab3/controller_pkg) by extensions ['colcon_pkg']
[0.304s] Level 1:colcon.colcon_core.package_identification:_identify(src/Lab3/controller_pkg) by extension 'colcon_pkg'
[0.304s] Level 1:colcon.colcon_core.package_identification:_identify(src/Lab3/controller_pkg) by extensions ['colcon_meta']
[0.304s] Level 1:colcon.colcon_core.package_identification:_identify(src/Lab3/controller_pkg) by extension 'colcon_meta'
[0.304s] Level 1:colcon.colcon_core.package_identification:_identify(src/Lab3/controller_pkg) by extensions ['ros']
[0.304s] Level 1:colcon.colcon_core.package_identification:_identify(src/Lab3/controller_pkg) by extension 'ros'
[0.307s] DEBUG:colcon.colcon_core.package_identification:Package 'src/Lab3/controller_pkg' with type 'ros.ament_cmake' and name 'controller_pkg'
[0.307s] Level 1:colcon.colcon_core.package_identification:_identify(src/Lab3/install) by extensions ['ignore', 'ignore_ament_install']
[0.307s] Level 1:colcon.colcon_core.package_identification:_identify(src/Lab3/install) by extension 'ignore'
[0.308s] Level 1:colcon.colcon_core.package_identification:_identify(src/Lab3/install) ignored
[0.308s] Level 1:colcon.colcon_core.package_identification:_identify(src/Lab3/log) by extensions ['ignore', 'ignore_ament_install']
[0.308s] Level 1:colcon.colcon_core.package_identification:_identify(src/Lab3/log) by extension 'ignore'
[0.308s] Level 1:colcon.colcon_core.package_identification:_identify(src/Lab3/log) ignored
[0.308s] Level 1:colcon.colcon_core.package_identification:_identify(src/Lab3/tesse-interface) by extensions ['ignore', 'ignore_ament_install']
[0.308s] Level 1:colcon.colcon_core.package_identification:_identify(src/Lab3/tesse-interface) by extension 'ignore'
[0.308s] Level 1:colcon.colcon_core.package_identification:_identify(src/Lab3/tesse-interface) by extension 'ignore_ament_install'
[0.308s] Level 1:colcon.colcon_core.package_identification:_identify(src/Lab3/tesse-interface) by extensions ['colcon_pkg']
[0.308s] Level 1:colcon.colcon_core.package_identification:_identify(src/Lab3/tesse-interface) by extension 'colcon_pkg'
[0.308s] Level 1:colcon.colcon_core.package_identification:_identify(src/Lab3/tesse-interface) by extensions ['colcon_meta']
[0.308s] Level 1:colcon.colcon_core.package_identification:_identify(src/Lab3/tesse-interface) by extension 'colcon_meta'
[0.308s] Level 1:colcon.colcon_core.package_identification:_identify(src/Lab3/tesse-interface) by extensions ['ros']
[0.308s] Level 1:colcon.colcon_core.package_identification:_identify(src/Lab3/tesse-interface) by extension 'ros'
[0.308s] Level 1:colcon.colcon_core.package_identification:_identify(src/Lab3/tesse-interface) by extensions ['cmake', 'python']
[0.308s] Level 1:colcon.colcon_core.package_identification:_identify(src/Lab3/tesse-interface) by extension 'cmake'
[0.309s] Level 1:colcon.colcon_core.package_identification:_identify(src/Lab3/tesse-interface) by extension 'python'
[0.309s] DEBUG:colcon.colcon_core.package_identification:Python package in 'src/Lab3/tesse-interface' passes arguments to the setup() function which requires a different identification extension than 'python'
[0.309s] Level 1:colcon.colcon_core.package_identification:_identify(src/Lab3/tesse-interface) by extensions ['python_setup_py']
[0.309s] Level 1:colcon.colcon_core.package_identification:_identify(src/Lab3/tesse-interface) by extension 'python_setup_py'
[0.574s] DEBUG:colcon.colcon_core.package_identification:Package 'src/Lab3/tesse-interface' with type 'python' and name 'tesse'
[0.574s] Level 1:colcon.colcon_core.package_identification:_identify(src/Lab3/tesse_msgs) by extensions ['ignore', 'ignore_ament_install']
[0.575s] Level 1:colcon.colcon_core.package_identification:_identify(src/Lab3/tesse_msgs) by extension 'ignore'
[0.575s] Level 1:colcon.colcon_core.package_identification:_identify(src/Lab3/tesse_msgs) by extension 'ignore_ament_install'
[0.575s] Level 1:colcon.colcon_core.package_identification:_identify(src/Lab3/tesse_msgs) by extensions ['colcon_pkg']
[0.575s] Level 1:colcon.colcon_core.package_identification:_identify(src/Lab3/tesse_msgs) by extension 'colcon_pkg'
[0.575s] Level 1:colcon.colcon_core.package_identification:_identify(src/Lab3/tesse_msgs) by extensions ['colcon_meta']
[0.575s] Level 1:colcon.colcon_core.package_identification:_identify(src/Lab3/tesse_msgs) by extension 'colcon_meta'
[0.575s] Level 1:colcon.colcon_core.package_identification:_identify(src/Lab3/tesse_msgs) by extensions ['ros']
[0.575s] Level 1:colcon.colcon_core.package_identification:_identify(src/Lab3/tesse_msgs) by extension 'ros'
[0.576s] DEBUG:colcon.colcon_core.package_identification:Package 'src/Lab3/tesse_msgs' with type 'ros.ament_cmake' and name 'tesse_msgs'
[0.576s] Level 1:colcon.colcon_core.package_identification:_identify(src/Lab3/tesse_ros_bridge) by extensions ['ignore', 'ignore_ament_install']
[0.576s] Level 1:colcon.colcon_core.package_identification:_identify(src/Lab3/tesse_ros_bridge) by extension 'ignore'
[0.576s] Level 1:colcon.colcon_core.package_identification:_identify(src/Lab3/tesse_ros_bridge) by extension 'ignore_ament_install'
[0.576s] Level 1:colcon.colcon_core.package_identification:_identify(src/Lab3/tesse_ros_bridge) by extensions ['colcon_pkg']
[0.576s] Level 1:colcon.colcon_core.package_identification:_identify(src/Lab3/tesse_ros_bridge) by extension 'colcon_pkg'
[0.576s] Level 1:colcon.colcon_core.package_identification:_identify(src/Lab3/tesse_ros_bridge) by extensions ['colcon_meta']
[0.576s] Level 1:colcon.colcon_core.package_identification:_identify(src/Lab3/tesse_ros_bridge) by extension 'colcon_meta'
[0.576s] Level 1:colcon.colcon_core.package_identification:_identify(src/Lab3/tesse_ros_bridge) by extensions ['ros']
[0.576s] Level 1:colcon.colcon_core.package_identification:_identify(src/Lab3/tesse_ros_bridge) by extension 'ros'
[0.577s] DEBUG:colcon.colcon_core.package_identification:Package 'src/Lab3/tesse_ros_bridge' with type 'ros.ament_python' and name 'tesse_ros_bridge'
[0.577s] Level 1:colcon.colcon_core.package_identification:_identify(src/build) by extensions ['ignore', 'ignore_ament_install']
[0.577s] Level 1:colcon.colcon_core.package_identification:_identify(src/build) by extension 'ignore'
[0.577s] Level 1:colcon.colcon_core.package_identification:_identify(src/build) ignored
[0.577s] Level 1:colcon.colcon_core.package_identification:_identify(src/install) by extensions ['ignore', 'ignore_ament_install']
[0.577s] Level 1:colcon.colcon_core.package_identification:_identify(src/install) by extension 'ignore'
[0.577s] Level 1:colcon.colcon_core.package_identification:_identify(src/install) ignored
[0.577s] Level 1:colcon.colcon_core.package_identification:_identify(src/log) by extensions ['ignore', 'ignore_ament_install']
[0.577s] Level 1:colcon.colcon_core.package_identification:_identify(src/log) by extension 'ignore'
[0.577s] Level 1:colcon.colcon_core.package_identification:_identify(src/log) ignored
[0.578s] Level 1:colcon.colcon_core.package_identification:_identify(src/mav_comm) by extensions ['ignore', 'ignore_ament_install']
[0.578s] Level 1:colcon.colcon_core.package_identification:_identify(src/mav_comm) by extension 'ignore'
[0.578s] Level 1:colcon.colcon_core.package_identification:_identify(src/mav_comm) by extension 'ignore_ament_install'
[0.578s] Level 1:colcon.colcon_core.package_identification:_identify(src/mav_comm) by extensions ['colcon_pkg']
[0.578s] Level 1:colcon.colcon_core.package_identification:_identify(src/mav_comm) by extension 'colcon_pkg'
[0.578s] Level 1:colcon.colcon_core.package_identification:_identify(src/mav_comm) by extensions ['colcon_meta']
[0.578s] Level 1:colcon.colcon_core.package_identification:_identify(src/mav_comm) by extension 'colcon_meta'
[0.578s] Level 1:colcon.colcon_core.package_identification:_identify(src/mav_comm) by extensions ['ros']
[0.578s] Level 1:colcon.colcon_core.package_identification:_identify(src/mav_comm) by extension 'ros'
[0.578s] Level 1:colcon.colcon_core.package_identification:_identify(src/mav_comm) by extensions ['cmake', 'python']
[0.578s] Level 1:colcon.colcon_core.package_identification:_identify(src/mav_comm) by extension 'cmake'
[0.578s] Level 1:colcon.colcon_core.package_identification:_identify(src/mav_comm) by extension 'python'
[0.578s] Level 1:colcon.colcon_core.package_identification:_identify(src/mav_comm) by extensions ['python_setup_py']
[0.578s] Level 1:colcon.colcon_core.package_identification:_identify(src/mav_comm) by extension 'python_setup_py'
[0.578s] Level 1:colcon.colcon_core.package_identification:_identify(src/mav_comm/mav_comm) by extensions ['ignore', 'ignore_ament_install']
[0.578s] Level 1:colcon.colcon_core.package_identification:_identify(src/mav_comm/mav_comm) by extension 'ignore'
[0.578s] Level 1:colcon.colcon_core.package_identification:_identify(src/mav_comm/mav_comm) by extension 'ignore_ament_install'
[0.578s] Level 1:colcon.colcon_core.package_identification:_identify(src/mav_comm/mav_comm) by extensions ['colcon_pkg']
[0.579s] Level 1:colcon.colcon_core.package_identification:_identify(src/mav_comm/mav_comm) by extension 'colcon_pkg'
[0.579s] Level 1:colcon.colcon_core.package_identification:_identify(src/mav_comm/mav_comm) by extensions ['colcon_meta']
[0.579s] Level 1:colcon.colcon_core.package_identification:_identify(src/mav_comm/mav_comm) by extension 'colcon_meta'
[0.579s] Level 1:colcon.colcon_core.package_identification:_identify(src/mav_comm/mav_comm) by extensions ['ros']
[0.579s] Level 1:colcon.colcon_core.package_identification:_identify(src/mav_comm/mav_comm) by extension 'ros'
[0.579s] DEBUG:colcon.colcon_core.package_identification:Package 'src/mav_comm/mav_comm' with type 'ros.ament_cmake' and name 'mav_comm'
[0.579s] Level 1:colcon.colcon_core.package_identification:_identify(src/mav_comm/mav_msgs) by extensions ['ignore', 'ignore_ament_install']
[0.580s] Level 1:colcon.colcon_core.package_identification:_identify(src/mav_comm/mav_msgs) by extension 'ignore'
[0.580s] Level 1:colcon.colcon_core.package_identification:_identify(src/mav_comm/mav_msgs) by extension 'ignore_ament_install'
[0.580s] Level 1:colcon.colcon_core.package_identification:_identify(src/mav_comm/mav_msgs) by extensions ['colcon_pkg']
[0.580s] Level 1:colcon.colcon_core.package_identification:_identify(src/mav_comm/mav_msgs) by extension 'colcon_pkg'
[0.580s] Level 1:colcon.colcon_core.package_identification:_identify(src/mav_comm/mav_msgs) by extensions ['colcon_meta']
[0.580s] Level 1:colcon.colcon_core.package_identification:_identify(src/mav_comm/mav_msgs) by extension 'colcon_meta'
[0.580s] Level 1:colcon.colcon_core.package_identification:_identify(src/mav_comm/mav_msgs) by extensions ['ros']
[0.580s] Level 1:colcon.colcon_core.package_identification:_identify(src/mav_comm/mav_msgs) by extension 'ros'
[0.581s] DEBUG:colcon.colcon_core.package_identification:Package 'src/mav_comm/mav_msgs' with type 'ros.ament_cmake' and name 'mav_msgs'
[0.581s] Level 1:colcon.colcon_core.package_identification:_identify(src/mav_comm/mav_planning_msgs) by extensions ['ignore', 'ignore_ament_install']
[0.581s] Level 1:colcon.colcon_core.package_identification:_identify(src/mav_comm/mav_planning_msgs) by extension 'ignore'
[0.581s] Level 1:colcon.colcon_core.package_identification:_identify(src/mav_comm/mav_planning_msgs) by extension 'ignore_ament_install'
[0.581s] Level 1:colcon.colcon_core.package_identification:_identify(src/mav_comm/mav_planning_msgs) by extensions ['colcon_pkg']
[0.581s] Level 1:colcon.colcon_core.package_identification:_identify(src/mav_comm/mav_planning_msgs) by extension 'colcon_pkg'
[0.581s] Level 1:colcon.colcon_core.package_identification:_identify(src/mav_comm/mav_planning_msgs) by extensions ['colcon_meta']
[0.581s] Level 1:colcon.colcon_core.package_identification:_identify(src/mav_comm/mav_planning_msgs) by extension 'colcon_meta'
[0.581s] Level 1:colcon.colcon_core.package_identification:_identify(src/mav_comm/mav_planning_msgs) by extensions ['ros']
[0.582s] Level 1:colcon.colcon_core.package_identification:_identify(src/mav_comm/mav_planning_msgs) by extension 'ros'
[0.583s] DEBUG:colcon.colcon_core.package_identification:Package 'src/mav_comm/mav_planning_msgs' with type 'ros.ament_cmake' and name 'mav_planning_msgs'
[0.583s] Level 1:colcon.colcon_core.package_identification:_identify(src/mav_comm/mav_state_machine_msgs) by extensions ['ignore', 'ignore_ament_install']
[0.583s] Level 1:colcon.colcon_core.package_identification:_identify(src/mav_comm/mav_state_machine_msgs) by extension 'ignore'
[0.583s] Level 1:colcon.colcon_core.package_identification:_identify(src/mav_comm/mav_state_machine_msgs) by extension 'ignore_ament_install'
[0.583s] Level 1:colcon.colcon_core.package_identification:_identify(src/mav_comm/mav_state_machine_msgs) by extensions ['colcon_pkg']
[0.583s] Level 1:colcon.colcon_core.package_identification:_identify(src/mav_comm/mav_state_machine_msgs) by extension 'colcon_pkg'
[0.583s] Level 1:colcon.colcon_core.package_identification:_identify(src/mav_comm/mav_state_machine_msgs) by extensions ['colcon_meta']
[0.583s] Level 1:colcon.colcon_core.package_identification:_identify(src/mav_comm/mav_state_machine_msgs) by extension 'colcon_meta'
[0.583s] Level 1:colcon.colcon_core.package_identification:_identify(src/mav_comm/mav_state_machine_msgs) by extensions ['ros']
[0.583s] Level 1:colcon.colcon_core.package_identification:_identify(src/mav_comm/mav_state_machine_msgs) by extension 'ros'
[0.584s] DEBUG:colcon.colcon_core.package_identification:Package 'src/mav_comm/mav_state_machine_msgs' with type 'ros.ament_cmake' and name 'mav_state_machine_msgs'
[0.584s] Level 1:colcon.colcon_core.package_identification:_identify(src/mav_comm/mav_system_msgs) by extensions ['ignore', 'ignore_ament_install']
[0.584s] Level 1:colcon.colcon_core.package_identification:_identify(src/mav_comm/mav_system_msgs) by extension 'ignore'
[0.584s] Level 1:colcon.colcon_core.package_identification:_identify(src/mav_comm/mav_system_msgs) by extension 'ignore_ament_install'
[0.584s] Level 1:colcon.colcon_core.package_identification:_identify(src/mav_comm/mav_system_msgs) by extensions ['colcon_pkg']
[0.584s] Level 1:colcon.colcon_core.package_identification:_identify(src/mav_comm/mav_system_msgs) by extension 'colcon_pkg'
[0.584s] Level 1:colcon.colcon_core.package_identification:_identify(src/mav_comm/mav_system_msgs) by extensions ['colcon_meta']
[0.584s] Level 1:colcon.colcon_core.package_identification:_identify(src/mav_comm/mav_system_msgs) by extension 'colcon_meta'
[0.584s] Level 1:colcon.colcon_core.package_identification:_identify(src/mav_comm/mav_system_msgs) by extensions ['ros']
[0.584s] Level 1:colcon.colcon_core.package_identification:_identify(src/mav_comm/mav_system_msgs) by extension 'ros'
[0.585s] DEBUG:colcon.colcon_core.package_identification:Package 'src/mav_comm/mav_system_msgs' with type 'ros.ament_cmake' and name 'mav_system_msgs'
[0.585s] Level 1:colcon.colcon_core.package_discovery:discover_packages(recursive) using defaults
[0.585s] Level 1:colcon.colcon_core.package_discovery:discover_packages(ignore) discover
[0.585s] Level 1:colcon.colcon_core.package_discovery:discover_packages(ignore) using defaults
[0.585s] Level 1:colcon.colcon_core.package_discovery:discover_packages(path) discover
[0.585s] Level 1:colcon.colcon_core.package_discovery:discover_packages(path) using defaults
[0.608s] Level 5:colcon.colcon_core.verb:set package 'mav_msgs' build argument 'cmake_args' from command line to 'None'
[0.608s] Level 5:colcon.colcon_core.verb:set package 'mav_msgs' build argument 'cmake_target' from command line to 'None'
[0.608s] Level 5:colcon.colcon_core.verb:set package 'mav_msgs' build argument 'cmake_target_skip_unavailable' from command line to 'False'
[0.608s] Level 5:colcon.colcon_core.verb:set package 'mav_msgs' build argument 'cmake_clean_cache' from command line to 'False'
[0.608s] Level 5:colcon.colcon_core.verb:set package 'mav_msgs' build argument 'cmake_clean_first' from command line to 'False'
[0.608s] Level 5:colcon.colcon_core.verb:set package 'mav_msgs' build argument 'cmake_force_configure' from command line to 'False'
[0.608s] Level 5:colcon.colcon_core.verb:set package 'mav_msgs' build argument 'ament_cmake_args' from command line to 'None'
[0.608s] Level 5:colcon.colcon_core.verb:set package 'mav_msgs' build argument 'catkin_cmake_args' from command line to 'None'
[0.608s] Level 5:colcon.colcon_core.verb:set package 'mav_msgs' build argument 'catkin_skip_building_tests' from command line to 'False'
[0.608s] DEBUG:colcon.colcon_core.verb:Building package 'mav_msgs' with the following arguments: {'ament_cmake_args': None, 'build_base': '/home/aimane/humble_ws/src/VNAV_23/vnav_ws/build/mav_msgs', 'catkin_cmake_args': None, 'catkin_skip_building_tests': False, 'cmake_args': None, 'cmake_clean_cache': False, 'cmake_clean_first': False, 'cmake_force_configure': False, 'cmake_target': None, 'cmake_target_skip_unavailable': False, 'install_base': '/home/aimane/humble_ws/src/VNAV_23/vnav_ws/install/mav_msgs', 'merge_install': False, 'path': '/home/aimane/humble_ws/src/VNAV_23/vnav_ws/src/mav_comm/mav_msgs', 'symlink_install': False, 'test_result_base': None}
[0.608s] Level 5:colcon.colcon_core.verb:set package 'mav_state_machine_msgs' build argument 'cmake_args' from command line to 'None'
[0.608s] Level 5:colcon.colcon_core.verb:set package 'mav_state_machine_msgs' build argument 'cmake_target' from command line to 'None'
[0.608s] Level 5:colcon.colcon_core.verb:set package 'mav_state_machine_msgs' build argument 'cmake_target_skip_unavailable' from command line to 'False'
[0.608s] Level 5:colcon.colcon_core.verb:set package 'mav_state_machine_msgs' build argument 'cmake_clean_cache' from command line to 'False'
[0.608s] Level 5:colcon.colcon_core.verb:set package 'mav_state_machine_msgs' build argument 'cmake_clean_first' from command line to 'False'
[0.608s] Level 5:colcon.colcon_core.verb:set package 'mav_state_machine_msgs' build argument 'cmake_force_configure' from command line to 'False'
[0.608s] Level 5:colcon.colcon_core.verb:set package 'mav_state_machine_msgs' build argument 'ament_cmake_args' from command line to 'None'
[0.609s] Level 5:colcon.colcon_core.verb:set package 'mav_state_machine_msgs' build argument 'catkin_cmake_args' from command line to 'None'
[0.609s] Level 5:colcon.colcon_core.verb:set package 'mav_state_machine_msgs' build argument 'catkin_skip_building_tests' from command line to 'False'
[0.609s] DEBUG:colcon.colcon_core.verb:Building package 'mav_state_machine_msgs' with the following arguments: {'ament_cmake_args': None, 'build_base': '/home/aimane/humble_ws/src/VNAV_23/vnav_ws/build/mav_state_machine_msgs', 'catkin_cmake_args': None, 'catkin_skip_building_tests': False, 'cmake_args': None, 'cmake_clean_cache': False, 'cmake_clean_first': False, 'cmake_force_configure': False, 'cmake_target': None, 'cmake_target_skip_unavailable': False, 'install_base': '/home/aimane/humble_ws/src/VNAV_23/vnav_ws/install/mav_state_machine_msgs', 'merge_install': False, 'path': '/home/aimane/humble_ws/src/VNAV_23/vnav_ws/src/mav_comm/mav_state_machine_msgs', 'symlink_install': False, 'test_result_base': None}
[0.609s] Level 5:colcon.colcon_core.verb:set package 'mav_system_msgs' build argument 'cmake_args' from command line to 'None'
[0.609s] Level 5:colcon.colcon_core.verb:set package 'mav_system_msgs' build argument 'cmake_target' from command line to 'None'
[0.609s] Level 5:colcon.colcon_core.verb:set package 'mav_system_msgs' build argument 'cmake_target_skip_unavailable' from command line to 'False'
[0.609s] Level 5:colcon.colcon_core.verb:set package 'mav_system_msgs' build argument 'cmake_clean_cache' from command line to 'False'
[0.609s] Level 5:colcon.colcon_core.verb:set package 'mav_system_msgs' build argument 'cmake_clean_first' from command line to 'False'
[0.609s] Level 5:colcon.colcon_core.verb:set package 'mav_system_msgs' build argument 'cmake_force_configure' from command line to 'False'
[0.609s] Level 5:colcon.colcon_core.verb:set package 'mav_system_msgs' build argument 'ament_cmake_args' from command line to 'None'
[0.609s] Level 5:colcon.colcon_core.verb:set package 'mav_system_msgs' build argument 'catkin_cmake_args' from command line to 'None'
[0.609s] Level 5:colcon.colcon_core.verb:set package 'mav_system_msgs' build argument 'catkin_skip_building_tests' from command line to 'False'
[0.609s] DEBUG:colcon.colcon_core.verb:Building package 'mav_system_msgs' with the following arguments: {'ament_cmake_args': None, 'build_base': '/home/aimane/humble_ws/src/VNAV_23/vnav_ws/build/mav_system_msgs', 'catkin_cmake_args': None, 'catkin_skip_building_tests': False, 'cmake_args': None, 'cmake_clean_cache': False, 'cmake_clean_first': False, 'cmake_force_configure': False, 'cmake_target': None, 'cmake_target_skip_unavailable': False, 'install_base': '/home/aimane/humble_ws/src/VNAV_23/vnav_ws/install/mav_system_msgs', 'merge_install': False, 'path': '/home/aimane/humble_ws/src/VNAV_23/vnav_ws/src/mav_comm/mav_system_msgs', 'symlink_install': False, 'test_result_base': None}
[0.610s] Level 5:colcon.colcon_core.verb:set package 'tesse' build argument 'cmake_args' from command line to 'None'
[0.610s] Level 5:colcon.colcon_core.verb:set package 'tesse' build argument 'cmake_target' from command line to 'None'
[0.610s] Level 5:colcon.colcon_core.verb:set package 'tesse' build argument 'cmake_target_skip_unavailable' from command line to 'False'
[0.610s] Level 5:colcon.colcon_core.verb:set package 'tesse' build argument 'cmake_clean_cache' from command line to 'False'
[0.610s] Level 5:colcon.colcon_core.verb:set package 'tesse' build argument 'cmake_clean_first' from command line to 'False'
[0.610s] Level 5:colcon.colcon_core.verb:set package 'tesse' build argument 'cmake_force_configure' from command line to 'False'
[0.610s] Level 5:colcon.colcon_core.verb:set package 'tesse' build argument 'ament_cmake_args' from command line to 'None'
[0.610s] Level 5:colcon.colcon_core.verb:set package 'tesse' build argument 'catkin_cmake_args' from command line to 'None'
[0.610s] Level 5:colcon.colcon_core.verb:set package 'tesse' build argument 'catkin_skip_building_tests' from command line to 'False'
[0.610s] DEBUG:colcon.colcon_core.verb:Building package 'tesse' with the following arguments: {'ament_cmake_args': None, 'build_base': '/home/aimane/humble_ws/src/VNAV_23/vnav_ws/build/tesse', 'catkin_cmake_args': None, 'catkin_skip_building_tests': False, 'cmake_args': None, 'cmake_clean_cache': False, 'cmake_clean_first': False, 'cmake_force_configure': False, 'cmake_target': None, 'cmake_target_skip_unavailable': False, 'install_base': '/home/aimane/humble_ws/src/VNAV_23/vnav_ws/install/tesse', 'merge_install': False, 'path': '/home/aimane/humble_ws/src/VNAV_23/vnav_ws/src/Lab3/tesse-interface', 'symlink_install': False, 'test_result_base': None}
[0.610s] Level 5:colcon.colcon_core.verb:set package 'tesse_msgs' build argument 'cmake_args' from command line to 'None'
[0.610s] Level 5:colcon.colcon_core.verb:set package 'tesse_msgs' build argument 'cmake_target' from command line to 'None'
[0.610s] Level 5:colcon.colcon_core.verb:set package 'tesse_msgs' build argument 'cmake_target_skip_unavailable' from command line to 'False'
[0.610s] Level 5:colcon.colcon_core.verb:set package 'tesse_msgs' build argument 'cmake_clean_cache' from command line to 'False'
[0.610s] Level 5:colcon.colcon_core.verb:set package 'tesse_msgs' build argument 'cmake_clean_first' from command line to 'False'
[0.610s] Level 5:colcon.colcon_core.verb:set package 'tesse_msgs' build argument 'cmake_force_configure' from command line to 'False'
[0.610s] Level 5:colcon.colcon_core.verb:set package 'tesse_msgs' build argument 'ament_cmake_args' from command line to 'None'
[0.610s] Level 5:colcon.colcon_core.verb:set package 'tesse_msgs' build argument 'catkin_cmake_args' from command line to 'None'
[0.610s] Level 5:colcon.colcon_core.verb:set package 'tesse_msgs' build argument 'catkin_skip_building_tests' from command line to 'False'
[0.610s] DEBUG:colcon.colcon_core.verb:Building package 'tesse_msgs' with the following arguments: {'ament_cmake_args': None, 'build_base': '/home/aimane/humble_ws/src/VNAV_23/vnav_ws/build/tesse_msgs', 'catkin_cmake_args': None, 'catkin_skip_building_tests': False, 'cmake_args': None, 'cmake_clean_cache': False, 'cmake_clean_first': False, 'cmake_force_configure': False, 'cmake_target': None, 'cmake_target_skip_unavailable': False, 'install_base': '/home/aimane/humble_ws/src/VNAV_23/vnav_ws/install/tesse_msgs', 'merge_install': False, 'path': '/home/aimane/humble_ws/src/VNAV_23/vnav_ws/src/Lab3/tesse_msgs', 'symlink_install': False, 'test_result_base': None}
[0.611s] Level 5:colcon.colcon_core.verb:set package 'tesse_ros_bridge' build argument 'cmake_args' from command line to 'None'
[0.611s] Level 5:colcon.colcon_core.verb:set package 'tesse_ros_bridge' build argument 'cmake_target' from command line to 'None'
[0.611s] Level 5:colcon.colcon_core.verb:set package 'tesse_ros_bridge' build argument 'cmake_target_skip_unavailable' from command line to 'False'
[0.611s] Level 5:colcon.colcon_core.verb:set package 'tesse_ros_bridge' build argument 'cmake_clean_cache' from command line to 'False'
[0.611s] Level 5:colcon.colcon_core.verb:set package 'tesse_ros_bridge' build argument 'cmake_clean_first' from command line to 'False'
[0.611s] Level 5:colcon.colcon_core.verb:set package 'tesse_ros_bridge' build argument 'cmake_force_configure' from command line to 'False'
[0.611s] Level 5:colcon.colcon_core.verb:set package 'tesse_ros_bridge' build argument 'ament_cmake_args' from command line to 'None'
[0.611s] Level 5:colcon.colcon_core.verb:set package 'tesse_ros_bridge' build argument 'catkin_cmake_args' from command line to 'None'
[0.611s] Level 5:colcon.colcon_core.verb:set package 'tesse_ros_bridge' build argument 'catkin_skip_building_tests' from command line to 'False'
[0.611s] DEBUG:colcon.colcon_core.verb:Building package 'tesse_ros_bridge' with the following arguments: {'ament_cmake_args': None, 'build_base': '/home/aimane/humble_ws/src/VNAV_23/vnav_ws/build/tesse_ros_bridge', 'catkin_cmake_args': None, 'catkin_skip_building_tests': False, 'cmake_args': None, 'cmake_clean_cache': False, 'cmake_clean_first': False, 'cmake_force_configure': False, 'cmake_target': None, 'cmake_target_skip_unavailable': False, 'install_base': '/home/aimane/humble_ws/src/VNAV_23/vnav_ws/install/tesse_ros_bridge', 'merge_install': False, 'path': '/home/aimane/humble_ws/src/VNAV_23/vnav_ws/src/Lab3/tesse_ros_bridge', 'symlink_install': False, 'test_result_base': None}
[0.611s] Level 5:colcon.colcon_core.verb:set package 'controller_pkg' build argument 'cmake_args' from command line to 'None'
[0.611s] Level 5:colcon.colcon_core.verb:set package 'controller_pkg' build argument 'cmake_target' from command line to 'None'
[0.611s] Level 5:colcon.colcon_core.verb:set package 'controller_pkg' build argument 'cmake_target_skip_unavailable' from command line to 'False'
[0.611s] Level 5:colcon.colcon_core.verb:set package 'controller_pkg' build argument 'cmake_clean_cache' from command line to 'False'
[0.611s] Level 5:colcon.colcon_core.verb:set package 'controller_pkg' build argument 'cmake_clean_first' from command line to 'False'
[0.612s] Level 5:colcon.colcon_core.verb:set package 'controller_pkg' build argument 'cmake_force_configure' from command line to 'False'
[0.612s] Level 5:colcon.colcon_core.verb:set package 'controller_pkg' build argument 'ament_cmake_args' from command line to 'None'
[0.612s] Level 5:colcon.colcon_core.verb:set package 'controller_pkg' build argument 'catkin_cmake_args' from command line to 'None'
[0.612s] Level 5:colcon.colcon_core.verb:set package 'controller_pkg' build argument 'catkin_skip_building_tests' from command line to 'False'
[0.612s] DEBUG:colcon.colcon_core.verb:Building package 'controller_pkg' with the following arguments: {'ament_cmake_args': None, 'build_base': '/home/aimane/humble_ws/src/VNAV_23/vnav_ws/build/controller_pkg', 'catkin_cmake_args': None, 'catkin_skip_building_tests': False, 'cmake_args': None, 'cmake_clean_cache': False, 'cmake_clean_first': False, 'cmake_force_configure': False, 'cmake_target': None, 'cmake_target_skip_unavailable': False, 'install_base': '/home/aimane/humble_ws/src/VNAV_23/vnav_ws/install/controller_pkg', 'merge_install': False, 'path': '/home/aimane/humble_ws/src/VNAV_23/vnav_ws/src/Lab3/controller_pkg', 'symlink_install': False, 'test_result_base': None}
[0.612s] Level 5:colcon.colcon_core.verb:set package 'mav_planning_msgs' build argument 'cmake_args' from command line to 'None'
[0.612s] Level 5:colcon.colcon_core.verb:set package 'mav_planning_msgs' build argument 'cmake_target' from command line to 'None'
[0.612s] Level 5:colcon.colcon_core.verb:set package 'mav_planning_msgs' build argument 'cmake_target_skip_unavailable' from command line to 'False'
[0.612s] Level 5:colcon.colcon_core.verb:set package 'mav_planning_msgs' build argument 'cmake_clean_cache' from command line to 'False'
[0.612s] Level 5:colcon.colcon_core.verb:set package 'mav_planning_msgs' build argument 'cmake_clean_first' from command line to 'False'
[0.612s] Level 5:colcon.colcon_core.verb:set package 'mav_planning_msgs' build argument 'cmake_force_configure' from command line to 'False'
[0.612s] Level 5:colcon.colcon_core.verb:set package 'mav_planning_msgs' build argument 'ament_cmake_args' from command line to 'None'
[0.612s] Level 5:colcon.colcon_core.verb:set package 'mav_planning_msgs' build argument 'catkin_cmake_args' from command line to 'None'
[0.612s] Level 5:colcon.colcon_core.verb:set package 'mav_planning_msgs' build argument 'catkin_skip_building_tests' from command line to 'False'
[0.612s] DEBUG:colcon.colcon_core.verb:Building package 'mav_planning_msgs' with the following arguments: {'ament_cmake_args': None, 'build_base': '/home/aimane/humble_ws/src/VNAV_23/vnav_ws/build/mav_planning_msgs', 'catkin_cmake_args': None, 'catkin_skip_building_tests': False, 'cmake_args': None, 'cmake_clean_cache': False, 'cmake_clean_first': False, 'cmake_force_configure': False, 'cmake_target': None, 'cmake_target_skip_unavailable': False, 'install_base': '/home/aimane/humble_ws/src/VNAV_23/vnav_ws/install/mav_planning_msgs', 'merge_install': False, 'path': '/home/aimane/humble_ws/src/VNAV_23/vnav_ws/src/mav_comm/mav_planning_msgs', 'symlink_install': False, 'test_result_base': None}
[0.613s] Level 5:colcon.colcon_core.verb:set package 'mav_comm' build argument 'cmake_args' from command line to 'None'
[0.613s] Level 5:colcon.colcon_core.verb:set package 'mav_comm' build argument 'cmake_target' from command line to 'None'
[0.613s] Level 5:colcon.colcon_core.verb:set package 'mav_comm' build argument 'cmake_target_skip_unavailable' from command line to 'False'
[0.613s] Level 5:colcon.colcon_core.verb:set package 'mav_comm' build argument 'cmake_clean_cache' from command line to 'False'
[0.613s] Level 5:colcon.colcon_core.verb:set package 'mav_comm' build argument 'cmake_clean_first' from command line to 'False'
[0.613s] Level 5:colcon.colcon_core.verb:set package 'mav_comm' build argument 'cmake_force_configure' from command line to 'False'
[0.613s] Level 5:colcon.colcon_core.verb:set package 'mav_comm' build argument 'ament_cmake_args' from command line to 'None'
[0.613s] Level 5:colcon.colcon_core.verb:set package 'mav_comm' build argument 'catkin_cmake_args' from command line to 'None'
[0.613s] Level 5:colcon.colcon_core.verb:set package 'mav_comm' build argument 'catkin_skip_building_tests' from command line to 'False'
[0.613s] DEBUG:colcon.colcon_core.verb:Building package 'mav_comm' with the following arguments: {'ament_cmake_args': None, 'build_base': '/home/aimane/humble_ws/src/VNAV_23/vnav_ws/build/mav_comm', 'catkin_cmake_args': None, 'catkin_skip_building_tests': False, 'cmake_args': None, 'cmake_clean_cache': False, 'cmake_clean_first': False, 'cmake_force_configure': False, 'cmake_target': None, 'cmake_target_skip_unavailable': False, 'install_base': '/home/aimane/humble_ws/src/VNAV_23/vnav_ws/install/mav_comm', 'merge_install': False, 'path': '/home/aimane/humble_ws/src/VNAV_23/vnav_ws/src/mav_comm/mav_comm', 'symlink_install': False, 'test_result_base': None}
[0.613s] INFO:colcon.colcon_core.executor:Executing jobs using 'parallel' executor
[0.614s] DEBUG:colcon.colcon_parallel_executor.executor.parallel:run_until_complete
[0.615s] INFO:colcon.colcon_ros.task.ament_cmake.build:Building ROS package in '/home/aimane/humble_ws/src/VNAV_23/vnav_ws/src/mav_comm/mav_msgs' with build type 'ament_cmake'
[0.615s] INFO:colcon.colcon_cmake.task.cmake.build:Building CMake package in '/home/aimane/humble_ws/src/VNAV_23/vnav_ws/src/mav_comm/mav_msgs'
[0.618s] INFO:colcon.colcon_core.plugin_system:Skipping extension 'colcon_core.shell.bat': Not used on non-Windows systems
[0.618s] INFO:colcon.colcon_core.shell:Skip shell extension 'powershell' for command environment: Not usable outside of PowerShell
[0.618s] DEBUG:colcon.colcon_core.shell:Skip shell extension 'dsv' for command environment
[0.623s] INFO:colcon.colcon_ros.task.ament_cmake.build:Building ROS package in '/home/aimane/humble_ws/src/VNAV_23/vnav_ws/src/mav_comm/mav_state_machine_msgs' with build type 'ament_cmake'
[0.623s] INFO:colcon.colcon_cmake.task.cmake.build:Building CMake package in '/home/aimane/humble_ws/src/VNAV_23/vnav_ws/src/mav_comm/mav_state_machine_msgs'
[0.624s] INFO:colcon.colcon_core.shell:Skip shell extension 'powershell' for command environment: Not usable outside of PowerShell
[0.624s] DEBUG:colcon.colcon_core.shell:Skip shell extension 'dsv' for command environment
[0.627s] INFO:colcon.colcon_ros.task.ament_cmake.build:Building ROS package in '/home/aimane/humble_ws/src/VNAV_23/vnav_ws/src/mav_comm/mav_system_msgs' with build type 'ament_cmake'
[0.627s] INFO:colcon.colcon_cmake.task.cmake.build:Building CMake package in '/home/aimane/humble_ws/src/VNAV_23/vnav_ws/src/mav_comm/mav_system_msgs'
[0.627s] INFO:colcon.colcon_core.shell:Skip shell extension 'powershell' for command environment: Not usable outside of PowerShell
[0.627s] DEBUG:colcon.colcon_core.shell:Skip shell extension 'dsv' for command environment
[0.630s] INFO:colcon.colcon_core.task.python.build:Building Python package in '/home/aimane/humble_ws/src/VNAV_23/vnav_ws/src/Lab3/tesse-interface'
[0.631s] INFO:colcon.colcon_core.shell:Skip shell extension 'powershell' for command environment: Not usable outside of PowerShell
[0.631s] DEBUG:colcon.colcon_core.shell:Skip shell extension 'dsv' for command environment
[0.634s] INFO:colcon.colcon_ros.task.ament_cmake.build:Building ROS package in '/home/aimane/humble_ws/src/VNAV_23/vnav_ws/src/Lab3/tesse_msgs' with build type 'ament_cmake'
[0.634s] INFO:colcon.colcon_cmake.task.cmake.build:Building CMake package in '/home/aimane/humble_ws/src/VNAV_23/vnav_ws/src/Lab3/tesse_msgs'
[0.634s] INFO:colcon.colcon_core.shell:Skip shell extension 'powershell' for command environment: Not usable outside of PowerShell
[0.634s] DEBUG:colcon.colcon_core.shell:Skip shell extension 'dsv' for command environment
[0.639s] INFO:colcon.colcon_ros.task.ament_python.build:Building ROS package in '/home/aimane/humble_ws/src/VNAV_23/vnav_ws/src/Lab3/tesse_ros_bridge' with build type 'ament_python'
[0.639s] Level 1:colcon.colcon_core.shell:create_environment_hook('tesse_ros_bridge', 'ament_prefix_path')
[0.639s] INFO:colcon.colcon_core.shell:Creating environment hook '/home/aimane/humble_ws/src/VNAV_23/vnav_ws/install/tesse_ros_bridge/share/tesse_ros_bridge/hook/ament_prefix_path.ps1'
[0.640s] INFO:colcon.colcon_core.shell:Creating environment descriptor '/home/aimane/humble_ws/src/VNAV_23/vnav_ws/install/tesse_ros_bridge/share/tesse_ros_bridge/hook/ament_prefix_path.dsv'
[0.641s] INFO:colcon.colcon_core.shell:Creating environment hook '/home/aimane/humble_ws/src/VNAV_23/vnav_ws/install/tesse_ros_bridge/share/tesse_ros_bridge/hook/ament_prefix_path.sh'
[0.642s] INFO:colcon.colcon_core.shell:Skip shell extension 'powershell' for command environment: Not usable outside of PowerShell
[0.642s] DEBUG:colcon.colcon_core.shell:Skip shell extension 'dsv' for command environment
[0.653s] DEBUG:colcon.colcon_core.event_handler.log_command:Invoking command in '/home/aimane/humble_ws/src/VNAV_23/vnav_ws/build/mav_msgs': CMAKE_PREFIX_PATH=/opt/ros/humble /usr/bin/cmake /home/aimane/humble_ws/src/VNAV_23/vnav_ws/src/mav_comm/mav_msgs -DCMAKE_INSTALL_PREFIX=/home/aimane/humble_ws/src/VNAV_23/vnav_ws/install/mav_msgs
[0.655s] DEBUG:colcon.colcon_core.event_handler.log_command:Invoking command in '/home/aimane/humble_ws/src/VNAV_23/vnav_ws/build/mav_state_machine_msgs': CMAKE_PREFIX_PATH=/opt/ros/humble /usr/bin/cmake /home/aimane/humble_ws/src/VNAV_23/vnav_ws/src/mav_comm/mav_state_machine_msgs -DCMAKE_INSTALL_PREFIX=/home/aimane/humble_ws/src/VNAV_23/vnav_ws/install/mav_state_machine_msgs
[0.658s] DEBUG:colcon.colcon_core.event_handler.log_command:Invoking command in '/home/aimane/humble_ws/src/VNAV_23/vnav_ws/build/mav_system_msgs': CMAKE_PREFIX_PATH=/opt/ros/humble /usr/bin/cmake /home/aimane/humble_ws/src/VNAV_23/vnav_ws/src/mav_comm/mav_system_msgs -DCMAKE_INSTALL_PREFIX=/home/aimane/humble_ws/src/VNAV_23/vnav_ws/install/mav_system_msgs
[0.985s] DEBUG:colcon.colcon_core.event_handler.log_command:Invoking command in '/home/aimane/humble_ws/src/VNAV_23/vnav_ws/build/tesse_msgs': CMAKE_PREFIX_PATH=/opt/ros/humble /usr/bin/cmake /home/aimane/humble_ws/src/VNAV_23/vnav_ws/src/Lab3/tesse_msgs -DCMAKE_INSTALL_PREFIX=/home/aimane/humble_ws/src/VNAV_23/vnav_ws/install/tesse_msgs
[1.390s] INFO:colcon.colcon_core.task.python.build:Building Python package in '/home/aimane/humble_ws/src/VNAV_23/vnav_ws/src/Lab3/tesse_ros_bridge'
[1.391s] INFO:colcon.colcon_core.shell:Skip shell extension 'powershell' for command environment: Not usable outside of PowerShell
[1.391s] DEBUG:colcon.colcon_core.shell:Skip shell extension 'dsv' for command environment
[1.505s] DEBUG:colcon.colcon_core.event_handler.log_command:Invoking command in '/home/aimane/humble_ws/src/VNAV_23/vnav_ws/src/Lab3/tesse-interface': PYTHONPATH=/home/aimane/humble_ws/src/VNAV_23/vnav_ws/build/tesse/prefix_override:/usr/lib/python3/dist-packages/colcon_core/task/python/colcon_distutils_commands:/home/aimane/humble_ws/src/VNAV_23/vnav_ws/install/tesse/lib/python3.10/site-packages:${PYTHONPATH} /usr/bin/python3 -W ignore:setup.py install is deprecated -W ignore:easy_install command is deprecated setup.py egg_info --egg-base ../../../build/tesse build --build-base /home/aimane/humble_ws/src/VNAV_23/vnav_ws/build/tesse/build install --record /home/aimane/humble_ws/src/VNAV_23/vnav_ws/build/tesse/install.log --single-version-externally-managed
[1.919s] DEBUG:colcon.colcon_core.event_handler.log_command:Invoking command in '/home/aimane/humble_ws/src/VNAV_23/vnav_ws/src/Lab3/tesse_ros_bridge': PYTHONPATH=/home/aimane/humble_ws/src/VNAV_23/vnav_ws/build/tesse_ros_bridge/prefix_override:/usr/lib/python3/dist-packages/colcon_core/task/python/colcon_distutils_commands:/home/aimane/humble_ws/src/VNAV_23/vnav_ws/install/tesse_ros_bridge/lib/python3.10/site-packages:${PYTHONPATH} /usr/bin/python3 -W ignore:setup.py install is deprecated -W ignore:easy_install command is deprecated setup.py egg_info --egg-base ../../../build/tesse_ros_bridge build --build-base /home/aimane/humble_ws/src/VNAV_23/vnav_ws/build/tesse_ros_bridge/build install --record /home/aimane/humble_ws/src/VNAV_23/vnav_ws/build/tesse_ros_bridge/install.log --single-version-externally-managed install_data
[2.021s] DEBUG:colcon.colcon_core.event_handler.log_command:Invoked command in '/home/aimane/humble_ws/src/VNAV_23/vnav_ws/src/Lab3/tesse-interface' returned '0': PYTHONPATH=/home/aimane/humble_ws/src/VNAV_23/vnav_ws/build/tesse/prefix_override:/usr/lib/python3/dist-packages/colcon_core/task/python/colcon_distutils_commands:/home/aimane/humble_ws/src/VNAV_23/vnav_ws/install/tesse/lib/python3.10/site-packages:${PYTHONPATH} /usr/bin/python3 -W ignore:setup.py install is deprecated -W ignore:easy_install command is deprecated setup.py egg_info --egg-base ../../../build/tesse build --build-base /home/aimane/humble_ws/src/VNAV_23/vnav_ws/build/tesse/build install --record /home/aimane/humble_ws/src/VNAV_23/vnav_ws/build/tesse/install.log --single-version-externally-managed
[2.026s] Level 1:colcon.colcon_core.environment:checking '/home/aimane/humble_ws/src/VNAV_23/vnav_ws/install/tesse' for CMake module files
[2.026s] Level 1:colcon.colcon_core.environment:checking '/home/aimane/humble_ws/src/VNAV_23/vnav_ws/install/tesse' for CMake config files
[2.027s] Level 1:colcon.colcon_core.environment:checking '/home/aimane/humble_ws/src/VNAV_23/vnav_ws/install/tesse/lib'
[2.027s] Level 1:colcon.colcon_core.environment:checking '/home/aimane/humble_ws/src/VNAV_23/vnav_ws/install/tesse/bin'
[2.027s] Level 1:colcon.colcon_core.environment:checking '/home/aimane/humble_ws/src/VNAV_23/vnav_ws/install/tesse/lib/pkgconfig/tesse.pc'
[2.028s] Level 1:colcon.colcon_core.environment:checking '/home/aimane/humble_ws/src/VNAV_23/vnav_ws/install/tesse/lib/python3.10/site-packages'
[2.028s] Level 1:colcon.colcon_core.shell:create_environment_hook('tesse', 'pythonpath')
[2.028s] INFO:colcon.colcon_core.shell:Creating environment hook '/home/aimane/humble_ws/src/VNAV_23/vnav_ws/install/tesse/share/tesse/hook/pythonpath.ps1'
[2.029s] INFO:colcon.colcon_core.shell:Creating environment descriptor '/home/aimane/humble_ws/src/VNAV_23/vnav_ws/install/tesse/share/tesse/hook/pythonpath.dsv'
[2.030s] INFO:colcon.colcon_core.shell:Creating environment hook '/home/aimane/humble_ws/src/VNAV_23/vnav_ws/install/tesse/share/tesse/hook/pythonpath.sh'
[2.031s] Level 1:colcon.colcon_core.environment:checking '/home/aimane/humble_ws/src/VNAV_23/vnav_ws/install/tesse/bin'
[2.031s] Level 1:colcon.colcon_core.environment:create_environment_scripts_only(tesse)
[2.032s] INFO:colcon.colcon_core.shell:Creating package script '/home/aimane/humble_ws/src/VNAV_23/vnav_ws/install/tesse/share/tesse/package.ps1'
[2.033s] INFO:colcon.colcon_core.shell:Creating package descriptor '/home/aimane/humble_ws/src/VNAV_23/vnav_ws/install/tesse/share/tesse/package.dsv'
[2.034s] INFO:colcon.colcon_core.shell:Creating package script '/home/aimane/humble_ws/src/VNAV_23/vnav_ws/install/tesse/share/tesse/package.sh'
[2.036s] INFO:colcon.colcon_core.shell:Creating package script '/home/aimane/humble_ws/src/VNAV_23/vnav_ws/install/tesse/share/tesse/package.bash'
[2.037s] INFO:colcon.colcon_core.shell:Creating package script '/home/aimane/humble_ws/src/VNAV_23/vnav_ws/install/tesse/share/tesse/package.zsh'
[2.038s] Level 1:colcon.colcon_core.environment:create_file_with_runtime_dependencies(/home/aimane/humble_ws/src/VNAV_23/vnav_ws/install/tesse/share/colcon-core/packages/tesse)
[2.331s] Level 1:colcon.colcon_core.environment:checking '/home/aimane/humble_ws/src/VNAV_23/vnav_ws/install/tesse_ros_bridge' for CMake module files
[2.332s] DEBUG:colcon.colcon_core.event_handler.log_command:Invoked command in '/home/aimane/humble_ws/src/VNAV_23/vnav_ws/src/Lab3/tesse_ros_bridge' returned '0': PYTHONPATH=/home/aimane/humble_ws/src/VNAV_23/vnav_ws/build/tesse_ros_bridge/prefix_override:/usr/lib/python3/dist-packages/colcon_core/task/python/colcon_distutils_commands:/home/aimane/humble_ws/src/VNAV_23/vnav_ws/install/tesse_ros_bridge/lib/python3.10/site-packages:${PYTHONPATH} /usr/bin/python3 -W ignore:setup.py install is deprecated -W ignore:easy_install command is deprecated setup.py egg_info --egg-base ../../../build/tesse_ros_bridge build --build-base /home/aimane/humble_ws/src/VNAV_23/vnav_ws/build/tesse_ros_bridge/build install --record /home/aimane/humble_ws/src/VNAV_23/vnav_ws/build/tesse_ros_bridge/install.log --single-version-externally-managed install_data
[2.333s] Level 1:colcon.colcon_core.environment:checking '/home/aimane/humble_ws/src/VNAV_23/vnav_ws/install/tesse_ros_bridge' for CMake config files
[2.333s] Level 1:colcon.colcon_core.environment:checking '/home/aimane/humble_ws/src/VNAV_23/vnav_ws/install/tesse_ros_bridge/lib'
[2.334s] Level 1:colcon.colcon_core.environment:checking '/home/aimane/humble_ws/src/VNAV_23/vnav_ws/install/tesse_ros_bridge/bin'
[2.334s] Level 1:colcon.colcon_core.environment:checking '/home/aimane/humble_ws/src/VNAV_23/vnav_ws/install/tesse_ros_bridge/lib/pkgconfig/tesse_ros_bridge.pc'
[2.334s] Level 1:colcon.colcon_core.environment:checking '/home/aimane/humble_ws/src/VNAV_23/vnav_ws/install/tesse_ros_bridge/lib/python3.10/site-packages'
[2.334s] Level 1:colcon.colcon_core.shell:create_environment_hook('tesse_ros_bridge', 'pythonpath')
[2.334s] INFO:colcon.colcon_core.shell:Creating environment hook '/home/aimane/humble_ws/src/VNAV_23/vnav_ws/install/tesse_ros_bridge/share/tesse_ros_bridge/hook/pythonpath.ps1'
[2.335s] INFO:colcon.colcon_core.shell:Creating environment descriptor '/home/aimane/humble_ws/src/VNAV_23/vnav_ws/install/tesse_ros_bridge/share/tesse_ros_bridge/hook/pythonpath.dsv'
[2.335s] INFO:colcon.colcon_core.shell:Creating environment hook '/home/aimane/humble_ws/src/VNAV_23/vnav_ws/install/tesse_ros_bridge/share/tesse_ros_bridge/hook/pythonpath.sh'
[2.336s] Level 1:colcon.colcon_core.environment:checking '/home/aimane/humble_ws/src/VNAV_23/vnav_ws/install/tesse_ros_bridge/bin'
[2.336s] Level 1:colcon.colcon_core.environment:create_environment_scripts_only(tesse_ros_bridge)
[2.336s] INFO:colcon.colcon_core.shell:Creating package script '/home/aimane/humble_ws/src/VNAV_23/vnav_ws/install/tesse_ros_bridge/share/tesse_ros_bridge/package.ps1'
[2.337s] INFO:colcon.colcon_core.shell:Creating package descriptor '/home/aimane/humble_ws/src/VNAV_23/vnav_ws/install/tesse_ros_bridge/share/tesse_ros_bridge/package.dsv'
[2.337s] INFO:colcon.colcon_core.shell:Creating package script '/home/aimane/humble_ws/src/VNAV_23/vnav_ws/install/tesse_ros_bridge/share/tesse_ros_bridge/package.sh'
[2.338s] INFO:colcon.colcon_core.shell:Creating package script '/home/aimane/humble_ws/src/VNAV_23/vnav_ws/install/tesse_ros_bridge/share/tesse_ros_bridge/package.bash'
[2.338s] INFO:colcon.colcon_core.shell:Creating package script '/home/aimane/humble_ws/src/VNAV_23/vnav_ws/install/tesse_ros_bridge/share/tesse_ros_bridge/package.zsh'
[2.339s] Level 1:colcon.colcon_core.environment:create_file_with_runtime_dependencies(/home/aimane/humble_ws/src/VNAV_23/vnav_ws/install/tesse_ros_bridge/share/colcon-core/packages/tesse_ros_bridge)
[2.878s] DEBUG:colcon.colcon_core.event_handler.log_command:Invoked command in '/home/aimane/humble_ws/src/VNAV_23/vnav_ws/build/mav_state_machine_msgs' returned '0': CMAKE_PREFIX_PATH=/opt/ros/humble /usr/bin/cmake /home/aimane/humble_ws/src/VNAV_23/vnav_ws/src/mav_comm/mav_state_machine_msgs -DCMAKE_INSTALL_PREFIX=/home/aimane/humble_ws/src/VNAV_23/vnav_ws/install/mav_state_machine_msgs
[2.881s] DEBUG:colcon.colcon_core.event_handler.log_command:Invoking command in '/home/aimane/humble_ws/src/VNAV_23/vnav_ws/build/mav_state_machine_msgs': CMAKE_PREFIX_PATH=/opt/ros/humble /usr/bin/cmake --build /home/aimane/humble_ws/src/VNAV_23/vnav_ws/build/mav_state_machine_msgs -- -j8 -l8
[2.939s] DEBUG:colcon.colcon_core.event_handler.log_command:Invoked command in '/home/aimane/humble_ws/src/VNAV_23/vnav_ws/build/mav_system_msgs' returned '0': CMAKE_PREFIX_PATH=/opt/ros/humble /usr/bin/cmake /home/aimane/humble_ws/src/VNAV_23/vnav_ws/src/mav_comm/mav_system_msgs -DCMAKE_INSTALL_PREFIX=/home/aimane/humble_ws/src/VNAV_23/vnav_ws/install/mav_system_msgs
[2.941s] DEBUG:colcon.colcon_core.event_handler.log_command:Invoking command in '/home/aimane/humble_ws/src/VNAV_23/vnav_ws/build/mav_system_msgs': CMAKE_PREFIX_PATH=/opt/ros/humble /usr/bin/cmake --build /home/aimane/humble_ws/src/VNAV_23/vnav_ws/build/mav_system_msgs -- -j8 -l8
[3.651s] DEBUG:colcon.colcon_core.event_handler.log_command:Invoked command in '/home/aimane/humble_ws/src/VNAV_23/vnav_ws/build/tesse_msgs' returned '0': CMAKE_PREFIX_PATH=/opt/ros/humble /usr/bin/cmake /home/aimane/humble_ws/src/VNAV_23/vnav_ws/src/Lab3/tesse_msgs -DCMAKE_INSTALL_PREFIX=/home/aimane/humble_ws/src/VNAV_23/vnav_ws/install/tesse_msgs
[3.651s] DEBUG:colcon.colcon_core.event_handler.log_command:Invoking command in '/home/aimane/humble_ws/src/VNAV_23/vnav_ws/build/tesse_msgs': CMAKE_PREFIX_PATH=/opt/ros/humble /usr/bin/cmake --build /home/aimane/humble_ws/src/VNAV_23/vnav_ws/build/tesse_msgs -- -j8 -l8
[4.545s] DEBUG:colcon.colcon_core.event_handler.log_command:Invoked command in '/home/aimane/humble_ws/src/VNAV_23/vnav_ws/build/mav_msgs' returned '0': CMAKE_PREFIX_PATH=/opt/ros/humble /usr/bin/cmake /home/aimane/humble_ws/src/VNAV_23/vnav_ws/src/mav_comm/mav_msgs -DCMAKE_INSTALL_PREFIX=/home/aimane/humble_ws/src/VNAV_23/vnav_ws/install/mav_msgs
[4.546s] DEBUG:colcon.colcon_core.event_handler.log_command:Invoking command in '/home/aimane/humble_ws/src/VNAV_23/vnav_ws/build/mav_msgs': CMAKE_PREFIX_PATH=/opt/ros/humble /usr/bin/cmake --build /home/aimane/humble_ws/src/VNAV_23/vnav_ws/build/mav_msgs -- -j8 -l8
[7.945s] DEBUG:colcon.colcon_core.event_handler.log_command:Invoked command in '/home/aimane/humble_ws/src/VNAV_23/vnav_ws/build/mav_state_machine_msgs' returned '0': CMAKE_PREFIX_PATH=/opt/ros/humble /usr/bin/cmake --build /home/aimane/humble_ws/src/VNAV_23/vnav_ws/build/mav_state_machine_msgs -- -j8 -l8
[7.976s] DEBUG:colcon.colcon_core.event_handler.log_command:Invoking command in '/home/aimane/humble_ws/src/VNAV_23/vnav_ws/build/mav_state_machine_msgs': CMAKE_PREFIX_PATH=/opt/ros/humble /usr/bin/cmake --install /home/aimane/humble_ws/src/VNAV_23/vnav_ws/build/mav_state_machine_msgs
[8.113s] Level 1:colcon.colcon_core.environment:create_environment_scripts_only(mav_state_machine_msgs)
[8.113s] DEBUG:colcon.colcon_core.event_handler.log_command:Invoked command in '/home/aimane/humble_ws/src/VNAV_23/vnav_ws/build/mav_state_machine_msgs' returned '0': CMAKE_PREFIX_PATH=/opt/ros/humble /usr/bin/cmake --install /home/aimane/humble_ws/src/VNAV_23/vnav_ws/build/mav_state_machine_msgs
[8.113s] Level 1:colcon.colcon_core.environment:checking '/home/aimane/humble_ws/src/VNAV_23/vnav_ws/install/mav_state_machine_msgs' for CMake module files
[8.115s] Level 1:colcon.colcon_core.environment:checking '/home/aimane/humble_ws/src/VNAV_23/vnav_ws/install/mav_state_machine_msgs' for CMake config files
[8.116s] Level 1:colcon.colcon_core.shell:create_environment_hook('mav_state_machine_msgs', 'cmake_prefix_path')
[8.119s] INFO:colcon.colcon_core.shell:Creating environment hook '/home/aimane/humble_ws/src/VNAV_23/vnav_ws/install/mav_state_machine_msgs/share/mav_state_machine_msgs/hook/cmake_prefix_path.ps1'
[8.121s] INFO:colcon.colcon_core.shell:Creating environment descriptor '/home/aimane/humble_ws/src/VNAV_23/vnav_ws/install/mav_state_machine_msgs/share/mav_state_machine_msgs/hook/cmake_prefix_path.dsv'
[8.121s] INFO:colcon.colcon_core.shell:Creating environment hook '/home/aimane/humble_ws/src/VNAV_23/vnav_ws/install/mav_state_machine_msgs/share/mav_state_machine_msgs/hook/cmake_prefix_path.sh'
[8.122s] Level 1:colcon.colcon_core.environment:checking '/home/aimane/humble_ws/src/VNAV_23/vnav_ws/install/mav_state_machine_msgs/lib'
[8.122s] Level 1:colcon.colcon_core.shell:create_environment_hook('mav_state_machine_msgs', 'ld_library_path_lib')
[8.123s] INFO:colcon.colcon_core.shell:Creating environment hook '/home/aimane/humble_ws/src/VNAV_23/vnav_ws/install/mav_state_machine_msgs/share/mav_state_machine_msgs/hook/ld_library_path_lib.ps1'
[8.128s] INFO:colcon.colcon_core.shell:Creating environment descriptor '/home/aimane/humble_ws/src/VNAV_23/vnav_ws/install/mav_state_machine_msgs/share/mav_state_machine_msgs/hook/ld_library_path_lib.dsv'
[8.128s] INFO:colcon.colcon_core.shell:Creating environment hook '/home/aimane/humble_ws/src/VNAV_23/vnav_ws/install/mav_state_machine_msgs/share/mav_state_machine_msgs/hook/ld_library_path_lib.sh'
[8.129s] Level 1:colcon.colcon_core.environment:checking '/home/aimane/humble_ws/src/VNAV_23/vnav_ws/install/mav_state_machine_msgs/bin'
[8.129s] Level 1:colcon.colcon_core.environment:checking '/home/aimane/humble_ws/src/VNAV_23/vnav_ws/install/mav_state_machine_msgs/lib/pkgconfig/mav_state_machine_msgs.pc'
[8.130s] Level 1:colcon.colcon_core.environment:checking '/home/aimane/humble_ws/src/VNAV_23/vnav_ws/install/mav_state_machine_msgs/lib/python3.10/site-packages'
[8.134s] Level 1:colcon.colcon_core.environment:checking '/home/aimane/humble_ws/src/VNAV_23/vnav_ws/install/mav_state_machine_msgs/bin'
[8.135s] INFO:colcon.colcon_core.shell:Creating package script '/home/aimane/humble_ws/src/VNAV_23/vnav_ws/install/mav_state_machine_msgs/share/mav_state_machine_msgs/package.ps1'
[8.136s] INFO:colcon.colcon_core.shell:Creating package descriptor '/home/aimane/humble_ws/src/VNAV_23/vnav_ws/install/mav_state_machine_msgs/share/mav_state_machine_msgs/package.dsv'
[8.137s] INFO:colcon.colcon_core.shell:Creating package script '/home/aimane/humble_ws/src/VNAV_23/vnav_ws/install/mav_state_machine_msgs/share/mav_state_machine_msgs/package.sh'
[8.142s] INFO:colcon.colcon_core.shell:Creating package script '/home/aimane/humble_ws/src/VNAV_23/vnav_ws/install/mav_state_machine_msgs/share/mav_state_machine_msgs/package.bash'
[8.143s] INFO:colcon.colcon_core.shell:Creating package script '/home/aimane/humble_ws/src/VNAV_23/vnav_ws/install/mav_state_machine_msgs/share/mav_state_machine_msgs/package.zsh'
[8.144s] Level 1:colcon.colcon_core.environment:create_file_with_runtime_dependencies(/home/aimane/humble_ws/src/VNAV_23/vnav_ws/install/mav_state_machine_msgs/share/colcon-core/packages/mav_state_machine_msgs)
[8.148s] Level 1:colcon.colcon_core.environment:create_environment_scripts_only(mav_state_machine_msgs)
[8.150s] Level 1:colcon.colcon_core.environment:checking '/home/aimane/humble_ws/src/VNAV_23/vnav_ws/install/mav_state_machine_msgs' for CMake module files
[8.152s] Level 1:colcon.colcon_core.environment:checking '/home/aimane/humble_ws/src/VNAV_23/vnav_ws/install/mav_state_machine_msgs' for CMake config files
[8.154s] Level 1:colcon.colcon_core.shell:create_environment_hook('mav_state_machine_msgs', 'cmake_prefix_path')
[8.157s] INFO:colcon.colcon_core.shell:Creating environment hook '/home/aimane/humble_ws/src/VNAV_23/vnav_ws/install/mav_state_machine_msgs/share/mav_state_machine_msgs/hook/cmake_prefix_path.ps1'
[8.158s] INFO:colcon.colcon_core.shell:Creating environment descriptor '/home/aimane/humble_ws/src/VNAV_23/vnav_ws/install/mav_state_machine_msgs/share/mav_state_machine_msgs/hook/cmake_prefix_path.dsv'
[8.159s] INFO:colcon.colcon_core.shell:Creating environment hook '/home/aimane/humble_ws/src/VNAV_23/vnav_ws/install/mav_state_machine_msgs/share/mav_state_machine_msgs/hook/cmake_prefix_path.sh'
[8.162s] Level 1:colcon.colcon_core.environment:checking '/home/aimane/humble_ws/src/VNAV_23/vnav_ws/install/mav_state_machine_msgs/lib'
[8.162s] Level 1:colcon.colcon_core.shell:create_environment_hook('mav_state_machine_msgs', 'ld_library_path_lib')
[8.163s] INFO:colcon.colcon_core.shell:Creating environment hook '/home/aimane/humble_ws/src/VNAV_23/vnav_ws/install/mav_state_machine_msgs/share/mav_state_machine_msgs/hook/ld_library_path_lib.ps1'
[8.167s] INFO:colcon.colcon_core.shell:Creating environment descriptor '/home/aimane/humble_ws/src/VNAV_23/vnav_ws/install/mav_state_machine_msgs/share/mav_state_machine_msgs/hook/ld_library_path_lib.dsv'
[8.171s] INFO:colcon.colcon_core.shell:Creating environment hook '/home/aimane/humble_ws/src/VNAV_23/vnav_ws/install/mav_state_machine_msgs/share/mav_state_machine_msgs/hook/ld_library_path_lib.sh'
[8.172s] Level 1:colcon.colcon_core.environment:checking '/home/aimane/humble_ws/src/VNAV_23/vnav_ws/install/mav_state_machine_msgs/bin'
[8.174s] Level 1:colcon.colcon_core.environment:checking '/home/aimane/humble_ws/src/VNAV_23/vnav_ws/install/mav_state_machine_msgs/lib/pkgconfig/mav_state_machine_msgs.pc'
[8.177s] Level 1:colcon.colcon_core.environment:checking '/home/aimane/humble_ws/src/VNAV_23/vnav_ws/install/mav_state_machine_msgs/lib/python3.10/site-packages'
[8.182s] Level 1:colcon.colcon_core.environment:checking '/home/aimane/humble_ws/src/VNAV_23/vnav_ws/install/mav_state_machine_msgs/bin'
[8.183s] INFO:colcon.colcon_core.shell:Creating package script '/home/aimane/humble_ws/src/VNAV_23/vnav_ws/install/mav_state_machine_msgs/share/mav_state_machine_msgs/package.ps1'
[8.184s] INFO:colcon.colcon_core.shell:Creating package descriptor '/home/aimane/humble_ws/src/VNAV_23/vnav_ws/install/mav_state_machine_msgs/share/mav_state_machine_msgs/package.dsv'
[8.189s] INFO:colcon.colcon_core.shell:Creating package script '/home/aimane/humble_ws/src/VNAV_23/vnav_ws/install/mav_state_machine_msgs/share/mav_state_machine_msgs/package.sh'
[8.191s] INFO:colcon.colcon_core.shell:Creating package script '/home/aimane/humble_ws/src/VNAV_23/vnav_ws/install/mav_state_machine_msgs/share/mav_state_machine_msgs/package.bash'
[8.195s] INFO:colcon.colcon_core.shell:Creating package script '/home/aimane/humble_ws/src/VNAV_23/vnav_ws/install/mav_state_machine_msgs/share/mav_state_machine_msgs/package.zsh'
[8.199s] Level 1:colcon.colcon_core.environment:create_file_with_runtime_dependencies(/home/aimane/humble_ws/src/VNAV_23/vnav_ws/install/mav_state_machine_msgs/share/colcon-core/packages/mav_state_machine_msgs)
[8.202s] DEBUG:colcon.colcon_core.event_handler.log_command:Invoked command in '/home/aimane/humble_ws/src/VNAV_23/vnav_ws/build/mav_system_msgs' returned '0': CMAKE_PREFIX_PATH=/opt/ros/humble /usr/bin/cmake --build /home/aimane/humble_ws/src/VNAV_23/vnav_ws/build/mav_system_msgs -- -j8 -l8
[8.209s] DEBUG:colcon.colcon_core.event_handler.log_command:Invoking command in '/home/aimane/humble_ws/src/VNAV_23/vnav_ws/build/mav_system_msgs': CMAKE_PREFIX_PATH=/opt/ros/humble /usr/bin/cmake --install /home/aimane/humble_ws/src/VNAV_23/vnav_ws/build/mav_system_msgs
[8.336s] Level 1:colcon.colcon_core.environment:create_environment_scripts_only(mav_system_msgs)
[8.336s] Level 1:colcon.colcon_core.environment:checking '/home/aimane/humble_ws/src/VNAV_23/vnav_ws/install/mav_system_msgs' for CMake module files
[8.338s] DEBUG:colcon.colcon_core.event_handler.log_command:Invoked command in '/home/aimane/humble_ws/src/VNAV_23/vnav_ws/build/mav_system_msgs' returned '0': CMAKE_PREFIX_PATH=/opt/ros/humble /usr/bin/cmake --install /home/aimane/humble_ws/src/VNAV_23/vnav_ws/build/mav_system_msgs
[8.339s] Level 1:colcon.colcon_core.environment:checking '/home/aimane/humble_ws/src/VNAV_23/vnav_ws/install/mav_system_msgs' for CMake config files
[8.340s] Level 1:colcon.colcon_core.shell:create_environment_hook('mav_system_msgs', 'cmake_prefix_path')
[8.340s] INFO:colcon.colcon_core.shell:Creating environment hook '/home/aimane/humble_ws/src/VNAV_23/vnav_ws/install/mav_system_msgs/share/mav_system_msgs/hook/cmake_prefix_path.ps1'
[8.341s] INFO:colcon.colcon_core.shell:Creating environment descriptor '/home/aimane/humble_ws/src/VNAV_23/vnav_ws/install/mav_system_msgs/share/mav_system_msgs/hook/cmake_prefix_path.dsv'
[8.342s] INFO:colcon.colcon_core.shell:Creating environment hook '/home/aimane/humble_ws/src/VNAV_23/vnav_ws/install/mav_system_msgs/share/mav_system_msgs/hook/cmake_prefix_path.sh'
[8.343s] Level 1:colcon.colcon_core.environment:checking '/home/aimane/humble_ws/src/VNAV_23/vnav_ws/install/mav_system_msgs/lib'
[8.344s] Level 1:colcon.colcon_core.shell:create_environment_hook('mav_system_msgs', 'ld_library_path_lib')
[8.344s] INFO:colcon.colcon_core.shell:Creating environment hook '/home/aimane/humble_ws/src/VNAV_23/vnav_ws/install/mav_system_msgs/share/mav_system_msgs/hook/ld_library_path_lib.ps1'
[8.345s] INFO:colcon.colcon_core.shell:Creating environment descriptor '/home/aimane/humble_ws/src/VNAV_23/vnav_ws/install/mav_system_msgs/share/mav_system_msgs/hook/ld_library_path_lib.dsv'
[8.346s] INFO:colcon.colcon_core.shell:Creating environment hook '/home/aimane/humble_ws/src/VNAV_23/vnav_ws/install/mav_system_msgs/share/mav_system_msgs/hook/ld_library_path_lib.sh'
[8.347s] Level 1:colcon.colcon_core.environment:checking '/home/aimane/humble_ws/src/VNAV_23/vnav_ws/install/mav_system_msgs/bin'
[8.347s] Level 1:colcon.colcon_core.environment:checking '/home/aimane/humble_ws/src/VNAV_23/vnav_ws/install/mav_system_msgs/lib/pkgconfig/mav_system_msgs.pc'
[8.348s] Level 1:colcon.colcon_core.environment:checking '/home/aimane/humble_ws/src/VNAV_23/vnav_ws/install/mav_system_msgs/lib/python3.10/site-packages'
[8.349s] Level 1:colcon.colcon_core.environment:checking '/home/aimane/humble_ws/src/VNAV_23/vnav_ws/install/mav_system_msgs/bin'
[8.350s] INFO:colcon.colcon_core.shell:Creating package script '/home/aimane/humble_ws/src/VNAV_23/vnav_ws/install/mav_system_msgs/share/mav_system_msgs/package.ps1'
[8.351s] INFO:colcon.colcon_core.shell:Creating package descriptor '/home/aimane/humble_ws/src/VNAV_23/vnav_ws/install/mav_system_msgs/share/mav_system_msgs/package.dsv'
[8.352s] INFO:colcon.colcon_core.shell:Creating package script '/home/aimane/humble_ws/src/VNAV_23/vnav_ws/install/mav_system_msgs/share/mav_system_msgs/package.sh'
[8.354s] INFO:colcon.colcon_core.shell:Creating package script '/home/aimane/humble_ws/src/VNAV_23/vnav_ws/install/mav_system_msgs/share/mav_system_msgs/package.bash'
[8.355s] INFO:colcon.colcon_core.shell:Creating package script '/home/aimane/humble_ws/src/VNAV_23/vnav_ws/install/mav_system_msgs/share/mav_system_msgs/package.zsh'
[8.355s] Level 1:colcon.colcon_core.environment:create_file_with_runtime_dependencies(/home/aimane/humble_ws/src/VNAV_23/vnav_ws/install/mav_system_msgs/share/colcon-core/packages/mav_system_msgs)
[8.357s] Level 1:colcon.colcon_core.environment:create_environment_scripts_only(mav_system_msgs)
[8.358s] Level 1:colcon.colcon_core.environment:checking '/home/aimane/humble_ws/src/VNAV_23/vnav_ws/install/mav_system_msgs' for CMake module files
[8.359s] Level 1:colcon.colcon_core.environment:checking '/home/aimane/humble_ws/src/VNAV_23/vnav_ws/install/mav_system_msgs' for CMake config files
[8.360s] Level 1:colcon.colcon_core.shell:create_environment_hook('mav_system_msgs', 'cmake_prefix_path')
[8.361s] INFO:colcon.colcon_core.shell:Creating environment hook '/home/aimane/humble_ws/src/VNAV_23/vnav_ws/install/mav_system_msgs/share/mav_system_msgs/hook/cmake_prefix_path.ps1'
[8.363s] INFO:colcon.colcon_core.shell:Creating environment descriptor '/home/aimane/humble_ws/src/VNAV_23/vnav_ws/install/mav_system_msgs/share/mav_system_msgs/hook/cmake_prefix_path.dsv'
[8.364s] INFO:colcon.colcon_core.shell:Creating environment hook '/home/aimane/humble_ws/src/VNAV_23/vnav_ws/install/mav_system_msgs/share/mav_system_msgs/hook/cmake_prefix_path.sh'
[8.366s] Level 1:colcon.colcon_core.environment:checking '/home/aimane/humble_ws/src/VNAV_23/vnav_ws/install/mav_system_msgs/lib'
[8.368s] Level 1:colcon.colcon_core.shell:create_environment_hook('mav_system_msgs', 'ld_library_path_lib')
[8.369s] INFO:colcon.colcon_core.shell:Creating environment hook '/home/aimane/humble_ws/src/VNAV_23/vnav_ws/install/mav_system_msgs/share/mav_system_msgs/hook/ld_library_path_lib.ps1'
[8.372s] INFO:colcon.colcon_core.shell:Creating environment descriptor '/home/aimane/humble_ws/src/VNAV_23/vnav_ws/install/mav_system_msgs/share/mav_system_msgs/hook/ld_library_path_lib.dsv'
[8.373s] INFO:colcon.colcon_core.shell:Creating environment hook '/home/aimane/humble_ws/src/VNAV_23/vnav_ws/install/mav_system_msgs/share/mav_system_msgs/hook/ld_library_path_lib.sh'
[8.376s] Level 1:colcon.colcon_core.environment:checking '/home/aimane/humble_ws/src/VNAV_23/vnav_ws/install/mav_system_msgs/bin'
[8.377s] Level 1:colcon.colcon_core.environment:checking '/home/aimane/humble_ws/src/VNAV_23/vnav_ws/install/mav_system_msgs/lib/pkgconfig/mav_system_msgs.pc'
[8.379s] Level 1:colcon.colcon_core.environment:checking '/home/aimane/humble_ws/src/VNAV_23/vnav_ws/install/mav_system_msgs/lib/python3.10/site-packages'
[8.380s] Level 1:colcon.colcon_core.environment:checking '/home/aimane/humble_ws/src/VNAV_23/vnav_ws/install/mav_system_msgs/bin'
[8.385s] INFO:colcon.colcon_core.shell:Creating package script '/home/aimane/humble_ws/src/VNAV_23/vnav_ws/install/mav_system_msgs/share/mav_system_msgs/package.ps1'
[8.386s] INFO:colcon.colcon_core.shell:Creating package descriptor '/home/aimane/humble_ws/src/VNAV_23/vnav_ws/install/mav_system_msgs/share/mav_system_msgs/package.dsv'
[8.390s] INFO:colcon.colcon_core.shell:Creating package script '/home/aimane/humble_ws/src/VNAV_23/vnav_ws/install/mav_system_msgs/share/mav_system_msgs/package.sh'
[8.392s] INFO:colcon.colcon_core.shell:Creating package script '/home/aimane/humble_ws/src/VNAV_23/vnav_ws/install/mav_system_msgs/share/mav_system_msgs/package.bash'
[8.397s] INFO:colcon.colcon_core.shell:Creating package script '/home/aimane/humble_ws/src/VNAV_23/vnav_ws/install/mav_system_msgs/share/mav_system_msgs/package.zsh'
[8.398s] Level 1:colcon.colcon_core.environment:create_file_with_runtime_dependencies(/home/aimane/humble_ws/src/VNAV_23/vnav_ws/install/mav_system_msgs/share/colcon-core/packages/mav_system_msgs)
[18.180s] DEBUG:colcon.colcon_core.event_handler.log_command:Invoked command in '/home/aimane/humble_ws/src/VNAV_23/vnav_ws/build/tesse_msgs' returned '0': CMAKE_PREFIX_PATH=/opt/ros/humble /usr/bin/cmake --build /home/aimane/humble_ws/src/VNAV_23/vnav_ws/build/tesse_msgs -- -j8 -l8
[18.181s] DEBUG:colcon.colcon_core.event_handler.log_command:Invoking command in '/home/aimane/humble_ws/src/VNAV_23/vnav_ws/build/tesse_msgs': CMAKE_PREFIX_PATH=/opt/ros/humble /usr/bin/cmake --install /home/aimane/humble_ws/src/VNAV_23/vnav_ws/build/tesse_msgs
[18.501s] Level 1:colcon.colcon_core.environment:create_environment_scripts_only(tesse_msgs)
[18.502s] Level 1:colcon.colcon_core.environment:checking '/home/aimane/humble_ws/src/VNAV_23/vnav_ws/install/tesse_msgs' for CMake module files
[18.503s] Level 1:colcon.colcon_core.environment:checking '/home/aimane/humble_ws/src/VNAV_23/vnav_ws/install/tesse_msgs' for CMake config files
[18.507s] DEBUG:colcon.colcon_core.event_handler.log_command:Invoked command in '/home/aimane/humble_ws/src/VNAV_23/vnav_ws/build/tesse_msgs' returned '0': CMAKE_PREFIX_PATH=/opt/ros/humble /usr/bin/cmake --install /home/aimane/humble_ws/src/VNAV_23/vnav_ws/build/tesse_msgs
[18.511s] Level 1:colcon.colcon_core.shell:create_environment_hook('tesse_msgs', 'cmake_prefix_path')
[18.512s] INFO:colcon.colcon_core.shell:Creating environment hook '/home/aimane/humble_ws/src/VNAV_23/vnav_ws/install/tesse_msgs/share/tesse_msgs/hook/cmake_prefix_path.ps1'
[18.513s] INFO:colcon.colcon_core.shell:Creating environment descriptor '/home/aimane/humble_ws/src/VNAV_23/vnav_ws/install/tesse_msgs/share/tesse_msgs/hook/cmake_prefix_path.dsv'
[18.514s] INFO:colcon.colcon_core.shell:Creating environment hook '/home/aimane/humble_ws/src/VNAV_23/vnav_ws/install/tesse_msgs/share/tesse_msgs/hook/cmake_prefix_path.sh'
[18.518s] Level 1:colcon.colcon_core.environment:checking '/home/aimane/humble_ws/src/VNAV_23/vnav_ws/install/tesse_msgs/lib'
[18.519s] Level 1:colcon.colcon_core.shell:create_environment_hook('tesse_msgs', 'ld_library_path_lib')
[18.519s] INFO:colcon.colcon_core.shell:Creating environment hook '/home/aimane/humble_ws/src/VNAV_23/vnav_ws/install/tesse_msgs/share/tesse_msgs/hook/ld_library_path_lib.ps1'
[18.523s] INFO:colcon.colcon_core.shell:Creating environment descriptor '/home/aimane/humble_ws/src/VNAV_23/vnav_ws/install/tesse_msgs/share/tesse_msgs/hook/ld_library_path_lib.dsv'
[18.524s] INFO:colcon.colcon_core.shell:Creating environment hook '/home/aimane/humble_ws/src/VNAV_23/vnav_ws/install/tesse_msgs/share/tesse_msgs/hook/ld_library_path_lib.sh'
[18.525s] Level 1:colcon.colcon_core.environment:checking '/home/aimane/humble_ws/src/VNAV_23/vnav_ws/install/tesse_msgs/bin'
[18.526s] Level 1:colcon.colcon_core.environment:checking '/home/aimane/humble_ws/src/VNAV_23/vnav_ws/install/tesse_msgs/lib/pkgconfig/tesse_msgs.pc'
[18.529s] Level 1:colcon.colcon_core.environment:checking '/home/aimane/humble_ws/src/VNAV_23/vnav_ws/install/tesse_msgs/lib/python3.10/site-packages'
[18.530s] Level 1:colcon.colcon_core.environment:checking '/home/aimane/humble_ws/src/VNAV_23/vnav_ws/install/tesse_msgs/bin'
[18.531s] INFO:colcon.colcon_core.shell:Creating package script '/home/aimane/humble_ws/src/VNAV_23/vnav_ws/install/tesse_msgs/share/tesse_msgs/package.ps1'
[18.536s] INFO:colcon.colcon_core.shell:Creating package descriptor '/home/aimane/humble_ws/src/VNAV_23/vnav_ws/install/tesse_msgs/share/tesse_msgs/package.dsv'
[18.537s] INFO:colcon.colcon_core.shell:Creating package script '/home/aimane/humble_ws/src/VNAV_23/vnav_ws/install/tesse_msgs/share/tesse_msgs/package.sh'
[18.542s] INFO:colcon.colcon_core.shell:Creating package script '/home/aimane/humble_ws/src/VNAV_23/vnav_ws/install/tesse_msgs/share/tesse_msgs/package.bash'
[18.543s] INFO:colcon.colcon_core.shell:Creating package script '/home/aimane/humble_ws/src/VNAV_23/vnav_ws/install/tesse_msgs/share/tesse_msgs/package.zsh'
[18.543s] Level 1:colcon.colcon_core.environment:create_file_with_runtime_dependencies(/home/aimane/humble_ws/src/VNAV_23/vnav_ws/install/tesse_msgs/share/colcon-core/packages/tesse_msgs)
[18.548s] Level 1:colcon.colcon_core.environment:create_environment_scripts_only(tesse_msgs)
[18.549s] Level 1:colcon.colcon_core.environment:checking '/home/aimane/humble_ws/src/VNAV_23/vnav_ws/install/tesse_msgs' for CMake module files
[18.554s] Level 1:colcon.colcon_core.environment:checking '/home/aimane/humble_ws/src/VNAV_23/vnav_ws/install/tesse_msgs' for CMake config files
[18.555s] Level 1:colcon.colcon_core.shell:create_environment_hook('tesse_msgs', 'cmake_prefix_path')
[18.556s] INFO:colcon.colcon_core.shell:Creating environment hook '/home/aimane/humble_ws/src/VNAV_23/vnav_ws/install/tesse_msgs/share/tesse_msgs/hook/cmake_prefix_path.ps1'
[18.558s] INFO:colcon.colcon_core.shell:Creating environment descriptor '/home/aimane/humble_ws/src/VNAV_23/vnav_ws/install/tesse_msgs/share/tesse_msgs/hook/cmake_prefix_path.dsv'
[18.563s] INFO:colcon.colcon_core.shell:Creating environment hook '/home/aimane/humble_ws/src/VNAV_23/vnav_ws/install/tesse_msgs/share/tesse_msgs/hook/cmake_prefix_path.sh'
[18.564s] Level 1:colcon.colcon_core.environment:checking '/home/aimane/humble_ws/src/VNAV_23/vnav_ws/install/tesse_msgs/lib'
[18.565s] Level 1:colcon.colcon_core.shell:create_environment_hook('tesse_msgs', 'ld_library_path_lib')
[18.568s] INFO:colcon.colcon_core.shell:Creating environment hook '/home/aimane/humble_ws/src/VNAV_23/vnav_ws/install/tesse_msgs/share/tesse_msgs/hook/ld_library_path_lib.ps1'
[18.573s] INFO:colcon.colcon_core.shell:Creating environment descriptor '/home/aimane/humble_ws/src/VNAV_23/vnav_ws/install/tesse_msgs/share/tesse_msgs/hook/ld_library_path_lib.dsv'
[18.574s] INFO:colcon.colcon_core.shell:Creating environment hook '/home/aimane/humble_ws/src/VNAV_23/vnav_ws/install/tesse_msgs/share/tesse_msgs/hook/ld_library_path_lib.sh'
[18.575s] Level 1:colcon.colcon_core.environment:checking '/home/aimane/humble_ws/src/VNAV_23/vnav_ws/install/tesse_msgs/bin'
[18.575s] Level 1:colcon.colcon_core.environment:checking '/home/aimane/humble_ws/src/VNAV_23/vnav_ws/install/tesse_msgs/lib/pkgconfig/tesse_msgs.pc'
[18.576s] Level 1:colcon.colcon_core.environment:checking '/home/aimane/humble_ws/src/VNAV_23/vnav_ws/install/tesse_msgs/lib/python3.10/site-packages'
[18.577s] Level 1:colcon.colcon_core.environment:checking '/home/aimane/humble_ws/src/VNAV_23/vnav_ws/install/tesse_msgs/bin'
[18.581s] INFO:colcon.colcon_core.shell:Creating package script '/home/aimane/humble_ws/src/VNAV_23/vnav_ws/install/tesse_msgs/share/tesse_msgs/package.ps1'
[18.583s] INFO:colcon.colcon_core.shell:Creating package descriptor '/home/aimane/humble_ws/src/VNAV_23/vnav_ws/install/tesse_msgs/share/tesse_msgs/package.dsv'
[18.588s] INFO:colcon.colcon_core.shell:Creating package script '/home/aimane/humble_ws/src/VNAV_23/vnav_ws/install/tesse_msgs/share/tesse_msgs/package.sh'
[18.589s] INFO:colcon.colcon_core.shell:Creating package script '/home/aimane/humble_ws/src/VNAV_23/vnav_ws/install/tesse_msgs/share/tesse_msgs/package.bash'
[18.593s] INFO:colcon.colcon_core.shell:Creating package script '/home/aimane/humble_ws/src/VNAV_23/vnav_ws/install/tesse_msgs/share/tesse_msgs/package.zsh'
[18.595s] Level 1:colcon.colcon_core.environment:create_file_with_runtime_dependencies(/home/aimane/humble_ws/src/VNAV_23/vnav_ws/install/tesse_msgs/share/colcon-core/packages/tesse_msgs)
[22.582s] DEBUG:colcon.colcon_core.event_handler.log_command:Invoked command in '/home/aimane/humble_ws/src/VNAV_23/vnav_ws/build/mav_msgs' returned '0': CMAKE_PREFIX_PATH=/opt/ros/humble /usr/bin/cmake --build /home/aimane/humble_ws/src/VNAV_23/vnav_ws/build/mav_msgs -- -j8 -l8
[22.584s] DEBUG:colcon.colcon_core.event_handler.log_command:Invoking command in '/home/aimane/humble_ws/src/VNAV_23/vnav_ws/build/mav_msgs': CMAKE_PREFIX_PATH=/opt/ros/humble /usr/bin/cmake --install /home/aimane/humble_ws/src/VNAV_23/vnav_ws/build/mav_msgs
[22.771s] Level 1:colcon.colcon_core.environment:create_environment_scripts_only(mav_msgs)
[22.771s] Level 1:colcon.colcon_core.environment:checking '/home/aimane/humble_ws/src/VNAV_23/vnav_ws/install/mav_msgs' for CMake module files
[22.772s] DEBUG:colcon.colcon_core.event_handler.log_command:Invoked command in '/home/aimane/humble_ws/src/VNAV_23/vnav_ws/build/mav_msgs' returned '0': CMAKE_PREFIX_PATH=/opt/ros/humble /usr/bin/cmake --install /home/aimane/humble_ws/src/VNAV_23/vnav_ws/build/mav_msgs
[22.773s] Level 1:colcon.colcon_core.environment:checking '/home/aimane/humble_ws/src/VNAV_23/vnav_ws/install/mav_msgs' for CMake config files
[22.773s] Level 1:colcon.colcon_core.shell:create_environment_hook('mav_msgs', 'cmake_prefix_path')
[22.774s] INFO:colcon.colcon_core.shell:Creating environment hook '/home/aimane/humble_ws/src/VNAV_23/vnav_ws/install/mav_msgs/share/mav_msgs/hook/cmake_prefix_path.ps1'
[22.774s] INFO:colcon.colcon_core.shell:Creating environment descriptor '/home/aimane/humble_ws/src/VNAV_23/vnav_ws/install/mav_msgs/share/mav_msgs/hook/cmake_prefix_path.dsv'
[22.775s] INFO:colcon.colcon_core.shell:Creating environment hook '/home/aimane/humble_ws/src/VNAV_23/vnav_ws/install/mav_msgs/share/mav_msgs/hook/cmake_prefix_path.sh'
[22.776s] Level 1:colcon.colcon_core.environment:checking '/home/aimane/humble_ws/src/VNAV_23/vnav_ws/install/mav_msgs/lib'
[22.776s] Level 1:colcon.colcon_core.shell:create_environment_hook('mav_msgs', 'ld_library_path_lib')
[22.776s] INFO:colcon.colcon_core.shell:Creating environment hook '/home/aimane/humble_ws/src/VNAV_23/vnav_ws/install/mav_msgs/share/mav_msgs/hook/ld_library_path_lib.ps1'
[22.777s] INFO:colcon.colcon_core.shell:Creating environment descriptor '/home/aimane/humble_ws/src/VNAV_23/vnav_ws/install/mav_msgs/share/mav_msgs/hook/ld_library_path_lib.dsv'
[22.777s] INFO:colcon.colcon_core.shell:Creating environment hook '/home/aimane/humble_ws/src/VNAV_23/vnav_ws/install/mav_msgs/share/mav_msgs/hook/ld_library_path_lib.sh'
[22.778s] Level 1:colcon.colcon_core.environment:checking '/home/aimane/humble_ws/src/VNAV_23/vnav_ws/install/mav_msgs/bin'
[22.778s] Level 1:colcon.colcon_core.environment:checking '/home/aimane/humble_ws/src/VNAV_23/vnav_ws/install/mav_msgs/lib/pkgconfig/mav_msgs.pc'
[22.778s] Level 1:colcon.colcon_core.environment:checking '/home/aimane/humble_ws/src/VNAV_23/vnav_ws/install/mav_msgs/lib/python3.10/site-packages'
[22.778s] Level 1:colcon.colcon_core.environment:checking '/home/aimane/humble_ws/src/VNAV_23/vnav_ws/install/mav_msgs/bin'
[22.779s] INFO:colcon.colcon_core.shell:Creating package script '/home/aimane/humble_ws/src/VNAV_23/vnav_ws/install/mav_msgs/share/mav_msgs/package.ps1'
[22.779s] INFO:colcon.colcon_core.shell:Creating package descriptor '/home/aimane/humble_ws/src/VNAV_23/vnav_ws/install/mav_msgs/share/mav_msgs/package.dsv'
[22.780s] INFO:colcon.colcon_core.shell:Creating package script '/home/aimane/humble_ws/src/VNAV_23/vnav_ws/install/mav_msgs/share/mav_msgs/package.sh'
[22.780s] INFO:colcon.colcon_core.shell:Creating package script '/home/aimane/humble_ws/src/VNAV_23/vnav_ws/install/mav_msgs/share/mav_msgs/package.bash'
[22.781s] INFO:colcon.colcon_core.shell:Creating package script '/home/aimane/humble_ws/src/VNAV_23/vnav_ws/install/mav_msgs/share/mav_msgs/package.zsh'
[22.781s] Level 1:colcon.colcon_core.environment:create_file_with_runtime_dependencies(/home/aimane/humble_ws/src/VNAV_23/vnav_ws/install/mav_msgs/share/colcon-core/packages/mav_msgs)
[22.782s] Level 1:colcon.colcon_core.environment:create_environment_scripts_only(mav_msgs)
[22.782s] Level 1:colcon.colcon_core.environment:checking '/home/aimane/humble_ws/src/VNAV_23/vnav_ws/install/mav_msgs' for CMake module files
[22.783s] Level 1:colcon.colcon_core.environment:checking '/home/aimane/humble_ws/src/VNAV_23/vnav_ws/install/mav_msgs' for CMake config files
[22.784s] Level 1:colcon.colcon_core.shell:create_environment_hook('mav_msgs', 'cmake_prefix_path')
[22.784s] INFO:colcon.colcon_core.shell:Creating environment hook '/home/aimane/humble_ws/src/VNAV_23/vnav_ws/install/mav_msgs/share/mav_msgs/hook/cmake_prefix_path.ps1'
[22.784s] INFO:colcon.colcon_core.shell:Creating environment descriptor '/home/aimane/humble_ws/src/VNAV_23/vnav_ws/install/mav_msgs/share/mav_msgs/hook/cmake_prefix_path.dsv'
[22.785s] INFO:colcon.colcon_core.shell:Creating environment hook '/home/aimane/humble_ws/src/VNAV_23/vnav_ws/install/mav_msgs/share/mav_msgs/hook/cmake_prefix_path.sh'
[22.785s] Level 1:colcon.colcon_core.environment:checking '/home/aimane/humble_ws/src/VNAV_23/vnav_ws/install/mav_msgs/lib'
[22.786s] Level 1:colcon.colcon_core.shell:create_environment_hook('mav_msgs', 'ld_library_path_lib')
[22.786s] INFO:colcon.colcon_core.shell:Creating environment hook '/home/aimane/humble_ws/src/VNAV_23/vnav_ws/install/mav_msgs/share/mav_msgs/hook/ld_library_path_lib.ps1'
[22.786s] INFO:colcon.colcon_core.shell:Creating environment descriptor '/home/aimane/humble_ws/src/VNAV_23/vnav_ws/install/mav_msgs/share/mav_msgs/hook/ld_library_path_lib.dsv'
[22.787s] INFO:colcon.colcon_core.shell:Creating environment hook '/home/aimane/humble_ws/src/VNAV_23/vnav_ws/install/mav_msgs/share/mav_msgs/hook/ld_library_path_lib.sh'
[22.787s] Level 1:colcon.colcon_core.environment:checking '/home/aimane/humble_ws/src/VNAV_23/vnav_ws/install/mav_msgs/bin'
[22.787s] Level 1:colcon.colcon_core.environment:checking '/home/aimane/humble_ws/src/VNAV_23/vnav_ws/install/mav_msgs/lib/pkgconfig/mav_msgs.pc'
[22.787s] Level 1:colcon.colcon_core.environment:checking '/home/aimane/humble_ws/src/VNAV_23/vnav_ws/install/mav_msgs/lib/python3.10/site-packages'
[22.788s] Level 1:colcon.colcon_core.environment:checking '/home/aimane/humble_ws/src/VNAV_23/vnav_ws/install/mav_msgs/bin'
[22.788s] INFO:colcon.colcon_core.shell:Creating package script '/home/aimane/humble_ws/src/VNAV_23/vnav_ws/install/mav_msgs/share/mav_msgs/package.ps1'
[22.789s] INFO:colcon.colcon_core.shell:Creating package descriptor '/home/aimane/humble_ws/src/VNAV_23/vnav_ws/install/mav_msgs/share/mav_msgs/package.dsv'
[22.789s] INFO:colcon.colcon_core.shell:Creating package script '/home/aimane/humble_ws/src/VNAV_23/vnav_ws/install/mav_msgs/share/mav_msgs/package.sh'
[22.790s] INFO:colcon.colcon_core.shell:Creating package script '/home/aimane/humble_ws/src/VNAV_23/vnav_ws/install/mav_msgs/share/mav_msgs/package.bash'
[22.790s] INFO:colcon.colcon_core.shell:Creating package script '/home/aimane/humble_ws/src/VNAV_23/vnav_ws/install/mav_msgs/share/mav_msgs/package.zsh'
[22.791s] Level 1:colcon.colcon_core.environment:create_file_with_runtime_dependencies(/home/aimane/humble_ws/src/VNAV_23/vnav_ws/install/mav_msgs/share/colcon-core/packages/mav_msgs)
[22.791s] INFO:colcon.colcon_ros.task.ament_cmake.build:Building ROS package in '/home/aimane/humble_ws/src/VNAV_23/vnav_ws/src/mav_comm/mav_planning_msgs' with build type 'ament_cmake'
[22.791s] INFO:colcon.colcon_cmake.task.cmake.build:Building CMake package in '/home/aimane/humble_ws/src/VNAV_23/vnav_ws/src/mav_comm/mav_planning_msgs'
[22.792s] INFO:colcon.colcon_core.shell:Skip shell extension 'powershell' for command environment: Not usable outside of PowerShell
[22.792s] DEBUG:colcon.colcon_core.shell:Skip shell extension 'dsv' for command environment
[22.796s] INFO:colcon.colcon_ros.task.ament_cmake.build:Building ROS package in '/home/aimane/humble_ws/src/VNAV_23/vnav_ws/src/Lab3/controller_pkg' with build type 'ament_cmake'
[22.797s] INFO:colcon.colcon_cmake.task.cmake.build:Building CMake package in '/home/aimane/humble_ws/src/VNAV_23/vnav_ws/src/Lab3/controller_pkg'
[22.797s] INFO:colcon.colcon_core.shell:Skip shell extension 'powershell' for command environment: Not usable outside of PowerShell
[22.797s] DEBUG:colcon.colcon_core.shell:Skip shell extension 'dsv' for command environment
[22.807s] DEBUG:colcon.colcon_core.event_handler.log_command:Invoking command in '/home/aimane/humble_ws/src/VNAV_23/vnav_ws/build/mav_planning_msgs': AMENT_PREFIX_PATH=/home/aimane/humble_ws/src/VNAV_23/vnav_ws/install/mav_msgs:${AMENT_PREFIX_PATH} CMAKE_PREFIX_PATH=/home/aimane/humble_ws/src/VNAV_23/vnav_ws/install/mav_msgs:/opt/ros/humble LD_LIBRARY_PATH=/home/aimane/humble_ws/src/VNAV_23/vnav_ws/install/mav_msgs/lib:${LD_LIBRARY_PATH} PYTHONPATH=/home/aimane/humble_ws/src/VNAV_23/vnav_ws/install/mav_msgs/local/lib/python3.10/dist-packages:${PYTHONPATH} /usr/bin/cmake /home/aimane/humble_ws/src/VNAV_23/vnav_ws/src/mav_comm/mav_planning_msgs -DCMAKE_INSTALL_PREFIX=/home/aimane/humble_ws/src/VNAV_23/vnav_ws/install/mav_planning_msgs
[22.810s] DEBUG:colcon.colcon_core.event_handler.log_command:Invoking command in '/home/aimane/humble_ws/src/VNAV_23/vnav_ws/build/controller_pkg': AMENT_PREFIX_PATH=/home/aimane/humble_ws/src/VNAV_23/vnav_ws/install/mav_msgs:${AMENT_PREFIX_PATH} CMAKE_PREFIX_PATH=/home/aimane/humble_ws/src/VNAV_23/vnav_ws/install/mav_msgs:/opt/ros/humble LD_LIBRARY_PATH=/home/aimane/humble_ws/src/VNAV_23/vnav_ws/install/mav_msgs/lib:${LD_LIBRARY_PATH} PYTHONPATH=/home/aimane/humble_ws/src/VNAV_23/vnav_ws/install/mav_msgs/local/lib/python3.10/dist-packages:${PYTHONPATH} /usr/bin/cmake /home/aimane/humble_ws/src/VNAV_23/vnav_ws/src/Lab3/controller_pkg -DCMAKE_INSTALL_PREFIX=/home/aimane/humble_ws/src/VNAV_23/vnav_ws/install/controller_pkg
[24.525s] DEBUG:colcon.colcon_core.event_handler.log_command:Invoked command in '/home/aimane/humble_ws/src/VNAV_23/vnav_ws/build/controller_pkg' returned '0': AMENT_PREFIX_PATH=/home/aimane/humble_ws/src/VNAV_23/vnav_ws/install/mav_msgs:${AMENT_PREFIX_PATH} CMAKE_PREFIX_PATH=/home/aimane/humble_ws/src/VNAV_23/vnav_ws/install/mav_msgs:/opt/ros/humble LD_LIBRARY_PATH=/home/aimane/humble_ws/src/VNAV_23/vnav_ws/install/mav_msgs/lib:${LD_LIBRARY_PATH} PYTHONPATH=/home/aimane/humble_ws/src/VNAV_23/vnav_ws/install/mav_msgs/local/lib/python3.10/dist-packages:${PYTHONPATH} /usr/bin/cmake /home/aimane/humble_ws/src/VNAV_23/vnav_ws/src/Lab3/controller_pkg -DCMAKE_INSTALL_PREFIX=/home/aimane/humble_ws/src/VNAV_23/vnav_ws/install/controller_pkg
[24.527s] DEBUG:colcon.colcon_core.event_handler.log_command:Invoking command in '/home/aimane/humble_ws/src/VNAV_23/vnav_ws/build/controller_pkg': AMENT_PREFIX_PATH=/home/aimane/humble_ws/src/VNAV_23/vnav_ws/install/mav_msgs:${AMENT_PREFIX_PATH} CMAKE_PREFIX_PATH=/home/aimane/humble_ws/src/VNAV_23/vnav_ws/install/mav_msgs:/opt/ros/humble LD_LIBRARY_PATH=/home/aimane/humble_ws/src/VNAV_23/vnav_ws/install/mav_msgs/lib:${LD_LIBRARY_PATH} PYTHONPATH=/home/aimane/humble_ws/src/VNAV_23/vnav_ws/install/mav_msgs/local/lib/python3.10/dist-packages:${PYTHONPATH} /usr/bin/cmake --build /home/aimane/humble_ws/src/VNAV_23/vnav_ws/build/controller_pkg -- -j8 -l8
[25.957s] DEBUG:colcon.colcon_core.event_handler.log_command:Invoked command in '/home/aimane/humble_ws/src/VNAV_23/vnav_ws/build/mav_planning_msgs' returned '0': AMENT_PREFIX_PATH=/home/aimane/humble_ws/src/VNAV_23/vnav_ws/install/mav_msgs:${AMENT_PREFIX_PATH} CMAKE_PREFIX_PATH=/home/aimane/humble_ws/src/VNAV_23/vnav_ws/install/mav_msgs:/opt/ros/humble LD_LIBRARY_PATH=/home/aimane/humble_ws/src/VNAV_23/vnav_ws/install/mav_msgs/lib:${LD_LIBRARY_PATH} PYTHONPATH=/home/aimane/humble_ws/src/VNAV_23/vnav_ws/install/mav_msgs/local/lib/python3.10/dist-packages:${PYTHONPATH} /usr/bin/cmake /home/aimane/humble_ws/src/VNAV_23/vnav_ws/src/mav_comm/mav_planning_msgs -DCMAKE_INSTALL_PREFIX=/home/aimane/humble_ws/src/VNAV_23/vnav_ws/install/mav_planning_msgs
[25.958s] DEBUG:colcon.colcon_core.event_handler.log_command:Invoking command in '/home/aimane/humble_ws/src/VNAV_23/vnav_ws/build/mav_planning_msgs': AMENT_PREFIX_PATH=/home/aimane/humble_ws/src/VNAV_23/vnav_ws/install/mav_msgs:${AMENT_PREFIX_PATH} CMAKE_PREFIX_PATH=/home/aimane/humble_ws/src/VNAV_23/vnav_ws/install/mav_msgs:/opt/ros/humble LD_LIBRARY_PATH=/home/aimane/humble_ws/src/VNAV_23/vnav_ws/install/mav_msgs/lib:${LD_LIBRARY_PATH} PYTHONPATH=/home/aimane/humble_ws/src/VNAV_23/vnav_ws/install/mav_msgs/local/lib/python3.10/dist-packages:${PYTHONPATH} /usr/bin/cmake --build /home/aimane/humble_ws/src/VNAV_23/vnav_ws/build/mav_planning_msgs -- -j8 -l8
[44.477s] DEBUG:colcon.colcon_core.event_handler.log_command:Invoked command in '/home/aimane/humble_ws/src/VNAV_23/vnav_ws/build/mav_planning_msgs' returned '0': AMENT_PREFIX_PATH=/home/aimane/humble_ws/src/VNAV_23/vnav_ws/install/mav_msgs:${AMENT_PREFIX_PATH} CMAKE_PREFIX_PATH=/home/aimane/humble_ws/src/VNAV_23/vnav_ws/install/mav_msgs:/opt/ros/humble LD_LIBRARY_PATH=/home/aimane/humble_ws/src/VNAV_23/vnav_ws/install/mav_msgs/lib:${LD_LIBRARY_PATH} PYTHONPATH=/home/aimane/humble_ws/src/VNAV_23/vnav_ws/install/mav_msgs/local/lib/python3.10/dist-packages:${PYTHONPATH} /usr/bin/cmake --build /home/aimane/humble_ws/src/VNAV_23/vnav_ws/build/mav_planning_msgs -- -j8 -l8
[44.479s] DEBUG:colcon.colcon_core.event_handler.log_command:Invoking command in '/home/aimane/humble_ws/src/VNAV_23/vnav_ws/build/mav_planning_msgs': AMENT_PREFIX_PATH=/home/aimane/humble_ws/src/VNAV_23/vnav_ws/install/mav_msgs:${AMENT_PREFIX_PATH} CMAKE_PREFIX_PATH=/home/aimane/humble_ws/src/VNAV_23/vnav_ws/install/mav_msgs:/opt/ros/humble LD_LIBRARY_PATH=/home/aimane/humble_ws/src/VNAV_23/vnav_ws/install/mav_msgs/lib:${LD_LIBRARY_PATH} PYTHONPATH=/home/aimane/humble_ws/src/VNAV_23/vnav_ws/install/mav_msgs/local/lib/python3.10/dist-packages:${PYTHONPATH} /usr/bin/cmake --install /home/aimane/humble_ws/src/VNAV_23/vnav_ws/build/mav_planning_msgs
[44.668s] Level 1:colcon.colcon_core.environment:create_environment_scripts_only(mav_planning_msgs)
[44.669s] Level 1:colcon.colcon_core.environment:checking '/home/aimane/humble_ws/src/VNAV_23/vnav_ws/install/mav_planning_msgs' for CMake module files
[44.669s] DEBUG:colcon.colcon_core.event_handler.log_command:Invoked command in '/home/aimane/humble_ws/src/VNAV_23/vnav_ws/build/mav_planning_msgs' returned '0': AMENT_PREFIX_PATH=/home/aimane/humble_ws/src/VNAV_23/vnav_ws/install/mav_msgs:${AMENT_PREFIX_PATH} CMAKE_PREFIX_PATH=/home/aimane/humble_ws/src/VNAV_23/vnav_ws/install/mav_msgs:/opt/ros/humble LD_LIBRARY_PATH=/home/aimane/humble_ws/src/VNAV_23/vnav_ws/install/mav_msgs/lib:${LD_LIBRARY_PATH} PYTHONPATH=/home/aimane/humble_ws/src/VNAV_23/vnav_ws/install/mav_msgs/local/lib/python3.10/dist-packages:${PYTHONPATH} /usr/bin/cmake --install /home/aimane/humble_ws/src/VNAV_23/vnav_ws/build/mav_planning_msgs
[44.670s] Level 1:colcon.colcon_core.environment:checking '/home/aimane/humble_ws/src/VNAV_23/vnav_ws/install/mav_planning_msgs' for CMake config files
[44.671s] Level 1:colcon.colcon_core.shell:create_environment_hook('mav_planning_msgs', 'cmake_prefix_path')
[44.671s] INFO:colcon.colcon_core.shell:Creating environment hook '/home/aimane/humble_ws/src/VNAV_23/vnav_ws/install/mav_planning_msgs/share/mav_planning_msgs/hook/cmake_prefix_path.ps1'
[44.672s] INFO:colcon.colcon_core.shell:Creating environment descriptor '/home/aimane/humble_ws/src/VNAV_23/vnav_ws/install/mav_planning_msgs/share/mav_planning_msgs/hook/cmake_prefix_path.dsv'
[44.672s] INFO:colcon.colcon_core.shell:Creating environment hook '/home/aimane/humble_ws/src/VNAV_23/vnav_ws/install/mav_planning_msgs/share/mav_planning_msgs/hook/cmake_prefix_path.sh'
[44.673s] Level 1:colcon.colcon_core.environment:checking '/home/aimane/humble_ws/src/VNAV_23/vnav_ws/install/mav_planning_msgs/lib'
[44.673s] Level 1:colcon.colcon_core.shell:create_environment_hook('mav_planning_msgs', 'ld_library_path_lib')
[44.673s] INFO:colcon.colcon_core.shell:Creating environment hook '/home/aimane/humble_ws/src/VNAV_23/vnav_ws/install/mav_planning_msgs/share/mav_planning_msgs/hook/ld_library_path_lib.ps1'
[44.674s] INFO:colcon.colcon_core.shell:Creating environment descriptor '/home/aimane/humble_ws/src/VNAV_23/vnav_ws/install/mav_planning_msgs/share/mav_planning_msgs/hook/ld_library_path_lib.dsv'
[44.674s] INFO:colcon.colcon_core.shell:Creating environment hook '/home/aimane/humble_ws/src/VNAV_23/vnav_ws/install/mav_planning_msgs/share/mav_planning_msgs/hook/ld_library_path_lib.sh'
[44.675s] Level 1:colcon.colcon_core.environment:checking '/home/aimane/humble_ws/src/VNAV_23/vnav_ws/install/mav_planning_msgs/bin'
[44.675s] Level 1:colcon.colcon_core.environment:checking '/home/aimane/humble_ws/src/VNAV_23/vnav_ws/install/mav_planning_msgs/lib/pkgconfig/mav_planning_msgs.pc'
[44.675s] Level 1:colcon.colcon_core.environment:checking '/home/aimane/humble_ws/src/VNAV_23/vnav_ws/install/mav_planning_msgs/lib/python3.10/site-packages'
[44.676s] Level 1:colcon.colcon_core.environment:checking '/home/aimane/humble_ws/src/VNAV_23/vnav_ws/install/mav_planning_msgs/bin'
[44.676s] INFO:colcon.colcon_core.shell:Creating package script '/home/aimane/humble_ws/src/VNAV_23/vnav_ws/install/mav_planning_msgs/share/mav_planning_msgs/package.ps1'
[44.677s] INFO:colcon.colcon_core.shell:Creating package descriptor '/home/aimane/humble_ws/src/VNAV_23/vnav_ws/install/mav_planning_msgs/share/mav_planning_msgs/package.dsv'
[44.677s] INFO:colcon.colcon_core.shell:Creating package script '/home/aimane/humble_ws/src/VNAV_23/vnav_ws/install/mav_planning_msgs/share/mav_planning_msgs/package.sh'
[44.678s] INFO:colcon.colcon_core.shell:Creating package script '/home/aimane/humble_ws/src/VNAV_23/vnav_ws/install/mav_planning_msgs/share/mav_planning_msgs/package.bash'
[44.679s] INFO:colcon.colcon_core.shell:Creating package script '/home/aimane/humble_ws/src/VNAV_23/vnav_ws/install/mav_planning_msgs/share/mav_planning_msgs/package.zsh'
[44.679s] Level 1:colcon.colcon_core.environment:create_file_with_runtime_dependencies(/home/aimane/humble_ws/src/VNAV_23/vnav_ws/install/mav_planning_msgs/share/colcon-core/packages/mav_planning_msgs)
[44.680s] Level 1:colcon.colcon_core.environment:create_environment_scripts_only(mav_planning_msgs)
[44.680s] Level 1:colcon.colcon_core.environment:checking '/home/aimane/humble_ws/src/VNAV_23/vnav_ws/install/mav_planning_msgs' for CMake module files
[44.681s] Level 1:colcon.colcon_core.environment:checking '/home/aimane/humble_ws/src/VNAV_23/vnav_ws/install/mav_planning_msgs' for CMake config files
[44.682s] Level 1:colcon.colcon_core.shell:create_environment_hook('mav_planning_msgs', 'cmake_prefix_path')
[44.682s] INFO:colcon.colcon_core.shell:Creating environment hook '/home/aimane/humble_ws/src/VNAV_23/vnav_ws/install/mav_planning_msgs/share/mav_planning_msgs/hook/cmake_prefix_path.ps1'
[44.683s] INFO:colcon.colcon_core.shell:Creating environment descriptor '/home/aimane/humble_ws/src/VNAV_23/vnav_ws/install/mav_planning_msgs/share/mav_planning_msgs/hook/cmake_prefix_path.dsv'
[44.683s] INFO:colcon.colcon_core.shell:Creating environment hook '/home/aimane/humble_ws/src/VNAV_23/vnav_ws/install/mav_planning_msgs/share/mav_planning_msgs/hook/cmake_prefix_path.sh'
[44.684s] Level 1:colcon.colcon_core.environment:checking '/home/aimane/humble_ws/src/VNAV_23/vnav_ws/install/mav_planning_msgs/lib'
[44.684s] Level 1:colcon.colcon_core.shell:create_environment_hook('mav_planning_msgs', 'ld_library_path_lib')
[44.685s] INFO:colcon.colcon_core.shell:Creating environment hook '/home/aimane/humble_ws/src/VNAV_23/vnav_ws/install/mav_planning_msgs/share/mav_planning_msgs/hook/ld_library_path_lib.ps1'
[44.685s] INFO:colcon.colcon_core.shell:Creating environment descriptor '/home/aimane/humble_ws/src/VNAV_23/vnav_ws/install/mav_planning_msgs/share/mav_planning_msgs/hook/ld_library_path_lib.dsv'
[44.686s] INFO:colcon.colcon_core.shell:Creating environment hook '/home/aimane/humble_ws/src/VNAV_23/vnav_ws/install/mav_planning_msgs/share/mav_planning_msgs/hook/ld_library_path_lib.sh'
[44.686s] Level 1:colcon.colcon_core.environment:checking '/home/aimane/humble_ws/src/VNAV_23/vnav_ws/install/mav_planning_msgs/bin'
[44.686s] Level 1:colcon.colcon_core.environment:checking '/home/aimane/humble_ws/src/VNAV_23/vnav_ws/install/mav_planning_msgs/lib/pkgconfig/mav_planning_msgs.pc'
[44.687s] Level 1:colcon.colcon_core.environment:checking '/home/aimane/humble_ws/src/VNAV_23/vnav_ws/install/mav_planning_msgs/lib/python3.10/site-packages'
[44.687s] Level 1:colcon.colcon_core.environment:checking '/home/aimane/humble_ws/src/VNAV_23/vnav_ws/install/mav_planning_msgs/bin'
[44.687s] INFO:colcon.colcon_core.shell:Creating package script '/home/aimane/humble_ws/src/VNAV_23/vnav_ws/install/mav_planning_msgs/share/mav_planning_msgs/package.ps1'
[44.688s] INFO:colcon.colcon_core.shell:Creating package descriptor '/home/aimane/humble_ws/src/VNAV_23/vnav_ws/install/mav_planning_msgs/share/mav_planning_msgs/package.dsv'
[44.689s] INFO:colcon.colcon_core.shell:Creating package script '/home/aimane/humble_ws/src/VNAV_23/vnav_ws/install/mav_planning_msgs/share/mav_planning_msgs/package.sh'
[44.690s] INFO:colcon.colcon_core.shell:Creating package script '/home/aimane/humble_ws/src/VNAV_23/vnav_ws/install/mav_planning_msgs/share/mav_planning_msgs/package.bash'
[44.690s] INFO:colcon.colcon_core.shell:Creating package script '/home/aimane/humble_ws/src/VNAV_23/vnav_ws/install/mav_planning_msgs/share/mav_planning_msgs/package.zsh'
[44.691s] Level 1:colcon.colcon_core.environment:create_file_with_runtime_dependencies(/home/aimane/humble_ws/src/VNAV_23/vnav_ws/install/mav_planning_msgs/share/colcon-core/packages/mav_planning_msgs)
[44.691s] INFO:colcon.colcon_ros.task.ament_cmake.build:Building ROS package in '/home/aimane/humble_ws/src/VNAV_23/vnav_ws/src/mav_comm/mav_comm' with build type 'ament_cmake'
[44.691s] INFO:colcon.colcon_cmake.task.cmake.build:Building CMake package in '/home/aimane/humble_ws/src/VNAV_23/vnav_ws/src/mav_comm/mav_comm'
[44.691s] INFO:colcon.colcon_core.shell:Skip shell extension 'powershell' for command environment: Not usable outside of PowerShell
[44.692s] DEBUG:colcon.colcon_core.shell:Skip shell extension 'dsv' for command environment
[44.717s] DEBUG:colcon.colcon_core.event_handler.log_command:Invoking command in '/home/aimane/humble_ws/src/VNAV_23/vnav_ws/build/mav_comm': AMENT_PREFIX_PATH=/home/aimane/humble_ws/src/VNAV_23/vnav_ws/install/mav_planning_msgs:/home/aimane/humble_ws/src/VNAV_23/vnav_ws/install/mav_system_msgs:/home/aimane/humble_ws/src/VNAV_23/vnav_ws/install/mav_state_machine_msgs:/home/aimane/humble_ws/src/VNAV_23/vnav_ws/install/mav_msgs:${AMENT_PREFIX_PATH} CMAKE_PREFIX_PATH=/home/aimane/humble_ws/src/VNAV_23/vnav_ws/install/mav_planning_msgs:/home/aimane/humble_ws/src/VNAV_23/vnav_ws/install/mav_system_msgs:/home/aimane/humble_ws/src/VNAV_23/vnav_ws/install/mav_state_machine_msgs:/home/aimane/humble_ws/src/VNAV_23/vnav_ws/install/mav_msgs:/opt/ros/humble LD_LIBRARY_PATH=/home/aimane/humble_ws/src/VNAV_23/vnav_ws/install/mav_planning_msgs/lib:/home/aimane/humble_ws/src/VNAV_23/vnav_ws/install/mav_system_msgs/lib:/home/aimane/humble_ws/src/VNAV_23/vnav_ws/install/mav_state_machine_msgs/lib:/home/aimane/humble_ws/src/VNAV_23/vnav_ws/install/mav_msgs/lib:${LD_LIBRARY_PATH} PYTHONPATH=/home/aimane/humble_ws/src/VNAV_23/vnav_ws/install/mav_planning_msgs/local/lib/python3.10/dist-packages:/home/aimane/humble_ws/src/VNAV_23/vnav_ws/install/mav_msgs/local/lib/python3.10/dist-packages:${PYTHONPATH} /usr/bin/cmake /home/aimane/humble_ws/src/VNAV_23/vnav_ws/src/mav_comm/mav_comm -DCMAKE_INSTALL_PREFIX=/home/aimane/humble_ws/src/VNAV_23/vnav_ws/install/mav_comm
[45.872s] DEBUG:colcon.colcon_core.event_handler.log_command:Invoked command in '/home/aimane/humble_ws/src/VNAV_23/vnav_ws/build/mav_comm' returned '0': AMENT_PREFIX_PATH=/home/aimane/humble_ws/src/VNAV_23/vnav_ws/install/mav_planning_msgs:/home/aimane/humble_ws/src/VNAV_23/vnav_ws/install/mav_system_msgs:/home/aimane/humble_ws/src/VNAV_23/vnav_ws/install/mav_state_machine_msgs:/home/aimane/humble_ws/src/VNAV_23/vnav_ws/install/mav_msgs:${AMENT_PREFIX_PATH} CMAKE_PREFIX_PATH=/home/aimane/humble_ws/src/VNAV_23/vnav_ws/install/mav_planning_msgs:/home/aimane/humble_ws/src/VNAV_23/vnav_ws/install/mav_system_msgs:/home/aimane/humble_ws/src/VNAV_23/vnav_ws/install/mav_state_machine_msgs:/home/aimane/humble_ws/src/VNAV_23/vnav_ws/install/mav_msgs:/opt/ros/humble LD_LIBRARY_PATH=/home/aimane/humble_ws/src/VNAV_23/vnav_ws/install/mav_planning_msgs/lib:/home/aimane/humble_ws/src/VNAV_23/vnav_ws/install/mav_system_msgs/lib:/home/aimane/humble_ws/src/VNAV_23/vnav_ws/install/mav_state_machine_msgs/lib:/home/aimane/humble_ws/src/VNAV_23/vnav_ws/install/mav_msgs/lib:${LD_LIBRARY_PATH} PYTHONPATH=/home/aimane/humble_ws/src/VNAV_23/vnav_ws/install/mav_planning_msgs/local/lib/python3.10/dist-packages:/home/aimane/humble_ws/src/VNAV_23/vnav_ws/install/mav_msgs/local/lib/python3.10/dist-packages:${PYTHONPATH} /usr/bin/cmake /home/aimane/humble_ws/src/VNAV_23/vnav_ws/src/mav_comm/mav_comm -DCMAKE_INSTALL_PREFIX=/home/aimane/humble_ws/src/VNAV_23/vnav_ws/install/mav_comm
[45.874s] DEBUG:colcon.colcon_core.event_handler.log_command:Invoking command in '/home/aimane/humble_ws/src/VNAV_23/vnav_ws/build/mav_comm': AMENT_PREFIX_PATH=/home/aimane/humble_ws/src/VNAV_23/vnav_ws/install/mav_planning_msgs:/home/aimane/humble_ws/src/VNAV_23/vnav_ws/install/mav_system_msgs:/home/aimane/humble_ws/src/VNAV_23/vnav_ws/install/mav_state_machine_msgs:/home/aimane/humble_ws/src/VNAV_23/vnav_ws/install/mav_msgs:${AMENT_PREFIX_PATH} CMAKE_PREFIX_PATH=/home/aimane/humble_ws/src/VNAV_23/vnav_ws/install/mav_planning_msgs:/home/aimane/humble_ws/src/VNAV_23/vnav_ws/install/mav_system_msgs:/home/aimane/humble_ws/src/VNAV_23/vnav_ws/install/mav_state_machine_msgs:/home/aimane/humble_ws/src/VNAV_23/vnav_ws/install/mav_msgs:/opt/ros/humble LD_LIBRARY_PATH=/home/aimane/humble_ws/src/VNAV_23/vnav_ws/install/mav_planning_msgs/lib:/home/aimane/humble_ws/src/VNAV_23/vnav_ws/install/mav_system_msgs/lib:/home/aimane/humble_ws/src/VNAV_23/vnav_ws/install/mav_state_machine_msgs/lib:/home/aimane/humble_ws/src/VNAV_23/vnav_ws/install/mav_msgs/lib:${LD_LIBRARY_PATH} PYTHONPATH=/home/aimane/humble_ws/src/VNAV_23/vnav_ws/install/mav_planning_msgs/local/lib/python3.10/dist-packages:/home/aimane/humble_ws/src/VNAV_23/vnav_ws/install/mav_msgs/local/lib/python3.10/dist-packages:${PYTHONPATH} /usr/bin/cmake --build /home/aimane/humble_ws/src/VNAV_23/vnav_ws/build/mav_comm -- -j8 -l8
[45.928s] DEBUG:colcon.colcon_core.event_handler.log_command:Invoked command in '/home/aimane/humble_ws/src/VNAV_23/vnav_ws/build/mav_comm' returned '0': AMENT_PREFIX_PATH=/home/aimane/humble_ws/src/VNAV_23/vnav_ws/install/mav_planning_msgs:/home/aimane/humble_ws/src/VNAV_23/vnav_ws/install/mav_system_msgs:/home/aimane/humble_ws/src/VNAV_23/vnav_ws/install/mav_state_machine_msgs:/home/aimane/humble_ws/src/VNAV_23/vnav_ws/install/mav_msgs:${AMENT_PREFIX_PATH} CMAKE_PREFIX_PATH=/home/aimane/humble_ws/src/VNAV_23/vnav_ws/install/mav_planning_msgs:/home/aimane/humble_ws/src/VNAV_23/vnav_ws/install/mav_system_msgs:/home/aimane/humble_ws/src/VNAV_23/vnav_ws/install/mav_state_machine_msgs:/home/aimane/humble_ws/src/VNAV_23/vnav_ws/install/mav_msgs:/opt/ros/humble LD_LIBRARY_PATH=/home/aimane/humble_ws/src/VNAV_23/vnav_ws/install/mav_planning_msgs/lib:/home/aimane/humble_ws/src/VNAV_23/vnav_ws/install/mav_system_msgs/lib:/home/aimane/humble_ws/src/VNAV_23/vnav_ws/install/mav_state_machine_msgs/lib:/home/aimane/humble_ws/src/VNAV_23/vnav_ws/install/mav_msgs/lib:${LD_LIBRARY_PATH} PYTHONPATH=/home/aimane/humble_ws/src/VNAV_23/vnav_ws/install/mav_planning_msgs/local/lib/python3.10/dist-packages:/home/aimane/humble_ws/src/VNAV_23/vnav_ws/install/mav_msgs/local/lib/python3.10/dist-packages:${PYTHONPATH} /usr/bin/cmake --build /home/aimane/humble_ws/src/VNAV_23/vnav_ws/build/mav_comm -- -j8 -l8
[45.930s] DEBUG:colcon.colcon_core.event_handler.log_command:Invoking command in '/home/aimane/humble_ws/src/VNAV_23/vnav_ws/build/mav_comm': AMENT_PREFIX_PATH=/home/aimane/humble_ws/src/VNAV_23/vnav_ws/install/mav_planning_msgs:/home/aimane/humble_ws/src/VNAV_23/vnav_ws/install/mav_system_msgs:/home/aimane/humble_ws/src/VNAV_23/vnav_ws/install/mav_state_machine_msgs:/home/aimane/humble_ws/src/VNAV_23/vnav_ws/install/mav_msgs:${AMENT_PREFIX_PATH} CMAKE_PREFIX_PATH=/home/aimane/humble_ws/src/VNAV_23/vnav_ws/install/mav_planning_msgs:/home/aimane/humble_ws/src/VNAV_23/vnav_ws/install/mav_system_msgs:/home/aimane/humble_ws/src/VNAV_23/vnav_ws/install/mav_state_machine_msgs:/home/aimane/humble_ws/src/VNAV_23/vnav_ws/install/mav_msgs:/opt/ros/humble LD_LIBRARY_PATH=/home/aimane/humble_ws/src/VNAV_23/vnav_ws/install/mav_planning_msgs/lib:/home/aimane/humble_ws/src/VNAV_23/vnav_ws/install/mav_system_msgs/lib:/home/aimane/humble_ws/src/VNAV_23/vnav_ws/install/mav_state_machine_msgs/lib:/home/aimane/humble_ws/src/VNAV_23/vnav_ws/install/mav_msgs/lib:${LD_LIBRARY_PATH} PYTHONPATH=/home/aimane/humble_ws/src/VNAV_23/vnav_ws/install/mav_planning_msgs/local/lib/python3.10/dist-packages:/home/aimane/humble_ws/src/VNAV_23/vnav_ws/install/mav_msgs/local/lib/python3.10/dist-packages:${PYTHONPATH} /usr/bin/cmake --install /home/aimane/humble_ws/src/VNAV_23/vnav_ws/build/mav_comm
[45.945s] Level 1:colcon.colcon_core.environment:create_environment_scripts_only(mav_comm)
[45.946s] DEBUG:colcon.colcon_core.event_handler.log_command:Invoked command in '/home/aimane/humble_ws/src/VNAV_23/vnav_ws/build/mav_comm' returned '0': AMENT_PREFIX_PATH=/home/aimane/humble_ws/src/VNAV_23/vnav_ws/install/mav_planning_msgs:/home/aimane/humble_ws/src/VNAV_23/vnav_ws/install/mav_system_msgs:/home/aimane/humble_ws/src/VNAV_23/vnav_ws/install/mav_state_machine_msgs:/home/aimane/humble_ws/src/VNAV_23/vnav_ws/install/mav_msgs:${AMENT_PREFIX_PATH} CMAKE_PREFIX_PATH=/home/aimane/humble_ws/src/VNAV_23/vnav_ws/install/mav_planning_msgs:/home/aimane/humble_ws/src/VNAV_23/vnav_ws/install/mav_system_msgs:/home/aimane/humble_ws/src/VNAV_23/vnav_ws/install/mav_state_machine_msgs:/home/aimane/humble_ws/src/VNAV_23/vnav_ws/install/mav_msgs:/opt/ros/humble LD_LIBRARY_PATH=/home/aimane/humble_ws/src/VNAV_23/vnav_ws/install/mav_planning_msgs/lib:/home/aimane/humble_ws/src/VNAV_23/vnav_ws/install/mav_system_msgs/lib:/home/aimane/humble_ws/src/VNAV_23/vnav_ws/install/mav_state_machine_msgs/lib:/home/aimane/humble_ws/src/VNAV_23/vnav_ws/install/mav_msgs/lib:${LD_LIBRARY_PATH} PYTHONPATH=/home/aimane/humble_ws/src/VNAV_23/vnav_ws/install/mav_planning_msgs/local/lib/python3.10/dist-packages:/home/aimane/humble_ws/src/VNAV_23/vnav_ws/install/mav_msgs/local/lib/python3.10/dist-packages:${PYTHONPATH} /usr/bin/cmake --install /home/aimane/humble_ws/src/VNAV_23/vnav_ws/build/mav_comm
[45.946s] Level 1:colcon.colcon_core.environment:checking '/home/aimane/humble_ws/src/VNAV_23/vnav_ws/install/mav_comm' for CMake module files
[45.947s] Level 1:colcon.colcon_core.environment:checking '/home/aimane/humble_ws/src/VNAV_23/vnav_ws/install/mav_comm' for CMake config files
[45.947s] Level 1:colcon.colcon_core.shell:create_environment_hook('mav_comm', 'cmake_prefix_path')
[45.947s] INFO:colcon.colcon_core.shell:Creating environment hook '/home/aimane/humble_ws/src/VNAV_23/vnav_ws/install/mav_comm/share/mav_comm/hook/cmake_prefix_path.ps1'
[45.948s] INFO:colcon.colcon_core.shell:Creating environment descriptor '/home/aimane/humble_ws/src/VNAV_23/vnav_ws/install/mav_comm/share/mav_comm/hook/cmake_prefix_path.dsv'
[45.948s] INFO:colcon.colcon_core.shell:Creating environment hook '/home/aimane/humble_ws/src/VNAV_23/vnav_ws/install/mav_comm/share/mav_comm/hook/cmake_prefix_path.sh'
[45.949s] Level 1:colcon.colcon_core.environment:checking '/home/aimane/humble_ws/src/VNAV_23/vnav_ws/install/mav_comm/bin'
[45.949s] Level 1:colcon.colcon_core.environment:checking '/home/aimane/humble_ws/src/VNAV_23/vnav_ws/install/mav_comm/lib/pkgconfig/mav_comm.pc'
[45.949s] Level 1:colcon.colcon_core.environment:checking '/home/aimane/humble_ws/src/VNAV_23/vnav_ws/install/mav_comm/lib/python3.10/site-packages'
[45.950s] Level 1:colcon.colcon_core.environment:checking '/home/aimane/humble_ws/src/VNAV_23/vnav_ws/install/mav_comm/bin'
[45.950s] INFO:colcon.colcon_core.shell:Creating package script '/home/aimane/humble_ws/src/VNAV_23/vnav_ws/install/mav_comm/share/mav_comm/package.ps1'
[45.951s] INFO:colcon.colcon_core.shell:Creating package descriptor '/home/aimane/humble_ws/src/VNAV_23/vnav_ws/install/mav_comm/share/mav_comm/package.dsv'
[45.951s] INFO:colcon.colcon_core.shell:Creating package script '/home/aimane/humble_ws/src/VNAV_23/vnav_ws/install/mav_comm/share/mav_comm/package.sh'
[45.952s] INFO:colcon.colcon_core.shell:Creating package script '/home/aimane/humble_ws/src/VNAV_23/vnav_ws/install/mav_comm/share/mav_comm/package.bash'
[45.952s] INFO:colcon.colcon_core.shell:Creating package script '/home/aimane/humble_ws/src/VNAV_23/vnav_ws/install/mav_comm/share/mav_comm/package.zsh'
[45.952s] Level 1:colcon.colcon_core.environment:create_file_with_runtime_dependencies(/home/aimane/humble_ws/src/VNAV_23/vnav_ws/install/mav_comm/share/colcon-core/packages/mav_comm)
[45.953s] Level 1:colcon.colcon_core.environment:create_environment_scripts_only(mav_comm)
[45.953s] Level 1:colcon.colcon_core.environment:checking '/home/aimane/humble_ws/src/VNAV_23/vnav_ws/install/mav_comm' for CMake module files
[45.954s] Level 1:colcon.colcon_core.environment:checking '/home/aimane/humble_ws/src/VNAV_23/vnav_ws/install/mav_comm' for CMake config files
[45.954s] Level 1:colcon.colcon_core.shell:create_environment_hook('mav_comm', 'cmake_prefix_path')
[45.955s] INFO:colcon.colcon_core.shell:Creating environment hook '/home/aimane/humble_ws/src/VNAV_23/vnav_ws/install/mav_comm/share/mav_comm/hook/cmake_prefix_path.ps1'
[45.955s] INFO:colcon.colcon_core.shell:Creating environment descriptor '/home/aimane/humble_ws/src/VNAV_23/vnav_ws/install/mav_comm/share/mav_comm/hook/cmake_prefix_path.dsv'
[45.955s] INFO:colcon.colcon_core.shell:Creating environment hook '/home/aimane/humble_ws/src/VNAV_23/vnav_ws/install/mav_comm/share/mav_comm/hook/cmake_prefix_path.sh'
[45.956s] Level 1:colcon.colcon_core.environment:checking '/home/aimane/humble_ws/src/VNAV_23/vnav_ws/install/mav_comm/bin'
[45.956s] Level 1:colcon.colcon_core.environment:checking '/home/aimane/humble_ws/src/VNAV_23/vnav_ws/install/mav_comm/lib/pkgconfig/mav_comm.pc'
[45.957s] Level 1:colcon.colcon_core.environment:checking '/home/aimane/humble_ws/src/VNAV_23/vnav_ws/install/mav_comm/lib/python3.10/site-packages'
[45.957s] Level 1:colcon.colcon_core.environment:checking '/home/aimane/humble_ws/src/VNAV_23/vnav_ws/install/mav_comm/bin'
[45.957s] INFO:colcon.colcon_core.shell:Creating package script '/home/aimane/humble_ws/src/VNAV_23/vnav_ws/install/mav_comm/share/mav_comm/package.ps1'
[45.958s] INFO:colcon.colcon_core.shell:Creating package descriptor '/home/aimane/humble_ws/src/VNAV_23/vnav_ws/install/mav_comm/share/mav_comm/package.dsv'
[45.959s] INFO:colcon.colcon_core.shell:Creating package script '/home/aimane/humble_ws/src/VNAV_23/vnav_ws/install/mav_comm/share/mav_comm/package.sh'
[45.959s] INFO:colcon.colcon_core.shell:Creating package script '/home/aimane/humble_ws/src/VNAV_23/vnav_ws/install/mav_comm/share/mav_comm/package.bash'
[45.960s] INFO:colcon.colcon_core.shell:Creating package script '/home/aimane/humble_ws/src/VNAV_23/vnav_ws/install/mav_comm/share/mav_comm/package.zsh'
[45.960s] Level 1:colcon.colcon_core.environment:create_file_with_runtime_dependencies(/home/aimane/humble_ws/src/VNAV_23/vnav_ws/install/mav_comm/share/colcon-core/packages/mav_comm)
[50.897s] DEBUG:colcon.colcon_core.event_handler.log_command:Invoked command in '/home/aimane/humble_ws/src/VNAV_23/vnav_ws/build/controller_pkg' returned '0': AMENT_PREFIX_PATH=/home/aimane/humble_ws/src/VNAV_23/vnav_ws/install/mav_msgs:${AMENT_PREFIX_PATH} CMAKE_PREFIX_PATH=/home/aimane/humble_ws/src/VNAV_23/vnav_ws/install/mav_msgs:/opt/ros/humble LD_LIBRARY_PATH=/home/aimane/humble_ws/src/VNAV_23/vnav_ws/install/mav_msgs/lib:${LD_LIBRARY_PATH} PYTHONPATH=/home/aimane/humble_ws/src/VNAV_23/vnav_ws/install/mav_msgs/local/lib/python3.10/dist-packages:${PYTHONPATH} /usr/bin/cmake --build /home/aimane/humble_ws/src/VNAV_23/vnav_ws/build/controller_pkg -- -j8 -l8
[50.899s] DEBUG:colcon.colcon_core.event_handler.log_command:Invoking command in '/home/aimane/humble_ws/src/VNAV_23/vnav_ws/build/controller_pkg': AMENT_PREFIX_PATH=/home/aimane/humble_ws/src/VNAV_23/vnav_ws/install/mav_msgs:${AMENT_PREFIX_PATH} CMAKE_PREFIX_PATH=/home/aimane/humble_ws/src/VNAV_23/vnav_ws/install/mav_msgs:/opt/ros/humble LD_LIBRARY_PATH=/home/aimane/humble_ws/src/VNAV_23/vnav_ws/install/mav_msgs/lib:${LD_LIBRARY_PATH} PYTHONPATH=/home/aimane/humble_ws/src/VNAV_23/vnav_ws/install/mav_msgs/local/lib/python3.10/dist-packages:${PYTHONPATH} /usr/bin/cmake --install /home/aimane/humble_ws/src/VNAV_23/vnav_ws/build/controller_pkg
[50.919s] Level 1:colcon.colcon_core.environment:create_environment_scripts_only(controller_pkg)
[50.919s] Level 1:colcon.colcon_core.environment:checking '/home/aimane/humble_ws/src/VNAV_23/vnav_ws/install/controller_pkg' for CMake module files
[50.919s] DEBUG:colcon.colcon_core.event_handler.log_command:Invoked command in '/home/aimane/humble_ws/src/VNAV_23/vnav_ws/build/controller_pkg' returned '0': AMENT_PREFIX_PATH=/home/aimane/humble_ws/src/VNAV_23/vnav_ws/install/mav_msgs:${AMENT_PREFIX_PATH} CMAKE_PREFIX_PATH=/home/aimane/humble_ws/src/VNAV_23/vnav_ws/install/mav_msgs:/opt/ros/humble LD_LIBRARY_PATH=/home/aimane/humble_ws/src/VNAV_23/vnav_ws/install/mav_msgs/lib:${LD_LIBRARY_PATH} PYTHONPATH=/home/aimane/humble_ws/src/VNAV_23/vnav_ws/install/mav_msgs/local/lib/python3.10/dist-packages:${PYTHONPATH} /usr/bin/cmake --install /home/aimane/humble_ws/src/VNAV_23/vnav_ws/build/controller_pkg
[50.920s] Level 1:colcon.colcon_core.environment:checking '/home/aimane/humble_ws/src/VNAV_23/vnav_ws/install/controller_pkg' for CMake config files
[50.920s] Level 1:colcon.colcon_core.shell:create_environment_hook('controller_pkg', 'cmake_prefix_path')
[50.920s] INFO:colcon.colcon_core.shell:Creating environment hook '/home/aimane/humble_ws/src/VNAV_23/vnav_ws/install/controller_pkg/share/controller_pkg/hook/cmake_prefix_path.ps1'
[50.921s] INFO:colcon.colcon_core.shell:Creating environment descriptor '/home/aimane/humble_ws/src/VNAV_23/vnav_ws/install/controller_pkg/share/controller_pkg/hook/cmake_prefix_path.dsv'
[50.921s] INFO:colcon.colcon_core.shell:Creating environment hook '/home/aimane/humble_ws/src/VNAV_23/vnav_ws/install/controller_pkg/share/controller_pkg/hook/cmake_prefix_path.sh'
[50.922s] Level 1:colcon.colcon_core.environment:checking '/home/aimane/humble_ws/src/VNAV_23/vnav_ws/install/controller_pkg/lib'
[50.922s] Level 1:colcon.colcon_core.environment:checking '/home/aimane/humble_ws/src/VNAV_23/vnav_ws/install/controller_pkg/bin'
[50.922s] Level 1:colcon.colcon_core.environment:checking '/home/aimane/humble_ws/src/VNAV_23/vnav_ws/install/controller_pkg/lib/pkgconfig/controller_pkg.pc'
[50.922s] Level 1:colcon.colcon_core.environment:checking '/home/aimane/humble_ws/src/VNAV_23/vnav_ws/install/controller_pkg/lib/python3.10/site-packages'
[50.923s] Level 1:colcon.colcon_core.environment:checking '/home/aimane/humble_ws/src/VNAV_23/vnav_ws/install/controller_pkg/bin'
[50.923s] INFO:colcon.colcon_core.shell:Creating package script '/home/aimane/humble_ws/src/VNAV_23/vnav_ws/install/controller_pkg/share/controller_pkg/package.ps1'
[50.923s] INFO:colcon.colcon_core.shell:Creating package descriptor '/home/aimane/humble_ws/src/VNAV_23/vnav_ws/install/controller_pkg/share/controller_pkg/package.dsv'
[50.924s] INFO:colcon.colcon_core.shell:Creating package script '/home/aimane/humble_ws/src/VNAV_23/vnav_ws/install/controller_pkg/share/controller_pkg/package.sh'
[50.924s] INFO:colcon.colcon_core.shell:Creating package script '/home/aimane/humble_ws/src/VNAV_23/vnav_ws/install/controller_pkg/share/controller_pkg/package.bash'
[50.924s] INFO:colcon.colcon_core.shell:Creating package script '/home/aimane/humble_ws/src/VNAV_23/vnav_ws/install/controller_pkg/share/controller_pkg/package.zsh'
[50.925s] Level 1:colcon.colcon_core.environment:create_file_with_runtime_dependencies(/home/aimane/humble_ws/src/VNAV_23/vnav_ws/install/controller_pkg/share/colcon-core/packages/controller_pkg)
[50.925s] Level 1:colcon.colcon_core.environment:create_environment_scripts_only(controller_pkg)
[50.926s] Level 1:colcon.colcon_core.environment:checking '/home/aimane/humble_ws/src/VNAV_23/vnav_ws/install/controller_pkg' for CMake module files
[50.926s] Level 1:colcon.colcon_core.environment:checking '/home/aimane/humble_ws/src/VNAV_23/vnav_ws/install/controller_pkg' for CMake config files
[50.926s] Level 1:colcon.colcon_core.shell:create_environment_hook('controller_pkg', 'cmake_prefix_path')
[50.927s] INFO:colcon.colcon_core.shell:Creating environment hook '/home/aimane/humble_ws/src/VNAV_23/vnav_ws/install/controller_pkg/share/controller_pkg/hook/cmake_prefix_path.ps1'
[50.927s] INFO:colcon.colcon_core.shell:Creating environment descriptor '/home/aimane/humble_ws/src/VNAV_23/vnav_ws/install/controller_pkg/share/controller_pkg/hook/cmake_prefix_path.dsv'
[50.927s] INFO:colcon.colcon_core.shell:Creating environment hook '/home/aimane/humble_ws/src/VNAV_23/vnav_ws/install/controller_pkg/share/controller_pkg/hook/cmake_prefix_path.sh'
[50.928s] Level 1:colcon.colcon_core.environment:checking '/home/aimane/humble_ws/src/VNAV_23/vnav_ws/install/controller_pkg/lib'
[50.928s] Level 1:colcon.colcon_core.environment:checking '/home/aimane/humble_ws/src/VNAV_23/vnav_ws/install/controller_pkg/bin'
[50.928s] Level 1:colcon.colcon_core.environment:checking '/home/aimane/humble_ws/src/VNAV_23/vnav_ws/install/controller_pkg/lib/pkgconfig/controller_pkg.pc'
[50.928s] Level 1:colcon.colcon_core.environment:checking '/home/aimane/humble_ws/src/VNAV_23/vnav_ws/install/controller_pkg/lib/python3.10/site-packages'
[50.929s] Level 1:colcon.colcon_core.environment:checking '/home/aimane/humble_ws/src/VNAV_23/vnav_ws/install/controller_pkg/bin'
[50.929s] INFO:colcon.colcon_core.shell:Creating package script '/home/aimane/humble_ws/src/VNAV_23/vnav_ws/install/controller_pkg/share/controller_pkg/package.ps1'
[50.929s] INFO:colcon.colcon_core.shell:Creating package descriptor '/home/aimane/humble_ws/src/VNAV_23/vnav_ws/install/controller_pkg/share/controller_pkg/package.dsv'
[50.930s] INFO:colcon.colcon_core.shell:Creating package script '/home/aimane/humble_ws/src/VNAV_23/vnav_ws/install/controller_pkg/share/controller_pkg/package.sh'
[50.930s] INFO:colcon.colcon_core.shell:Creating package script '/home/aimane/humble_ws/src/VNAV_23/vnav_ws/install/controller_pkg/share/controller_pkg/package.bash'
[50.931s] INFO:colcon.colcon_core.shell:Creating package script '/home/aimane/humble_ws/src/VNAV_23/vnav_ws/install/controller_pkg/share/controller_pkg/package.zsh'
[50.931s] Level 1:colcon.colcon_core.environment:create_file_with_runtime_dependencies(/home/aimane/humble_ws/src/VNAV_23/vnav_ws/install/controller_pkg/share/colcon-core/packages/controller_pkg)
[50.931s] DEBUG:colcon.colcon_parallel_executor.executor.parallel:closing loop
[50.932s] DEBUG:colcon.colcon_parallel_executor.executor.parallel:loop closed
[50.932s] DEBUG:colcon.colcon_parallel_executor.executor.parallel:run_until_complete finished with '0'
[50.932s] DEBUG:colcon.colcon_core.event_reactor:joining thread
[50.941s] INFO:colcon.colcon_core.plugin_system:Skipping extension 'colcon_notification.desktop_notification.notify_send': Could not find 'notify-send'
[50.941s] INFO:colcon.colcon_core.plugin_system:Skipping extension 'colcon_notification.desktop_notification.terminal_notifier': Not used on non-Darwin systems
[50.942s] INFO:colcon.colcon_core.plugin_system:Skipping extension 'colcon_notification.desktop_notification.win32': Not used on non-Windows systems
[50.942s] INFO:colcon.colcon_notification.desktop_notification:Sending desktop notification using 'notify2'
[50.945s] DEBUG:colcon.colcon_notification.desktop_notification.notify2:Failed to initialize notify2: org.freedesktop.DBus.Error.Spawn.ExecFailed: /usr/bin/dbus-launch terminated abnormally without any error message
[50.945s] DEBUG:colcon.colcon_core.event_reactor:joined thread
[50.946s] INFO:colcon.colcon_core.shell:Creating prefix script '/home/aimane/humble_ws/src/VNAV_23/vnav_ws/install/local_setup.ps1'
[50.947s] INFO:colcon.colcon_core.shell:Creating prefix util module '/home/aimane/humble_ws/src/VNAV_23/vnav_ws/install/_local_setup_util_ps1.py'
[50.949s] INFO:colcon.colcon_core.shell:Creating prefix chain script '/home/aimane/humble_ws/src/VNAV_23/vnav_ws/install/setup.ps1'
[50.949s] INFO:colcon.colcon_core.shell:Creating prefix script '/home/aimane/humble_ws/src/VNAV_23/vnav_ws/install/local_setup.sh'
[50.950s] INFO:colcon.colcon_core.shell:Creating prefix util module '/home/aimane/humble_ws/src/VNAV_23/vnav_ws/install/_local_setup_util_sh.py'
[50.951s] INFO:colcon.colcon_core.shell:Creating prefix chain script '/home/aimane/humble_ws/src/VNAV_23/vnav_ws/install/setup.sh'
[50.952s] INFO:colcon.colcon_core.shell:Creating prefix script '/home/aimane/humble_ws/src/VNAV_23/vnav_ws/install/local_setup.bash'
[50.953s] INFO:colcon.colcon_core.shell:Creating prefix chain script '/home/aimane/humble_ws/src/VNAV_23/vnav_ws/install/setup.bash'
[50.953s] INFO:colcon.colcon_core.shell:Creating prefix script '/home/aimane/humble_ws/src/VNAV_23/vnav_ws/install/local_setup.zsh'
[50.954s] INFO:colcon.colcon_core.shell:Creating prefix chain script '/home/aimane/humble_ws/src/VNAV_23/vnav_ws/install/setup.zsh'
